timestamp,open,high,low,close,volume
2025-06-25 04:00:00,106237.8,106710.0,106000.2,106600.0,312452.26036425
2025-06-25 08:00:00,106600.0,107228.0,106342.6,107191.1,641402.99704176
2025-06-25 12:00:00,107191.2,108151.2,106725.4,107036.1,1263004.49690607
2025-06-25 16:00:00,107034.6,107906.2,106899.0,107754.9,881382.38334243
2025-06-25 20:00:00,107754.8,108000.0,107066.9,107335.5,531672.39764209
2025-06-26 00:00:00,107335.6,108270.0,107093.8,107856.0,803411.49270173
2025-06-26 04:00:00,107860.0,108086.0,107500.0,107812.7,450612.96593526
2025-06-26 08:00:00,107812.7,108188.4,107124.7,107340.2,479062.58672396
2025-06-26 12:00:00,107340.2,107774.8,106581.2,107315.1,1169503.58019981
2025-06-26 16:00:00,107316.0,107674.1,107012.0,107546.0,802698.09094456
2025-06-26 20:00:00,107546.0,107997.9,106837.4,106960.0,646302.32840659
2025-06-27 00:00:00,106962.9,107500.0,106443.8,107475.9,516836.3113393
2025-06-27 04:00:00,107476.0,107735.7,106850.7,106866.7,389243.05168558
2025-06-27 08:00:00,106866.7,107164.5,106666.8,106998.0,462901.62128441
2025-06-27 12:00:00,106999.4,107418.3,106384.6,107313.0,1108195.49490297
2025-06-27 16:00:00,107313.0,107684.0,106450.0,106811.4,955944.61939321
2025-06-27 20:00:00,106811.4,107276.8,106800.0,107052.1,295952.93641445
2025-06-28 00:00:00,107053.9,107330.9,106806.9,107292.0,266430.36881337
2025-06-28 04:00:00,107292.0,107504.6,107173.2,107486.2,187314.24763479
2025-06-28 08:00:00,107486.3,107504.1,107234.0,107367.0,189306.67342355
2025-06-28 12:00:00,107367.8,107550.0,107072.0,107430.1,133276.50640769
2025-06-28 16:00:00,107451.6,107547.9,107228.1,107228.1,148606.07744515
2025-06-28 20:00:00,107228.0,107381.9,107156.0,107302.6,97285.81874094
2025-06-29 00:00:00,107302.7,107511.8,107174.4,107214.4,113151.8932382
2025-06-29 04:00:00,107214.4,107413.6,107210.0,107384.0,47450.85631874
2025-06-29 08:00:00,107394.0,108479.4,107394.0,108479.4,365680.21399708
2025-06-29 12:00:00,108478.4,108530.1,107650.1,107746.1,377151.58279574
2025-06-29 16:00:00,107744.1,107787.3,107303.1,107400.0,231106.43597669
2025-06-29 20:00:00,107400.1,108439.9,107238.3,108361.5,528690.95090373
2025-06-30 00:00:00,108361.5,108780.1,108250.3,108506.0,433229.41561826
2025-06-30 04:00:00,108506.0,108542.0,107473.0,107621.0,306465.92679314
2025-06-30 08:00:00,107621.0,107965.8,107395.1,107662.2,210676.32697497
2025-06-30 12:00:00,107662.2,107877.7,106736.9,107575.0,1158265.75803138
2025-06-30 16:00:00,107575.0,107800.0,107128.0,107746.0,618872.29961231
2025-06-30 20:00:00,107744.0,107770.0,106934.2,107144.0,394089.12709172
2025-07-01 00:00:00,107140.1,107547.8,107026.0,107196.9,399999.97545685
2025-07-01 04:00:00,107196.8,107216.7,106621.2,107178.0,401794.09689438
2025-07-01 08:00:00,107174.1,107184.1,106315.9,106610.6,373718.49349318
2025-07-01 12:00:00,106610.5,107182.1,105655.8,105956.8,1598609.33040729
2025-07-01 16:00:00,105959.4,106289.3,105389.9,105389.9,768200.35523288
2025-07-01 20:00:00,105392.7,106104.1,105245.7,105688.0,500633.25952232
2025-07-02 00:00:00,105688.0,106211.6,105102.0,106190.0,518465.9427773
2025-07-02 04:00:00,106189.9,107188.5,106131.3,107080.0,369775.91274713
2025-07-02 08:00:00,107080.9,107843.1,107026.5,107480.0,328829.95180754
2025-07-02 12:00:00,107480.0,108750.0,106741.7,108740.8,1755.95219767
2025-07-02 16:00:00,108745.4,110000.0,108208.5,109665.9,3314.46238059
2025-07-02 20:00:00,109675.9,109995.1,108269.4,108838.8,781.10688643
2025-07-03 00:00:00,108838.9,109255.1,108195.6,108638.0,933.07755852
2025-07-03 04:00:00,108638.0,109838.7,108269.2,109273.9,1055.60189409
2025-07-03 08:00:00,109273.9,110500.0,108934.0,109598.5,1686.24112707
2025-07-03 12:00:00,109598.6,110633.3,108504.7,109128.0,3205.06653019
2025-07-03 16:00:00,109128.3,110200.0,108792.0,109798.5,3109.67476128
2025-07-03 20:00:00,109796.7,110245.6,109038.6,109593.4,961.65897374
2025-07-04 00:00:00,109593.5,109863.2,108859.4,109240.0,829.36591205
2025-07-04 04:00:00,109240.1,109500.0,108300.0,108703.0,1256.01726474
2025-07-04 08:00:00,108703.0,109455.1,108290.2,108888.1,1959.45798164
2025-07-04 12:00:00,108898.0,109400.0,107100.0,107592.1,2282.38844647
2025-07-04 16:00:00,107592.2,108000.0,106574.9,107484.0,1342.20705676
2025-07-04 20:00:00,107484.0,108585.0,107200.0,107985.4,452.7620444
2025-07-05 00:00:00,107985.5,108500.0,107500.0,108156.2,633.2194672
2025-07-05 04:00:00,108156.2,108603.4,107709.2,108057.8,647.41934674
2025-07-05 08:00:00,108057.9,108343.9,107535.7,108104.0,651.46959516
2025-07-05 12:00:00,108104.1,108401.0,107434.0,108057.9,622.77925097
2025-07-05 16:00:00,108057.9,108303.1,107155.0,108144.0,1022.85685914
2025-07-05 20:00:00,108144.0,108357.4,107453.1,108199.7,428.6068269
2025-07-06 00:00:00,108199.8,108338.2,107524.7,108038.4,483.83332203
2025-07-06 04:00:00,108038.4,108377.5,107119.6,108030.7,668.68657966
2025-07-06 08:00:00,108029.6,108187.5,107337.1,108079.8,485.46770789
2025-07-06 12:00:00,108079.8,109446.2,107676.6,108909.8,1248.6705278
2025-07-06 16:00:00,108910.0,109289.2,107880.9,108545.0,1840.80246574
2025-07-06 20:00:00,108544.9,109799.9,108276.8,109202.6,835.48204672
2025-07-07 00:00:00,109202.6,109718.3,108522.4,109393.9,1169.04202004
2025-07-07 04:00:00,109393.1,109512.5,108200.0,109067.9,906.97188096
2025-07-07 08:00:00,109068.0,109294.7,108188.9,108653.1,861.12307588
2025-07-07 12:00:00,108653.1,108944.6,107511.9,108301.9,1806.10535602
2025-07-07 16:00:00,108300.7,108800.0,106972.9,108044.0,1498.57721104
2025-07-07 20:00:00,108029.1,108423.0,107656.5,108262.0,539.98264866
2025-07-08 00:00:00,108262.1,108695.9,106911.3,107900.1,1165.85615199
2025-07-08 04:00:00,107900.1,108682.3,107500.0,108483.8,794.52205043
2025-07-08 08:00:00,108484.0,109000.0,107956.1,108755.9,1494.45512308
2025-07-08 12:00:00,108756.0,109343.2,107894.6,108265.9,1528.04522267
2025-07-08 16:00:00,108266.0,109295.1,107942.9,108780.0,1616.90569052
2025-07-08 20:00:00,108766.0,109303.7,108400.0,108926.0,476.98008051
2025-07-09 00:00:00,108926.0,109142.6,108000.0,108373.6,724.54457144
2025-07-09 04:00:00,108373.1,109370.9,107950.8,108722.0,728.19993779
2025-07-09 08:00:00,108722.0,109394.4,108437.3,109066.0,736.44473167
2025-07-09 12:00:00,109065.9,109800.0,107964.2,109080.0,1458.548635
2025-07-09 16:00:00,109079.9,112748.6,108633.4,111744.7,2320.95769353
2025-07-09 20:00:00,111745.8,112144.0,110407.4,111240.1,1701.41843213
2025-07-10 00:00:00,111240.1,111832.2,110613.0,111080.8,2190.06827444
2025-07-10 04:00:00,111080.9,111558.6,110698.4,111223.6,3977.10494067
2025-07-10 08:00:00,111225.2,111500.0,110517.2,111036.0,2118.56926004
2025-07-10 12:00:00,111036.0,111600.0,110414.7,111408.9,2218.24779813
2025-07-10 16:00:00,111412.2,114304.5,111200.0,113308.0,4502.23091807
2025-07-10 20:00:00,113288.0,118289.9,113000.0,116016.0,3549.76556856
2025-07-11 00:00:00,116015.9,117500.0,115000.0,116906.9,2518.66964707
2025-07-11 04:00:00,116902.0,119249.7,116400.0,117537.9,3276.62933207
2025-07-11 08:00:00,117537.9,119249.7,117161.9,117814.1,3009.40730165
2025-07-11 12:00:00,117814.0,118500.0,116500.0,116905.0,1271.00229827
2025-07-11 16:00:00,116921.3,118300.0,116384.5,118116.0,936.35926168
2025-07-11 20:00:00,118107.2,118500.0,116800.0,117542.3,376.3090227
2025-07-12 00:00:00,117542.2,118083.5,116800.0,117775.0,623.81251473
2025-07-12 04:00:00,117775.9,118400.0,117070.1,117746.9,617.09302087
2025-07-12 08:00:00,117746.0,118646.9,117333.3,117816.1,809.67864034
2025-07-12 12:00:00,117817.9,118100.7,116358.4,117112.0,900.91486908
2025-07-12 16:00:00,117112.1,118000.0,116553.1,117568.0,759.09438461
2025-07-12 20:00:00,117568.1,117982.1,116704.8,117437.9,393.82325175
2025-07-13 00:00:00,117437.9,117850.0,116792.4,117778.1,710.82450341
2025-07-13 04:00:00,117752.1,118400.0,117162.4,117999.9,642.15846187
2025-07-13 08:00:00,118000.0,118491.1,117189.8,118108.1,606.16862511
2025-07-13 12:00:00,118086.8,119396.2,117527.0,118678.1,1140.75664595
2025-07-13 16:00:00,118678.1,119880.0,118000.0,118999.9,1328.31720268
2025-07-13 20:00:00,118970.1,119500.0,118037.0,119092.0,337.42128472
2025-07-14 00:00:00,119096.0,122467.5,116750.0,120770.1,1697.21292905
2025-07-14 04:00:00,120780.7,123323.2,120091.0,122721.2,2132.80741625
2025-07-14 08:00:00,122722.7,123010.7,120803.4,121461.5,1514.92558233
2025-07-14 12:00:00,121461.1,122986.2,119490.0,119882.0,4193.89454055
2025-07-14 16:00:00,119882.0,120956.3,118846.1,119936.7,1908.32067217
2025-07-14 20:00:00,119939.2,120513.0,119138.2,119848.7,623.13519747
2025-07-15 00:00:00,119848.6,119950.0,117000.0,117162.4,4467.77888778
2025-07-15 04:00:00,117162.1,117845.5,116140.6,116790.0,3321.00978728
2025-07-15 08:00:00,116790.0,117414.8,116150.0,117116.0,3374.36248963
2025-07-15 12:00:00,117115.1,118500.0,115691.4,116385.8,8072.25660599
2025-07-15 16:00:00,116385.8,118000.0,116100.0,116403.9,2048.62178437
2025-07-15 20:00:00,116403.9,117965.9,116100.0,117752.0,3098.0606909
2025-07-16 00:00:00,117752.0,118400.0,116984.0,117490.9,3804.7276913
2025-07-16 04:00:00,117480.1,118588.8,116709.6,116938.4,17269.48970439
2025-07-16 08:00:00,116938.4,118500.0,116938.4,117566.8,36906.02132449
2025-07-16 12:00:00,117566.8,117750.0,117060.0,117750.0,22055.43475149
2025-07-16 16:00:00,117750.0,119315.9,117424.0,119241.2,17087.70747193
2025-07-16 20:00:00,119241.5,120000.0,118064.7,118525.0,2373.47354099
2025-07-17 00:00:00,118525.0,119200.0,117201.1,118121.5,1880.26611412
2025-07-17 04:00:00,118120.0,119314.7,117780.0,118316.0,2411.49416146
2025-07-17 08:00:00,118327.8,119204.1,117673.1,117978.1,1552.12313883
2025-07-17 12:00:00,117978.1,119281.8,117388.0,118876.0,2446.10713184
2025-07-17 16:00:00,118876.0,119870.6,117991.5,118963.5,1542.44706264
2025-07-17 20:00:00,118964.0,121000.0,117982.1,119177.9,2504.72551506
2025-07-18 00:00:00,119177.9,120822.9,118800.0,120214.0,2124.12222335
2025-07-18 04:00:00,120219.5,121000.0,119101.1,119357.9,1781.1445385
2025-07-18 08:00:00,119358.0,119504.3,118350.0,119164.9,2705.10936231
2025-07-18 12:00:00,119168.1,119762.2,117388.0,117845.0,2619.32838673
2025-07-18 16:00:00,117844.5,118053.4,117200.0,117368.1,1672.77092219
2025-07-18 20:00:00,117368.1,118500.0,116830.4,117934.0,1284.63953321
2025-07-19 00:00:00,117934.1,118505.9,117480.0,118360.8,872.60875456
2025-07-19 04:00:00,118361.1,118400.0,117800.0,118172.0,4053.78410402
2025-07-19 08:00:00,118172.1,118750.0,117750.0,118327.9,2373.98876177
2025-07-19 12:00:00,118328.0,118435.0,116490.6,118060.1,1108.83434661
2025-07-19 16:00:00,118052.1,118650.0,117100.0,118000.0,1964.78783323
2025-07-19 20:00:00,118004.0,118302.9,117100.0,117838.2,761.91289488
2025-07-20 00:00:00,117838.2,118376.6,117600.0,117969.5,1225.83599333
2025-07-20 04:00:00,117969.5,118250.0,117660.0,118028.0,463.76975079
2025-07-20 08:00:00,118022.1,118275.0,117850.0,117890.0,1418.32764234
2025-07-20 12:00:00,117890.0,118772.5,117577.1,118682.7,9606.79323871
2025-07-20 16:00:00,118683.9,118842.0,117229.7,117784.2,8298.6918635
2025-07-20 20:00:00,117784.2,118268.0,115325.8,117257.1,10023.62339605
2025-07-21 00:00:00,117260.0,118614.0,115578.6,118395.6,8156.46324601
2025-07-21 04:00:00,118398.0,119781.5,117708.3,119360.0,4498.47275654
2025-07-21 08:00:00,119361.8,119800.0,117769.5,118080.1,13843.50857647
2025-07-21 12:00:00,118077.1,119250.0,117756.2,118318.0,96299.5699701
2025-07-21 16:00:00,118318.1,118473.6,116540.0,116888.8,124437.58489908
2025-07-21 20:00:00,116763.5,117644.4,116540.0,117378.1,53702.2038667
2025-07-22 00:00:00,117378.1,117964.6,116116.0,117218.0,153392.17920547
2025-07-22 04:00:00,117219.0,118650.0,116400.0,117997.9,79380.30518922
2025-07-22 08:00:00,117997.8,119250.0,117391.3,119152.7,89275.78589599
2025-07-22 12:00:00,119152.7,119826.3,117571.1,118922.3,198715.08428656
2025-07-22 16:00:00,118922.4,120377.5,118202.2,119275.1,147316.94283515
2025-07-22 20:00:00,119274.1,120377.5,118800.0,119954.9,33719.55325006
2025-07-23 00:00:00,119954.9,120274.2,118328.4,118610.0,33700.36162607
2025-07-23 04:00:00,118609.9,119400.0,117876.7,118353.0,36759.42020876
2025-07-23 08:00:00,118335.5,119018.6,117003.3,118529.3,34617.88300025
2025-07-23 12:00:00,118528.0,118866.6,117226.0,118575.9,104511.44831206
2025-07-23 16:00:00,118578.2,118800.0,117000.0,118391.2,99393.38753468
2025-07-23 20:00:00,118396.0,118827.0,117000.0,118757.8,56916.12666841
2025-07-24 00:00:00,118757.8,119385.0,118292.7,118490.4,25908.35223102
2025-07-24 04:00:00,118488.2,118578.0,117000.0,118398.8,107108.32764019
2025-07-24 08:00:00,118380.0,118891.7,117627.8,118597.9,34412.59595976
2025-07-24 12:00:00,118597.9,119500.0,117506.0,119099.8,128859.64108241
2025-07-24 16:00:00,119110.2,119905.7,118000.0,118942.7,47336.99716428
2025-07-24 20:00:00,118951.3,119359.3,118100.0,118336.0,15046.35318592
2025-07-25 00:00:00,118335.9,118462.4,115000.0,115428.0,165915.42108377
2025-07-25 04:00:00,115418.0,116435.0,114400.7,115324.1,192769.1463974
2025-07-25 08:00:00,115324.1,117000.0,114948.6,116528.0,116590.49538369
2025-07-25 12:00:00,116528.1,116648.0,114409.6,115716.2,279072.96026454
2025-07-25 16:00:00,115718.1,117400.0,115200.0,116685.2,82998.8352244
2025-07-25 20:00:00,116685.3,117651.2,116396.8,117616.0,32806.64715081
2025-07-26 00:00:00,117615.9,117849.9,116890.0,117498.1,16842.23340287
2025-07-26 04:00:00,117498.1,117900.0,116771.8,117330.4,1736.59113292
2025-07-26 08:00:00,117331.3,118250.0,116981.1,117778.1,18429.692852
2025-07-26 12:00:00,117778.1,118250.0,117436.2,118126.5,12302.3774334
2025-07-26 16:00:00,118126.6,118740.7,117526.8,118227.1,6699.52236591
2025-07-26 20:00:00,118227.1,118400.0,117500.0,117917.8,12582.47962776
2025-07-27 00:00:00,117917.8,118500.0,117499.9,118186.1,7157.26347114
2025-07-27 04:00:00,118186.1,118862.1,117713.7,118112.7,4419.11118529
2025-07-27 08:00:00,118112.2,118700.0,117371.6,118079.1,3291.59705663
2025-07-27 12:00:00,118079.8,118743.8,117347.4,118600.0,19441.2984258
2025-07-27 16:00:00,118600.0,119732.4,118302.9,118959.9,65366.48861889
2025-07-27 20:00:00,118960.0,119986.4,118216.8,119438.4,31680.47398113
2025-07-28 00:00:00,119440.0,120000.0,118589.1,119286.4,35747.42506672
2025-07-28 04:00:00,119286.4,119716.0,118330.2,118885.0,31453.37466767
2025-07-28 08:00:00,118884.0,119382.7,118000.0,118823.8,30272.66716077
2025-07-28 12:00:00,118823.7,119376.0,117500.0,118170.4,117521.44823754
2025-07-28 16:00:00,118170.5,118500.0,117106.6,118062.4,42031.05013396
2025-07-28 20:00:00,118062.3,118500.0,117239.0,118073.8,49015.80210836
2025-07-29 00:00:00,118074.0,118885.2,117083.3,118763.9,49608.2832596
2025-07-29 04:00:00,118768.0,119379.2,118004.7,118893.3,33355.42430884
2025-07-29 08:00:00,118893.3,119374.9,117982.1,118600.0,24962.96546723
2025-07-29 12:00:00,118599.9,119297.4,116991.5,117391.6,97725.02271117
2025-07-29 16:00:00,117384.1,118473.2,116800.0,117512.0,58577.69672758
2025-07-29 20:00:00,117516.9,117998.0,116800.0,117944.1,41005.65455443
2025-07-30 00:00:00,117944.1,118400.0,117200.0,118161.7,18264.19808079
2025-07-30 04:00:00,118161.6,118802.0,117236.0,118128.1,7575.1609934
2025-07-30 08:00:00,118128.1,118701.5,117100.0,117560.5,26053.53097121
2025-07-30 12:00:00,117577.7,118877.1,117250.0,118001.7,123252.45991691
2025-07-30 16:00:00,118007.0,118396.7,115581.6,116916.0,216288.00485259
2025-07-30 20:00:00,116914.2,118000.0,116532.4,117836.4,41121.95728714
2025-07-31 00:00:00,117836.4,119044.1,117400.0,118472.9,25769.37890138
2025-07-31 04:00:00,118475.3,119051.3,117934.7,118680.7,9882.15822033
2025-07-31 08:00:00,118680.0,118825.6,118042.7,118374.1,6270.949617
2025-07-31 12:00:00,118374.1,118895.9,117680.0,118313.4,48008.33811823
2025-07-31 16:00:00,118314.0,118887.3,116500.0,116790.3,58261.43982298
2025-07-31 20:00:00,116786.9,117065.3,115500.0,115761.7,108785.50113017
2025-08-01 00:00:00,115754.8,116318.4,114320.0,115646.0,226317.09057478
2025-08-01 04:00:00,115645.9,115918.9,114583.3,115080.1,52437.30381254
2025-08-01 08:00:00,115080.1,115581.6,114119.1,115300.0,86627.94119818
2025-08-01 12:00:00,115296.1,116155.6,113938.0,115354.0,324078.48907906
2025-08-01 16:00:00,115346.9,115762.1,112977.5,113308.1,263435.56182815
2025-08-01 20:00:00,113310.1,114541.9,112520.0,113296.0,152386.96155042
2025-08-02 00:00:00,113294.4,114181.0,113000.3,113904.1,40768.99535246
2025-08-02 04:00:00,113907.9,114525.0,113120.5,113988.9,8412.22055722
2025-08-02 08:00:00,113986.2,114352.0,113000.0,113779.2,12096.90962295
2025-08-02 12:00:00,113781.2,113818.2,112500.0,112843.9,31128.56298734
2025-08-02 16:00:00,112839.6,113666.6,111600.0,112238.0,97615.07800899
2025-08-02 20:00:00,112230.1,113500.0,112000.0,112560.0,34347.79909266
2025-08-03 00:00:00,112560.0,113750.0,111527.2,113601.6,46746.27466247
2025-08-03 04:00:00,113600.1,114000.9,112982.8,113698.5,3946.77124562
2025-08-03 08:00:00,113700.1,114260.2,113200.0,113849.9,8888.78227692
2025-08-03 12:00:00,113851.3,114450.0,113379.2,113938.5,23885.59691732
2025-08-03 16:00:00,113943.3,114778.0,113585.0,114305.2,18340.87154012
2025-08-03 20:00:00,114306.0,114900.0,113668.1,114202.0,17782.75114468
2025-08-04 00:00:00,114202.1,115272.0,113744.6,114594.1,27376.13271396
2025-08-04 04:00:00,114577.6,115357.1,113874.9,114660.9,10634.19320881
2025-08-04 08:00:00,114661.0,115165.3,113072.1,113277.8,567.10045701
2025-08-04 12:00:00,113277.8,113895.9,113000.0,113484.4,244.61052719
2025-08-04 16:00:00,113484.4,114038.4,113484.4,113579.1,131.64340945
2025-08-04 20:00:00,113581.9,114542.7,113482.9,113942.3,276.05687022
2025-08-05 00:00:00,113942.3,114864.4,113113.9,113114.2,410.9850132
2025-08-05 04:00:00,113114.2,114500.0,112676.3,113965.9,523.70684954
2025-08-05 08:00:00,113983.4,115099.9,113393.2,114828.0,1141.8486524
2025-08-05 12:00:00,114828.1,114908.8,111531.3,112940.1,2289.22905978
2025-08-05 16:00:00,112929.9,113924.7,112460.3,113632.0,1260.25340178
2025-08-05 20:00:00,113633.1,114400.0,113170.5,114127.8,855.55424514
2025-08-06 00:00:00,114127.8,114285.7,113000.0,113527.8,865.30194354
2025-08-06 04:00:00,113514.1,114510.0,113000.0,114230.2,867.90872556
2025-08-06 08:00:00,114210.0,114807.3,113300.0,114241.5,1130.18074883
2025-08-06 12:00:00,114241.6,115500.0,113052.4,115445.2,4443.62165407
2025-08-06 16:00:00,115420.3,116000.0,114480.4,115265.2,1004.86454427
2025-08-06 20:00:00,115265.2,115485.4,114703.1,115002.0,1004.56696412
2025-08-07 00:00:00,114999.8,115697.0,114004.0,114549.6,472.05349951
2025-08-07 04:00:00,114549.5,115325.8,114004.0,114787.8,544.18977467
2025-08-07 08:00:00,114796.3,116824.2,114500.0,116524.1,1869.22071351
2025-08-07 12:00:00,116524.1,116941.8,115750.2,116700.1,1557.17420428
2025-08-07 16:00:00,116700.0,117857.7,115625.1,117466.2,956.52215874
2025-08-07 20:00:00,117465.0,117825.2,116818.9,117478.5,928.25243158
2025-08-08 00:00:00,117478.5,117963.4,116299.5,116748.0,1530.53070581
2025-08-08 04:00:00,116746.0,117264.2,116000.0,116807.1,1368.64140953
2025-08-08 08:00:00,116806.9,117166.6,116000.0,116895.4,966.64986973
2025-08-08 12:00:00,116895.4,117300.0,115590.0,116204.0,1894.55131007
2025-08-08 16:00:00,116203.0,117338.3,115590.0,116441.8,1538.5964935
2025-08-08 20:00:00,116408.1,117250.0,116000.0,116662.3,519.06710867
2025-08-09 00:00:00,116666.0,116986.4,115950.0,116388.1,574.76866218
2025-08-09 04:00:00,116388.1,117060.1,115950.0,116748.1,1146.01949606
2025-08-09 08:00:00,116748.1,117920.7,116079.3,117115.3,1555.4830845
2025-08-09 12:00:00,117116.0,117338.3,116089.0,116887.4,2120.52603489
2025-08-09 16:00:00,116889.0,116983.9,115500.0,116542.5,1047.72297533
2025-08-09 20:00:00,116542.5,117200.0,115649.7,116480.0,2266.11066385
2025-08-10 00:00:00,116480.0,118502.1,116480.0,118502.1,6837.55226355
2025-08-10 04:00:00,118503.5,118784.5,117338.3,117801.6,781.03051024
2025-08-10 08:00:00,117815.9,118543.9,117338.3,118321.9,740.0570965
2025-08-10 12:00:00,118322.0,119092.1,117857.7,118797.6,1083.63564931
2025-08-10 16:00:00,118784.6,119072.0,117925.1,118648.0,825.73276578
2025-08-10 20:00:00,118653.8,119333.3,117768.4,119287.6,647.61951024
2025-08-11 00:00:00,119289.9,122444.4,118750.0,121710.0,1671.81029341
2025-08-11 04:00:00,121712.0,122844.4,121207.1,121526.0,995.38790478
2025-08-11 08:00:00,121532.0,122222.2,120031.2,120554.3,1243.44284974
2025-08-11 12:00:00,120554.1,120800.0,119075.2,120301.0,1402.95464222
2025-08-11 16:00:00,120302.1,120999.9,118527.9,119086.4,930.3890461
2025-08-11 20:00:00,119079.9,119198.0,117490.6,118686.0,894.08485301
2025-08-12 00:00:00,118686.1,119416.0,118377.2,118865.0,570.81266901
2025-08-12 04:00:00,118865.1,119500.0,117852.6,119000.1,645.69398095
2025-08-12 08:00:00,119000.8,119555.5,117477.7,118500.0,1126.3220609
2025-08-12 12:00:00,118493.1,120462.5,117860.7,119934.0,2001.62771256
2025-08-12 16:00:00,119937.1,120228.5,118896.6,119650.0,1050.41314121
2025-08-12 20:00:00,119649.8,120454.8,119333.3,120130.4,920.20411533
2025-08-13 00:00:00,120132.1,120191.9,118896.6,119486.0,737.10487776
2025-08-13 04:00:00,119486.0,120000.0,118377.2,119588.2,1206.02094552
2025-08-13 08:00:00,119560.0,120800.0,119250.0,120567.7,2542.13290515
2025-08-13 12:00:00,120556.1,122223.0,120000.0,120914.0,1748.32377868
2025-08-13 16:00:00,120924.3,123310.4,120553.3,122759.7,1207.46569955
2025-08-13 20:00:00,122763.2,124000.0,122000.0,123309.0,928.56553472
2025-08-14 00:00:00,123308.1,124725.6,122844.4,123345.4,1265.77346796
2025-08-14 04:00:00,123344.1,123494.0,121100.0,121720.0,1006.07424015
2025-08-14 08:00:00,121717.2,122350.9,120659.2,120953.9,1239.44636108
2025-08-14 12:00:00,120959.2,121522.1,117735.8,118252.1,4057.38501231
2025-08-14 16:00:00,118238.0,118679.2,117361.0,117937.6,1615.96807353
2025-08-14 20:00:00,117932.4,118783.2,117361.0,118299.7,556.75704305
2025-08-15 00:00:00,118298.5,119060.1,117735.8,118970.1,1949.54603917
2025-08-15 04:00:00,118970.7,119428.2,118452.3,118968.6,1666.68928236
2025-08-15 08:00:00,118973.5,119428.2,118436.4,119006.7,1555.29473823
2025-08-15 12:00:00,119002.1,119400.0,116920.8,117185.5,9144.40045353
2025-08-15 16:00:00,117185.5,118161.0,116666.6,116929.8,1758.59876339
2025-08-15 20:00:00,116929.7,117770.0,116652.7,117338.1,538.60278923
2025-08-16 00:00:00,117338.0,118113.1,116792.4,117432.0,1134.43641474
2025-08-16 04:00:00,117432.0,118101.8,116809.6,117606.6,982.75431809
2025-08-16 08:00:00,117606.6,118181.8,116652.7,117385.8,871.40338714
2025-08-16 12:00:00,117386.4,118303.3,117056.6,117687.2,626.69077142
2025-08-16 16:00:00,117687.7,117832.0,117253.5,117680.4,414.45802273
2025-08-16 20:00:00,117680.3,117800.0,116563.6,117387.6,7873.04452746
2025-08-17 00:00:00,117386.1,117800.0,116666.6,117681.7,433.25811683
2025-08-17 04:00:00,117681.7,118398.6,117200.0,118013.8,975.90251698
2025-08-17 08:00:00,118014.8,118398.6,117500.0,118307.1,869.11738111
2025-08-17 12:00:00,118307.2,118398.6,117646.5,118243.5,1581.50514112
2025-08-17 16:00:00,118243.6,118398.6,116501.0,117590.0,936.703752
2025-08-17 20:00:00,117575.6,118047.4,116800.0,117415.5,358.6037203
2025-08-18 00:00:00,117409.7,117888.8,115073.0,115326.2,2754.14361031
2025-08-18 04:00:00,115324.3,115858.5,114777.6,115211.9,973.78720485
2025-08-18 08:00:00,115208.5,115685.0,114646.3,114957.3,1354.72903185
2025-08-18 12:00:00,114957.3,116333.3,114700.0,116149.8,886.46248474
2025-08-18 16:00:00,116152.0,116919.6,115624.9,116311.9,833.9993402
2025-08-18 20:00:00,116311.9,117056.6,115767.0,116225.9,943.75439198
2025-08-19 00:00:00,116234.4,117105.1,115000.0,115111.0,2875.75326394
2025-08-19 04:00:00,115111.0,115750.0,114420.5,114992.6,6699.5314083
2025-08-19 08:00:00,114998.9,115873.3,114465.3,115503.3,765.00083245
2025-08-19 12:00:00,115503.2,115876.8,114001.0,114001.0,7811.79047547
2025-08-19 16:00:00,114001.0,114543.3,112030.8,113123.3,6139.86954802
2025-08-19 20:00:00,113121.1,113944.8,112200.9,112865.7,744.62363882
2025-08-20 00:00:00,112865.6,113757.6,112580.0,113526.4,3536.52486239
2025-08-20 04:00:00,113526.0,113895.0,112758.1,113484.1,5938.74627639
2025-08-20 08:00:00,113292.1,114273.4,112872.0,113662.0,3113.57316044
2025-08-20 12:00:00,113662.0,114465.3,112150.0,113362.1,6158.06936194
2025-08-20 16:00:00,113362.1,114470.0,112933.5,114007.3,4713.55775704
2025-08-20 20:00:00,114007.3,114863.6,113385.9,114277.7,4980.22734022
2025-08-21 00:00:00,114277.7,115025.4,113559.3,113773.8,5696.31711638
2025-08-21 04:00:00,113773.8,114333.9,113177.0,113889.4,1002.19712739
2025-08-21 08:00:00,113889.3,114181.0,112737.9,113139.3,930.27308077
2025-08-21 12:00:00,113139.3,114067.0,112450.0,112792.1,11932.54727117
2025-08-21 16:00:00,112792.1,113086.3,111960.8,112198.0,21139.73248332
2025-08-21 20:00:00,112198.0,113078.4,112000.0,112511.5,108647.09479123
2025-08-22 00:00:00,112511.5,113809.8,112334.0,112938.7,110386.17502853
2025-08-22 04:00:00,112939.5,113596.3,112714.7,113097.5,70451.2821941
2025-08-22 08:00:00,113097.3,113333.0,112000.0,112314.9,15856.9128248
2025-08-22 12:00:00,112312.1,117255.3,111111.0,116361.3,36428.42079789
2025-08-22 16:00:00,116365.8,117651.9,116009.2,116639.5,5433.45498266
2025-08-22 20:00:00,116647.2,117564.9,116238.2,116942.6,983.98154916
2025-08-23 00:00:00,116943.8,117250.0,114964.8,115569.5,1141.76227274
2025-08-23 04:00:00,115568.2,116485.6,115261.9,115803.9,1996.35426021
2025-08-23 08:00:00,115810.6,116058.6,115000.0,115266.6,671.7459483
2025-08-23 12:00:00,115268.0,115607.5,114179.0,114822.4,86611.97636983
2025-08-23 16:00:00,114819.4,115676.4,114384.4,115138.5,1028.69491715
2025-08-23 20:00:00,115138.6,115666.6,114583.0,115424.1,665.48952745
2025-08-24 00:00:00,115424.1,115900.0,114700.0,115035.5,548.47432904
2025-08-24 04:00:00,115035.6,115833.3,114583.3,114890.0,3046.94296351
2025-08-24 08:00:00,114890.1,115586.2,114583.0,114732.0,17369.78848081
2025-08-24 12:00:00,114732.0,115000.0,114250.0,114407.1,24269.80586109
2025-08-24 16:00:00,114406.7,115146.4,110080.0,112606.2,18139.91756775
2025-08-24 20:00:00,112608.0,113895.0,111666.6,113491.0,1043.17996005
2025-08-25 00:00:00,113492.0,113975.4,111923.8,112900.0,11851.39556083
2025-08-25 04:00:00,112901.7,113550.0,110782.2,111513.9,1069.00272847
2025-08-25 08:00:00,111510.3,112320.0,110355.7,111212.0,7039.11959052
2025-08-25 12:00:00,111216.0,112969.7,110500.0,112188.1,27432.7555467
2025-08-25 16:00:00,112204.0,112999.0,110652.0,110698.0,4476.74582698
2025-08-25 20:00:00,110698.0,111194.1,108676.0,110115.2,6602.62968233
2025-08-26 00:00:00,110116.5,110122.1,108125.1,109883.8,1701.24094017
2025-08-26 04:00:00,109885.1,110750.0,109401.0,110304.0,1435.68795141
2025-08-26 08:00:00,110300.7,110668.0,109520.0,109880.1,1246.64205002
2025-08-26 12:00:00,109880.6,110769.2,109299.2,109674.1,3239.85867354
2025-08-26 16:00:00,109672.2,111200.0,109331.0,111115.6,1803.55867744
2025-08-26 20:00:00,111111.3,112378.9,110700.9,111771.9,3884.83046191
2025-08-27 00:00:00,111771.9,112000.0,110786.5,111430.5,884.40132287
2025-08-27 04:00:00,111429.0,111900.0,110500.0,110736.3,12678.95536399
2025-08-27 08:00:00,110738.0,111383.6,110359.3,111316.9,16112.902148
2025-08-27 12:00:00,111316.8,112500.0,110339.8,112008.2,388930.75460759
2025-08-27 16:00:00,112009.6,112660.8,111383.7,112089.4,9131.38068478
2025-08-27 20:00:00,112086.1,112461.5,110900.0,111257.3,5104.34953889
2025-08-28 00:00:00,111254.1,112276.3,110814.4,112005.6,1605.05750284
2025-08-28 04:00:00,112008.1,113440.0,111600.0,113126.5,1571.40775328
2025-08-28 08:00:00,113126.5,113538.4,112600.0,112924.8,813.3302894
2025-08-28 12:00:00,112929.6,113500.0,112100.8,112674.6,6229.86154421
2025-08-28 16:00:00,112675.1,113297.6,111890.9,111890.9,1128.3672837
2025-08-28 20:00:00,111908.6,112800.0,111370.6,112565.9,462.79127231
2025-08-29 00:00:00,112564.1,112727.2,110779.4,111714.1,2072.15582265
2025-08-29 04:00:00,111714.1,111882.0,109800.0,110018.9,11333.91148823
2025-08-29 08:00:00,110016.1,110677.8,109000.0,109970.0,16912.67776665
2025-08-29 12:00:00,110093.2,111466.6,108000.0,108391.9,14701.75455047
2025-08-29 16:00:00,108402.7,108977.7,108000.0,108223.9,4077.46826993
2025-08-29 20:00:00,108216.5,108946.2,106929.1,108366.4,7586.06434644
2025-08-30 00:00:00,108385.7,108495.5,107143.5,108442.0,28421.27416656
2025-08-30 04:00:00,108438.0,108946.2,107700.0,108535.4,699.57661874
2025-08-30 08:00:00,108535.3,108960.0,108044.9,108714.1,551.08323126
2025-08-30 12:00:00,108714.1,108977.7,108000.0,108884.0,2200.8809478
2025-08-30 16:00:00,108882.9,109299.4,108188.5,108836.0,865.94219612
2025-08-30 20:00:00,108836.0,108946.2,108088.0,108814.7,239.49525472
2025-08-31 00:00:00,108815.0,109520.0,108488.8,109225.0,710.93188374
2025-08-31 04:00:00,109225.9,109520.0,108069.1,108710.0,640.69797961
2025-08-31 08:00:00,108709.8,109600.0,107814.5,108394.4,747.81095223
2025-08-31 12:00:00,108384.0,108844.7,107685.6,108804.0,1252.52543184
2025-08-31 16:00:00,108801.6,109466.6,108143.9,108929.9,837.52336777
2025-08-31 20:00:00,108931.0,109396.8,107550.8,108252.4,630.80718113
2025-09-01 00:00:00,108248.3,108495.5,107250.0,107656.0,29570.34868053
2025-09-01 04:00:00,107653.8,109400.0,107250.0,109400.0,31650.29783527
2025-09-01 08:00:00,109400.0,109955.5,108044.9,108777.6,38656.63251622
2025-09-01 12:00:00,108779.6,109587.8,108150.8,108780.0,1486.17564361
2025-09-01 16:00:00,108787.2,109520.0,108011.5,109220.0,943.86744087
2025-09-01 20:00:00,109220.0,109486.9,106863.0,109236.0,959.76628857
2025-09-02 00:00:00,109236.0,110816.3,108400.0,110331.5,1004.18575776
2025-09-02 04:00:00,110331.5,110748.8,109745.9,110236.0,797.75790602
2025-09-02 08:00:00,110234.0,110719.4,109520.0,109748.1,1783.23437432
2025-09-02 12:00:00,109748.1,111911.1,108044.9,110836.0,2293.97521446
2025-09-02 16:00:00,110832.4,111199.4,109965.4,110808.1,3538.93792655
2025-09-02 20:00:00,110808.1,111960.8,110353.9,111234.0,1942.97826707
2025-09-03 00:00:00,111234.1,111781.1,110622.9,111042.3,804.28081518
2025-09-03 04:00:00,111042.0,111400.0,110298.1,110746.9,1688.84754828
2025-09-03 08:00:00,110820.0,112152.7,110640.0,111439.5,981.48765085
2025-09-03 12:00:00,111440.1,112775.7,110748.8,112215.5,11792.40159237
2025-09-03 16:00:00,112215.5,112571.4,111650.1,112194.1,614.26726623
2025-09-03 20:00:00,112197.2,112320.0,111499.9,111700.0,309.57627882
2025-09-04 00:00:00,111700.0,112203.3,110625.5,111156.0,671.44851343
2025-09-04 04:00:00,111156.0,111651.0,110080.0,110468.2,677.24101372
2025-09-04 08:00:00,110468.1,111200.0,110000.0,110810.0,3485.88953952
2025-09-04 12:00:00,110810.0,111257.5,108806.3,109504.4,11447.10047974
2025-09-04 16:00:00,109504.3,110444.4,108977.7,109794.6,769.02415449
2025-09-04 20:00:00,109794.6,111750.0,109688.4,110721.5,681.03960682
2025-09-05 00:00:00,110720.0,111630.4,110298.1,111316.0,592.07538699
2025-09-05 04:00:00,111315.9,113039.9,110797.2,112956.1,946.6544595
2025-09-05 08:00:00,112956.1,113073.8,111733.3,112364.1,902.35665943
2025-09-05 12:00:00,112364.1,113452.7,110000.0,110712.4,12550.17391604
2025-09-05 16:00:00,110712.4,111610.0,109858.9,111610.0,2016.68817256
2025-09-05 20:00:00,111609.6,111760.0,110250.0,110673.3,514.86698048
2025-09-06 00:00:00,110673.3,111793.0,110357.4,111086.0,610.80773675
2025-09-06 04:00:00,111086.0,111342.8,110128.0,110841.1,902.6243481
2025-09-06 08:00:00,110842.0,111040.0,110105.1,110791.3,653.56589061
2025-09-06 12:00:00,110790.8,111199.4,110002.0,110383.1,866.62426209
2025-09-06 16:00:00,110383.5,110748.8,109508.4,110049.9,1944.99979566
2025-09-06 20:00:00,110050.0,110640.0,109780.9,110192.1,751.58104193
2025-09-07 00:00:00,110192.0,110823.1,109959.9,110637.8,423.02819549
2025-09-07 04:00:00,110637.8,110956.0,110085.8,110770.3,502.61395697
2025-09-07 08:00:00,110770.3,111508.9,110500.0,111300.0,790.77237453
2025-09-07 12:00:00,111300.0,111673.2,110640.0,111336.4,6694.24478956
2025-09-07 16:00:00,111336.4,111500.0,110230.3,111257.9,3249.05971657
2025-09-07 20:00:00,111257.9,111608.8,110574.9,111142.6,8940.6993091
2025-09-08 00:00:00,111141.1,111374.8,110051.0,111047.9,998.74421489
2025-09-08 04:00:00,111048.0,111601.7,110640.0,111266.8,1655.0488366
2025-09-08 08:00:00,111268.0,112571.4,110783.7,112056.0,1142.08389501
2025-09-08 12:00:00,112056.1,113444.4,111526.9,112638.6,8497.03277343
2025-09-08 16:00:00,112638.6,113000.0,111760.0,112066.4,1146.64407891
2025-09-08 20:00:00,112085.9,112750.7,111505.0,112062.4,493.39097394
2025-09-09 00:00:00,112063.5,112321.1,110547.6,111702.0,1179.14705741
2025-09-09 04:00:00,111702.0,113492.6,111261.6,112981.8,1471.88543298
2025-09-09 08:00:00,112981.8,113655.3,112320.0,112433.9,1317.05418036
2025-09-09 12:00:00,112433.2,113039.9,110350.0,110880.0,2804.69284407
2025-09-09 16:00:00,110869.9,111508.4,110298.1,111318.8,1429.22413506
2025-09-09 20:00:00,111316.0,111839.2,110800.0,111538.0,655.9376209
2025-09-10 00:00:00,111542.0,111890.0,110401.1,111545.1,1460.52989993
2025-09-10 04:00:00,111548.1,112660.0,111120.0,112552.3,6131.60603292
2025-09-10 08:00:00,112549.8,112880.0,111717.2,111923.0,650.89082152
2025-09-10 12:00:00,111923.0,114200.0,111256.2,113851.0,1343.67827374
2025-09-10 16:00:00,113850.6,114200.0,112917.1,113601.9,825.88026914
2025-09-10 20:00:00,113567.1,114139.9,113200.0,113956.5,260.98786285
2025-09-11 00:00:00,113957.0,114549.9,113345.8,114417.0,1322.57999534
2025-09-11 04:00:00,114417.0,114585.0,113724.8,114083.0,564.41854677
2025-09-11 08:00:00,114082.0,114358.0,113486.8,114015.5,1012.01968771
2025-09-11 12:00:00,114016.0,114970.0,113045.0,114187.0,1342.218739
2025-09-11 16:00:00,114186.1,114623.0,113815.0,114417.0,1185.41212485
2025-09-11 20:00:00,114426.0,115540.6,114000.0,115477.8,882.34088556
2025-09-12 00:00:00,115477.9,116319.8,114970.0,115206.2,11679.352912
2025-09-12 04:00:00,115200.0,116000.2,114799.9,115088.0,1741.95758243
2025-09-12 08:00:00,115089.6,115355.0,114560.0,114933.5,618.81138702
2025-09-12 12:00:00,114933.6,115680.0,114585.0,115120.2,764.85928697
2025-09-12 16:00:00,115120.7,116666.0,114585.0,116645.2,872.92692151
2025-09-12 20:00:00,116643.9,116643.9,115680.0,116029.0,505.83848635
2025-09-13 00:00:00,116030.2,116500.0,115221.5,115981.0,111139.67287493
2025-09-13 04:00:00,115977.9,116174.5,115355.0,115801.9,514.0516044
2025-09-13 08:00:00,115990.0,116300.0,115355.0,115976.6,633.71062759
2025-09-13 12:00:00,115976.7,116529.2,115400.0,115781.0,111598.04454893
2025-09-13 16:00:00,115782.5,116125.0,115074.0,115792.0,766.68699618
2025-09-13 20:00:00,115794.2,116097.1,115355.0,115924.4,324.46817173
2025-09-14 00:00:00,115924.5,116125.0,115355.0,115673.0,516.74634741
2025-09-14 04:00:00,115675.9,116113.6,114970.0,115801.2,478.94783411
2025-09-14 08:00:00,115802.0,116400.6,115355.0,115801.0,491.48402354
2025-09-14 12:00:00,115801.3,116077.7,114891.2,115241.8,1240.56854906
2025-09-14 16:00:00,115247.3,115740.0,114882.1,115632.8,649.19803616
2025-09-14 20:00:00,115635.4,116100.0,114700.0,115271.0,471.86475236
2025-09-15 00:00:00,115273.0,115740.0,114240.5,115441.9,670.32509833
2025-09-15 04:00:00,115442.1,116769.2,114987.1,115809.9,1799.73228521
2025-09-15 08:00:00,115810.0,116048.2,114066.6,115056.0,1304.60615226
2025-09-15 12:00:00,115054.6,115355.0,114000.0,114841.1,3296.27339088
2025-09-15 16:00:00,114841.2,115680.0,114266.6,115310.6,1109.88036933
2025-09-15 20:00:00,115304.3,115680.0,114970.0,115350.6,332.96079474
2025-09-16 00:00:00,115350.6,115680.0,114700.0,115300.0,661.38247448
2025-09-16 04:00:00,115300.5,116325.0,114358.5,115799.9,1453.81435933
2025-09-16 08:00:00,115833.6,116240.0,114970.0,115299.9,565.04765485
2025-09-16 12:00:00,115291.5,115895.2,114392.4,115895.2,775.82782214
2025-09-16 16:00:00,115679.4,117000.0,115355.0,116804.0,1279.41877356
2025-09-16 20:00:00,116815.0,117111.4,116361.3,116798.1,8972.58019964
2025-09-17 00:00:00,116797.9,117100.3,115799.8,116370.2,1374.62327233
2025-09-17 04:00:00,116370.2,117300.0,115999.9,117159.0,1015.22081577
2025-09-17 08:00:00,117159.1,117280.0,116200.0,116257.4,10842.93465205
2025-09-17 12:00:00,116257.6,116800.0,114970.0,115884.7,995.44139108
2025-09-17 16:00:00,115884.6,116510.0,114389.5,115630.2,1700.08727211
2025-09-17 20:00:00,115638.9,116999.9,115159.1,116442.7,732.57430122
2025-09-18 00:00:00,116446.2,118000.0,115833.3,117583.8,1012.44421186
2025-09-18 04:00:00,117589.0,118470.9,116548.4,117087.9,12371.68292434
2025-09-18 08:00:00,117085.7,117665.0,116671.0,117075.0,1143.44886599
2025-09-18 12:00:00,117077.0,118050.0,116895.0,117596.4,3679.52831337
2025-09-18 16:00:00,117628.0,118016.4,116933.3,117466.8,2316.26037244
2025-09-18 20:00:00,117466.8,117920.0,116560.5,117083.0,1756.03050727
2025-09-19 00:00:00,117081.0,117890.7,116666.6,116979.9,1150.28038357
2025-09-19 04:00:00,116979.9,117280.0,116510.0,116914.9,544.95281056
2025-09-19 08:00:00,116915.0,117185.7,116000.0,116397.0,628.1347174
2025-09-19 12:00:00,116396.1,116537.4,114969.4,115881.4,1408.7549618
2025-09-19 16:00:00,115880.1,116141.8,114682.4,115123.2,913.60045383
2025-09-19 20:00:00,115123.2,116000.0,114739.2,115630.0,3761.33678977
2025-09-20 00:00:00,115630.0,115740.0,114970.0,115453.0,367.10241399
2025-09-20 04:00:00,115453.9,116074.4,114999.9,115962.0,348.70490165
2025-09-20 08:00:00,115962.0,116315.4,115355.0,115740.0,496.37083614
2025-09-20 12:00:00,115892.1,116800.0,115379.3,115988.1,8148.38126808
2025-09-20 16:00:00,115988.1,116361.3,115127.8,115680.9,2039.10928041
2025-09-20 20:00:00,115680.0,116074.4,115228.4,115688.0,351.46967343
2025-09-21 00:00:00,115685.9,115740.0,114970.0,115669.5,395.25778597
2025-09-21 04:00:00,115668.7,116100.0,115120.0,115819.9,485.32949879
2025-09-21 08:00:00,115820.0,115900.1,114810.4,115618.0,469.63577279
2025-09-21 12:00:00,115618.0,116000.0,114970.0,115534.1,12693.61654138
2025-09-21 16:00:00,115534.0,115866.6,114771.1,115488.0,583.7660629
2025-09-21 20:00:00,115488.0,115680.0,114606.9,115235.9,880.71155267
2025-09-22 00:00:00,115236.0,115542.9,113575.8,114655.5,1381.92235628
2025-09-22 04:00:00,114654.8,114805.6,110895.4,112532.0,1839.35308796
2025-09-22 08:00:00,112532.0,113106.1,111890.0,112879.2,3682.57827553
2025-09-22 12:00:00,112880.9,113500.0,111993.1,112831.0,33025.47012666
2025-09-22 16:00:00,112830.0,113206.8,111787.0,112107.9,2332.90879372
2025-09-22 20:00:00,112119.9,113206.8,111890.0,112655.0,485.49416487
2025-09-23 00:00:00,112656.7,112880.0,111120.0,112332.5,2101.26997455
2025-09-23 04:00:00,112333.8,113430.0,111760.0,113095.0,7901.89830577
2025-09-23 08:00:00,113093.8,113440.0,112333.3,112981.0,4538.65375814
2025-09-23 12:00:00,112981.0,113430.0,112275.0,113375.0,1021.80965571
2025-09-23 16:00:00,113377.7,113430.0,111234.8,111661.9,3082.3145766
2025-09-23 20:00:00,111663.4,112500.0,111505.0,112009.5,2831.13270758
2025-09-24 00:00:00,112037.9,112827.7,111846.0,112052.6,3128.96652927
2025-09-24 04:00:00,112069.8,113045.0,111846.0,112596.2,2650.15958261
2025-09-24 08:00:00,112598.0,113200.9,112275.0,113034.2,2308.54842791
2025-09-24 12:00:00,113077.5,114000.0,112660.0,113355.4,4112.69924336
2025-09-24 16:00:00,113504.2,114192.7,113045.0,113422.4,2301.55787066
2025-09-24 20:00:00,113422.5,114280.0,113045.0,113309.7,3932.14884993
2025-09-25 00:00:00,113384.7,113807.5,112000.0,112565.4,2309.47698472
2025-09-25 04:00:00,112645.4,112660.0,111120.0,111771.0,3194.47169359
2025-09-25 08:00:00,111771.0,112320.0,111111.0,111362.0,3523.90945721
2025-09-25 12:00:00,111420.9,111890.0,110699.3,111589.0,2878.8066366
2025-09-25 16:00:00,111641.4,112200.0,109373.5,109545.3,9569.28667833
2025-09-25 20:00:00,109545.3,109965.0,109005.0,109587.6,2823.7900981
2025-09-26 00:00:00,109594.2,110000.0,109005.0,109578.6,3064.19458686
2025-09-26 04:00:00,109592.7,109965.0,109038.6,109308.1,10556.18477173
2025-09-26 08:00:00,109338.5,109700.0,108700.0,109143.8,3241.80988417
2025-09-26 12:00:00,109150.0,109800.0,108785.9,109029.4,5083.77507851
2025-09-26 16:00:00,109029.5,110300.0,108983.1,109914.8,9986.09868566
2025-09-26 20:00:00,109918.5,110333.3,109600.0,109644.2,4190.94335152
2025-09-27 00:00:00,109749.0,109999.9,109100.0,109553.0,2280.32147244
2025-09-27 04:00:00,109581.4,110080.0,109195.0,109404.7,2502.11880646
2025-09-27 08:00:00,109404.7,109632.8,108999.9,109598.4,6822.88383012
2025-09-27 12:00:00,109598.4,109632.8,109195.0,109396.0,2331.43512553
2025-09-27 16:00:00,109408.0,110491.6,109100.0,109418.0,2938.68395305
2025-09-27 20:00:00,109451.4,109755.9,109142.5,109631.0,1928.29063474
2025-09-28 00:00:00,109631.0,109965.0,109250.0,109450.1,1908.85116176
2025-09-28 04:00:00,109594.4,110467.0,109050.0,109580.0,2566.80860125
2025-09-28 08:00:00,109515.7,109965.0,109020.0,109400.0,711.03802682
2025-09-28 12:00:00,109383.0,110350.0,109010.0,110026.6,1098.93055159
2025-09-28 16:00:00,110035.7,110719.4,109965.0,110337.6,2057.71397625
2025-09-28 20:00:00,110339.1,112377.9,110310.0,112173.0,2312.00846325
2025-09-29 00:00:00,112172.8,113090.0,111505.0,111869.0,12183.92941967
2025-09-29 04:00:00,111878.8,112275.0,111120.0,111870.1,2158.07943703
2025-09-29 08:00:00,111870.6,112530.6,111505.0,112118.9,3380.17287344
2025-09-29 12:00:00,112118.9,114250.0,111890.0,113817.2,3223.32673663
2025-09-29 16:00:00,113819.1,114374.4,113430.0,114290.3,8122.73480284
2025-09-29 20:00:00,114227.0,114418.6,113815.0,114314.3,3090.77222003
2025-09-30 00:00:00,114313.1,114970.0,113868.0,114376.4,4354.71015559
2025-09-30 04:00:00,114374.9,114568.4,113567.2,113712.6,3134.65345849
2025-09-30 08:00:00,113716.6,114096.7,112644.1,113049.2,3028.93594665
2025-09-30 12:00:00,113046.2,113815.0,112660.0,113100.5,16503.61685707
2025-09-30 16:00:00,113120.4,114575.8,112660.0,114359.0,2419.08630801
2025-09-30 20:00:00,114382.0,114767.4,113440.0,114047.2,2872.41443744
2025-10-01 00:00:00,114047.2,114585.0,113815.0,114179.7,5137.23508517
2025-10-01 04:00:00,114179.8,114853.3,113815.0,114540.9,7036.20996548
2025-10-01 08:00:00,114522.0,117095.9,114200.0,116783.5,15483.28109311
2025-10-01 12:00:00,116782.7,117800.0,116125.0,117424.1,2173.72926704
2025-10-01 16:00:00,117425.0,118300.0,116510.0,117443.5,1167.2671494
2025-10-01 20:00:00,117442.0,118816.7,116943.8,118605.7,843.64657172
2025-10-02 00:00:00,118608.2,119600.0,118156.6,118739.7,1016.38446339
2025-10-02 04:00:00,118739.5,118999.9,117920.0,118488.1,967.98933655
2025-10-02 08:00:00,118488.4,119012.1,118069.2,118770.7,2645.33224709
2025-10-02 12:00:00,118771.5,119975.0,118435.0,119921.7,2369.67401793
2025-10-02 16:00:00,119919.7,121130.0,119205.0,120842.0,7662.95587474
2025-10-02 20:00:00,120841.1,121130.0,119719.1,120542.0,5784.16760023
2025-10-03 00:00:00,120542.0,120666.6,119590.0,120239.2,3825.58497023
2025-10-03 04:00:00,120237.4,120745.0,119590.0,119640.9,1481.21025048
2025-10-03 08:00:00,119640.0,120745.0,119233.5,120344.5,727.66253327
2025-10-03 12:00:00,120346.7,122363.0,119600.0,122022.4,2905.73421888
2025-10-03 16:00:00,122022.4,124000.0,121343.1,122671.2,14789.70720146
2025-10-03 20:00:00,122671.1,123000.0,121900.0,122239.4,1815.09508566
2025-10-04 00:00:00,122239.0,122333.3,121515.0,122240.0,2646.63680306
2025-10-04 04:00:00,122245.3,123055.0,121900.0,122304.4,1709.50396879
2025-10-04 08:00:00,122304.1,122670.0,121700.0,121714.3,1728.48828712
2025-10-04 12:00:00,121870.9,122670.0,121624.0,121795.9,1905.20301808
2025-10-04 16:00:00,121797.5,122285.0,121280.0,121969.3,1871.49588462
2025-10-04 20:00:00,121969.4,122578.1,121515.0,122397.0,1167.14481771
2025-10-05 00:00:00,122397.5,124364.8,121900.0,123778.0,3198.22120152
2025-10-05 04:00:00,123778.0,126053.7,123440.0,124711.0,6146.45538539
2025-10-05 08:00:00,124711.4,124980.0,122400.0,123486.6,2741.03542665
2025-10-05 12:00:00,123469.0,123559.5,122400.0,122806.2,2755.09530274
2025-10-05 16:00:00,122807.0,123786.6,122333.3,122605.5,2733.14196633
2025-10-05 20:00:00,122606.9,123800.0,122285.0,123478.0,2090.04876321
2025-10-06 00:00:00,123479.9,124348.9,123055.0,123834.9,1920.63571671
2025-10-06 04:00:00,123834.5,124500.0,123055.0,123393.5,617.07073513
2025-10-06 08:00:00,123393.7,124595.0,123100.0,124223.0,693.89769332
2025-10-06 12:00:00,124223.0,125403.4,123999.9,125000.0,1244.17136821
2025-10-06 16:00:00,125000.0,126500.0,124595.0,125411.1,1833.73260653
2025-10-06 20:00:00,125411.1,125750.0,124595.0,124652.4,672.77499515
2025-10-07 00:00:00,124655.1,125200.0,123825.0,124330.1,707.05606741
2025-10-07 04:00:00,124329.8,124980.0,123490.0,123676.8,1731.09853097
2025-10-07 08:00:00,123676.8,124550.0,123154.8,124447.2,582.20867231
2025-10-07 12:00:00,124447.0,125120.0,121130.0,121893.3,1693.26480981
2025-10-07 16:00:00,121893.3,122571.4,120360.0,121621.6,10283.23493961
2025-10-07 20:00:00,121621.6,122400.0,121199.9,121345.0,579.57775324
2025-10-08 00:00:00,121346.0,122285.0,121130.0,121365.4,693.95818249
2025-10-08 04:00:00,121370.3,122285.0,120745.0,121607.9,1834.49578081
2025-10-08 08:00:00,121610.8,123351.0,121130.0,122884.2,1320.37448651
2025-10-08 12:00:00,122884.2,123372.0,121515.0,122195.2,989.97564143
2025-10-08 16:00:00,122195.2,124210.0,121900.0,123648.6,1926.2797531
2025-10-08 20:00:00,123493.1,123825.0,122731.5,123304.3,452.98552359
2025-10-09 00:00:00,123304.3,123440.0,121343.1,122045.3,2524.19987944
2025-10-09 04:00:00,122037.3,122670.0,121515.0,121902.0,2335.00563451
2025-10-09 08:00:00,121900.1,123000.0,121126.8,122730.4,818.75011876
2025-10-09 12:00:00,122730.4,123749.9,120412.0,121152.9,2718.37096846
2025-10-09 16:00:00,121161.4,121492.6,119590.0,120952.0,1509.78360566
2025-10-09 20:00:00,120952.0,121946.2,120745.0,121657.1,542.18994718
2025-10-10 00:00:00,121657.1,121900.0,120666.6,121042.7,566.07820907
2025-10-10 04:00:00,121037.9,121946.2,120813.1,120936.9,582.10437015
2025-10-10 08:00:00,120936.9,121840.0,120234.9,120675.6,2524.14647688
2025-10-10 12:00:00,120675.6,122040.0,118435.0,118819.8,11548.15471778
2025-10-10 16:00:00,118819.8,119040.0,114970.0,115612.1,6549.09471386
2025-10-10 20:00:00,115612.1,117089.3,103294.7,111120.0,8941.62053604
2025-10-11 00:00:00,111120.0,112600.0,109882.9,111396.0,4636.14195823
2025-10-11 04:00:00,111396.0,111890.0,109623.5,109977.1,6714.58967802
2025-10-11 08:00:00,109977.1,111899.9,109062.1,111000.0,30035.13982752
2025-10-11 12:00:00,111000.0,112341.0,110782.2,112106.6,16560.00046711
2025-10-11 16:00:00,112106.6,112200.0,110700.0,110700.0,2650.96829316
2025-10-11 20:00:00,110856.0,111000.0,110400.0,110400.0,784.90917761
2025-10-12 00:00:00,110540.5,110800.8,108947.3,109999.9,22909.77241151
2025-10-12 04:00:00,110169.4,111885.7,109800.0,110921.0,16922.32540595
2025-10-12 08:00:00,110921.0,111505.0,110200.0,110824.5,709.45699634
2025-10-12 12:00:00,110824.5,113466.6,110735.0,112046.3,5591.7273172
2025-10-12 16:00:00,112046.3,112572.0,112046.3,112572.0,323.10461049
2025-10-12 20:00:00,112572.0,113248.1,112572.0,113248.1,141.81764902
2025-10-13 00:00:00,113248.1,115646.1,113248.1,114820.1,13624.52854414
2025-10-13 04:00:00,114820.1,115832.8,114195.6,115830.4,5132.36127191
2025-10-13 08:00:00,115830.4,115830.4,115830.4,115830.4,0.0
2025-10-13 12:00:00,115830.4,115830.4,114206.2,114336.3,506.746159
2025-10-13 16:00:00,114337.2,115887.7,114179.8,115798.8,2555.54685975
2025-10-13 20:00:00,115798.8,116000.0,114970.0,115172.6,3583.12887724
2025-10-14 00:00:00,115175.0,115547.0,113200.0,113498.8,16422.63856473
2025-10-14 04:00:00,113500.6,113815.0,111402.9,111744.0,4967.99028257
2025-10-14 08:00:00,111732.5,112275.0,109999.9,111326.5,30764.09166627
2025-10-14 12:00:00,111325.1,113699.7,109800.0,113317.6,15557.04017122
2025-10-14 16:00:00,113513.5,113800.6,111725.1,112609.0,19976.85273904
2025-10-14 20:00:00,112600.2,113754.7,112243.6,113041.9,1466.01390725
2025-10-15 00:00:00,113035.1,113654.4,111720.6,112014.0,5744.35089998
2025-10-15 04:00:00,112028.0,112880.0,111760.0,112574.1,8812.05840613
2025-10-15 08:00:00,112574.8,113675.8,111631.7,111904.6,2914.73748932
2025-10-15 12:00:00,111886.9,112275.0,110350.0,110807.0,3033.42006597
2025-10-15 16:00:00,110807.1,111760.0,110000.0,111267.1,2155.21905051
2025-10-15 20:00:00,111270.6,111556.0,110424.4,110763.1,1029.59434791
2025-10-16 00:00:00,110763.2,111890.0,110350.0,111331.8,4901.29920535
2025-10-16 04:00:00,111334.0,112133.3,110500.0,110576.4,3502.90633261
2025-10-16 08:00:00,110569.9,111890.0,109552.1,111407.6,2056.58149601
2025-10-16 12:00:00,111417.0,112000.0,108201.7,108537.0,7526.19799184
2025-10-16 16:00:00,108557.9,109259.9,107550.7,108198.0,10965.61924399
2025-10-16 20:00:00,108194.4,108835.7,106950.0,108208.6,1338.94887886
2025-10-17 00:00:00,108195.1,109400.4,107770.0,109140.0,22778.39922352
2025-10-17 04:00:00,109180.0,109362.8,105180.0,105628.4,3593.21658829
2025-10-17 08:00:00,105629.0,106528.5,103178.1,105685.2,15974.37688596
2025-10-17 12:00:00,105685.2,106885.0,104300.0,106801.0,12011.73953917
2025-10-17 16:00:00,106801.0,107840.0,105999.9,106452.8,3343.36789081
2025-10-17 20:00:00,106452.8,107646.8,106160.0,106431.7,655.64223821
2025-10-18 00:00:00,106431.8,107360.0,106115.0,107085.0,1368.86073039
2025-10-18 04:00:00,107074.3,107666.6,106400.0,106689.5,2027.93518159
2025-10-18 08:00:00,106689.5,107342.4,106301.7,107217.9,1302.32096638
2025-10-18 12:00:00,107217.9,107412.5,106600.0,106947.0,3888.64837161
2025-10-18 16:00:00,106947.5,107344.7,106160.0,107073.0,13483.71583353
2025-10-18 20:00:00,107073.0,107691.9,106666.6,107175.7,799.22290293
2025-10-19 00:00:00,107175.8,107770.0,106500.0,107275.0,1616.45612054
2025-10-19 04:00:00,107275.0,107560.4,106500.0,106782.7,1324.93148891
2025-10-19 08:00:00,106782.7,108623.5,105720.0,107783.1,4933.9368725
2025-10-19 12:00:00,107783.1,108865.9,107111.1,108480.2,3775.82528654
2025-10-19 16:00:00,108480.8,109635.3,108126.6,108916.8,41831.8508327
2025-10-19 20:00:00,108916.7,109362.8,108234.4,108649.8,890.98828098
2025-10-20 00:00:00,108649.8,110435.2,107360.0,110144.8,1961.52091216
2025-10-20 04:00:00,110144.0,111599.9,109896.3,111182.0,2320.75857293
2025-10-20 08:00:00,111182.0,111641.7,110448.0,111030.0,13173.02594737
2025-10-20 12:00:00,111024.0,111687.1,110350.0,111147.0,6208.37697887
2025-10-20 16:00:00,111147.0,111505.0,109719.8,110814.2,7160.7999121
2025-10-20 20:00:00,110806.0,111333.3,110048.5,110543.9,4287.95803304
2025-10-21 00:00:00,110544.2,110640.0,109048.2,109068.5,8888.82940662
2025-10-21 04:00:00,109068.8,109334.7,107317.8,108088.0,18357.4910716
2025-10-21 08:00:00,108091.0,108810.0,107100.0,108569.9,30951.55972603
2025-10-21 12:00:00,108569.9,113536.8,108000.0,113424.8,14923.20420077
2025-10-21 16:00:00,113426.6,114048.7,111289.5,111788.0,3961.3410003
2025-10-21 20:00:00,111792.3,111874.7,108040.0,108313.3,2101.22299009
2025-10-22 00:00:00,108313.3,108810.0,107632.0,108219.7,2113.32950181
2025-10-22 04:00:00,108219.7,108960.0,107487.6,108330.3,1541.93625981
2025-10-22 08:00:00,108330.3,108590.0,106531.1,107550.7,45152.49980574
2025-10-22 12:00:00,107549.2,109149.9,107201.5,108413.0,3411.18524303
2025-10-22 16:00:00,108413.0,108797.3,107360.0,107867.1,2263.96781903
2025-10-22 20:00:00,107867.1,108124.9,106513.4,107583.4,31165.9055044
2025-10-23 00:00:00,107584.0,108810.0,107201.5,108375.1,1619.47363283
2025-10-23 04:00:00,108374.9,110308.5,108000.0,109269.6,2417.09399826
2025-10-23 08:00:00,109267.6,109965.0,108960.0,109260.3,47218.67555125
2025-10-23 12:00:00,109260.3,110127.1,108413.4,109899.8,4257.71414551
2025-10-23 16:00:00,109899.9,111315.7,109410.0,110202.4,5495.72955509
2025-10-23 20:00:00,110205.2,110533.3,109200.0,110074.9,18071.33634872
2025-10-24 00:00:00,110073.9,111000.0,109580.0,110451.8,6303.09289262
2025-10-24 04:00:00,110452.0,111867.1,110000.9,111052.4,2515.75241823
2025-10-24 08:00:00,110905.7,111788.6,110400.1,111074.7,6071.74395915
2025-10-24 12:00:00,110905.7,111867.1,109545.9,110052.4,8940.54171122
2025-10-24 16:00:00,109887.5,111072.2,109545.9,110617.0,4179.5741712
2025-10-24 20:00:00,110613.2,111200.1,110350.0,111013.8,469.13751298
2025-10-25 00:00:00,111010.0,111256.8,110640.0,111023.7,611.76941063
2025-10-25 04:00:00,111023.1,111890.0,110666.6,111500.4,1141.38377675
2025-10-25 08:00:00,111501.2,112000.0,111185.0,111571.9,1315.23989912
2025-10-25 12:00:00,111570.0,112000.0,111185.0,111394.6,5212.79466505
2025-10-25 16:00:00,111391.9,111749.4,110800.1,111631.9,4965.73763825
2025-10-25 20:00:00,111631.2,111749.4,110934.0,111705.6,531.20819289
2025-10-26 00:00:00,111650.0,111950.0,111200.0,111265.1,1405.20134398
2025-10-26 04:00:00,111267.1,112000.0,110893.4,111709.0,1081.70870424
2025-10-26 08:00:00,111720.0,113510.0,111234.8,113298.3,3165.56601916
2025-10-26 12:00:00,113291.0,114000.1,113045.0,113699.9,1824.46686526
2025-10-26 16:00:00,113699.0,113920.0,112997.3,113593.0,1110.14565924
2025-10-26 20:00:00,113575.0,115267.0,112880.0,114559.0,1615.33780062
2025-10-27 00:00:00,114556.1,115599.7,114333.3,114984.4,1454.62469386
2025-10-27 04:00:00,114984.5,116344.1,114666.6,115545.0,4401.51980034
2025-10-27 08:00:00,115550.5,115740.0,114500.0,115351.0,2634.24552485
2025-10-27 12:00:00,115353.1,115599.7,114457.9,114954.6,4122.99934856
2025-10-27 16:00:00,114959.9,115866.6,114737.6,114929.9,835.13309147
2025-10-27 20:00:00,114943.6,115070.6,113800.6,114111.8,976.80329624
2025-10-28 00:00:00,114111.8,114648.6,113387.2,113917.9,1884.234661
2025-10-28 04:00:00,113917.9,114330.0,113430.0,114179.5,6771.64460612
2025-10-28 08:00:00,114179.5,114666.5,113733.3,114340.0,12545.44811923
2025-10-28 12:00:00,114339.7,116082.6,114024.4,114644.9,11290.58465237
2025-10-28 16:00:00,114644.5,115600.1,113442.3,113695.0,9279.54325587
2025-10-28 20:00:00,113683.0,113807.9,112218.8,112897.2,13359.57834785
2025-10-29 00:00:00,112892.9,113200.1,112000.0,112510.6,853.05114186
2025-10-29 04:00:00,112509.3,113614.9,112257.2,113544.9,6720.74046975
2025-10-29 08:00:00,113544.9,113733.3,112700.0,113130.6,1997.32619151
2025-10-29 12:00:00,113131.1,113625.4,111200.1,111514.1,4536.82686703
2025-10-29 16:00:00,111514.5,112019.9,109341.9,110631.9,3345.15543826
2025-10-29 20:00:00,110651.0,111849.2,109695.7,110028.1,698.35339227
2025-10-30 00:00:00,110024.2,111193.7,109600.1,110761.1,1266.79694108
2025-10-30 04:00:00,110754.1,111600.1,107866.6,111364.1,2595.37920762
2025-10-30 08:00:00,111384.7,111458.3,109600.1,109719.1,7235.29764954
2025-10-30 12:00:00,109717.0,109999.9,107260.8,107714.2,14438.96644289
2025-10-30 16:00:00,107716.2,108425.0,106061.7,106555.6,14384.03826402
2025-10-30 20:00:00,106555.7,108400.1,106266.6,108308.2,827.96746525
2025-10-31 00:00:00,108313.5,110057.1,108014.2,109218.3,13238.39981136
2025-10-31 04:00:00,109218.8,110316.7,108903.6,109730.9,1280.5717551
2025-10-31 08:00:00,109734.0,110556.3,109195.0,110429.0,1539.68111492
2025-10-31 12:00:00,110408.1,111200.1,109200.1,110196.0,1875.45633345
2025-10-31 16:00:00,110196.1,110400.1,108601.2,109820.5,1738.09068971
2025-10-31 20:00:00,109813.1,110000.9,109195.0,109604.0,659.14652354
2025-11-01 00:00:00,109604.1,110400.1,109200.1,110232.3,668.13840333
2025-11-01 04:00:00,110232.5,110695.6,109625.5,110067.6,743.35502015
2025-11-01 08:00:00,110072.8,110535.8,109600.1,110135.1,8237.17108462
2025-11-01 12:00:00,110137.2,110477.2,109534.3,110284.5,11302.20084852
2025-11-01 16:00:00,110300.0,110934.0,109874.9,110300.0,1258.9038334
2025-11-01 20:00:00,110301.1,110695.6,109678.3,109965.0,439.88242637
2025-11-02 00:00:00,110096.0,110350.0,109600.1,109999.9,350.45383737
2025-11-02 04:00:00,109999.9,111043.4,109807.6,110892.1,852.4242084
2025-11-02 08:00:00,110893.0,111288.3,109907.4,111198.0,1520.0536367
2025-11-02 12:00:00,111196.0,111288.3,109999.9,110118.7,1089.57581965
2025-11-02 16:00:00,110117.1,110761.8,109332.4,110177.5,1593.95547714
2025-11-02 20:00:00,110178.3,110735.0,109443.8,110551.0,594.01198337
2025-11-03 00:00:00,110550.1,110766.5,107655.0,107936.3,1505.56367548
2025-11-03 04:00:00,107938.5,108260.8,106867.3,107480.1,12572.3750232
2025-11-03 08:00:00,107480.1,108134.6,106394.7,106783.7,6961.32303027
2025-11-03 12:00:00,106890.7,108060.6,105399.1,105669.5,280709.26844019
2025-11-03 16:00:00,105669.5,107655.0,105000.0,106220.0,47652.93197741
2025-11-03 20:00:00,106218.4,107000.0,105009.9,106081.0,16225.10907784
2025-11-04 00:00:00,106081.0,107207.1,105315.0,106706.3,19969.29753152
2025-11-04 04:00:00,106529.4,107272.4,104000.0,104493.1,79285.26180676
2025-11-04 08:00:00,104498.8,104795.7,103291.8,104581.6,30861.08263696
2025-11-04 12:00:00,104590.5,104833.6,102376.6,103204.0,82920.25374846
2025-11-04 16:00:00,103206.0,103600.1,100000.0,100540.5,53898.01551473
2025-11-04 20:00:00,100533.2,101888.0,98800.1,101480.8,10431.24560761
2025-11-05 00:00:00,101481.1,102347.8,98803.3,102145.8,17888.15892002
2025-11-05 04:00:00,102143.6,102489.4,101136.1,101996.3,1686.45312743
2025-11-05 08:00:00,101996.5,102347.8,101000.0,102074.0,1925.34385236
2025-11-05 12:00:00,102073.6,104086.9,101600.0,103725.7,2452.43138603
2025-11-05 16:00:00,103728.1,104724.9,103002.4,104029.7,1457.01683075
2025-11-05 20:00:00,104007.0,104563.1,103043.4,103890.5,889.68140688
2025-11-06 00:00:00,103890.0,103944.4,102695.3,103654.7,5907.73492432
2025-11-06 04:00:00,103655.0,104199.5,102925.0,103193.8,6734.29770228
2025-11-06 08:00:00,103193.8,103600.0,102400.1,103238.0,6216.37971216
2025-11-06 12:00:00,103237.4,103800.0,101449.6,102016.8,10118.08498337
2025-11-06 16:00:00,102014.0,102371.1,100100.0,101389.8,4248.79501504
2025-11-06 20:00:00,101389.6,101775.5,100400.1,101350.0,20549.90341427
2025-11-07 00:00:00,101350.0,102567.5,100750.0,101913.9,5365.3712349
2025-11-07 04:00:00,101913.9,102650.0,101200.0,102036.5,2063.64139691
2025-11-07 08:00:00,102036.1,102069.2,99809.3,100415.1,49878.53361696
2025-11-07 12:00:00,100415.0,101250.0,99200.1,100802.6,11120.56822799
2025-11-07 16:00:00,100802.6,103402.3,100510.0,103393.3,4590.4956127
2025-11-07 20:00:00,103393.3,104297.2,102695.6,103335.4,1265.22669797
2025-11-08 00:00:00,103335.4,103420.0,102535.8,102588.0,24902.0007093
2025-11-08 04:00:00,102588.0,103200.1,101832.8,102350.4,1569.78018401
2025-11-08 08:00:00,102350.3,103043.4,101732.6,101860.8,9953.2801718
2025-11-08 12:00:00,101860.8,102420.2,101200.1,101724.1,5366.83822095
2025-11-08 16:00:00,101724.1,102496.6,101200.1,101983.2,11209.17255888
2025-11-08 20:00:00,101982.6,102500.0,101600.1,102320.0,768.05251885
2025-11-09 00:00:00,102320.1,102400.0,101239.9,101659.3,730.23951924
2025-11-09 04:00:00,101666.6,102265.0,101304.3,101943.1,728.14165883
2025-11-09 08:00:00,101943.1,102500.0,101209.0,102244.4,1120.99009438
2025-11-09 12:00:00,102244.0,104080.0,101834.6,103697.4,17808.24722598
2025-11-09 16:00:00,103697.4,104860.2,103002.4,104806.0,7082.97358911
2025-11-09 20:00:00,104806.2,105446.0,104021.3,104722.5,1075.87781014
2025-11-10 00:00:00,104722.8,106869.5,104190.0,106037.8,1392.50019306
2025-11-10 04:00:00,106037.8,106734.9,105730.0,106464.5,931.019863
2025-11-10 08:00:00,106464.5,106800.1,105576.9,106188.3,20334.30830459
2025-11-10 12:00:00,106188.3,106600.0,104423.0,105078.7,24163.82084522
2025-11-10 16:00:00,105078.7,106200.0,104402.1,105806.9,1303.03275824
2025-11-10 20:00:00,105802.2,106459.4,105200.1,106013.0,793.0220494
2025-11-11 00:00:00,106014.0,107506.4,105335.2,106473.9,2696.03021494
2025-11-11 04:00:00,106473.9,106601.9,104750.0,104803.3,1201.46523798
2025-11-11 08:00:00,104803.3,105670.9,104605.4,105308.0,4801.91232923
2025-11-11 12:00:00,105308.0,105600.1,103035.0,103469.6,3503.37272137
2025-11-11 16:00:00,103469.6,104086.9,102535.8,103131.5,1821.65480529
2025-11-11 20:00:00,103131.5,103420.0,102265.0,103057.6,4151.51426425
2025-11-12 00:00:00,103064.9,103468.9,102537.7,103323.0,894.97776276
2025-11-12 04:00:00,103322.8,103863.1,102960.0,103126.5,809.46591429
2025-11-12 08:00:00,103126.5,105200.1,103002.4,105023.8,1362.84311499
2025-11-12 12:00:00,105023.8,105646.0,102000.0,102184.0,3910.97092128
2025-11-12 16:00:00,102182.0,102400.1,100800.1,101296.6,10374.85068074
2025-11-12 20:00:00,101296.6,102069.2,101041.6,101658.0,11221.19994267
2025-11-13 00:00:00,101658.5,102650.0,100800.0,102132.0,5749.66857369
2025-11-13 04:00:00,102132.0,104203.9,101600.1,103476.5,1428.77617625
2025-11-13 08:00:00,103476.9,103869.7,102400.0,102937.7,1312.71158412
2025-11-13 12:00:00,102938.0,103332.6,101000.0,101388.7,1833.78485507
2025-11-13 16:00:00,101388.4,101600.1,98009.1,98681.9,166821.83063624
2025-11-13 20:00:00,98680.3,100588.2,98009.1,99689.1,10422.2383387
2025-11-14 00:00:00,99689.1,100000.1,98521.7,99148.5,5777.48460226
2025-11-14 04:00:00,99149.5,99200.1,96000.0,97153.3,24800.51934385
2025-11-14 08:00:00,97154.4,98000.1,95257.8,96208.9,12738.135396
2025-11-14 12:00:00,96176.5,97600.1,94001.0,96490.0,8691.90470489
2025-11-14 16:00:00,96666.3,97600.1,94537.0,95776.0,2709.36773407
2025-11-14 20:00:00,95777.7,95990.0,94001.0,94581.8,19917.11683536
2025-11-15 00:00:00,94581.9,96814.1,94438.8,96411.7,2179.72004126
2025-11-15 04:00:00,96412.1,96808.4,95600.1,96337.5,1720.06811509
2025-11-15 08:00:00,96337.3,96698.8,95335.0,95700.0,1224.72830252
2025-11-15 12:00:00,95701.0,96781.3,95315.1,96261.1,2030.40799501
2025-11-15 16:00:00,96261.2,96490.0,95315.1,96014.0,1218.79022234
2025-11-15 20:00:00,96013.8,96105.0,95000.0,95603.1,855.50768241
2025-11-16 00:00:00,95603.1,96000.1,94695.6,95834.7,1037.88001848
2025-11-16 04:00:00,95820.1,96400.1,95391.3,96093.8,2066.73148046
2025-11-16 08:00:00,96092.7,96875.0,95378.9,95640.5,2102.37931342
2025-11-16 12:00:00,95638.8,96114.8,94347.8,94583.6,27437.40898935
2025-11-16 16:00:00,94585.8,95600.1,93285.4,94072.8,16155.94834792
2025-11-16 20:00:00,94152.7,94800.1,93001.0,94269.5,6169.42123374
2025-11-17 00:00:00,94269.5,95663.7,93679.8,95498.3,2388.9935785
2025-11-17 04:00:00,95508.3,95870.5,94594.0,95654.3,1121.60708795
2025-11-17 08:00:00,95652.6,96136.2,95165.5,95572.5,2361.57945998
2025-11-17 12:00:00,95570.1,95866.1,93529.4,93960.4,9027.08019993
2025-11-17 16:00:00,93960.4,94400.1,91200.1,91685.3,10489.840126
2025-11-17 20:00:00,91686.8,92650.6,91001.0,92221.5,1504.23542793
2025-11-18 00:00:00,92226.9,92636.3,89304.7,90849.0,24043.12300799
2025-11-18 04:00:00,90843.9,90857.3,89001.0,90519.3,12741.75672881
2025-11-18 08:00:00,90519.3,92000.1,90240.0,91519.2,15507.02794809
2025-11-18 12:00:00,91517.6,93200.1,90800.1,92909.9,2673.1648506
2025-11-18 16:00:00,92906.3,94000.0,92400.1,93175.9,12502.90101083
2025-11-18 20:00:00,93175.9,93600.1,92000.1,92965.5,13029.00478514
2025-11-19 00:00:00,92965.5,93075.9,91600.1,91892.5,13032.98673814
2025-11-19 04:00:00,91892.3,92333.3,90000.1,91861.8,5778.04418369
2025-11-19 08:00:00,91861.8,92313.2,90800.1,91412.0,3195.75232501
2025-11-19 12:00:00,91403.1,92387.7,89850.0,89951.2,6177.2134513
2025-11-19 16:00:00,89951.5,90400.1,88209.3,88880.0,17383.72841904
2025-11-19 20:00:00,88883.0,91596.7,88179.8,91561.7,1664.13358108
2025-11-20 00:00:00,91561.6,92807.7,90900.9,92305.0,2355.18679517
2025-11-20 04:00:00,92441.8,93200.1,91600.1,92322.6,2276.93460355
2025-11-20 08:00:00,92323.0,92556.3,91200.1,91938.5,80189.3873127
2025-11-20 12:00:00,91937.2,92250.0,89833.3,89867.7,99192.21417369
2025-11-20 16:00:00,89867.1,90037.6,86001.0,86922.8,9489.84981724
2025-11-20 20:00:00,86922.7,88333.3,86166.6,86636.1,5652.29943484
2025-11-21 00:00:00,86638.2,87717.2,85001.0,85832.5,11773.66071568
2025-11-21 04:00:00,85832.9,86736.1,81080.2,84067.0,26290.62140993
2025-11-21 08:00:00,84066.0,84945.6,81410.6,82321.9,32684.56012888
2025-11-21 12:00:00,82321.8,85652.6,80355.9,82929.4,12869.18616445
2025-11-21 16:00:00,82933.7,85652.6,82117.6,84223.2,5372.83399517
2025-11-21 20:00:00,84199.1,85573.1,83225.2,85134.7,2580.74551938
2025-11-22 00:00:00,85135.0,85652.6,84000.0,84445.0,2491.24303486
2025-11-22 04:00:00,84449.9,85000.0,83532.7,84604.5,9024.17866422
2025-11-22 08:00:00,84765.6,85002.0,83500.0,84091.0,34806.3401891
2025-11-22 12:00:00,84091.0,84750.0,83531.6,84280.6,11438.91456071
2025-11-22 16:00:00,84283.0,84945.6,84000.0,84607.1,8680.56611903
2025-11-22 20:00:00,84605.1,85500.0,83982.9,84740.1,1028.75313972
2025-11-23 00:00:00,84741.2,86359.6,84443.0,86308.4,183511.52932849
2025-11-23 04:00:00,86308.7,87066.6,85200.0,85769.3,1789.59902179
2025-11-23 08:00:00,85769.3,86736.1,85449.4,86343.5,3091.67299483
2025-11-23 12:00:00,86343.5,87243.6,85999.9,87086.0,39135.60651694
2025-11-23 16:00:00,87084.1,87680.0,86359.6,87346.7,3674.990304
2025-11-23 20:00:00,87322.4,88480.6,86500.0,86846.6,5206.59402444
2025-11-24 00:00:00,86846.7,88200.0,85800.0,87457.2,87492.45085672
2025-11-24 04:00:00,87451.3,87900.0,86359.6,87045.3,2884.06676216
2025-11-24 08:00:00,87045.5,87150.0,85652.6,86277.0,2575.65483121
2025-11-24 12:00:00,86277.1,86990.0,85250.0,86615.2,27422.41797462
2025-11-24 16:00:00,86617.0,88950.0,86372.0,88334.3,4395.79744045
2025-11-24 20:00:00,88333.5,89383.2,87933.3,88281.8,1045.9597564
2025-11-25 00:00:00,88281.8,88520.4,87208.5,87813.0,1108.67078886
2025-11-25 04:00:00,87812.1,88628.6,86742.5,87092.5,102727.78432493
2025-11-25 08:00:00,87092.5,88333.3,85822.1,88149.7,4033.36005238
2025-11-25 12:00:00,87994.3,88149.7,85382.7,86172.9,1323.40705344
2025-11-25 16:00:00,86172.9,87009.3,85598.4,85859.0,1744.02265263
2025-11-25 20:00:00,85859.0,87000.0,85728.1,86950.0,2835.77462162
2025-11-26 00:00:00,86950.0,88400.1,86800.1,86813.1,8333.05278104
2025-11-26 04:00:00,86813.1,87600.1,86801.0,87037.0,576.84155513
2025-11-26 08:00:00,87037.0,87621.1,86801.0,86957.1,473.21882604
2025-11-26 12:00:00,86957.1,87268.7,86300.0,87200.2,1641.63333095
2025-11-26 16:00:00,87200.2,89870.0,86736.1,88928.8,625.91361513
2025-11-26 20:00:00,88928.8,89526.1,88800.1,89526.1,139.82871557
2025-11-27 00:00:00,89526.1,91600.1,89207.0,91078.4,814.34907558
2025-11-27 04:00:00,91078.4,91600.1,90800.0,91396.1,5561.36304172
2025-11-27 08:00:00,91396.2,92000.0,90969.1,91367.9,1000.67046211
2025-11-27 12:00:00,91368.5,91600.1,90400.1,90952.9,10730.93829197
2025-11-27 16:00:00,90959.9,91999.9,90750.0,91536.7,965.24398833
2025-11-27 20:00:00,91536.8,91835.6,91048.2,91330.9,536.87699748
2025-11-28 00:00:00,91330.3,91540.9,90500.0,91210.9,700.48216531
2025-11-28 04:00:00,91211.0,91895.8,90800.1,90902.8,799.6745712
2025-11-28 08:00:00,90902.8,92026.4,90616.7,90833.6,16409.08368771
2025-11-28 12:00:00,90833.6,93083.7,90505.6,92362.1,2745.08549588
2025-11-28 16:00:00,92356.1,92373.9,90088.1,91146.9,1508.53510372
2025-11-28 20:00:00,91146.9,91314.8,90576.9,90890.3,440.65455085
2025-11-29 00:00:00,90890.5,91314.8,90400.1,90676.0,545.00603747
2025-11-29 04:00:00,90676.0,91143.4,90000.1,90563.7,851.77251825
2025-11-29 08:00:00,90563.8,91025.6,90088.1,90675.1,1237.62480832
2025-11-29 12:00:00,90675.1,91147.6,90400.0,91145.3,808.06410147
2025-11-29 16:00:00,91068.0,91200.1,90050.0,90653.6,155014.25572049
2025-11-29 20:00:00,90652.6,91321.5,90400.1,90804.0,684.31552687
2025-11-30 00:00:00,90802.0,91223.1,90400.1,90912.9,483.58909069
2025-11-30 04:00:00,90918.3,91321.5,90390.1,90961.0,5048.36299004
2025-11-30 08:00:00,90960.0,91674.0,90600.0,91049.0,1035.67219296
2025-11-30 12:00:00,91049.0,92000.0,90800.1,91439.9,1216.95249249
2025-11-30 16:00:00,91440.0,91989.0,90969.1,91461.0,901.06600591
2025-11-30 20:00:00,91464.0,91802.2,90264.3,90367.7,682.9330923
2025-12-01 00:00:00,90368.0,90421.2,86000.1,86358.7,3652.22184054
2025-12-01 04:00:00,86359.9,86800.1,85481.8,86555.3,34944.08231058
2025-12-01 08:00:00,86557.0,87092.5,86000.1,86145.8,10736.72534722
2025-12-01 12:00:00,86145.8,86800.0,83600.1,84686.8,4716.71296968
2025-12-01 16:00:00,84686.9,85600.1,84000.1,85024.0,1289991.37367128
2025-12-01 20:00:00,85024.0,86937.2,85023.0,86289.3,566775.85128
2025-12-02 00:00:00,86283.4,87400.0,85987.7,86969.0,1657.62990064
2025-12-02 04:00:00,86974.0,87514.1,86492.7,87009.3,772.24321088
2025-12-02 08:00:00,87006.4,87635.0,86090.9,87365.6,1226.22902504
2025-12-02 12:00:00,87366.2,91176.4,86800.1,90847.9,3260.89717488
2025-12-02 16:00:00,90848.0,92356.4,90077.4,91802.2,409409.41949786
2025-12-02 20:00:00,91895.9,92324.1,90699.4,91280.3,1020.37390086
2025-12-03 00:00:00,91284.0,93310.4,90922.8,92640.5,40019.00372096
2025-12-03 04:00:00,92624.3,94064.5,92428.1,92988.1,17659.89027408
2025-12-03 08:00:00,92996.0,93064.8,91802.2,92511.7,531.21326018
2025-12-03 12:00:00,92587.4,92900.0,91299.3,91622.1,998.90961754
2025-12-03 16:00:00,91640.9,92305.0,91622.1,92005.7,411.64375166
2025-12-03 20:00:00,92005.7,93490.3,91971.6,93041.1,476.40221205
2025-12-04 00:00:00,93003.0,93041.1,92000.1,92611.0,279.6207911
2025-12-04 04:00:00,92611.0,93420.9,91962.4,93398.4,612.72610926
2025-12-04 08:00:00,93397.2,93896.8,92400.1,92939.7,1811.58477188
2025-12-04 12:00:00,92939.7,93310.4,91802.2,92974.1,1813.73995127
2025-12-04 16:00:00,92973.3,93164.0,90852.7,91914.1,1922.84520463
2025-12-04 20:00:00,91914.1,92999.9,91600.1,92062.5,1444.68416927
2025-12-05 00:00:00,92062.7,93000.0,91802.2,92158.5,1689.86364413
2025-12-05 04:00:00,92158.4,92785.1,91600.1,92249.1,812.37589816
2025-12-05 08:00:00,92249.5,92305.0,90800.1,91342.8,1114.9437763
2025-12-05 12:00:00,91342.9,91550.9,89733.2,90455.8,1744.03524485
2025-12-05 16:00:00,90456.0,90800.1,88000.0,89639.2,2227.20887099
2025-12-05 20:00:00,89637.9,89940.4,88800.1,89330.9,683.88874621
2025-12-06 00:00:00,89330.9,90000.1,88827.4,89676.3,736.40750147
2025-12-06 04:00:00,89677.0,90000.1,89101.9,89582.9,915.81058199
2025-12-06 08:00:00,89583.0,90000.0,88960.2,89629.5,1037.85580362
2025-12-06 12:00:00,89629.5,90333.3,89200.1,89756.0,3526.57212702
2025-12-06 16:00:00,89756.7,90168.5,88995.8,89409.3,985.92815243
2025-12-06 20:00:00,89409.3,89920.0,88534.7,89223.5,2495.84529481
2025-12-07 00:00:00,89227.3,89870.0,88940.1,89720.0,689.72060047
2025-12-07 04:00:00,89721.0,89999.9,89011.0,89381.4,4533.8878763
2025-12-07 08:00:00,89382.0,89600.1,89011.0,89164.0,20171.42126937
2025-12-07 12:00:00,89158.6,89854.9,87600.1,89557.0,43879.13270172
2025-12-07 16:00:00,89557.5,91914.1,88800.1,91423.0,27193.93092912
2025-12-07 20:00:00,91423.0,91738.8,88998.6,90394.3,12603.32878987
2025-12-08 00:00:00,90394.1,91688.1,89868.9,91074.4,19341.88950202
2025-12-08 04:00:00,91074.4,91975.4,90650.0,91559.7,7129.91342296
2025-12-08 08:00:00,91560.2,92400.1,91299.5,91959.7,4847.50526388
2025-12-08 12:00:00,91958.0,92200.0,89600.0,89961.9,2222.53073081
2025-12-08 16:00:00,89961.9,90799.9,89355.8,90000.0,1325.72779041
2025-12-08 20:00:00,90118.0,91600.1,89950.0,90641.0,820.23871351
2025-12-09 00:00:00,90641.1,90922.8,89746.6,90409.0,871.99003595
2025-12-09 04:00:00,90410.0,90800.1,89389.9,90498.7,781.25609056
2025-12-09 08:00:00,90498.7,90946.9,89730.0,90383.5,3095.91875936
2025-12-09 12:00:00,90382.0,92878.7,89933.3,92704.6,6593.8508518
2025-12-09 16:00:00,92705.8,94800.1,92400.1,93798.0,12851.14261384
2025-12-09 20:00:00,93798.1,93860.0,92230.0,92666.6,5917.1529501
2025-12-10 00:00:00,92535.3,92800.1,91743.5,92411.9,865.4021811
2025-12-10 04:00:00,92411.8,92960.0,92053.6,92773.0,723.73771816
2025-12-10 08:00:00,92776.5,93200.1,91715.9,92131.1,1418.61014574
2025-12-10 12:00:00,92131.1,92400.1,91533.9,92067.0,1325.43710307
2025-12-10 16:00:00,92070.0,93197.0,91601.1,92959.1,1828.88714431
2025-12-10 20:00:00,92959.9,94491.6,91715.9,92014.9,1748.05592832
2025-12-11 00:00:00,92013.7,92160.0,89300.0,89881.0,1686.63944718
2025-12-11 04:00:00,89881.1,90750.0,89534.9,90269.0,1013.35123128
2025-12-11 08:00:00,90271.0,90666.6,89607.7,90234.7,10874.62820428
2025-12-11 12:00:00,90234.8,90724.5,89250.0,89889.1,1743.83040675
2025-12-11 16:00:00,89875.0,91539.4,89300.0,90834.1,1956.13770893
2025-12-11 20:00:00,90835.7,93561.8,90806.2,92520.1,4850.43692209
2025-12-12 00:00:00,92522.3,92800.1,91299.5,92275.2,1738.44786996
2025-12-12 04:00:00,92275.1,92800.1,91868.7,92427.2,1010.30651416
2025-12-12 08:00:00,92427.2,92800.1,91742.9,92410.8,1133.39008289
2025-12-12 12:00:00,92411.8,92707.2,89626.0,89876.9,1948.82467228
2025-12-12 16:00:00,89876.9,90842.5,89348.5,90199.1,1665.0960108
2025-12-12 20:00:00,90197.2,90526.2,89730.0,90268.0,469.22164053
2025-12-13 00:00:00,90268.1,90600.0,89843.6,90341.9,555.87637851
2025-12-13 04:00:00,90341.9,90724.5,89999.9,90328.2,757.91047615
2025-12-13 08:00:00,90328.3,90843.1,90000.1,90341.6,891.41616867
2025-12-13 12:00:00,90341.7,90678.7,89730.0,90101.0,1966.3088804
2025-12-13 16:00:00,90100.7,90509.3,89600.1,90181.8,739.89077033
2025-12-13 20:00:00,90182.5,90500.0,89730.0,90241.1,518.29645484
2025-12-14 00:00:00,90241.1,90724.5,89844.2,90265.0,472.18019997
2025-12-14 04:00:00,90266.6,90600.2,89733.2,90256.1,524.98076722
2025-12-14 08:00:00,90256.1,90526.2,88716.4,89355.9,1315.57445517
2025-12-14 12:00:00,89355.1,89666.6,88610.8,89027.6,1064.02834202
2025-12-14 16:00:00,89027.7,89400.0,88327.5,88644.4,1273.84476966
2025-12-14 20:00:00,88644.9,88974.6,87600.1,88146.0,1638.57233019
2025-12-15 00:00:00,88154.5,90040.6,87875.4,89277.8,3794.80803161
2025-12-15 04:00:00,89277.9,90102.5,89137.3,89747.0,1117.78880165
2025-12-15 08:00:00,89747.0,90250.0,89410.8,89645.0,745.14652456
2025-12-15 12:00:00,89645.3,90000.0,86300.0,87036.0,13418.44512423
2025-12-15 16:00:00,87040.0,87438.6,85291.3,86148.6,628777.08227044
2025-12-15 20:00:00,86149.1,86772.0,85568.5,86432.1,559995.51052334
2025-12-16 00:00:00,86433.2,86759.1,85499.9,85865.7,797634.4772372
2025-12-16 04:00:00,85865.7,86600.9,85460.0,86008.0,430204.65317112
2025-12-16 08:00:00,86009.4,87500.0,85817.3,87254.3,8596.50461491
2025-12-16 12:00:00,87255.7,88178.8,85898.7,87968.8,5275.43719087
2025-12-16 16:00:00,87968.8,88071.2,86736.1,87597.4,4922.59497042
2025-12-16 20:00:00,87592.5,88750.0,87035.5,87730.0,4701.67377236
2025-12-17 00:00:00,87863.0,88543.5,87006.7,87155.0,18514.65244647
2025-12-17 04:00:00,87216.1,87466.6,86000.1,87044.0,9216.68810313
2025-12-17 08:00:00,87043.1,87128.4,86100.0,86973.4,33913.92534626
2025-12-17 12:00:00,86977.3,90300.0,86750.0,87243.4,73417.6845087
2025-12-17 16:00:00,87243.1,88000.0,85462.4,86017.2,570899.78601881
2025-12-17 20:00:00,86020.0,86430.5,85600.1,86248.0,428531.93662969
2025-12-18 00:00:00,86248.1,86943.1,85866.6,86621.4,99177.4673762
2025-12-18 04:00:00,86622.0,87200.1,86350.0,86833.0,6538.57539406
2025-12-18 08:00:00,86833.3,87542.9,86482.9,87274.0,2405.83220275
2025-12-18 12:00:00,87275.3,89500.0,86800.1,88514.0,3312.47040451
2025-12-18 16:00:00,88514.0,88675.1,84500.0,84667.9,775232.35805493
2025-12-18 20:00:00,84674.6,85823.5,84460.3,85506.1,1386678.48877917
2025-12-19 00:00:00,85506.1,87600.1,85170.0,86881.9,912846.03207944
2025-12-19 04:00:00,86882.3,88400.1,86400.1,87955.9,82772.93248983
2025-12-19 08:00:00,87954.1,88500.0,87600.1,88190.1,9381.39960023
2025-12-19 12:00:00,88190.3,89401.4,87371.7,87958.0,35904.4471
2025-12-19 16:00:00,87957.9,89090.7,86594.0,87836.1,7930.076747
2025-12-19 20:00:00,87836.1,88688.2,87371.7,88143.1,3507.7453504
2025-12-20 00:00:00,88143.1,88500.0,87600.1,88219.4,5987.07372393
2025-12-20 04:00:00,88219.4,88799.9,88000.0,88276.9,563.22402594
2025-12-20 08:00:00,88277.0,88650.0,88000.0,88276.3,50910.40541224
2025-12-20 12:00:00,88276.3,88664.2,87666.6,88175.0,724.87515772
2025-12-20 16:00:00,88175.0,88570.7,87721.6,88234.0,1218.06364397
2025-12-20 20:00:00,88233.9,88600.0,87939.0,88366.1,5206.25269813
2025-12-21 00:00:00,88366.1,88708.7,87484.6,88089.8,495.93653205
2025-12-21 04:00:00,88089.8,88538.4,87750.0,88183.7,414.520437
2025-12-21 08:00:00,88183.8,89200.1,87832.6,88610.0,792.58490959
2025-12-21 12:00:00,88610.0,88937.1,87574.6,88071.0,2967.76314143
2025-12-21 16:00:00,88071.0,88750.0,87838.9,88495.9,659.0323178
2025-12-21 20:00:00,88496.0,88799.0,87740.9,88656.2,1004.07071113
2025-12-22 00:00:00,88656.2,89769.2,87884.6,88242.4,3223.71476575
2025-12-22 04:00:00,88233.0,89291.2,87832.1,88815.5,7602.81448351
2025-12-22 08:00:00,88972.6,90095.6,88587.7,89940.6,8086.36576519
2025-12-22 12:00:00,89940.5,90579.9,89200.1,89733.9,1714.00859348
2025-12-22 16:00:00,89733.9,90400.0,87892.9,88060.9,1820.50137254
2025-12-22 20:00:00,88060.1,88800.1,87702.9,88541.1,530.20934081
2025-12-23 00:00:00,88613.3,89200.1,87703.7,88192.4,1595.93016672
2025-12-23 04:00:00,88192.1,88595.2,86983.5,87579.2,3455.822024
2025-12-23 08:00:00,87579.2,88168.8,87112.6,87852.1,1810.47423098
2025-12-23 12:00:00,87852.1,88000.1,86500.0,87446.0,2037.80435816
2025-12-23 16:00:00,87446.0,88342.5,87000.0,87753.0,3668.64992136
2025-12-23 20:00:00,87751.9,88359.0,87173.3,87487.5,582.71201215
2025-12-24 00:00:00,87487.5,88000.0,86800.1,87346.0,2153.81859524
2025-12-24 04:00:00,87346.0,87600.1,86600.0,86917.1,839.67864049
2025-12-24 08:00:00,86917.1,87600.1,86700.0,87207.6,1149.21374108
2025-12-24 12:00:00,87207.1,87725.8,86400.1,87048.4,2565.59146123
2025-12-24 16:00:00,87043.1,87824.2,86666.6,87559.1,755.3888743
2025-12-24 20:00:00,87559.1,88200.0,87184.6,87669.9,556.70324615
2025-12-25 00:00:00,87670.0,88200.0,87200.1,87840.0,1163.40437735
2025-12-25 04:00:00,87841.4,88199.9,87400.0,87830.2,836.01258106
2025-12-25 08:00:00,87830.0,88100.0,86973.5,87514.9,1245.73146612
2025-12-25 12:00:00,87515.0,88571.4,87091.0,88360.0,1485.46068232
2025-12-25 16:00:00,88361.2,88779.4,87733.8,88149.9,449.49343157
2025-12-25 20:00:00,88150.0,88355.3,86960.3,87242.5,528.47631474
2025-12-26 00:00:00,87232.1,89488.9,86800.1,88750.0,2172.76784036
2025-12-26 04:00:00,88750.0,89600.1,88356.0,88476.4,4604.7864483
2025-12-26 08:00:00,88480.0,89200.1,88140.5,88531.1,7578.77343509
2025-12-26 12:00:00,88532.0,89288.0,86550.0,87130.0,1546.09356719
2025-12-26 16:00:00,87140.0,87800.0,86800.1,87497.1,926.63720142
2025-12-26 20:00:00,87497.1,88000.0,87078.3,87362.9,416.85208908
2025-12-27 00:00:00,87362.0,87744.6,87000.0,87510.0,450.32345526
2025-12-27 04:00:00,87510.0,87985.1,87000.0,87484.6,969.83534416
2025-12-27 08:00:00,87539.9,88000.0,87000.0,87467.5,3416.21076151
2025-12-27 12:00:00,87467.4,87850.0,87000.0,87552.1,711.61934917
2025-12-27 16:00:00,87552.3,87999.9,87056.4,87574.1,1045.64941479
2025-12-27 20:00:00,87574.1,88000.0,87200.1,87876.7,320.4835517
2025-12-28 00:00:00,87872.1,88141.0,87385.7,87740.3,701.16993143
2025-12-28 04:00:00,87739.2,88229.7,86840.7,86919.0,13068.21894034
2025-12-28 08:00:00,86919.0,88400.1,86864.2,87886.1,26156.82049669
2025-12-28 12:00:00,87886.4,88500.0,87493.5,87839.5,2881.7845605
2025-12-28 16:00:00,87839.2,88285.7,87311.7,87521.0,2650.90399527
2025-12-28 20:00:00,87521.0,88320.1,87200.1,87951.0,617.35842393
2025-12-29 00:00:00,87951.0,90235.2,87600.1,90115.7,1648.66694477
2025-12-29 04:00:00,90116.2,90579.9,89200.1,89612.5,1253.2823693
2025-12-29 08:00:00,89612.5,90143.2,87200.0,87571.2,4923.25581726
2025-12-29 12:00:00,87571.2,88285.7,86800.1,87588.3,4736.72580014
2025-12-29 16:00:00,87588.3,88151.6,87050.0,87352.1,3565.64677118
2025-12-29 20:00:00,87352.1,87717.2,87050.0,87232.1,1355.59708633
2025-12-30 00:00:00,87232.1,87635.7,86563.5,87423.9,8250.20588579
2025-12-30 04:00:00,87582.0,87948.8,86911.0,87497.1,849.99752467
2025-12-30 08:00:00,87496.1,88423.5,87324.3,87899.2,1072.65937251
2025-12-30 12:00:00,87899.2,89200.0,87600.0,88929.5,1961.03140721
2025-12-30 16:00:00,88929.5,89516.4,87600.1,88224.2,1248.80991993
2025-12-30 20:00:00,88224.7,88770.7,87600.1,88496.6,557.10776455
2025-12-31 00:00:00,88496.6,88920.6,88000.0,88456.8,8000.34121478
2025-12-31 04:00:00,88456.9,88904.2,88000.1,88614.3,809.35580635
2025-12-31 08:00:00,88614.2,89200.0,88233.1,89017.1,6183.80389548
2025-12-31 12:00:00,89017.1,89200.0,87745.1,87945.0,1200.30682194
2025-12-31 16:00:00,87945.0,88268.3,87400.0,87542.1,1234.71819888
2025-12-31 20:00:00,87542.1,88253.4,87215.1,87638.9,8974.53990162
2026-01-01 00:00:00,87638.9,88300.0,87420.0,87849.1,1483.49815024
2026-01-01 04:00:00,87849.0,88000.1,87386.9,87637.0,5612.88660345
2026-01-01 08:00:00,87637.1,88033.3,87400.0,88022.1,1418.38491685
2026-01-01 12:00:00,88022.1,88400.1,87700.0,88034.0,1551.24467071
2026-01-01 16:00:00,88034.0,88715.9,87580.1,88385.1,1353.75259999
2026-01-01 20:00:00,88386.1,88960.9,87824.2,88848.1,1603.18687998
2026-01-02 00:00:00,88848.2,89200.0,88300.0,88946.5,5318.48752918
2026-01-02 04:00:00,88946.6,89219.8,88356.2,88855.0,1205.3429451
2026-01-02 08:00:00,88855.0,90000.1,88600.0,89503.0,2547.16832034
2026-01-02 12:00:00,89502.5,90101.0,88400.1,89410.2,3254.9579103
2026-01-02 16:00:00,89411.0,90992.1,89200.1,89893.3,3307.51785831
2026-01-02 20:00:00,89896.3,90400.0,89500.0,89987.0,1533.20331604
2026-01-03 00:00:00,89986.9,90626.4,89800.0,90325.5,629.60189997
2026-01-03 04:00:00,90325.5,90530.1,89200.1,89584.3,1538.4728861
2026-01-03 08:00:00,89582.5,90194.8,89200.1,89755.0,2236.92136774
2026-01-03 12:00:00,89753.9,90400.1,89355.8,89968.0,4935.04784873
2026-01-03 16:00:00,89973.0,90558.0,89600.1,90128.3,466.04587508
2026-01-03 20:00:00,90128.5,90761.9,89708.1,90632.9,361.62086251
2026-01-04 00:00:00,90633.0,91550.9,90379.4,91236.1,1202.19784098
2026-01-04 04:00:00,91235.8,91868.5,91000.0,91524.1,994.54280867
2026-01-04 08:00:00,91524.1,91855.0,90843.0,91308.3,1237.1596413
2026-01-04 12:00:00,91308.3,91616.8,90800.0,91332.9,957.84609837
2026-01-04 16:00:00,91333.0,91750.2,90800.1,91150.4,991.80426785
2026-01-04 20:00:00,91150.8,91600.1,90852.7,91537.0,619.64734822
2026-01-05 00:00:00,91537.0,93472.3,91433.9,92887.9,1763.03958151
2026-01-05 04:00:00,92886.1,93059.1,92009.5,92526.1,1143.90435195
2026-01-05 08:00:00,92526.1,93349.6,92053.6,93133.3,1477.2661719
2026-01-05 12:00:00,93133.4,94220.8,92266.6,93958.8,2114.2245453
2026-01-05 16:00:00,93957.1,94800.1,93200.1,94302.9,4940.67768662
2026-01-05 20:00:00,94303.0,95000.0,93600.1,93871.0,11920.04580061
2026-01-06 00:00:00,93871.0,94251.1,93180.3,93768.4,1685.85018037
2026-01-06 04:00:00,93768.4,94315.9,92800.0,93091.6,2376.94080618
2026-01-06 08:00:00,93091.6,94000.1,92800.1,93841.9,1743.92332226
2026-01-06 12:00:00,93843.2,94446.1,93059.1,93450.0,7155.54046772
2026-01-06 16:00:00,93432.0,93765.6,91334.7,92105.4,4988.17847491
2026-01-06 20:00:00,92103.5,93846.1,92102.3,93745.2,5215.65799041
2026-01-07 00:00:00,93745.2,93800.0,91872.0,92488.8,4125.24975853
2026-01-07 04:00:00,92510.6,93059.1,91756.8,92494.1,5837.85015234
2026-01-07 08:00:00,92493.0,93000.0,91299.5,92104.6,4941.57164679
2026-01-07 12:00:00,92104.5,92565.4,90857.1,90956.5,3591.45441848
2026-01-07 16:00:00,90950.0,92048.1,90667.1,91192.2,3870.47515966
2026-01-07 20:00:00,91186.3,91706.5,90720.0,91371.6,3467.55768785
2026-01-08 00:00:00,91376.0,91883.5,90663.4,90880.0,4748.89106532
2026-01-08 04:00:00,91039.1,91600.1,89600.1,90557.5,4949.92964769
2026-01-08 08:00:00,90552.0,91050.0,89758.5,90253.9,3838.60680233
2026-01-08 12:00:00,90253.9,90832.1,89333.8,90791.2,3689.02243755
2026-01-08 16:00:00,90791.2,91538.4,90225.8,90931.9,1016.57406229
2026-01-08 20:00:00,90933.6,91550.9,90550.0,91096.9,561.91173485
2026-01-09 00:00:00,91097.2,91909.3,90800.1,91223.2,1022.38210492
2026-01-09 04:00:00,91224.0,91507.6,90550.0,90755.0,2531.01176506
2026-01-09 08:00:00,90755.0,91050.0,89711.1,90452.2,3516.51660994
2026-01-09 12:00:00,90452.2,92200.0,89857.9,91183.7,2124.43757101
2026-01-09 16:00:00,91184.0,91802.2,90000.1,90335.1,1333.98368806
2026-01-09 20:00:00,90334.4,90800.1,90000.1,90636.0,474.30584036
2026-01-10 00:00:00,90636.0,90800.1,90282.0,90639.0,402.88113044
2026-01-10 04:00:00,90639.1,90800.1,90079.3,90679.5,937.50949887
2026-01-10 08:00:00,90679.9,91106.0,90226.1,90743.4,2299.51949347
2026-01-10 12:00:00,90743.4,91117.3,90236.1,90661.4,1411.5073905
2026-01-10 16:00:00,90661.2,91169.2,90201.6,90622.2,2211.13730298
2026-01-10 20:00:00,90621.3,90933.3,90133.3,90504.9,323.80785182
2026-01-11 00:00:00,90505.0,90933.3,90133.3,90733.0,406.95370859
2026-01-11 04:00:00,90733.1,91199.9,90399.9,90712.9,730.59721074
2026-01-11 08:00:00,90712.9,90933.3,90369.7,90739.8,1434.25801182
2026-01-11 12:00:00,90749.4,91200.1,90497.0,90874.9,1684.51154612
2026-01-11 16:00:00,90875.0,91300.0,90666.6,90693.1,1012.5817885
2026-01-11 20:00:00,90693.1,91040.0,90133.3,91011.2,978.64700261
2026-01-12 00:00:00,91010.1,92533.3,90666.6,91805.5,2114.77853643
2026-01-12 04:00:00,91805.5,92556.3,91369.0,91415.2,1446.15231006
2026-01-12 08:00:00,91415.5,91684.4,90324.0,90810.8,2766.95337895
2026-01-12 12:00:00,90810.8,91670.8,90133.3,91670.7,5207.18583204
2026-01-12 16:00:00,91670.2,92311.0,90933.3,91700.0,4071.41914419
2026-01-12 20:00:00,91700.0,92048.5,90813.9,91272.7,3439.65869919
2026-01-13 00:00:00,91121.2,91600.1,90933.3,91411.1,1689.36088379
2026-01-13 04:00:00,91412.1,92305.0,91050.0,91949.8,8963.83426229
2026-01-13 08:00:00,91949.8,92750.4,91733.3,92002.0,1532.18530908
2026-01-13 12:00:00,92002.0,93454.5,91600.1,93454.5,5952.46982278
2026-01-13 16:00:00,93454.5,94297.6,93066.6,94223.5,4377.66021193
2026-01-13 20:00:00,94224.0,96075.4,93992.4,95411.8,2277.16231672
2026-01-14 00:00:00,95411.7,96000.1,94933.3,95722.3,1911.92042089
2026-01-14 04:00:00,95722.4,95800.0,94399.9,95201.9,3165.10628803
2026-01-14 08:00:00,95201.9,95466.6,94800.1,94977.0,1377.4993825
2026-01-14 12:00:00,94977.0,97320.8,94693.9,96704.5,123240.39901068
2026-01-14 16:00:00,96755.6,97866.6,96266.6,97257.7,20647.56395172
2026-01-14 20:00:00,97257.8,97890.5,96800.1,96945.9,1330.57649413
2026-01-15 00:00:00,96946.0,97066.6,95777.4,95991.0,1572.82837272
2026-01-15 04:00:00,95990.6,96799.9,95819.1,96621.7,3905.12891899
2026-01-15 08:00:00,96634.6,97239.4,96266.6,96599.1,1558.53322547
2026-01-15 12:00:00,96597.1,97200.1,95290.7,96739.2,5215.14168054
2026-01-15 16:00:00,96726.6,97214.6,95200.1,95513.3,2565.42216636
2026-01-15 20:00:00,95511.7,95999.9,95000.0,95606.3,847.42332153
2026-01-16 00:00:00,95607.0,95999.9,95200.1,95356.0,1040.85488112
2026-01-16 04:00:00,95356.0,96000.1,95000.0,95677.1,1586.32758689
2026-01-16 08:00:00,95677.1,95999.9,95199.9,95431.5,711.68269779
2026-01-16 12:00:00,95431.5,95824.1,94304.0,94589.3,2927.62413436
2026-01-16 16:00:00,94589.3,95459.7,94400.1,95007.4,1227.26839319
2026-01-16 20:00:00,95007.4,95600.1,94666.6,95560.4,528.58123025
2026-01-17 00:00:00,95560.4,95717.7,95199.9,95369.1,387.82115053
2026-01-17 04:00:00,95369.1,95466.6,94933.3,95101.1,480.48228029
2026-01-17 08:00:00,95101.2,95466.6,94800.1,95318.9,717.73073145
2026-01-17 12:00:00,95318.9,95909.0,94933.3,95571.0,3001.67744196
2026-01-17 16:00:00,95571.0,95733.3,95201.0,95295.5,1533.23093097
2026-01-17 20:00:00,95295.5,95717.7,95000.0,95154.0,721.03081003
2026-01-18 00:00:00,95154.0,95463.8,94666.6,95191.1,2505.41786391
2026-01-18 04:00:00,95191.1,95466.6,94933.3,95036.1,387.86656861
2026-01-18 08:00:00,95036.1,95549.5,94824.0,95166.0,683.34138489
2026-01-18 12:00:00,95165.9,95466.6,94818.6,95114.0,674.89692062
2026-01-18 16:00:00,95114.0,95600.1,94800.1,95378.1,1070.38834791
2026-01-18 20:00:00,95378.0,95580.8,93600.1,93674.1,17556.66138867
2026-01-19 00:00:00,93674.1,93760.0,92167.1,92693.5,17950.07309395
2026-01-19 04:00:00,92693.4,93066.6,92200.0,92834.2,1232.04930044
2026-01-19 08:00:00,92834.2,93599.9,92556.3,93190.1,1295.5069616
2026-01-19 12:00:00,93190.1,93363.1,92558.7,93063.1,3430.4754299
2026-01-19 16:00:00,93063.1,93600.1,92712.7,93104.8,2763.68050696
2026-01-19 20:00:00,93104.1,93339.9,92097.0,92628.0,2114.45126525
2026-01-20 00:00:00,92628.0,92974.2,92266.6,92446.6,799.93258054
2026-01-20 04:00:00,92446.4,92533.3,90800.0,91188.3,2311.65024975
2026-01-20 08:00:00,91188.3,91466.6,90666.6,91226.7,1613.50102034
2026-01-20 12:00:00,91227.0,91466.6,89333.3,90399.9,18258.78688445
2026-01-20 16:00:00,90540.5,90999.9,89269.1,89728.1,5574.62140829
2026-01-20 20:00:00,89728.1,89872.4,87490.8,88419.0,93840.64859493
2026-01-21 00:00:00,88419.0,89596.0,88266.6,89431.2,115478.99079111
2026-01-21 04:00:00,89431.2,90133.3,89066.6,89223.4,1300.34517302
2026-01-21 08:00:00,89223.1,89599.9,88708.7,88788.0,18748.72415888
2026-01-21 12:00:00,88788.1,90666.6,88116.2,90279.5,497218.24893532
2026-01-21 16:00:00,90279.4,90420.3,86933.3,90358.0,5220.93929073
2026-01-21 20:00:00,90358.0,90399.9,89360.4,89456.1,2386.02404594
2026-01-22 00:00:00,89456.1,90399.9,89333.3,89889.5,2939.4421947
2026-01-22 04:00:00,89889.4,90500.0,89599.9,89802.7,377986.7661026
2026-01-22 08:00:00,89802.7,90197.0,89671.4,89942.7,1270.67868256
2026-01-22 12:00:00,89942.7,90333.2,88193.5,89005.9,12338.83695227
2026-01-22 16:00:00,89005.9,89920.0,88640.0,89781.1,2105.71221614
2026-01-22 20:00:00,89781.2,90000.1,89066.6,89560.1,1533.18939957
2026-01-23 00:00:00,89560.1,90133.3,89250.0,89927.1,595.56593787
2026-01-23 04:00:00,89927.2,90133.3,89333.3,89558.9,21922.82059074
2026-01-23 08:00:00,89558.9,89779.9,88897.1,89209.8,66887.01934079
2026-01-23 12:00:00,89209.8,89866.6,88900.0,89754.9,53062.61194025
2026-01-23 16:00:00,89754.9,91200.1,89501.9,90461.5,30208.29172158
2026-01-23 20:00:00,90341.4,90560.0,89493.7,89608.1,60050.35443835
2026-01-24 00:00:00,89608.1,90133.3,89451.1,89903.9,15365.9679611
2026-01-24 04:00:00,89905.3,90133.3,89591.6,89988.2,53186.25228439
2026-01-24 08:00:00,89988.2,90050.0,89587.9,89594.4,24052.45419542
2026-01-24 12:00:00,89594.4,89866.6,89296.8,89302.0,37738.62999465
2026-01-24 16:00:00,89302.0,90321.1,89180.9,89759.6,45171.27126562
2026-01-24 20:00:00,89759.6,90000.0,89256.3,89261.1,22790.55571266
2026-01-25 00:00:00,89321.8,89599.9,88851.8,88960.0,39030.99462875
2026-01-25 04:00:00,88960.5,89333.3,88574.4,88702.7,18950.46656503
2026-01-25 08:00:00,88705.5,89066.6,88266.6,88575.0,49174.41545774
2026-01-25 12:00:00,88575.0,89097.6,88461.3,88464.7,27303.49674261
2026-01-25 16:00:00,88462.6,88799.9,86000.0,86503.3,88822.07757397
2026-01-25 20:00:00,86503.3,87104.7,86000.1,86676.6,2825.5651997
2026-01-26 00:00:00,86678.3,87999.9,86457.9,87273.7,71533.55751581
2026-01-26 04:00:00,87273.7,88230.0,87000.0,87878.7,1875.93277273
2026-01-26 08:00:00,87878.7,88494.5,87600.3,87858.0,55733.88678766
2026-01-26 12:00:00,87858.1,88863.9,87530.0,87648.7,59219.30267392
2026-01-26 16:00:00,87643.1,88635.9,87000.0,88017.6,7400.10458154
2026-01-26 20:00:00,88017.6,88695.9,87490.8,88348.9,2460.89952707
2026-01-27 00:00:00,88348.0,89066.6,88000.1,88782.2,2832.93768488
2026-01-27 04:00:00,88784.0,89066.6,88111.4,88324.1,1597.30747128
2026-01-27 08:00:00,88322.7,88692.2,87733.3,88003.5,7791.85193867
2026-01-27 12:00:00,88003.5,88498.7,87555.0,88043.0,5769.27676972
2026-01-27 16:00:00,88041.5,88800.1,87400.0,88413.8,9787.4113178
2026-01-27 20:00:00,88415.0,89599.9,88266.6,89252.1,3826.06618289
2026-01-28 00:00:00,89251.8,89499.2,88952.6,89119.3,684.22025779
2026-01-28 04:00:00,89119.3,89500.0,88799.9,89129.7,1012.3135067
2026-01-28 08:00:00,89129.7,90133.3,88799.9,90065.7,10232.77635937
2026-01-28 12:00:00,90070.5,90500.4,88895.4,89481.1,4145.86336217
2026-01-28 16:00:00,89481.0,90485.0,89021.0,89399.1,2225.49676974
2026-01-28 20:00:00,89397.0,89866.6,88863.9,89301.0,2170.90469798
2026-01-29 00:00:00,89300.0,89400.0,87733.3,88061.0,999.30990543
2026-01-29 04:00:00,88061.0,88533.3,87809.5,88353.0,1041.31873741
2026-01-29 08:00:00,88353.0,88507.7,87733.3,87831.2,12260.78102844
2026-01-29 12:00:00,87831.2,88266.6,85200.1,85597.7,215748.35341016
2026-01-29 16:00:00,85598.7,85923.1,83443.5,84018.5,522652.54273131
2026-01-29 20:00:00,84017.4,85534.2,83850.4,85195.0,154430.72765187
2026-01-30 00:00:00,85195.0,85440.0,81333.3,82681.3,470780.61817804
2026-01-30 04:00:00,82681.3,83863.9,82599.9,83555.3,594365.61095124
2026-01-30 08:00:00,83555.3,83679.1,82508.0,83521.6,304319.25419126
2026-01-30 12:00:00,83521.7,83979.0,82640.0,82890.5,174807.51913854
2026-01-30 16:00:00,82882.1,84858.2,82238.3,84249.6,41622.87098288
2026-01-30 20:00:00,84242.5,84706.0,83663.4,84253.3,176571.66621685
2026-01-31 00:00:00,84253.3,84480.0,83437.4,84013.1,808.5868523
2026-01-31 04:00:00,84013.1,84307.8,83230.0,83552.0,678.8355358
2026-01-31 08:00:00,83552.0,83948.5,82692.4,83024.0,2314915.4139717
2026-01-31 12:00:00,83024.1,83300.0,80500.0,81301.9,31222.26472307
2026-01-31 16:00:00,81302.0,81911.1,75370.3,77757.2,15704.6548326
2026-01-31 20:00:00,77756.3,79242.3,76985.9,78731.0,18966.23261475
2026-02-01 00:00:00,78739.3,79500.0,78000.0,78865.1,1200886.92241049
2026-02-01 04:00:00,78862.9,79242.3,78185.1,78804.3,1416433.35594903
2026-02-01 08:00:00,78804.5,79779.0,78700.0,79449.9,960950.64665479
2026-02-01 12:00:00,79449.9,79481.4,76600.0,77592.0,262522.74990377
2026-02-01 16:00:00,77599.8,78565.5,76890.0,77177.9,8741.17134751
2026-02-01 20:00:00,77177.8,77757.0,75666.0,76977.9,7126.72663885
2026-02-02 00:00:00,76977.9,78181.2,74446.9,76304.9,19373.35962197
2026-02-02 04:00:00,76305.0,76962.0,74800.0,76651.9,25067.01720164
2026-02-02 08:00:00,76650.9,78113.8,76370.0,77760.7,222422.33455498
2026-02-02 12:00:00,77761.0,79300.3,77644.2,78840.5,19935.90688465
2026-02-02 16:00:00,78840.1,79411.7,78292.5,78340.0,249045.89207938
2026-02-02 20:00:00,78337.9,79062.5,77945.4,78623.9,7878.21521356
2026-02-03 00:00:00,78680.3,79380.1,77775.5,78748.7,26967.56455573
2026-02-03 04:00:00,78750.8,79216.1,77791.8,78873.8,5235.92203008
2026-02-03 08:00:00,78825.7,79200.0,77840.0,78081.0,21945.85266024
2026-02-03 12:00:00,78081.0,78800.0,77178.1,78134.1,23596.5959032
2026-02-03 16:00:00,78134.0,78162.6,73100.0,75127.5,88924.81803946
2026-02-03 20:00:00,75142.1,77000.0,75006.4,75779.0,1669.05604254
2026-02-04 00:00:00,75778.1,77000.0,75300.0,76707.1,5460.60556226
2026-02-04 04:00:00,76707.1,77251.3,76260.0,77000.0,26659.60673322
2026-02-04 08:00:00,76999.9,77000.0,75714.2,76076.7,26411.55085778
2026-02-04 12:00:00,76076.7,76400.0,74000.0,74071.1,52834.67782855
2026-02-04 16:00:00,74143.6,74280.0,72298.3,73925.0,45471.001606
2026-02-04 20:00:00,73926.0,74280.0,72100.0,73176.7,33653.59585393
2026-02-05 00:00:00,73176.7,73600.0,71750.0,71787.3,267513.13059865
2026-02-05 04:00:00,71796.6,71900.0,70325.0,70876.1,61897.1511565
2026-02-05 08:00:00,70876.1,72240.0,70282.9,70325.5,223885.31027577
2026-02-05 12:00:00,70326.7,70880.0,66914.8,67671.8,186787.36581066
2026-02-05 16:00:00,67747.6,68680.0,65227.3,65262.0,54657.70479108
2026-02-05 20:00:00,65263.0,65712.2,62810.4,62915.5,90415.9544178
2026-02-06 00:00:00,62914.9,66000.0,60373.3,64737.3,249700.64321782
2026-02-06 04:00:00,64739.6,67246.3,64553.3,64872.4,689622.0279098
2026-02-06 08:00:00,64872.4,67269.9,64750.0,67264.6,511459.72971059
2026-02-06 12:00:00,67269.9,69860.0,66747.9,69190.6,920531.00224167
2026-02-06 16:00:00,69286.0,72055.0,68975.0,71365.1,750979.06247762
2026-02-06 20:00:00,71429.0,71900.0,69868.4,70573.0,52896.22200922
2026-02-07 00:00:00,70571.5,71172.9,69719.8,70910.0,24122.10071918
2026-02-07 04:00:00,70914.1,71702.1,67480.0,68109.3,46056.37239702
2026-02-07 08:00:00,68109.1,68840.0,67638.0,67984.9,37282.03485028
2026-02-07 12:00:00,67984.9,70106.3,67872.3,69816.4,245221.66766012
2026-02-07 16:00:00,69838.5,70200.0,69180.0,69948.3,1494476.42205504
2026-02-07 20:00:00,69984.8,70250.0,69400.0,69993.6,1655932.71981967
2026-02-08 00:00:00,69993.6,70106.3,69500.0,69695.0,1844889.67733187
2026-02-08 04:00:00,69758.7,70073.5,69565.2,69997.1,1359503.06647012
2026-02-08 08:00:00,70013.0,71220.0,69844.2,70988.0,242692.64778415
2026-02-08 12:00:00,70989.0,71560.0,70749.2,71181.6,30964.99762391
2026-02-08 16:00:00,71181.1,71560.0,70332.6,71426.0,21903.52804863
2026-02-08 20:00:00,71426.0,72335.4,70080.0,70332.9,28684.46258765
2026-02-09 00:00:00,70332.1,71443.0,70082.5,71332.8,16594.9897969
2026-02-09 04:00:00,71305.4,71458.3,70306.8,70421.0,223970.98746756
2026-02-09 08:00:00,70423.9,70744.6,68457.7,68934.5,1703405.52365212
2026-02-09 12:00:00,68935.1,69868.7,68229.6,69580.8,355832.14331251
2026-02-09 16:00:00,69563.0,71200.0,69089.4,70965.0,2533.50402868
2026-02-09 20:00:00,70966.1,71200.0,69787.2,70136.5,1247.81387954
2026-02-10 00:00:00,70141.0,70540.0,69180.0,69515.7,1683.67932617
2026-02-10 04:00:00,69515.6,70171.4,68695.0,68840.0,1317.33619631
2026-02-10 08:00:00,68940.7,69520.0,68430.8,68537.1,1014.32145963
2026-02-10 12:00:00,68537.0,69720.3,67857.1,69287.0,6551.21121876
2026-02-10 16:00:00,69288.2,69999.9,68601.6,69067.8,36044.65952747
2026-02-10 20:00:00,69068.8,69274.9,68273.8,68842.9,4384.03767561
2026-02-11 00:00:00,68843.0,69468.0,67820.0,68189.0,2906.18302116
2026-02-11 04:00:00,68187.7,68400.0,66460.0,67040.1,2819.60100977
2026-02-11 08:00:00,67039.6,67320.8,66270.1,67068.8,2584.33465102
2026-02-11 12:00:00,67069.5,68761.6,65714.2,66522.1,48063.62645207
2026-02-11 16:00:00,66522.1,67872.3,65780.0,67588.1,42925.63221645
2026-02-11 20:00:00,67588.1,68500.0,66789.0,67092.0,2217.27726866
2026-02-12 00:00:00,67080.1,68047.1,66890.7,67588.1,14469.00791329
2026-02-12 04:00:00,67588.1,67820.0,66665.5,67212.3,2022.17505119
2026-02-12 08:00:00,67212.3,68323.9,66803.3,68082.9,2654.38237999
2026-02-12 12:00:00,68077.7,68405.7,66914.8,67133.0,17075.83682456
2026-02-12 16:00:00,67125.0,67500.0,64795.4,65783.0,27269.41141172
2026-02-12 20:00:00,65787.0,66644.7,65221.6,66269.0,29773.93344514
2026-02-13 00:00:00,66269.0,67000.0,65624.2,66557.2,10794.0744022
2026-02-13 04:00:00,66556.9,66823.4,65788.6,66215.8,2919.41446261
2026-02-13 08:00:00,66219.4,67308.4,66000.0,67177.0,1252.47871622
2026-02-13 12:00:00,67177.1,69300.0,66764.7,68688.0,8040.19942181
2026-02-13 16:00:00,68688.0,69562.1,68480.9,68959.4,48977.54701381
2026-02-13 20:00:00,68939.8,69200.0,68500.0,68850.0,2658.5618074
2026-02-14 00:00:00,68850.5,69340.0,68510.6,68977.8,5699.72500294
2026-02-14 04:00:00,68976.8,69335.1,68450.0,69208.7,2323.88548521
2026-02-14 08:00:00,69208.7,70744.6,69096.4,70511.1,5518.16950151
2026-02-14 12:00:00,70511.0,70623.2,69004.3,69790.2,52388.85301969
2026-02-14 16:00:00,69792.9,70159.4,69187.7,69871.7,1023.66900107
2026-02-14 20:00:00,69872.7,70312.5,69494.4,69822.3,566.74730501
2026-02-15 00:00:00,69821.8,70165.2,69089.4,69951.1,1413.42274995
2026-02-15 04:00:00,69953.0,71000.0,69868.7,70824.1,3278.86027661
2026-02-15 08:00:00,70823.1,71104.2,70000.0,70295.0,51218.14648404
2026-02-15 12:00:00,70294.1,70712.2,68703.0,69095.4,1761.64438737
2026-02-15 16:00:00,69096.0,69375.0,67884.1,68295.0,139219.99834647
2026-02-15 20:00:00,68294.8,69253.5,68000.0,68837.9,729.89687872
2026-02-16 00:00:00,68838.2,69200.5,67936.7,68426.9,80720.11872976
2026-02-16 04:00:00,68426.5,69168.4,68087.0,68593.3,772.05420271
2026-02-16 08:00:00,68592.5,69111.9,68312.2,68818.1,959.16814016
2026-02-16 12:00:00,68813.9,70106.3,67234.0,67536.0,22418.69984415
2026-02-16 16:00:00,67535.1,68341.8,67512.3,67916.5,5834.55850865
2026-02-16 20:00:00,67915.2,68983.8,67794.8,68893.7,721.31488474
2026-02-17 00:00:00,68895.1,69253.5,68326.3,68476.1,528.0653877
2026-02-17 04:00:00,68476.1,68895.1,67826.0,68383.1,18041.09131843
2026-02-17 08:00:00,68387.0,68740.0,67612.5,67857.3,677.85372506
2026-02-17 12:00:00,67855.1,68400.0,66536.8,67386.3,1119.92811751
2026-02-17 16:00:00,67398.0,68295.9,66883.1,67805.7,3038.78317466
2026-02-17 20:00:00,67801.0,67977.2,67235.2,67511.9,422.68758049
2026-02-18 00:00:00,67509.0,67936.7,66857.3,67626.3,775.46147253
2026-02-18 04:00:00,67627.6,68334.9,67430.1,68113.1,573.56876381
2026-02-18 08:00:00,68113.1,68500.0,67065.5,67372.7,582.1421445
2026-02-18 12:00:00,67374.0,68341.5,66603.6,67695.9,1349.00809146
2026-02-18 16:00:00,67695.9,67725.0,65789.1,66181.3,1256.54181338
2026-02-18 20:00:00,66181.4,66803.3,65988.0,66472.0,872.84831364
2026-02-19 00:00:00,66465.5,67189.8,66276.5,66980.1,14080.87898389
2026-02-19 04:00:00,66980.9,67459.2,66490.9,67214.1,1372.0364395
2026-02-19 08:00:00,67209.8,67445.4,66429.7,66507.7,1024.19556129
2026-02-19 12:00:00,66508.8,66883.1,65750.0,66407.1,23562.88489893
2026-02-19 16:00:00,66407.1,67234.0,65959.7,67054.3,14572.82607152
2026-02-19 20:00:00,67054.3,67300.0,66595.7,66999.9,470.42148448
2026-02-20 00:00:00,66999.9,67635.0,66779.6,67364.4,679.8395939
2026-02-20 04:00:00,67362.0,68191.4,67031.2,67823.7,587.35814795
2026-02-20 08:00:00,67823.7,68510.6,67247.8,67328.7,1042.40251931
2026-02-20 12:00:00,67328.7,68076.0,66424.6,67582.0,11096.01326505
2026-02-20 16:00:00,67579.3,68000.0,66824.1,67645.0,916.01650032
2026-02-20 20:00:00,67645.4,68273.8,67411.7,68014.1,587.15517063
2026-02-21 00:00:00,68014.1,68318.8,67426.1,67673.9,455.10746005
2026-02-21 04:00:00,67673.9,68118.0,67500.0,67859.6,1973.27038548
2026-02-21 08:00:00,67859.0,68500.0,67612.5,68092.9,884.86217363
2026-02-21 12:00:00,68092.9,68888.8,67627.4,68615.6,2823.92363026
2026-02-21 16:00:00,68615.1,68855.1,67892.6,68550.0,1451.83879019
2026-02-21 20:00:00,68554.5,68800.5,67853.3,67998.8,13071.37372154
2026-02-22 00:00:00,67979.0,68341.8,67700.0,68048.0,602.58267215
2026-02-22 04:00:00,68048.5,68341.8,67700.0,68008.9,2500.72135041
2026-02-22 08:00:00,68008.9,68461.5,67700.0,68217.1,714.50425162
2026-02-22 12:00:00,68217.1,68341.8,67078.1,67691.3,904.46497836
2026-02-22 16:00:00,67691.3,67936.7,67065.5,67425.7,662.53992351
2026-02-22 20:00:00,67425.7,67750.0,67065.5,67637.1,288.44827901
2026-02-23 00:00:00,67637.1,67872.3,64131.8,64935.1,17323.89140394
2026-02-23 04:00:00,64935.1,66040.4,64600.0,65959.8,12018.07867488
2026-02-23 08:00:00,65959.0,66683.7,65319.1,66211.8,2704.83965469
2026-02-23 12:00:00,66211.8,66753.0,65531.9,65658.1,2114.32412231
2026-02-23 16:00:00,65658.1,65797.1,63947.3,64290.1,2987.15850747
2026-02-23 20:00:00,64290.1,65048.9,63680.0,64658.1,881.50844939
2026-02-24 00:00:00,64658.1,65168.0,63355.4,63593.0,1209.83788962
2026-02-24 04:00:00,63593.0,63649.9,62500.0,63207.0,19537.5531724
2026-02-24 08:00:00,63205.3,63681.5,62765.9,63226.0,14052.36409386
2026-02-24 12:00:00,63226.1,64025.2,62318.8,63972.4,1839.62258172
2026-02-24 16:00:00,63972.4,64760.7,63515.1,64482.0,1767797.2763031
2026-02-24 20:00:00,64471.6,64695.1,63847.7,64057.6,276136.98642892
2026-02-25 00:00:00,64057.6,66349.1,63851.0,65397.8,2006.67507095
2026-02-25 04:00:00,65397.8,65721.5,64680.8,65027.0,1000.84567924
2026-02-25 08:00:00,65027.0,65809.4,64695.1,65422.1,6689.51655776
2026-02-25 12:00:00,65423.1,67647.0,65329.9,67405.9,204131.16283736
2026-02-25 16:00:00,67403.1,69580.3,67179.0,69031.7,10201.53239651
2026-02-25 20:00:00,69031.7,69901.6,67612.5,67990.0,103372.62674316
2026-02-26 00:00:00,67990.0,68706.5,67727.2,68217.1,20142.04174463
2026-02-26 04:00:00,68217.1,68912.7,67817.5,67827.3,15790.6208893
2026-02-26 08:00:00,67827.3,68744.0,67819.2,68042.5,22164.12176117
2026-02-26 12:00:00,68042.5,68348.5,66808.5,67380.0,151376.20166125
2026-02-26 16:00:00,67380.0,67872.3,66550.0,67594.8,68527.12303866
2026-02-26 20:00:00,67594.8,67888.0,67155.6,67483.0,55104.26818888
2026-02-27 00:00:00,67483.0,67724.2,66887.7,67596.4,20278.46696002
2026-02-27 04:00:00,67596.3,68254.8,67446.8,67682.0,75953.7106611
2026-02-27 08:00:00,67681.5,68233.9,65982.4,66125.9,117490.9169383
2026-02-27 12:00:00,66126.0,66518.5,65670.5,66103.0,42277.97197684
2026-02-27 16:00:00,66100.6,66369.0,65134.7,65397.5,94890.40182773
2026-02-27 20:00:00,65397.5,66153.8,65090.4,65873.2,2882.20291618
2026-02-28 00:00:00,65873.2,66129.0,65600.0,65795.4,795.92229332
2026-02-28 04:00:00,65794.5,66000.0,63121.2,63924.7,134513.51393849
2026-02-28 08:00:00,64037.0,64412.1,63357.5,63840.2,13773.46147755
2026-02-28 12:00:00,63839.7,65531.9,63723.6,64837.1,22718.56324758
2026-02-28 16:00:00,64837.0,66647.1,64572.3,66353.0,1415.42545732
2026-02-28 20:00:00,66353.9,67739.6,66086.9,66972.0,1073.10186306
2026-03-01 00:00:00,66969.1,68171.0,66012.6,67505.0,40104.09437417
2026-03-01 04:00:00,67504.1,67892.6,66780.0,67140.0,88369.21676738
2026-03-01 08:00:00,67139.5,67430.1,66260.8,66468.6,43877.15746325
2026-03-01 12:00:00,66468.6,67314.8,66153.8,66820.6,9356.15145858
2026-03-01 16:00:00,66842.0,67328.6,65752.0,65960.5,128649.66677192
2026-03-01 20:00:00,65960.1,66382.9,65083.7,65769.8,67804.796028
2026-03-02 00:00:00,65771.3,67179.0,65666.6,66820.0,1536.74576928
2026-03-02 04:00:00,66821.9,67142.8,65531.9,66002.4,869.24519875
2026-03-02 08:00:00,66006.2,66705.0,65625.0,66371.2,840.40125652
2026-03-02 12:00:00,66364.0,69600.0,65319.1,69114.0,55445.68510895
2026-03-02 16:00:00,69114.0,70059.8,68613.4,68958.2,89520.41074699
2026-03-02 20:00:00,68960.0,69574.4,68580.6,68830.6,51659.82585591
2026-03-03 00:00:00,68832.2,69474.8,68246.5,68369.5,77115.89027989
2026-03-03 04:00:00,68371.5,68617.0,67805.9,68167.1,90941.66484832
2026-03-03 08:00:00,68168.6,68355.5,66410.2,67035.5,105581.43288855
2026-03-03 12:00:00,67031.5,67968.7,66324.8,67722.3,12735.6101323
2026-03-03 16:00:00,67722.2,69002.5,67438.8,68431.2,1967.19626705
2026-03-03 20:00:00,68431.9,68936.1,67800.0,68331.9,770.32562548
2026-03-04 00:00:00,68331.9,68896.0,67405.0,67729.1,872.22601881
2026-03-04 04:00:00,67729.2,69574.4,67472.2,69491.5,52454.59970502
2026-03-04 08:00:00,69490.9,72058.8,69172.5,71111.4,387893.39999841
2026-03-04 12:00:00,71111.1,73760.5,70600.0,73392.0,84581.75415551
2026-03-04 16:00:00,73391.9,74176.6,72425.7,73620.5,46339.93929472
2026-03-04 20:00:00,73618.3,73800.0,72325.8,72675.1,163445.10957749
2026-03-05 00:00:00,72678.5,73415.4,72325.8,72500.0,1600.58757662
2026-03-05 04:00:00,72500.0,73085.1,71800.0,72058.0,48881.85327168
2026-03-05 08:00:00,72063.0,73781.5,71773.1,72927.6,15943.14554466
2026-03-05 12:00:00,72927.6,73264.9,71173.2,71638.4,108047.03609467
2026-03-05 16:00:00,71638.7,71750.0,70655.5,70917.7,78223.65466855
2026-03-05 20:00:00,70917.7,71623.9,70791.0,70882.0,40134.66820976
2026-03-06 00:00:00,70879.1,71607.5,70412.5,71081.0,47151.27190036
2026-03-06 04:00:00,71081.1,71294.1,70146.9,71063.0,48688.92913843
2026-03-06 08:00:00,71062.8,71250.0,70194.0,70219.9,61117.37397661
2026-03-06 12:00:00,70218.6,70529.9,68211.7,68504.2,168462.35691418
2026-03-06 16:00:00,68492.2,68900.0,67756.0,68133.2,38636.51308857
2026-03-06 20:00:00,68125.4,68588.2,67756.0,68117.1,26717.34188334
2026-03-07 00:00:00,68117.0,68541.6,67996.2,68100.3,6206.68000862
2026-03-07 04:00:00,68100.8,68297.8,67498.9,67855.1,126414.13238836
2026-03-07 08:00:00,67855.1,68300.0,67498.9,68003.7,31923.42097976
2026-03-07 12:00:00,68003.7,68341.8,67620.6,67881.0,116867.42932563
2026-03-07 16:00:00,67881.0,68066.7,66978.3,67082.4,90225.51934887
2026-03-07 20:00:00,67081.8,67796.6,66999.3,67263.1,36173.81146335
2026-03-08 00:00:00,67263.1,67688.1,66879.0,67010.5,40617.54266234
2026-03-08 04:00:00,67010.2,67612.5,66609.4,67332.0,41002.41304183
2026-03-08 08:00:00,67315.4,68273.8,67052.9,67516.0,2295.38810291
2026-03-08 12:00:00,67516.0,67892.6,66850.4,67210.0,9646.01239152
2026-03-08 16:00:00,67208.0,67516.7,66753.6,67333.1,52156.80695054
2026-03-08 20:00:00,67333.1,67536.2,65639.0,65974.0,84172.96810589
2026-03-09 00:00:00,65974.0,67659.5,65900.0,67204.5,34635.26264787
2026-03-09 04:00:00,67204.5,68249.8,66881.5,67554.0,1554.02312666
2026-03-09 08:00:00,67554.0,68477.0,67200.0,67757.5,47518.94379098
2026-03-09 12:00:00,67757.5,69500.0,67500.0,68865.7,30636.81824211
2026-03-09 16:00:00,68865.7,69500.0,68253.9,68985.8,76733.47438793
2026-03-09 20:00:00,68985.8,69255.3,68383.9,68423.3,71681.99887368
2026-03-10 00:00:00,68423.3,70580.6,68383.9,69430.1,81437.81641209
2026-03-10 04:00:00,69430.1,70550.0,69430.0,70397.1,16211.43950625
2026-03-10 08:00:00,70397.1,71320.6,70378.8,70750.0,6038.62680061
2026-03-10 12:00:00,70750.0,71988.6,69318.0,71344.0,153305.06636747
2026-03-10 16:00:00,71344.0,71607.5,69770.2,70041.1,164272.93799921
2026-03-10 20:00:00,70041.0,70400.6,69472.9,69949.9,23332.82986215
2026-03-11 00:00:00,69949.9,70403.1,69473.8,69552.0,4249.59774955
2026-03-11 04:00:00,69552.0,70434.7,69498.0,69658.9,17108.06071755
2026-03-11 08:00:00,69658.0,70344.8,69200.0,69334.0,42831.29948921
2026-03-11 12:00:00,69334.0,71104.2,69025.0,70159.4,22903.7587725
2026-03-11 16:00:00,70159.4,71352.4,69992.2,70641.6,24759.27821788
2026-03-11 20:00:00,70641.6,71026.6,70147.4,70195.0,24943.85837368
2026-03-12 00:00:00,70194.8,70509.9,69230.2,69455.8,77819.87884191
2026-03-12 04:00:00,69455.8,70000.4,69220.8,69830.1,2050.51488811
2026-03-12 08:00:00,69829.2,70789.4,69529.4,70431.5,1785.81929886
2026-03-12 12:00:00,70431.4,70700.0,69300.0,70329.8,2932.18475599
2026-03-12 16:00:00,70329.8,70694.5,69620.2,70439.4,2155.91736769
2026-03-12 20:00:00,70439.4,70800.0,69982.9,70525.1,775.39120844
2026-03-13 00:00:00,70525.1,72103.1,70370.0,71403.1,223821.03552626
2026-03-13 04:00:00,71403.1,71685.4,70973.0,71615.0,175807.20745862
2026-03-13 08:00:00,71613.1,72765.9,71200.0,71813.6,32208.16059054
2026-03-13 12:00:00,71813.6,73836.5,71489.3,71807.4,68786.46741829
2026-03-13 16:00:00,71695.6,72200.0,70678.5,71142.8,25097.83553553
2026-03-13 20:00:00,71142.8,71520.0,70337.2,70931.8,8104.98514063
2026-03-14 00:00:00,70931.8,71350.3,70145.4,70977.8,12142.46226166
2026-03-14 04:00:00,70981.1,71304.3,70100.1,70487.3,10137.31490248
2026-03-14 08:00:00,70487.3,70836.9,70100.0,70638.7,19045.46542151
2026-03-14 12:00:00,70638.7,70925.2,70166.6,70406.3,17084.88805666
2026-03-14 16:00:00,70412.8,70833.3,70192.3,70590.5,48734.74668954
2026-03-14 20:00:00,70596.9,71200.0,70388.8,71077.9,15101.50162115
2026-03-15 00:00:00,71068.4,71623.9,70611.1,71256.8,18938.53243928
2026-03-15 04:00:00,71256.9,71879.0,71055.5,71287.7,22071.31228641
2026-03-15 08:00:00,71299.7,71944.4,71227.5,71727.2,21309.32255814
2026-03-15 12:00:00,71727.7,71800.0,71055.5,71452.6,32126.54396779
2026-03-15 16:00:00,71434.2,71940.0,71055.5,71456.7,20021.13558636
2026-03-15 20:00:00,71456.0,73290.0,71259.2,72486.7,35159.47688865
2026-03-16 00:00:00,72486.6,74000.0,72127.6,73380.5,41271.80543695
2026-03-16 04:00:00,73380.1,74500.0,73210.6,73445.0,71651.84647173
2026-03-16 08:00:00,73450.0,73926.1,72833.2,73552.3,72881.95996744
2026-03-16 12:00:00,73552.1,74500.0,73000.0,73266.1,280216.8652156
2026-03-16 16:00:00,73264.1,74465.7,73142.8,73977.7,135795.25095129
2026-03-16 20:00:00,73970.1,75054.2,73800.0,74740.2,99844.55378733
2026-03-17 00:00:00,74740.2,76123.5,74200.0,74467.0,100944.65314315
2026-03-17 04:00:00,74467.1,74695.1,73820.0,74246.0,34329.23442241
2026-03-17 08:00:00,74246.0,74658.6,73571.4,74035.5,27013.55528456
2026-03-17 12:00:00,74035.5,74905.9,73436.0,73919.6,270432.49026834
2026-03-17 16:00:00,73919.6,74873.1,73785.7,74521.0,61734.11827
2026-03-17 20:00:00,74521.0,75000.0,73875.0,73905.0,10750.94685437
2026-03-18 00:00:00,73905.0,74658.6,73542.0,74290.2,67087.92837306
2026-03-18 04:00:00,74422.6,74489.8,73600.5,73889.8,9228.09699937
2026-03-18 08:00:00,73889.8,74465.7,72765.9,72948.3,108083.30043175
2026-03-18 12:00:00,72948.3,72980.8,70800.0,71479.6,403016.29857003
2026-03-18 16:00:00,71465.0,71999.9,70958.4,71072.2,438485.09230274
2026-03-18 20:00:00,71072.2,71417.1,70502.0,71254.2,209621.01460629
2026-03-19 00:00:00,71252.8,71612.9,70913.8,71215.5,222894.17120823
2026-03-19 04:00:00,71214.5,71216.1,69487.7,70203.0,141150.14846864
2026-03-19 08:00:00,70203.0,70532.8,69897.6,69955.1,139471.62219765
2026-03-19 12:00:00,69955.1,70137.7,69080.0,69409.1,327235.98906265
2026-03-19 16:00:00,69409.1,70560.0,69102.0,70185.7,93722.29240352
2026-03-19 20:00:00,70204.3,70740.0,69722.2,69916.8,133396.26359269
2026-03-20 00:00:00,69923.8,70784.0,69722.2,70734.0,120853.50252773
2026-03-20 04:00:00,70734.0,70956.0,69999.9,70855.0,100357.55732973
2026-03-20 08:00:00,70855.0,71362.5,70207.2,70485.9,19384.01156987
2026-03-20 12:00:00,70485.6,70683.5,69474.8,69870.7,389505.45375886
2026-03-20 16:00:00,69870.7,70263.8,69440.0,70164.4,152215.96765547
2026-03-20 20:00:00,70176.6,70996.3,69760.4,70511.3,78654.51641385
2026-03-21 00:00:00,70511.3,70830.0,70347.5,70672.4,425607.60394481
2026-03-21 04:00:00,70672.4,70950.0,70480.0,70712.0,206680.67648943
2026-03-21 08:00:00,70712.1,70966.1,70306.7,70646.5,4571.28207721
2026-03-21 12:00:00,70646.6,71277.7,70400.0,70633.6,3624.05779508
2026-03-21 16:00:00,70630.2,70833.3,70210.0,70400.0,13764.60797507
2026-03-21 20:00:00,70400.1,70611.1,68577.1,68920.0,465393.98269765
2026-03-22 00:00:00,68921.0,69649.6,68300.0,69350.0,146119.08313562
2026-03-22 04:00:00,69345.7,69722.2,68888.0,68923.1,101483.94003741
2026-03-22 08:00:00,68923.0,69144.1,68066.4,68223.0,568072.14540133
2026-03-22 12:00:00,68222.1,69165.1,68190.0,68854.7,53886.39517704
2026-03-22 16:00:00,68844.0,69165.1,68100.0,68207.0,30136.86569658
2026-03-22 20:00:00,68205.0,68499.9,67340.4,67867.6,81493.90327035
2026-03-23 00:00:00,67865.4,68750.0,67445.4,68082.9,1340.22326953
2026-03-23 04:00:00,68086.8,69038.4,67513.1,68365.6,82510.95962565
2026-03-23 08:00:00,68332.0,71476.0,67794.8,70108.0,5934.08584881
2026-03-23 12:00:00,70131.3,71808.5,69666.6,70122.6,8242.90417136
2026-03-23 16:00:00,70133.0,71277.7,70000.0,70696.8,34670.48474794
2026-03-23 20:00:00,70688.9,71055.5,70388.8,70900.0,1000.21030611
2026-03-24 00:00:00,70900.1,71094.8,70263.8,70548.7,2108.79227042
2026-03-24 04:00:00,70549.7,71399.0,70001.0,71285.7,5451.71741429
2026-03-24 08:00:00,71293.4,71484.6,70833.3,71152.8,1423.12363967
2026-03-24 12:00:00,71152.8,71277.7,69500.0,69871.1,3961.1595168
2026-03-24 16:00:00,69874.0,70165.2,68800.0,69364.2,1842.96075021
2026-03-24 20:00:00,69368.2,70833.3,69277.6,70558.6,2272.34395264
2026-03-25 00:00:00,70557.5,71055.5,70388.8,70720.7,1250.33133932
2026-03-25 04:00:00,70720.9,71362.5,70529.9,70928.9,913.49148773
2026-03-25 08:00:00,70931.3,72000.0,70789.4,71672.6,2565.88727621
2026-03-25 12:00:00,71677.4,71955.1,70572.9,70837.2,13043.61009579
2026-03-25 16:00:00,70836.4,71700.0,70700.0,70875.0,1674.13740727
2026-03-25 20:00:00,70880.2,71500.0,70630.0,71335.0,576.35997637
2026-03-26 00:00:00,71335.0,71619.9,70630.0,70892.6,848.47080691
2026-03-26 04:00:00,70904.6,71055.5,69897.6,70291.6,1095.38862294
2026-03-26 08:00:00,70290.9,70291.6,69071.2,69280.9,1321.85650811
2026-03-26 12:00:00,69282.0,69949.8,68617.0,69086.6,2075.44141149
2026-03-26 16:00:00,69090.9,69230.6,68100.0,68523.2,952.69335964
2026-03-26 20:00:00,68523.2,69426.2,68205.3,68827.1,1207.35860549
2026-03-27 00:00:00,68827.2,69390.1,68530.9,68770.1,824.36790111
2026-03-27 04:00:00,68770.2,69531.3,68250.0,69531.3,601.06926857
2026-03-27 08:00:00,69531.3,70928.0,66235.2,66703.0,63745.48200393
2026-03-27 12:00:00,66703.1,67117.5,65600.0,66106.8,9815.87067014
2026-03-27 16:00:00,66102.1,66336.1,65424.5,66041.9,21425.38692343
2026-03-27 20:00:00,66040.0,66409.9,65602.5,66402.2,3899.81770641
2026-03-28 00:00:00,66403.8,66603.6,65705.8,66235.3,3944.08214871
2026-03-28 04:00:00,66235.4,66576.8,65928.5,66569.3,2697.00972973
2026-03-28 08:00:00,66570.2,66600.0,66075.4,66349.0,2343.52283046
2026-03-28 12:00:00,66337.3,67438.3,66000.0,67018.1,5236.85500275
2026-03-28 16:00:00,67020.0,67340.4,66617.0,66907.9,2980.35744205
2026-03-28 20:00:00,66916.7,67031.2,66222.1,66378.8,2644.82381226
2026-03-29 00:00:00,66377.0,67092.7,66180.9,66904.6,4369.12722046
2026-03-29 04:00:00,66907.0,66937.0,66316.5,66674.9,3917.12676124
2026-03-29 08:00:00,66675.0,67151.1,66289.5,66811.1,3588.77822558
2026-03-29 12:00:00,66807.9,66900.0,66100.0,66520.0,4741.36612909
2026-03-29 16:00:00,66526.2,66750.0,65999.9,66350.9,3268.22277711
2026-03-29 20:00:00,66350.9,66782.1,64994.9,66003.9,6553.17694633
2026-03-30 00:00:00,66019.5,67425.9,65602.5,67168.2,12548.47828754
2026-03-30 04:00:00,67168.2,67763.1,66879.0,67623.5,6911.01799584
2026-03-30 08:00:00,67623.7,67925.7,67061.5,67677.8,3762.5820665
2026-03-30 12:00:00,67678.2,68203.5,67065.5,67623.9,8657.42223654
2026-03-30 16:00:00,67624.0,67650.1,66238.8,66552.5,9153.23011106
2026-03-30 20:00:00,66554.4,66999.9,66400.0,66797.1,4572.00840172
2026-03-31 00:00:00,66798.1,68390.9,66334.4,67704.9,7923.99937279
2026-03-31 04:00:00,67708.2,67861.8,67094.5,67372.9,5216.6111886
2026-03-31 08:00:00,67373.0,67499.9,66009.2,66689.9,7643.16749488
2026-03-31 12:00:00,66692.1,67760.6,66357.3,66724.8,7468.33011613
2026-03-31 16:00:00,66733.1,68744.0,66702.1,67856.1,10370.13672745
2026-03-31 20:00:00,67856.1,68433.2,67689.8,68276.5,2421.93247767
2026-04-01 00:00:00,68278.5,68356.3,67533.7,68165.5,2938.06648891
2026-04-01 04:00:00,68160.6,69282.0,67921.1,68693.7,4645.9573185
2026-04-01 08:00:00,68694.2,68850.1,67988.5,68013.0,2010.32011932
2026-04-01 12:00:00,68025.4,68148.2,67322.5,68134.4,384.44722866
2026-04-01 16:00:00,68134.4,68148.3,67365.0,67466.2,220.2274915
2026-04-01 20:00:00,67466.2,67845.9,67284.2,67418.4,90.78330044
2026-04-02 00:00:00,67418.4,67794.8,66029.4,66061.8,372.54111361
2026-04-02 04:00:00,66061.8,66824.1,65880.5,66646.7,441.90062184
2026-04-02 08:00:00,66646.7,66749.6,66153.8,66212.6,19818.19686116
2026-04-02 12:00:00,66212.7,66316.5,65471.3,65690.0,6142.19470758
2026-04-02 16:00:00,65690.0,66600.0,65690.0,66114.5,815.49724684
2026-04-02 20:00:00,66114.5,66242.5,66100.7,66191.4,9.66958114
2026-04-03 00:00:00,66191.4,66518.5,65789.1,66326.4,189.72239217
2026-04-03 04:00:00,66326.5,66599.9,65971.5,66586.3,151.12691795
2026-04-03 08:00:00,66586.4,66599.9,66202.8,66470.4,382.7882519
2026-04-03 12:00:00,66470.4,66676.1,66134.4,66228.7,337.15526578
2026-04-03 16:00:00,66199.4,66890.7,66124.5,66146.9,276.78070147
2026-04-03 20:00:00,66146.9,67125.0,66146.9,66330.0,306.89845315
2026-04-04 00:00:00,66330.0,66702.1,66147.6,66167.5,77.0972156
2026-04-04 04:00:00,66167.5,66194.0,66141.5,66194.0,48.11151379
2026-04-04 08:00:00,66194.0,67133.3,66194.0,67116.8,380.50285573
2026-04-04 12:00:00,67116.9,67200.0,66643.5,66661.0,303.93392501
2026-04-04 16:00:00,66661.0,66791.6,66602.2,66610.3,24.65160655
2026-04-04 20:00:00,66613.6,66613.6,66519.4,66607.2,25.08840151
2026-04-05 00:00:00,66607.2,66607.2,66316.5,66406.1,77.0712946
2026-04-05 04:00:00,66406.1,66409.8,65982.6,66093.5,123.09297046
2026-04-05 08:00:00,66093.5,66322.3,66093.5,66306.7,89.18851335
2026-04-05 12:00:00,66306.7,66306.7,66021.5,66157.1,106.79397531
2026-04-05 16:00:00,66157.1,67545.9,66157.1,67364.6,895.53624735
2026-04-05 20:00:00,67364.8,69121.7,67073.3,69023.7,7629.92943607
2026-04-06 00:00:00,69024.4,69574.4,68833.0,68931.2,5301.94476649
2026-04-06 04:00:00,68931.3,69197.3,68326.3,68561.6,330.4424211
2026-04-06 08:00:00,68702.0,68998.4,68466.6,68893.7,84.26493989
2026-04-06 12:00:00,68893.7,68955.9,68561.6,68900.5,121.59444595
2026-04-06 16:00:00,68900.5,68955.9,68660.0,68919.8,87.80251851
2026-04-06 20:00:00,68919.8,68955.9,67966.3,68130.0,128.02094787
2026-04-07 00:00:00,68130.0,68134.0,67788.4,67942.4,128.18797631
2026-04-07 04:00:00,67942.4,68466.6,67794.8,67954.1,324.34388135
2026-04-07 08:00:00,67967.7,68074.3,67596.9,67600.0,143.72087966
2026-04-07 12:00:00,67600.0,68159.5,67061.5,68159.4,581.18141848
2026-04-07 16:00:00,68159.4,68780.0,68100.0,68687.9,432.75740531
2026-04-07 20:00:00,68687.9,69277.6,68686.6,69277.6,319.64677622
2026-04-08 00:00:00,69277.6,69722.2,69277.6,69722.2,157.08180159
2026-04-08 04:00:00,69722.2,69951.3,69722.2,69951.3,176.43839925
2026-04-08 08:00:00,69951.3,70833.3,69951.3,70833.3,356.86300984
2026-04-08 12:00:00,70833.3,70877.3,70166.6,70465.6,352.80343472
2026-04-08 16:00:00,70465.6,70833.3,70347.5,70430.0,243.71096844
2026-04-08 20:00:00,70430.0,70710.0,70265.1,70267.6,105.8838354
2026-04-09 00:00:00,70267.6,70605.3,69944.4,70222.6,462.28913601
2026-04-09 04:00:00,70222.6,71099.9,70166.6,70974.0,815.15863854
2026-04-09 08:00:00,70972.5,71547.5,70641.1,71155.6,1867.80659112
2026-04-09 12:00:00,71154.0,72388.8,70463.1,72142.6,1963.32238959
2026-04-09 16:00:00,72144.5,72611.0,71722.2,72109.2,1739.10278253
2026-04-09 20:00:00,72123.3,73052.3,71500.0,71794.2,1492.42627613
2026-04-10 00:00:00,71786.9,72388.8,71500.0,71873.8,1042.45384366
2026-04-10 04:00:00,71875.0,72388.8,71277.7,71480.4,1089.54077609
2026-04-10 08:00:00,71485.5,72388.8,71277.7,72118.5,944.52510436
2026-04-10 12:00:00,72118.4,73280.0,71835.7,72434.2,2569.90101784
2026-04-10 16:00:00,72437.7,73277.6,72300.0,73251.3,1806.82303219
2026-04-10 20:00:00,73249.4,73499.8,72717.9,72943.4,806.08712604
2026-04-11 00:00:00,72957.4,73277.6,72611.0,72875.3,1660.8645972
2026-04-11 04:00:00,72872.5,73055.4,72388.8,72744.3,941.92966792
2026-04-11 08:00:00,72745.0,73017.8,72388.8,72901.8,689.91378511
2026-04-11 12:00:00,72919.0,73055.4,72388.8,72870.4,802.79140403
2026-04-11 16:00:00,72863.0,73794.6,72611.0,73690.5,1549.89408342
2026-04-11 20:00:00,73691.3,73723.4,72887.3,73045.2,679.13384942
2026-04-12 00:00:00,73053.6,73277.6,71309.7,71610.0,1750.98571802
2026-04-12 04:00:00,71601.9,71944.4,71277.7,71686.1,910.47948564
2026-04-12 08:00:00,71671.1,71911.4,71277.7,71472.4,750.6625883
2026-04-12 12:00:00,71471.4,71722.2,70611.1,70886.9,1114.87265313
2026-04-12 16:00:00,70887.0,71277.7,70611.1,71093.1,1220.25390315
2026-04-12 20:00:00,71091.1,71500.0,70388.8,70740.7,1080.2874245
2026-04-13 00:00:00,70743.2,71277.7,70529.9,70999.9,702.70712363
2026-04-13 04:00:00,70982.0,71239.4,70611.1,70823.8,966.31544222
2026-04-13 08:00:00,70824.5,71055.5,70388.8,70939.3,1203.55139856
2026-04-13 12:00:00,70928.9,72584.0,70611.1,71858.2,3156.86662978
2026-04-13 16:00:00,71868.0,73494.4,71538.1,73326.3,2093.54950252
2026-04-13 20:00:00,73337.3,74880.2,72887.3,74444.4,1354.99479577
2026-04-14 00:00:00,74418.2,74793.8,73933.7,74445.3,1412.99068526
2026-04-14 04:00:00,74441.6,74799.9,73937.5,74549.6,1043.18469342
2026-04-14 08:00:00,74552.8,74960.0,74062.0,74376.9,1245.73170204
2026-04-14 12:00:00,74377.8,76304.3,73934.2,75324.9,3044.82137424
2026-04-14 16:00:00,75324.9,75810.7,73802.8,74220.5,1598.74362228
2026-04-14 20:00:00,74219.6,74568.5,73781.5,74150.3,1115.8353599
2026-04-15 00:00:00,74148.8,74812.2,73994.3,74354.6,1016.83098509
2026-04-15 04:00:00,74346.7,74589.0,73451.3,73740.9,1180.55054744
2026-04-15 08:00:00,73742.9,74381.5,73494.4,74200.0,1151.28999498
2026-04-15 12:00:00,74200.0,74666.9,73367.3,73847.9,1925.11353604
2026-04-15 16:00:00,73846.2,75407.5,73621.6,75024.4,1403.21548138
2026-04-15 20:00:00,75019.4,75384.6,74347.9,74805.2,696.45701472
2026-04-16 00:00:00,74812.5,75289.3,74323.7,74886.5,770.17754423
2026-04-16 04:00:00,74886.5,75320.3,74530.0,74695.8,825.4182832
2026-04-16 08:00:00,74701.3,75000.0,74000.0,74574.7,969.42236158
2026-04-16 12:00:00,74580.8,75109.9,73360.5,74694.3,1459.3415076
2026-04-16 16:00:00,74701.5,75497.8,73781.5,75356.9,1533.18699883
2026-04-16 20:00:00,75347.0,75662.5,74721.6,75146.9,911.29768023
2026-04-17 00:00:00,75147.0,75572.0,74514.6,75572.0,724.05528919
2026-04-17 04:00:00,75572.0,75750.0,75000.0,75671.6,281.15674074
2026-04-17 08:00:00,75699.8,76727.5,75139.9,75588.2,2325471.30952233
2026-04-17 12:00:00,75588.3,78216.3,75407.5,77772.1,322919.49811481
2026-04-17 16:00:00,77781.3,78490.9,76756.2,77440.3,1423.85849097
2026-04-17 20:00:00,77402.6,77703.7,76698.2,77073.6,339.84431753
2026-04-18 00:00:00,77073.6,77625.0,76810.8,77000.0,1058.16106858
2026-04-18 04:00:00,77000.0,77522.5,76666.0,76978.2,1163.99110032
2026-04-18 08:00:00,76986.6,77352.9,75781.1,76050.0,22215.5881735
2026-04-18 12:00:00,76050.1,77005.5,75707.3,76171.6,1170562.68828659
2026-04-18 16:00:00,76171.7,76365.6,75192.3,75653.6,1262.25451466
2026-04-18 20:00:00,75649.7,76033.6,75407.5,75699.1,568.14633801
2026-04-19 00:00:00,75699.1,75967.2,75307.6,75516.6,363.70742405
2026-04-19 04:00:00,75516.6,75858.9,74812.2,75243.8,1015.79235251
2026-04-19 08:00:00,75235.1,75817.6,74434.7,75599.0,2359.07835614
2026-04-19 12:00:00,75601.1,76428.5,75240.3,75825.0,4220.18661562
2026-04-19 16:00:00,75851.1,75961.5,74486.8,74976.6,1540.92155079
2026-04-19 20:00:00,74965.9,75000.0,73600.0,73795.0,945.54693404
2026-04-20 00:00:00,73804.8,75201.6,73644.8,74630.0,3643.44728438
2026-04-20 04:00:00,74630.7,75452.9,73919.3,74829.4,2258.76380619
2026-04-20 08:00:00,74831.2,75439.2,74485.5,75000.0,2720.18894403
2026-04-20 12:00:00,75000.0,75727.1,74345.2,75710.9,2381.32323407
2026-04-20 16:00:00,75710.9,76538.4,75192.3,76286.9,2477.65308356
2026-04-20 20:00:00,76299.1,76538.4,75450.7,75846.3,401.61204729
2026-04-21 00:00:00,75846.6,76245.1,75365.3,75711.3,1431.32074165
2026-04-21 04:00:00,75711.4,76300.5,75431.4,76079.8,1018.77608214
2026-04-21 08:00:00,76079.9,76878.0,75951.9,76449.4,1235.71665004
2026-04-21 12:00:00,76450.8,76730.7,75450.9,75839.3,1333.70950317
2026-04-21 16:00:00,75839.4,76245.1,74800.0,75022.4,1207.89292993
2026-04-21 20:00:00,75028.1,76427.7,74905.9,76329.6,867.04409593
2026-04-22 00:00:00,76329.7,77711.5,75951.9,77526.3,931.66011672
2026-04-22 04:00:00,77526.3,78439.0,77124.9,77995.1,1418.65474381
2026-04-22 08:00:00,78010.0,78333.3,77499.9,77664.8,276.29573998
2026-04-22 12:00:00,77664.8,78519.6,77418.2,78491.6,642.96143723
2026-04-22 16:00:00,78489.6,78519.6,77924.0,78057.4,218.37795831
2026-04-22 20:00:00,78079.0,78079.0,77376.6,77395.7,128.52613519
2026-04-23 00:00:00,77395.7,78464.2,76813.4,77351.8,713.17634627
2026-04-23 04:00:00,77351.8,78377.7,76999.9,78046.0,788.667774
2026-04-23 08:00:00,78046.1,78337.9,77039.9,77698.3,586.04013803
2026-04-23 12:00:00,77698.3,78921.4,77154.6,78377.2,1059.39619833
2026-04-23 16:00:00,78377.1,78662.5,76880.0,77715.5,1017.43526995
2026-04-23 20:00:00,77715.5,78375.4,77488.8,78250.4,603.75940221
2026-04-24 00:00:00,78250.5,78750.0,77499.9,77739.7,722.9663822
2026-04-24 04:00:00,77736.1,78178.9,77244.1,77638.5,515.38605328
2026-04-24 08:00:00,77638.6,78375.0,77250.0,78234.7,546.13662583
2026-04-24 12:00:00,78234.8,78490.3,77500.0,78056.6,508.11873664
2026-04-24 16:00:00,78043.7,78110.7,77226.9,77628.5,567.76801484
2026-04-24 20:00:00,77629.4,77977.2,77064.6,77410.4,754.26243711
2026-04-25 00:00:00,77410.6,77905.8,77115.3,77421.8,404.70735318
2026-04-25 04:00:00,77534.1,77911.4,77200.0,77506.3,464.21168873
2026-04-25 08:00:00,77518.6,77913.6,77250.0,77674.5,537.78521788
2026-04-25 12:00:00,77674.5,77950.0,77307.6,77332.0,365.48363305
2026-04-25 16:00:00,77332.0,77697.8,76999.9,77324.9,482.42529792
2026-04-25 20:00:00,77324.9,77712.1,77100.0,77619.4,189.29291692
2026-04-26 00:00:00,77619.5,77735.3,77115.3,77389.1,309.39781999
2026-04-26 04:00:00,77389.1,78305.0,77114.1,78094.4,377.62030628
2026-04-26 08:00:00,78100.4,78437.5,77712.1,78086.7,366.03032129
2026-04-26 12:00:00,78086.7,78335.8,77692.3,78044.9,594.88894608
2026-04-26 16:00:00,78045.0,78497.8,77636.1,78222.3,740.33142966
2026-04-26 20:00:00,78222.4,78903.2,77840.5,78639.1,421.83266076
2026-04-27 00:00:00,78649.0,79555.9,78345.3,79098.7,489.89654344
2026-04-27 04:00:00,79098.7,79463.2,77407.3,77625.1,525.9343337
2026-04-27 08:00:00,77611.1,78000.0,77394.8,77847.0,1986.30521876
2026-04-27 12:00:00,77847.0,78269.2,76449.9,76792.0,763.14257282
2026-04-27 16:00:00,76790.3,77127.6,76307.2,76887.5,743.55528566
2026-04-27 20:00:00,76887.5,77445.2,76516.5,77371.3,328.98045109
2026-04-28 00:00:00,77371.3,77507.9,76413.7,76823.5,396.50785389
2026-04-28 04:00:00,76811.5,77235.8,76254.5,76878.6,571.98414175
2026-04-28 08:00:00,76879.6,76995.5,76000.0,76230.4,1637.73107076
2026-04-28 12:00:00,76230.5,76485.9,75431.5,76058.7,1259.07657102
2026-04-28 16:00:00,76066.0,76573.1,75698.3,76323.4,638.89758614
2026-04-28 20:00:00,76333.8,76500.0,76000.0,76348.6,168.52274232
2026-04-29 00:00:00,76342.2,77266.1,76117.5,76992.4,416.81294598
2026-04-29 04:00:00,76990.3,77482.0,76640.0,77041.9,608.22002141
2026-04-29 08:00:00,77041.9,78000.0,76618.7,77595.4,548.8316551
2026-04-29 12:00:00,77594.8,77654.6,75519.6,75904.2,728.42246094
2026-04-29 16:00:00,75904.3,76208.5,74678.8,75563.8,788.86863965
2026-04-29 20:00:00,75562.3,76042.4,75200.0,75780.8,161.47424518
2026-04-30 00:00:00,75784.4,76630.1,75375.0,75932.0,407.03180118
2026-04-30 04:00:00,75933.3,76507.9,75145.5,76172.9,832.19649818
2026-04-30 08:00:00,76174.6,76442.3,75633.8,76064.2,629.19247874
2026-04-30 12:00:00,76064.8,76839.3,75816.9,76465.8,638.0979412
2026-04-30 16:00:00,76465.8,76785.7,75759.2,76418.1,464.97272681
2026-04-30 20:00:00,76418.2,76892.3,76000.0,76342.5,336.69560148
2026-05-01 00:00:00,76344.9,77464.5,76222.4,77132.1,1028.17809048
2026-05-01 04:00:00,77130.6,77473.0,76684.1,77127.5,512.11246083
2026-05-01 08:00:00,77127.5,77788.9,76783.0,77470.0,541.5125017
2026-05-01 12:00:00,77470.0,78944.2,77109.8,78482.5,1461.74615192
2026-05-01 16:00:00,78482.5,78907.9,77874.6,78354.4,601.801581
2026-05-01 20:00:00,78359.9,78449.4,77676.0,78234.2,324.20630453
2026-05-02 00:00:00,78234.5,78782.1,77920.0,78420.5,471.07810476
2026-05-02 04:00:00,78420.5,78562.9,77862.6,78197.9,395.19722661
2026-05-02 08:00:00,78212.7,78449.4,77798.6,78149.3,407.83702168
2026-05-02 12:00:00,78149.4,78800.0,77800.0,78485.0,586.90157435
2026-05-02 16:00:00,78490.7,78800.0,78053.1,78484.1,404.00980584
2026-05-02 20:00:00,78485.2,79190.4,78126.1,78693.0,333.65567794
2026-05-03 00:00:00,78693.0,78880.0,77887.8,78204.0,264.12663739
2026-05-03 04:00:00,78205.0,78740.8,77755.3,78354.0,845.73104833
2026-05-03 08:00:00,78354.0,78847.5,78053.1,78651.5,412.08348346
2026-05-03 12:00:00,78655.3,79120.3,78146.8,78669.0,945.11702363
2026-05-03 16:00:00,78669.0,78929.8,78300.0,78768.3,323.78843443
2026-05-03 20:00:00,78768.3,79450.5,78200.0,78572.0,570.8420524
2026-05-04 00:00:00,78576.3,80815.1,78126.1,80312.3,1472.55154065
2026-05-04 04:00:00,80316.7,81000.0,79262.8,79695.2,872.230077
2026-05-04 08:00:00,79695.4,80132.1,78200.0,78790.0,738.17096808
2026-05-04 12:00:00,78790.0,80600.0,78158.8,80033.4,1257.01637135
2026-05-04 16:00:00,80033.5,81111.4,79623.0,80045.5,686.9471732
2026-05-04 20:00:00,80050.9,80685.7,79623.0,79850.7,260.72879797
2026-05-05 00:00:00,79865.0,81488.5,79794.4,80889.4,548.71670939
2026-05-05 04:00:00,80889.4,81718.0,80246.3,80860.6,775.43013603
2026-05-05 08:00:00,80856.0,81404.3,80396.4,81020.3,788.80720324
2026-05-05 12:00:00,81020.7,82002.6,80660.7,81525.9,1221.04132445
2026-05-05 16:00:00,81529.3,81891.5,80560.0,81605.0,818.92880611
2026-05-05 20:00:00,81606.7,82143.3,80606.4,80912.8,390.23302817
2026-05-06 00:00:00,80911.3,81803.2,80650.0,81581.9,569.89496728
2026-05-06 04:00:00,81581.9,81935.2,81000.0,81369.3,567.80551735
2026-05-06 08:00:00,81365.0,83183.9,81100.0,82520.7,1754.32682465
2026-05-06 12:00:00,82524.7,82815.7,81000.0,81704.9,1290.96321366
2026-05-06 16:00:00,81702.1,82202.1,81000.0,81456.9,711.45793459
2026-05-06 20:00:00,81456.9,81697.0,80800.0,81450.0,274.05368737
2026-05-07 00:00:00,81440.3,81504.2,80750.0,80838.2,637.64640921
2026-05-07 04:00:00,80838.2,81910.2,80583.9,81520.0,785.46890777
2026-05-07 08:00:00,81519.9,81750.0,80250.0,80869.5,656.72246192
2026-05-07 12:00:00,80869.3,81387.0,79676.9,79893.4,905.84058875
2026-05-07 16:00:00,79893.5,80555.5,79400.0,80139.7,916.57826281
2026-05-07 20:00:00,80051.4,80600.0,79500.0,80008.1,327.9448668
2026-05-08 00:00:00,80034.5,80411.4,79010.7,79568.6,636.38541645
2026-05-08 04:00:00,79569.3,80004.2,79200.0,79700.9,484.93045843
2026-05-08 08:00:00,79687.1,80600.0,79475.0,80231.3,459.60785807
2026-05-08 12:00:00,80231.3,80555.5,79549.6,80150.4,664.86991844
2026-05-08 16:00:00,80150.4,80512.2,79603.5,80184.7,594.3992721
2026-05-08 20:00:00,80184.8,80600.0,79800.0,80196.5,264.87981728
2026-05-09 00:00:00,80196.5,80800.0,79888.8,80392.0,235.611557
2026-05-09 04:00:00,80392.0,80660.7,79854.4,80229.0,512.15062566
2026-05-09 08:00:00,80228.7,80606.4,79888.8,80368.9,430.4055755
2026-05-09 12:00:00,80343.6,80888.8,79852.4,80522.6,1247.82030188
2026-05-09 16:00:00,80522.6,81325.0,80128.7,80910.0,1604.19108618
2026-05-09 20:00:00,80937.3,81005.3,80333.3,80689.7,281.63492908
2026-05-10 00:00:00,80675.7,80999.9,80333.3,80779.5,246.21837586
2026-05-10 04:00:00,80775.6,81204.8,80208.5,80727.5,748.93784659
2026-05-10 08:00:00,80727.5,81222.2,80564.4,80836.9,268.76368128
2026-05-10 12:00:00,80829.3,81499.4,80448.4,81426.2,874.16412151
2026-05-10 16:00:00,81413.5,81803.2,80749.7,81430.3,779.34340768
2026-05-10 20:00:00,81428.2,82600.0,80008.0,82200.0,604.28958852
2026-05-11 00:00:00,82213.9,82366.8,80343.5,80739.1,553.53967159
2026-05-11 04:00:00,80739.8,81404.3,80286.8,80751.0,584.73478163
2026-05-11 08:00:00,80751.1,81545.3,80407.0,81195.5,665.11081856
2026-05-11 12:00:00,81196.7,81603.7,80081.9,81447.5,955.40485543
2026-05-11 16:00:00,81450.1,82401.6,81057.7,81957.3,1119.91784056
2026-05-11 20:00:00,81957.8,82316.7,80910.7,81741.3,1704.59796805
2026-05-12 00:00:00,81741.4,82000.5,80600.0,81035.3,501.989004
2026-05-12 04:00:00,80820.0,81323.7,80280.0,80708.6,205.85979383
2026-05-12 08:00:00,80714.2,81070.0,80070.1,80781.2,647.23199766
2026-05-12 12:00:00,80787.9,81243.9,80000.0,80330.2,1705.37016052
2026-05-12 16:00:00,80331.0,81005.3,79708.8,80835.2,1731.0412184
2026-05-12 20:00:00,80827.6,81040.0,80200.0,80492.1,721.60626014
2026-05-13 00:00:00,80492.8,81453.7,80250.0,81254.3,748.31734368
2026-05-13 04:00:00,81254.5,81621.6,80550.0,81021.3,1020.03170657
2026-05-13 08:00:00,81020.9,81621.6,80434.7,80500.1,1135.76457758
2026-05-13 12:00:00,80500.1,80620.9,78811.3,78835.1,2227.23634778
2026-05-13 16:00:00,78835.1,80000.0,78490.8,79642.4,1205.83162251
2026-05-13 20:00:00,79642.4,80000.0,79010.7,79320.4,908.12124322
2026-05-14 00:00:00,79320.5,80026.9,78999.9,79491.1,850.39053898
2026-05-14 04:00:00,79491.1,80320.7,79012.7,79800.0,309.21097021
2026-05-14 08:00:00,79940.6,80333.3,78878.2,79260.0,1402.62405819
2026-05-14 12:00:00,79250.5,81421.1,79222.2,81308.4,4134.72445262
2026-05-14 16:00:00,81292.0,82200.0,81005.3,81408.4,2884.14215859
2026-05-14 20:00:00,81419.6,81888.8,81046.0,81084.9,1320.20757931
2026-05-15 00:00:00,81084.9,81938.7,80736.7,81056.8,2039.32754165
2026-05-15 04:00:00,81059.9,81091.8,80207.5,80812.6,1489.75695199
2026-05-15 08:00:00,80818.0,81040.0,80370.0,80624.9,987.90762763
2026-05-15 12:00:00,80624.9,80800.0,78611.8,79155.6,3862.23430165
2026-05-15 16:00:00,79160.4,79696.9,78752.5,79143.9,1735.49947343
2026-05-15 20:00:00,79144.0,79360.0,78811.3,79106.9,559.25502687
2026-05-16 00:00:00,79116.9,79444.4,78723.4,79106.4,2491.34910034
2026-05-16 04:00:00,79086.1,79409.7,78020.6,78401.9,1910.98364766
2026-05-16 08:00:00,78386.3,78600.0,77600.0,78088.9,1906.05611279
2026-05-16 12:00:00,78089.5,78412.3,77644.2,78239.0,979.94726077
2026-05-16 16:00:00,78237.2,78600.0,77814.0,78261.4,810.0944542
2026-05-16 20:00:00,78261.4,78333.3,77858.7,78013.4,313.17417978
2026-05-17 00:00:00,78140.2,78365.3,77444.4,78020.8,791.11614842
2026-05-17 04:00:00,78018.7,78377.8,77758.9,78183.7,783.25324636
2026-05-17 08:00:00,78183.7,78611.8,77814.0,78413.5,1283.41660981
2026-05-17 12:00:00,78412.7,78549.6,77735.3,78041.8,966.76477243
2026-05-17 16:00:00,78041.8,78486.8,77614.5,78425.1,1070.40199422
2026-05-17 20:00:00,78412.6,78577.8,76355.4,77445.1,2380.38372984
2026-05-18 00:00:00,77461.6,77499.9,76575.4,76930.9,2019.71284814
2026-05-18 04:00:00,76930.9,77182.7,76327.4,77086.4,4151.66146168
2026-05-18 08:00:00,77086.4,77399.9,76614.0,77286.3,1005.71002853
2026-05-18 12:00:00,77286.3,77791.6,76018.8,76407.5,4380.69092719
2026-05-18 16:00:00,76413.7,76999.9,76104.8,76927.4,2482.68325798
2026-05-18 20:00:00,76928.1,77291.0,76691.9,77006.8,742.52112145
2026-05-19 00:00:00,77007.5,77415.0,76425.2,76786.9,1164.26940089
2026-05-19 04:00:00,76788.3,77373.3,76613.9,77223.1,507.66208481
2026-05-19 08:00:00,77225.1,77373.3,76574.7,76714.2,1333.4065038
2026-05-19 12:00:00,76713.5,77156.3,76049.2,76511.7,3063.18891223
2026-05-19 16:00:00,76515.2,77182.7,76237.0,76820.4,1875.26000309
2026-05-19 20:00:00,76820.8,77366.6,76613.9,76836.0,582.20660369
2026-05-20 00:00:00,76838.0,76999.9,76425.2,76719.7,704.82967601
2026-05-20 04:00:00,76720.9,77564.2,76613.9,77275.2,948.56012514
2026-05-20 08:00:00,77275.5,77755.6,77177.6,77373.0,755.00031113
2026-05-20 12:00:00,77378.8,77854.5,76804.8,77456.2,2825.21817821
2026-05-20 16:00:00,77458.2,77800.0,77000.0,77664.4,1492.76239608
2026-05-20 20:00:00,77675.3,77840.5,77220.3,77534.7,898.3999599
2026-05-21 00:00:00,77550.3,78187.5,77307.6,78081.9,984.17487471
2026-05-21 04:00:00,78075.7,78332.7,77400.0,77894.1,770.60572661
2026-05-21 08:00:00,77894.0,78200.0,76992.7,77196.2,1522.017488
2026-05-21 12:00:00,77195.6,77492.7,76617.2,77262.3,1980.20563812
2026-05-21 16:00:00,77262.8,78139.9,76824.7,77682.8,3407.56685486
2026-05-21 20:00:00,77683.3,77947.5,77373.3,77619.5,472.25826297
2026-05-22 00:00:00,77619.6,77947.5,77182.7,77772.7,490.57735162
2026-05-22 04:00:00,77772.8,77947.5,77067.1,77398.3,582.53012839
2026-05-22 08:00:00,77400.2,77564.2,77182.7,77438.3,451.32638866
2026-05-22 12:00:00,77438.7,77735.3,76574.7,76797.5,833.08964971
2026-05-22 16:00:00,76797.4,77373.3,75666.6,75864.2,2317.0412168
2026-05-22 20:00:00,75864.5,76237.0,75302.8,75536.5,2504.15751884
2026-05-23 00:00:00,75538.5,75675.1,75117.3,75639.0,3247.18373239
2026-05-23 04:00:00,75638.9,75675.1,74196.8,74618.0,1700.35079531
2026-05-23 08:00:00,74618.0,74932.3,74333.3,74795.1,1094.7134648
2026-05-23 12:00:00,74795.7,75819.4,74563.6,75520.4,1024.54286174
2026-05-23 16:00:00,75521.6,76237.0,75117.3,75986.1,1081.61222912
2026-05-23 20:00:00,75986.2,77610.1,75861.9,76748.2,3988.16611601
2026-05-24 00:00:00,76748.0,77182.7,76425.2,76782.9,929.98666799
2026-05-24 04:00:00,76739.0,77444.5,76431.7,76794.3,1070.29759915
2026-05-24 08:00:00,76795.0,77571.4,76417.7,77305.8,1157.55722681
2026-05-24 12:00:00,77317.7,77373.3,76110.1,76377.6,1348.0488364
2026-05-24 16:00:00,76377.7,76803.1,76103.0,76775.0,828.61241629
2026-05-24 20:00:00,76775.1,77219.0,76103.0,77060.1,885.84298076
2026-05-25 00:00:00,77058.2,77488.9,76915.3,77029.8,634.78022618
2026-05-25 04:00:00,77030.3,77755.6,76992.7,77399.7,988.10701819
2026-05-25 08:00:00,77399.9,77840.1,77182.7,77359.8,1247.93817853
2026-05-25 12:00:00,77358.9,78013.4,77145.2,77629.0,701.45115723
2026-05-25 16:00:00,77629.0,78000.0,77224.6,77457.8,1938.98714077
2026-05-25 20:00:00,77455.7,77823.9,76960.3,77326.6,654.29607886
2026-05-26 00:00:00,77325.8,77391.3,76425.2,76668.5,911.91404912
2026-05-26 04:00:00,76665.4,77182.7,76425.2,76734.0,1471.09004439
2026-05-26 08:00:00,76732.9,77644.2,76488.7,77192.2,1938.81843971
2026-05-26 12:00:00,77192.0,78433.9,76237.0,76519.2,2720.05516809
2026-05-26 16:00:00,76519.4,76964.0,75610.6,76052.6,4915.95143136
2026-05-26 20:00:00,76055.4,76237.0,75675.1,75932.9,390.0001463
2026-05-27 00:00:00,75933.2,76170.5,75594.8,75675.1,632.14540774
2026-05-27 04:00:00,75673.7,76049.2,75302.8,75994.1,510.57913449
2026-05-27 08:00:00,75995.1,76237.0,75488.7,75767.1,795.55784263
2026-05-27 12:00:00,75767.4,76161.0,74747.7,75336.4,1656.25406116
2026-05-27 16:00:00,75335.4,75488.7,74563.6,75062.4,986.23496573
2026-05-27 20:00:00,75067.1,75488.7,74196.8,74491.4,1190.17442959
2026-05-28 00:00:00,74451.3,74747.7,72773.4,73266.3,1445.29235478
2026-05-28 04:00:00,73266.3,73557.6,72401.9,73513.5,4827.06774562
2026-05-28 08:00:00,73504.1,73846.1,72973.0,73507.4,3123.80588255
2026-05-28 12:00:00,73508.9,73600.0,72269.9,72936.8,1714.52881885
2026-05-28 16:00:00,72933.0,73933.7,72753.8,73425.7,595.33661649
2026-05-28 20:00:00,73425.5,74023.6,73111.1,73621.9,338.62038579
2026-05-29 00:00:00,73621.9,73973.5,73127.1,73304.1,321.80244626
2026-05-29 04:00:00,73304.3,74141.9,73026.9,73525.9,404.76263337
2026-05-29 08:00:00,73526.2,74336.3,73245.4,73478.9,6399.33553259
2026-05-29 12:00:00,73482.1,74195.6,72154.0,73807.9,1471.26974144
2026-05-29 16:00:00,73806.1,74807.6,73026.9,73570.4,804.66610923
2026-05-29 20:00:00,73514.2,74024.2,72998.1,73468.0,480.33366551
2026-05-30 00:00:00,73468.5,74024.2,73000.0,73510.5,475.63133932
2026-05-30 04:00:00,73510.5,74223.7,73000.0,73544.0,953.9015725
2026-05-30 08:00:00,73545.0,74024.2,73070.4,73600.6,468.72472443
2026-05-30 12:00:00,73600.7,74386.1,73100.0,73917.4,608.09588249
2026-05-30 16:00:00,73929.5,74565.2,73284.3,73875.0,771.00585772
2026-05-30 20:00:00,74012.7,74484.6,73399.9,73867.9,397.26021568
2026-05-31 00:00:00,73883.2,74622.6,73666.6,74145.0,334.49574853
2026-05-31 04:00:00,74144.3,74555.5,73599.9,73852.2,433.51321887
2026-05-31 08:00:00,73853.7,74423.1,73425.8,73944.2,543.44633814
2026-05-31 12:00:00,73944.0,74320.0,73076.9,73651.5,601.95146182
2026-05-31 16:00:00,73651.9,73853.0,73002.2,73557.6,340.76369096
2026-05-31 20:00:00,73557.6,74352.1,73079.3,73681.6,536.93889104
2026-06-01 00:00:00,73681.7,74333.3,73026.9,73763.0,604.27292476
2026-06-01 04:00:00,73762.3,74024.2,72600.0,72816.9,595.94083527
2026-06-01 08:00:00,72805.7,73425.8,71742.5,72465.6,789.80326847
2026-06-01 12:00:00,72465.6,72600.0,70458.8,71130.4,3623.80311309
2026-06-01 16:00:00,71130.6,72173.9,70207.8,71582.2,2740.76419974
2026-06-01 20:00:00,71596.0,72134.6,70822.6,71412.0,689.81834311
2026-06-02 00:00:00,71412.0,71638.6,69616.3,70954.7,1406.47712318
2026-06-02 04:00:00,70950.6,71394.2,69090.9,70123.7,1827.0364837
2026-06-02 08:00:00,70123.2,70451.7,68888.8,69457.7,5852.54356633
2026-06-02 12:00:00,69460.6,69842.9,66737.6,67301.8,10542.88396856
2026-06-02 16:00:00,67301.8,68300.0,66063.7,67311.1,8734.82353853
2026-06-02 20:00:00,67311.2,68150.0,65733.5,66756.5,5327.23295398
2026-06-03 00:00:00,66756.5,67600.0,64826.5,65854.1,5384.22755376
2026-06-03 04:00:00,65854.0,67666.6,65746.4,67220.9,6152.95565014
2026-06-03 08:00:00,67220.9,67750.0,66500.0,67062.6,5242.61949876
2026-06-03 12:00:00,67062.6,67659.9,65898.9,66080.1,6050.37399951
2026-06-03 16:00:00,66079.5,66599.9,64865.6,65466.6,5119.13048384
2026-06-03 20:00:00,65466.6,66000.0,63549.8,64147.7,16175.54882618
2026-06-04 00:00:00,64147.8,64999.9,60967.4,64365.6,6356.59065732
2026-06-04 04:00:00,64365.7,65150.0,63221.1,63604.6,5863.15670952
2026-06-04 08:00:00,63604.5,64050.6,61984.5,63633.9,13420.63938203
2026-06-04 12:00:00,63635.2,64958.6,62866.6,63892.8,7788.9386569
2026-06-04 16:00:00,63894.6,64556.9,62900.0,63626.4,8942.46579728
2026-06-04 20:00:00,63626.7,64225.0,62975.0,63887.0,10125.17413404
2026-06-05 00:00:00,63887.0,64249.3,62158.5,62731.5,6503.61921032
2026-06-05 04:00:00,62731.5,63744.4,60561.8,62918.9,4145.22178467
2026-06-05 08:00:00,62931.6,63366.1,61542.6,61972.0,25787.0953995
2026-06-05 12:00:00,61975.7,62531.6,59704.2,60450.6,4351.11478781
2026-06-05 16:00:00,60449.7,61772.1,58788.7,60316.5,8384.90176016
2026-06-05 20:00:00,60317.6,62151.8,59893.8,61058.4,4652.26115971
2026-06-06 00:00:00,61058.4,61898.7,60253.1,60687.0,5916.67906816
2026-06-06 04:00:00,60689.5,61645.5,58971.8,61008.0,4841.05184469
2026-06-06 08:00:00,61007.5,61604.7,60126.5,60809.3,6835.42973922
2026-06-06 12:00:00,60806.7,61423.8,60115.4,60778.0,6821.67836766
2026-06-06 16:00:00,60777.2,61298.0,60042.4,60600.2,7129.52256695
2026-06-06 20:00:00,60600.1,61304.3,60194.9,60885.3,9171.27850888
2026-06-07 00:00:00,60885.5,62174.8,60500.0,61700.0,9947.60068936
2026-06-07 04:00:00,61698.2,62644.6,61048.3,62400.1,10477.84125317
2026-06-07 08:00:00,62400.9,62950.0,61800.0,62630.6,13338.01492209
2026-06-07 12:00:00,62630.6,62853.0,61266.6,61901.4,9349.05164966
2026-06-07 16:00:00,62023.8,62644.8,60576.9,61182.3,21679.95993425
2026-06-07 20:00:00,61259.0,64199.9,61000.0,63332.9,7142.04333971
2026-06-08 00:00:00,63332.9,64000.0,62600.0,63135.3,9981.19163109
2026-06-08 04:00:00,63133.9,63666.6,62200.0,63289.3,10610.91789129
2026-06-08 08:00:00,63289.3,63999.9,62800.0,63475.0,12959.14812192
2026-06-08 12:00:00,63475.0,64359.7,62599.9,63766.2,9440.82445117
2026-06-08 16:00:00,63774.9,64199.9,63164.5,63372.4,11024.19692832
2026-06-08 20:00:00,63372.4,63955.3,62866.6,63091.2,15231.4892012
2026-06-09 00:00:00,63091.2,63400.0,62200.0,62874.2,10768.7565447
2026-06-09 04:00:00,62875.9,63696.9,62600.0,63197.5,19531.99093508
2026-06-09 08:00:00,63197.5,63399.9,62324.2,62709.5,16538.39838064
2026-06-09 12:00:00,62709.5,63080.3,61000.0,61138.2,10079.53824993
2026-06-09 16:00:00,61138.8,62278.4,60620.9,62100.1,10772.25228514
2026-06-09 20:00:00,62100.1,62400.0,61360.0,61645.5,15344.02272358
2026-06-10 00:00:00,61645.5,62151.8,60864.0,61377.0,16211.18218754
2026-06-10 04:00:00,61377.0,61857.7,60800.0,61686.1,18917.07199432
2026-06-10 08:00:00,61686.1,61983.0,60600.0,61028.6,13381.10032087
2026-06-10 12:00:00,61028.6,63000.0,60700.0,62640.5,8887.77870194
2026-06-10 16:00:00,62641.9,62911.3,61406.6,61943.6,10945.32774345
2026-06-10 20:00:00,61943.7,62318.7,60700.0,61470.9,21296.17857655
2026-06-11 00:00:00,61471.8,62793.5,61363.6,62681.4,14200.51039203
2026-06-11 04:00:00,62684.9,63164.5,62200.0,62711.2,31562.18170814
2026-06-11 08:00:00,62709.4,63417.7,62400.0,63103.1,24136.00247347
2026-06-11 12:00:00,63103.0,63400.0,62278.4,62647.0,9297.39650663
2026-06-11 16:00:00,62651.3,64264.6,62276.6,63611.6,2862.32806382
2026-06-11 20:00:00,63612.1,64000.0,62999.9,63622.3,6724.9158174
2026-06-12 00:00:00,63524.8,63924.0,63000.0,63520.4,7060.09168499
2026-06-12 04:00:00,63520.0,63999.9,62625.0,63099.6,14751.41316206
2026-06-12 08:00:00,63100.6,64303.7,63000.0,63756.5,14132.99234181
2026-06-12 12:00:00,63756.5,64733.3,63000.0,63593.1,11006.08108297
2026-06-12 16:00:00,63593.1,64266.6,63200.0,63584.0,17376.88806509
2026-06-12 20:00:00,63585.8,63916.6,62821.0,63578.0,21364.11701957
2026-06-13 00:00:00,63577.7,64050.6,63133.3,63527.4,14546.76886528
2026-06-13 04:00:00,63527.4,64050.6,63290.1,63843.0,25400.22948623
2026-06-13 08:00:00,63843.1,64200.0,63427.6,63967.9,25603.23026795
2026-06-13 12:00:00,63967.9,64636.3,63775.2,64302.2,25526.65346446
2026-06-13 16:00:00,64302.2,64466.6,63775.2,64299.0,22027.99667931
2026-06-13 20:00:00,64298.0,64830.9,64000.0,64355.6,35718.07105723
2026-06-14 00:00:00,64386.0,64952.6,64200.0,64541.5,17370.76063038
2026-06-14 04:00:00,64541.5,64683.5,63868.0,64431.7,48122.10105773
2026-06-14 08:00:00,64431.8,64900.0,64150.0,64544.6,14220.20295309
2026-06-14 12:00:00,64543.8,64600.0,63775.2,64006.9,31654.89805639
2026-06-14 16:00:00,64023.9,64292.0,63417.7,63804.6,12499.83908306
2026-06-14 20:00:00,63804.6,65800.0,63611.0,65744.0,14619.57907314
2026-06-15 00:00:00,65745.3,66112.6,65206.8,65928.3,9553.47637973
2026-06-15 04:00:00,65926.9,66180.0,65443.0,65675.7,28595.39601507
2026-06-15 08:00:00,65675.7,66415.1,65316.4,66143.5,14920.56628159
2026-06-15 12:00:00,66165.9,67456.4,66000.0,67204.8,16402.3071791
2026-06-15 16:00:00,67215.0,67399.9,66360.0,66587.7,11764.10836986
2026-06-15 20:00:00,66588.3,67050.0,66066.6,66322.1,2109.25257057
2026-06-16 00:00:00,66321.7,66900.3,65533.3,66164.1,3424.02378057
2026-06-16 04:00:00,66164.0,66845.0,65653.4,66370.5,2881.37974221
2026-06-16 08:00:00,66370.0,67120.0,66119.8,66490.0,1574.46626809
2026-06-16 12:00:00,66491.5,66826.9,65222.2,65873.2,2135.86867687
2026-06-16 16:00:00,65875.0,66256.9,65533.3,65684.0,1667.7103615
2026-06-16 20:00:00,65684.0,66183.7,65384.6,65680.0,1053.91201001
2026-06-17 00:00:00,65680.3,66415.6,65490.7,65856.5,1503.37638667
2026-06-17 04:00:00,65856.5,66329.1,65255.1,65541.3,4436.67790238
2026-06-17 08:00:00,65540.5,65720.0,64492.7,64807.9,2819.92108365
2026-06-17 12:00:00,64806.9,66000.0,64556.9,65752.8,6315.5380872
2026-06-17 16:00:00,65752.4,66455.6,63879.1,64300.6,3925.86759859
2026-06-17 20:00:00,64304.9,64782.1,63800.0,64507.6,4712.24533835
2026-06-18 00:00:00,64508.0,65197.1,64200.0,64275.0,2647.8440052
2026-06-18 04:00:00,64275.0,64540.0,63600.0,64054.1,2746.50251174
2026-06-18 08:00:00,64051.5,64683.5,63800.0,63965.5,3462.18500641
2026-06-18 12:00:00,63966.7,64665.1,62278.4,62369.9,4889.03607065
2026-06-18 16:00:00,62371.1,63290.1,61898.7,62941.4,9374.73494929
2026-06-18 20:00:00,62944.7,63544.3,62658.2,62953.3,5417.21563097
2026-06-19 00:00:00,62953.3,63400.0,62388.0,62776.1,4011.40187965
2026-06-19 04:00:00,62776.1,63210.0,62400.0,62638.1,6396.96818179
2026-06-19 08:00:00,62634.9,63134.0,62313.9,62630.9,8504.49934169
2026-06-19 12:00:00,62630.4,63693.7,62333.3,63218.0,6777.6253393
2026-06-19 16:00:00,63218.0,63692.9,62619.0,63024.0,5258.61921491
2026-06-19 20:00:00,63024.0,63670.8,62911.3,63541.1,5030.70897398
2026-06-20 00:00:00,63541.3,64000.0,63133.3,63481.6,4135.44006521
2026-06-20 04:00:00,63481.6,64199.9,63200.0,63642.3,9027.66707024
2026-06-20 08:00:00,63643.7,64126.1,63290.9,63685.0,3143.47593049
2026-06-20 12:00:00,63684.7,64453.1,63164.5,64148.6,7500.03593636
2026-06-20 16:00:00,64150.9,64466.6,63666.6,63942.1,5146.35069098
2026-06-20 20:00:00,63942.2,64572.3,63764.7,64293.8,8768.52378851
2026-06-21 00:00:00,64298.1,64800.0,64014.8,64427.5,2993.56008619
2026-06-21 04:00:00,64427.6,64801.7,64014.8,64186.5,5366.571888
2026-06-21 08:00:00,64186.6,64600.0,63610.1,64182.0,2732.69923429
2026-06-21 12:00:00,64185.6,64400.0,63797.4,64227.4,13164.55968199
2026-06-21 16:00:00,64227.5,64537.4,63899.0,64204.3,5384.84082218
2026-06-21 20:00:00,64203.5,64404.6,63200.0,63307.8,5812.7211824
2026-06-22 00:00:00,63306.6,64900.0,63306.6,63970.9,10380.1615906
2026-06-22 04:00:00,63971.0,64647.6,63666.6,64213.0,16257.65000301
2026-06-22 08:00:00,64213.1,64900.0,63838.4,64655.9,15465.25102242
2026-06-22 12:00:00,64655.8,65800.0,64324.6,64839.9,11330.91956029
2026-06-22 16:00:00,64838.8,65050.0,64200.0,64497.5,10300.09733676
2026-06-22 20:00:00,64497.5,64888.3,63608.2,64027.8,13092.81008259
2026-06-23 00:00:00,64027.8,64497.2,63596.4,64068.7,9670.13016231
2026-06-23 04:00:00,64068.7,64568.3,62567.4,62887.1,10045.56565524
2026-06-23 08:00:00,62887.3,63037.9,61723.1,62440.3,9224.7456977
2026-06-23 12:00:00,62476.6,63020.0,61935.4,62485.8,10691.24896483
2026-06-23 16:00:00,62485.8,62960.2,61974.7,62412.0,7820.2307062
2026-06-23 20:00:00,62412.0,63000.0,62342.5,62731.3,2442.9445962
2026-06-24 00:00:00,62731.5,63398.8,62405.0,62733.0,2626.35496552
2026-06-24 04:00:00,62735.3,63200.0,62400.0,62654.0,2129.07589233
2026-06-24 08:00:00,62654.0,63189.8,62224.4,62922.2,3028.65637654
2026-06-24 12:00:00,62922.2,63221.1,60000.0,60279.9,5641.26901464
2026-06-24 16:00:00,60284.1,60969.5,58439.2,59959.4,30212.28441296
2026-06-24 20:00:00,59959.4,61400.0,59624.2,61139.2,18429.26420454
2026-06-25 00:00:00,61085.7,61343.7,60644.0,60678.8,2651.62179427
