timestamp,open,high,low,close,volume
2025-06-25 02:00:00,106394.9,106795.2,106302.0,106492.0,216125.54298821
2025-06-25 03:00:00,106483.0,106617.2,106218.3,106237.9,88397.03058125
2025-06-25 04:00:00,106237.8,106404.9,106000.2,106196.0,75398.34332535
2025-06-25 05:00:00,106196.0,106405.0,106047.0,106219.9,67957.85876961
2025-06-25 06:00:00,106220.0,106461.9,106119.9,106405.9,78917.97463886
2025-06-25 07:00:00,106406.0,106710.0,106324.3,106600.0,90178.08363043
2025-06-25 08:00:00,106600.0,106667.2,106342.6,106643.9,104928.48187245
2025-06-25 09:00:00,106644.0,106976.7,106460.1,106642.5,177461.16459343
2025-06-25 10:00:00,106643.5,107189.1,106577.1,107155.0,217369.15629853
2025-06-25 11:00:00,107155.1,107228.0,106852.1,107191.1,141644.19427735
2025-06-25 12:00:00,107191.2,107298.8,106927.0,107224.9,153184.67540339
2025-06-25 13:00:00,107224.9,108124.6,107115.3,107920.0,336842.90786563
2025-06-25 14:00:00,107917.7,108151.2,107220.7,107622.1,504222.45222875
2025-06-25 15:00:00,107622.9,107634.0,106725.4,107036.1,268754.4614083
2025-06-25 16:00:00,107034.6,107511.8,106899.0,107150.0,214915.66122715
2025-06-25 17:00:00,107150.1,107539.9,106911.7,107403.9,273624.41692939
2025-06-25 18:00:00,107400.1,107532.7,107172.1,107404.0,156546.30905273
2025-06-25 19:00:00,107406.8,107906.2,107363.6,107754.9,236295.99613316
2025-06-25 20:00:00,107754.8,107884.6,107485.9,107775.6,143068.93171528
2025-06-25 21:00:00,107775.5,108000.0,107446.1,107560.1,140019.03854816
2025-06-25 22:00:00,107560.0,107562.5,107206.2,107270.6,127595.29778618
2025-06-25 23:00:00,107270.6,107386.0,107066.9,107335.5,120989.12959247
2025-06-26 00:00:00,107335.6,107624.9,107238.5,107310.4,135091.18404582
2025-06-26 01:00:00,107313.9,107880.7,107093.8,107638.0,253612.86206055
2025-06-26 02:00:00,107625.6,108052.1,107533.0,107924.0,140201.51030473
2025-06-26 03:00:00,107923.9,108270.0,107767.2,107856.0,274505.93629063
2025-06-26 04:00:00,107860.0,107982.6,107692.3,107844.5,111045.70987447
2025-06-26 05:00:00,107844.5,107844.5,107500.0,107636.0,100855.90430657
2025-06-26 06:00:00,107638.0,107802.3,107531.7,107762.0,69757.74106519
2025-06-26 07:00:00,107760.1,108086.0,107748.6,107812.7,168953.61068903
2025-06-26 08:00:00,107812.7,108188.4,107712.9,107763.8,167472.40742462
2025-06-26 09:00:00,107740.2,107802.2,107290.5,107331.5,127894.01764595
2025-06-26 10:00:00,107331.5,107584.4,107250.0,107407.5,73403.98090514
2025-06-26 11:00:00,107407.5,107424.8,107124.7,107340.2,110292.18074825
2025-06-26 12:00:00,107340.2,107470.9,107057.3,107127.6,136402.19892991
2025-06-26 13:00:00,107127.7,107367.8,106800.0,106956.1,349774.5450419
2025-06-26 14:00:00,106956.1,107774.8,106800.0,107440.5,355138.19752092
2025-06-26 15:00:00,107453.1,107538.0,106581.2,107315.1,328188.63870708
2025-06-26 16:00:00,107316.0,107413.8,107012.0,107213.5,245479.27906702
2025-06-26 17:00:00,107213.4,107538.0,107148.1,107197.2,210376.15864857
2025-06-26 18:00:00,107197.2,107596.0,107115.3,107392.1,208504.09928036
2025-06-26 19:00:00,107392.0,107674.1,107307.6,107546.0,138338.55394861
2025-06-26 20:00:00,107546.0,107997.9,107382.7,107772.3,212049.56596268
2025-06-26 21:00:00,107772.2,107884.6,106837.4,107025.9,192931.17741636
2025-06-26 22:00:00,107016.0,107244.1,106899.0,106983.0,121070.2246326
2025-06-26 23:00:00,106986.0,107089.3,106840.0,106960.0,120251.36039495
2025-06-27 00:00:00,106962.9,107200.0,106668.0,106685.9,138216.20402426
2025-06-27 01:00:00,106686.0,107228.2,106443.8,107124.1,213310.0496332
2025-06-27 02:00:00,107124.1,107309.0,107000.0,107252.1,82614.77421475
2025-06-27 03:00:00,107252.1,107500.0,107115.3,107475.9,82695.28346709
2025-06-27 04:00:00,107476.0,107571.0,107350.6,107499.5,68771.98038698
2025-06-27 05:00:00,107499.6,107547.0,107258.0,107259.6,35089.52438211
2025-06-27 06:00:00,107259.7,107388.1,107200.0,107291.7,50121.73228591
2025-06-27 07:00:00,107279.2,107735.7,106850.7,106866.7,235259.81463058
2025-06-27 08:00:00,106866.7,107087.6,106682.0,107001.1,177731.22928319
2025-06-27 09:00:00,107001.1,107138.8,106666.8,107088.0,119211.30489804
2025-06-27 10:00:00,107088.0,107164.5,106953.1,107000.0,94228.11301056
2025-06-27 11:00:00,107000.1,107163.2,106924.6,106998.0,71730.97409262
2025-06-27 12:00:00,106999.4,107208.4,106612.9,106691.0,154563.76471307
2025-06-27 13:00:00,106685.2,106996.0,106406.3,106829.1,318403.22382812
2025-06-27 14:00:00,106835.6,107106.3,106384.6,106566.1,350671.85163214
2025-06-27 15:00:00,106566.2,107418.3,106488.1,107313.0,284556.65472964
2025-06-27 16:00:00,107313.0,107684.0,107104.0,107481.6,206581.24231321
2025-06-27 17:00:00,107481.6,107504.0,106477.6,106881.6,262962.89382953
2025-06-27 18:00:00,106881.9,107000.4,106450.0,106712.5,282637.26681806
2025-06-27 19:00:00,106701.0,107034.0,106482.7,106811.4,203763.21643241
2025-06-27 20:00:00,106811.4,107134.0,106800.0,107127.3,145906.23069451
2025-06-27 21:00:00,107127.3,107276.8,107029.9,107046.0,63346.34917247
2025-06-27 22:00:00,107046.1,107208.0,107046.1,107108.5,39216.10789816
2025-06-27 23:00:00,107108.6,107179.8,106971.1,107052.1,47484.24864931
2025-06-28 00:00:00,107053.9,107182.0,106858.1,107065.7,96960.04521617
2025-06-28 01:00:00,107064.1,107122.1,106806.9,107074.8,74162.09747243
2025-06-28 02:00:00,107074.8,107199.9,107018.1,107100.9,48956.53777108
2025-06-28 03:00:00,107101.0,107330.9,107073.7,107292.0,46351.68835369
2025-06-28 04:00:00,107292.0,107321.7,107176.1,107187.4,44759.91071661
2025-06-28 05:00:00,107187.4,107355.1,107173.2,107301.3,23779.31671838
2025-06-28 06:00:00,107301.4,107460.0,107301.3,107426.9,96266.41411657
2025-06-28 07:00:00,107426.9,107504.6,107398.6,107486.2,22508.60608323
2025-06-28 08:00:00,107486.3,107504.1,107349.8,107385.1,29400.45211805
2025-06-28 09:00:00,107385.0,107385.1,107274.0,107309.8,32884.077004
2025-06-28 10:00:00,107309.8,107415.9,107234.0,107263.9,118000.44446833
2025-06-28 11:00:00,107262.4,107371.0,107261.0,107367.0,9021.69983317
2025-06-28 12:00:00,107367.8,107370.0,107286.0,107335.2,10072.19503212
2025-06-28 13:00:00,107335.2,107356.4,107072.0,107103.9,41788.8705272
2025-06-28 14:00:00,107104.0,107257.6,107102.6,107202.1,28178.88968687
2025-06-28 15:00:00,107202.1,107550.0,107197.4,107430.1,53236.5511615
2025-06-28 16:00:00,107451.6,107522.0,107252.9,107300.0,71754.79144046
2025-06-28 17:00:00,107301.8,107547.9,107288.0,107466.0,35848.93348334
2025-06-28 18:00:00,107467.4,107478.0,107260.7,107324.1,31465.78572245
2025-06-28 19:00:00,107324.1,107342.0,107228.1,107228.1,9536.5667989
2025-06-28 20:00:00,107228.0,107236.0,107156.0,107195.0,18496.28602409
2025-06-28 21:00:00,107168.1,107358.5,107168.0,107327.5,31646.52732861
2025-06-28 22:00:00,107327.6,107381.9,107267.2,107369.1,34272.25053787
2025-06-28 23:00:00,107369.0,107369.1,107286.0,107302.6,12870.75485037
2025-06-29 00:00:00,107302.7,107511.8,107262.0,107472.1,38279.04501965
2025-06-29 01:00:00,107472.1,107473.2,107308.1,107317.0,20837.89419075
2025-06-29 02:00:00,107318.0,107357.9,107174.4,107295.6,37380.27892379
2025-06-29 03:00:00,107295.6,107301.0,107186.3,107214.4,16654.67510401
2025-06-29 04:00:00,107214.4,107279.9,107210.0,107270.1,9298.90054597
2025-06-29 05:00:00,107270.1,107316.0,107214.6,107315.9,9015.65873875
2025-06-29 06:00:00,107316.0,107385.9,107312.6,107373.3,10627.08554829
2025-06-29 07:00:00,107373.3,107413.6,107326.4,107384.0,18509.21148573
2025-06-29 08:00:00,107394.0,107729.1,107394.0,107694.8,49646.48137873
2025-06-29 09:00:00,107700.0,107985.3,107462.4,107902.1,100533.77544837
2025-06-29 10:00:00,107902.1,108300.0,107853.1,108152.3,152750.36393143
2025-06-29 11:00:00,108152.3,108479.4,108090.0,108479.4,62749.59323855
2025-06-29 12:00:00,108478.4,108530.1,108033.9,108189.8,119827.81690813
2025-06-29 13:00:00,108189.8,108232.0,108014.0,108054.1,84025.05471824
2025-06-29 14:00:00,108054.2,108210.0,107775.6,107943.3,86461.82675871
2025-06-29 15:00:00,107940.0,108026.2,107650.1,107746.1,86836.88441066
2025-06-29 16:00:00,107744.1,107787.3,107314.4,107552.1,103192.89674469
2025-06-29 17:00:00,107557.5,107593.0,107303.1,107533.0,57025.35229568
2025-06-29 18:00:00,107535.9,107711.9,107435.3,107628.1,41879.87818917
2025-06-29 19:00:00,107628.1,107630.3,107363.4,107400.0,29008.30874715
2025-06-29 20:00:00,107400.1,107490.7,107360.0,107360.0,24425.67497709
2025-06-29 21:00:00,107358.5,107735.0,107238.3,107551.9,71621.15043013
2025-06-29 22:00:00,107551.9,108270.0,107480.5,108079.4,255950.01195496
2025-06-29 23:00:00,108095.0,108439.9,108015.6,108361.5,176694.11354155
2025-06-30 00:00:00,108361.5,108780.1,108250.3,108713.5,173435.2233935
2025-06-30 01:00:00,108714.0,108778.5,108407.6,108504.9,146654.81028553
2025-06-30 02:00:00,108506.0,108662.0,108434.3,108482.1,75622.28338591
2025-06-30 03:00:00,108486.6,108590.0,108423.1,108506.0,37517.09855332
2025-06-30 04:00:00,108506.0,108542.0,108312.3,108322.3,54631.84955164
2025-06-30 05:00:00,108322.4,108395.9,108166.1,108285.5,48267.56807528
2025-06-30 06:00:00,108286.0,108304.0,107517.9,107591.9,92525.21774424
2025-06-30 07:00:00,107564.4,107750.0,107473.0,107621.0,111041.29142198
2025-06-30 08:00:00,107621.0,107750.0,107460.0,107504.1,60443.00826262
2025-06-30 09:00:00,107504.2,107708.0,107465.4,107477.0,35597.44540967
2025-06-30 10:00:00,107477.1,107662.6,107395.1,107652.5,36751.21964965
2025-06-30 11:00:00,107652.5,107965.8,107626.0,107662.2,77884.65365303
2025-06-30 12:00:00,107662.2,107831.0,107555.5,107581.1,66295.05422335
2025-06-30 13:00:00,107581.2,107877.7,107487.4,107528.0,205800.96589538
2025-06-30 14:00:00,107528.0,107644.8,106788.6,106806.9,483355.97897254
2025-06-30 15:00:00,106813.7,107779.5,106736.9,107575.0,402813.75894011
2025-06-30 16:00:00,107575.0,107800.0,107276.5,107600.0,193652.29503585
2025-06-30 17:00:00,107604.0,107796.0,107428.1,107464.1,169160.01140061
2025-06-30 18:00:00,107464.1,107628.0,107128.0,107240.0,129015.38932458
2025-06-30 19:00:00,107240.0,107793.7,107205.9,107746.0,127044.60385127
2025-06-30 20:00:00,107744.0,107770.0,107470.2,107573.3,123969.0469864
2025-06-30 21:00:00,107573.4,107720.8,106934.2,107123.0,84667.21857517
2025-06-30 22:00:00,107122.0,107315.4,107013.0,107102.0,95892.60998925
2025-06-30 23:00:00,107102.1,107261.9,107062.2,107144.0,89560.2515409
2025-07-01 00:00:00,107140.1,107455.6,107026.0,107378.0,122806.87442976
2025-07-01 01:00:00,107377.9,107547.8,107182.0,107219.8,121128.91520183
2025-07-01 02:00:00,107219.9,107415.5,107098.4,107102.9,95985.43752882
2025-07-01 03:00:00,107102.9,107225.9,107073.7,107196.9,60078.74829644
2025-07-01 04:00:00,107196.8,107216.7,106872.6,106884.0,58594.51760781
2025-07-01 05:00:00,106896.0,106966.1,106736.9,106945.4,139602.70334407
2025-07-01 06:00:00,106945.4,106945.4,106759.5,106886.1,60700.36238773
2025-07-01 07:00:00,106902.0,107188.6,106621.2,107178.0,142896.51355477
2025-07-01 08:00:00,107174.1,107184.1,106684.9,106714.1,102243.64154157
2025-07-01 09:00:00,106714.1,106796.2,106506.7,106559.8,81789.83760869
2025-07-01 10:00:00,106559.4,106644.0,106320.0,106496.0,89497.99363416
2025-07-01 11:00:00,106493.4,106629.9,106315.9,106610.6,100187.02070876
2025-07-01 12:00:00,106610.5,106712.7,106116.6,106416.2,140231.8036497
2025-07-01 13:00:00,106417.5,106879.1,106292.0,106806.6,288084.9224511
2025-07-01 14:00:00,106806.5,107182.1,105726.0,105920.0,749707.96954671
2025-07-01 15:00:00,105919.9,106204.7,105655.8,105956.8,420584.63475978
2025-07-01 16:00:00,105959.4,106276.0,105827.7,106076.8,225103.70348064
2025-07-01 17:00:00,106087.7,106289.3,105908.7,106250.1,163150.63818126
2025-07-01 18:00:00,106250.2,106262.2,105670.7,105738.5,115654.30085851
2025-07-01 19:00:00,105738.0,105797.8,105389.9,105389.9,264291.71271247
2025-07-01 20:00:00,105392.7,105994.6,105245.7,105918.0,163879.06736413
2025-07-01 21:00:00,105912.0,106104.1,105732.4,105789.9,114062.54347943
2025-07-01 22:00:00,105784.5,105913.3,105600.1,105621.1,109715.97805883
2025-07-01 23:00:00,105621.2,105713.8,105361.9,105688.0,112975.67061993
2025-07-02 00:00:00,105688.0,105790.2,105369.9,105385.4,158873.50433049
2025-07-02 01:00:00,105385.4,105793.9,105102.0,105719.9,157907.02215281
2025-07-02 02:00:00,105720.0,105919.7,105534.5,105910.1,59101.44829941
2025-07-02 03:00:00,105910.2,106211.6,105875.3,106190.0,142583.96799459
2025-07-02 04:00:00,106189.9,106387.6,106131.3,106387.6,79481.00177179
2025-07-02 05:00:00,106387.6,106674.0,106298.8,106635.2,80282.6662958
2025-07-02 06:00:00,106635.2,107011.6,106635.1,107010.0,103214.67282864
2025-07-02 07:00:00,107009.0,107188.5,106834.1,107080.0,106797.5718509
2025-07-02 08:00:00,107080.9,107751.1,107026.5,107731.9,182748.7037846
2025-07-02 09:00:00,107732.0,107788.0,107518.0,107638.0,116778.398808
2025-07-02 10:00:00,107638.0,107843.1,107239.3,107833.3,29094.25384602
2025-07-02 11:00:00,107833.3,107833.3,107186.5,107480.0,208.59536892
2025-07-02 12:00:00,107480.0,107492.0,106741.7,107376.2,252.68999732
2025-07-02 13:00:00,107376.2,108000.0,107000.0,107773.2,385.93456306
2025-07-02 14:00:00,107773.2,108182.9,107400.0,108149.3,524.2040432
2025-07-02 15:00:00,108149.4,108750.0,107750.0,108740.8,593.12359409
2025-07-02 16:00:00,108745.4,109818.1,108208.5,109404.2,1869.06334787
2025-07-02 17:00:00,109414.8,110000.0,108685.2,109134.0,731.77659789
2025-07-02 18:00:00,109134.0,109735.3,108703.9,109536.0,327.79343727
2025-07-02 19:00:00,109536.0,110000.0,108877.5,109665.9,385.82899756
2025-07-02 20:00:00,109675.9,109995.1,108931.0,109142.0,238.95089057
2025-07-02 21:00:00,109142.1,109549.9,108764.5,109444.4,118.58426144
2025-07-02 22:00:00,109444.5,109600.0,108800.0,109140.7,211.56478377
2025-07-02 23:00:00,109140.7,109257.7,108269.4,108838.8,212.00695065
2025-07-03 00:00:00,108838.9,109200.0,108400.0,108924.9,216.37132851
2025-07-03 01:00:00,108927.5,109255.1,108514.5,108986.1,229.59479361
2025-07-03 02:00:00,108986.1,109000.0,108195.6,108718.9,300.35996011
2025-07-03 03:00:00,108719.0,108810.9,108200.0,108638.0,186.75147629
2025-07-03 04:00:00,108638.0,109011.2,108383.1,108805.2,207.13348117
2025-07-03 05:00:00,108805.8,109500.0,108460.4,109344.6,291.17552226
2025-07-03 06:00:00,109348.0,109838.7,108269.2,109476.5,232.41294504
2025-07-03 07:00:00,109476.5,109750.0,108781.0,109273.9,324.87994562
2025-07-03 08:00:00,109273.9,109597.7,108934.0,109378.0,358.03088355
2025-07-03 09:00:00,109378.1,110500.0,109000.0,109937.9,688.820008
2025-07-03 10:00:00,109937.9,110166.8,109228.7,109835.9,378.82191951
2025-07-03 11:00:00,109836.0,109900.0,109228.5,109598.5,260.56831601
2025-07-03 12:00:00,109598.6,110000.0,108504.7,109160.5,801.55172779
2025-07-03 13:00:00,109164.6,110612.2,108916.6,110262.0,827.85201332
2025-07-03 14:00:00,110264.0,110633.3,109295.1,109723.3,1074.96211224
2025-07-03 15:00:00,109723.3,109830.0,108865.9,109128.0,500.70067684
2025-07-03 16:00:00,109128.3,109676.0,108792.0,109285.0,555.75871791
2025-07-03 17:00:00,109287.0,109659.9,109000.0,109559.7,2080.35789528
2025-07-03 18:00:00,109560.0,110200.0,109081.4,109674.8,274.84670022
2025-07-03 19:00:00,109678.9,110056.0,109383.9,109798.5,198.71144787
2025-07-03 20:00:00,109796.7,110160.0,109400.0,109946.9,203.53871832
2025-07-03 21:00:00,109947.0,110050.0,109038.6,109788.7,389.10193891
2025-07-03 22:00:00,109788.7,110245.6,109150.1,109704.5,209.7604675
2025-07-03 23:00:00,109704.5,110000.0,109200.0,109593.4,159.25784901
2025-07-04 00:00:00,109593.5,109828.1,109016.2,109470.1,208.72673646
2025-07-04 01:00:00,109474.4,109863.2,109079.7,109510.0,224.27417896
2025-07-04 02:00:00,109510.1,109510.1,108866.6,109188.3,226.5533933
2025-07-04 03:00:00,109187.4,109471.3,108859.4,109240.0,169.81160333
2025-07-04 04:00:00,109240.1,109500.0,108415.4,108986.6,185.80463809
2025-07-04 05:00:00,108986.7,109369.8,108600.0,109012.0,263.19834337
2025-07-04 06:00:00,109012.1,109464.6,108381.7,109021.8,316.55263005
2025-07-04 07:00:00,109025.9,109180.3,108300.0,108703.0,490.46165323
2025-07-04 08:00:00,108703.0,109269.7,108290.2,108760.2,1260.12301442
2025-07-04 09:00:00,108760.1,109455.1,108500.0,108992.7,273.43335867
2025-07-04 10:00:00,108992.8,109294.1,108553.4,108903.6,185.9165548
2025-07-04 11:00:00,108903.7,109353.6,108500.0,108888.1,239.98505375
2025-07-04 12:00:00,108898.0,109400.0,108286.5,108736.2,245.10303376
2025-07-04 13:00:00,108736.2,108955.1,107800.0,107984.1,357.4196278
2025-07-04 14:00:00,107982.9,108158.2,107100.0,107818.0,1125.16128807
2025-07-04 15:00:00,107819.1,108122.7,107244.1,107592.1,554.70449684
2025-07-04 16:00:00,107592.2,107900.0,106574.9,107644.5,596.14489493
2025-07-04 17:00:00,107646.0,108000.0,107400.0,107882.1,294.1754574
2025-07-04 18:00:00,107882.0,107950.0,107200.0,107504.0,180.97394229
2025-07-04 19:00:00,107500.2,107817.6,106720.1,107484.0,270.91276214
2025-07-04 20:00:00,107484.0,107817.8,107200.0,107696.5,76.73919509
2025-07-04 21:00:00,107696.5,108000.0,107401.1,107923.4,98.64077289
2025-07-04 22:00:00,107923.7,108412.7,107750.0,108249.9,121.77768847
2025-07-04 23:00:00,108250.0,108585.0,107750.0,107985.4,155.60438795
2025-07-05 00:00:00,107985.5,108423.0,107624.9,108195.9,160.38497569
2025-07-05 01:00:00,108195.9,108500.0,107562.7,107991.1,139.85269874
2025-07-05 02:00:00,107994.5,108095.9,107500.0,108071.8,171.93793584
2025-07-05 03:00:00,108071.9,108437.3,107777.7,108156.2,161.04385693
2025-07-05 04:00:00,108156.2,108585.0,107828.6,108134.2,108.40122881
2025-07-05 05:00:00,108134.2,108603.4,107771.7,108134.1,175.16298565
2025-07-05 06:00:00,108134.1,108497.9,107709.2,108278.6,144.72885943
2025-07-05 07:00:00,108280.0,108500.0,107750.0,108057.8,219.12627285
2025-07-05 08:00:00,108057.9,108131.6,107585.6,108023.2,146.23745281
2025-07-05 09:00:00,108023.3,108130.0,107535.7,108082.5,186.4506716
2025-07-05 10:00:00,108082.4,108296.5,107740.2,108086.6,113.74275687
2025-07-05 11:00:00,108086.6,108343.9,107800.0,108104.0,205.03871388
2025-07-05 12:00:00,108104.1,108250.0,107434.0,108152.0,171.57675412
2025-07-05 13:00:00,108152.1,108267.1,107604.2,108122.4,130.79497402
2025-07-05 14:00:00,108122.4,108378.0,107750.0,108196.0,148.36220074
2025-07-05 15:00:00,108196.0,108401.0,107505.1,108057.9,172.04532209
2025-07-05 16:00:00,108057.9,108116.8,107155.0,108105.5,399.54312683
2025-07-05 17:00:00,108105.6,108300.3,107750.0,108088.1,121.40255189
2025-07-05 18:00:00,108088.0,108303.1,107701.7,108000.0,163.06309523
2025-07-05 19:00:00,108000.0,108277.1,107513.0,108144.0,338.84808519
2025-07-05 20:00:00,108144.0,108307.5,107633.2,108093.0,72.7036272
2025-07-05 21:00:00,108093.0,108334.3,107453.1,108083.6,99.2802591
2025-07-05 22:00:00,108083.5,108357.4,107900.0,108181.5,149.45500443
2025-07-05 23:00:00,108181.5,108357.4,107804.8,108199.7,107.16793617
2025-07-06 00:00:00,108199.8,108267.1,107579.7,108210.0,122.01700716
2025-07-06 01:00:00,108210.0,108210.0,107830.6,108202.0,76.94039821
2025-07-06 02:00:00,108202.0,108338.2,107689.4,108047.2,108.26134419
2025-07-06 03:00:00,108047.3,108149.5,107524.7,108038.4,176.61457247
2025-07-06 04:00:00,108038.4,108364.3,107750.0,107975.9,129.30074505
2025-07-06 05:00:00,107976.0,108264.1,107600.0,107993.1,118.47286327
2025-07-06 06:00:00,107993.2,108250.0,107119.6,108121.9,294.18465446
2025-07-06 07:00:00,108122.0,108377.5,107764.4,108030.7,126.72831688
2025-07-06 08:00:00,108029.6,108074.0,107705.8,108000.2,117.62961415
2025-07-06 09:00:00,108000.2,108072.0,107337.1,107852.3,160.50808148
2025-07-06 10:00:00,107852.4,108187.5,107550.0,107980.8,119.41749881
2025-07-06 11:00:00,107980.7,108094.9,107611.2,108079.8,87.91251345
2025-07-06 12:00:00,108079.8,108243.3,107750.0,108239.3,118.28221258
2025-07-06 13:00:00,108242.0,109446.2,107676.6,108773.4,559.58118368
2025-07-06 14:00:00,108773.9,109200.0,108479.7,108934.0,351.05269332
2025-07-06 15:00:00,108934.1,109118.0,108335.0,108909.8,219.75443822
2025-07-06 16:00:00,108910.0,109266.6,108382.1,108857.0,411.90208607
2025-07-06 17:00:00,108857.0,109289.2,108400.0,108913.0,601.99733529
2025-07-06 18:00:00,108913.1,109038.4,107880.9,108472.1,581.61131358
2025-07-06 19:00:00,108472.1,108631.4,108011.5,108545.0,245.2917308
2025-07-06 20:00:00,108544.9,109014.4,108276.8,108666.7,145.85667763
2025-07-06 21:00:00,108665.2,109799.9,108520.7,109215.0,282.36345078
2025-07-06 22:00:00,109216.0,109554.0,108909.0,109223.0,193.96067661
2025-07-06 23:00:00,109227.4,109483.6,108813.7,109202.6,213.3012417
2025-07-07 00:00:00,109202.6,109464.6,108522.4,108822.0,185.43561449
2025-07-07 01:00:00,108822.1,109554.0,108589.4,109022.1,446.62339406
2025-07-07 02:00:00,109022.1,109554.0,108970.7,109363.9,287.73539107
2025-07-07 03:00:00,109364.0,109718.3,108999.9,109393.9,249.24762042
2025-07-07 04:00:00,109393.1,109512.5,108746.4,109118.0,226.25857593
2025-07-07 05:00:00,109118.1,109294.9,108755.6,109084.0,182.71114835
2025-07-07 06:00:00,109084.0,109305.3,108470.7,108788.0,266.62177036
2025-07-07 07:00:00,108789.7,109105.3,108200.0,109067.9,231.38038632
2025-07-07 08:00:00,109068.0,109294.7,108750.0,109012.3,173.5101591
2025-07-07 09:00:00,109012.2,109200.0,108553.4,108852.3,270.57403668
2025-07-07 10:00:00,108836.0,108934.0,108200.0,108691.7,234.65656313
2025-07-07 11:00:00,108691.8,108836.8,108188.9,108653.1,182.38231697
2025-07-07 12:00:00,108653.1,108800.0,108100.0,108354.1,294.168036
2025-07-07 13:00:00,108354.1,108700.0,107511.9,108536.0,613.73103587
2025-07-07 14:00:00,108536.0,108944.6,107553.1,108216.8,550.17270505
2025-07-07 15:00:00,108216.9,108775.6,107859.9,108301.9,348.0335791
2025-07-07 16:00:00,108300.7,108506.6,107756.4,107970.9,491.22050019
2025-07-07 17:00:00,107981.8,108800.0,107600.0,107948.8,442.42794207
2025-07-07 18:00:00,107950.0,108337.3,106972.9,108028.0,318.49577121
2025-07-07 19:00:00,108028.0,108333.3,107777.7,108044.0,246.43299757
2025-07-07 20:00:00,108029.1,108146.0,107656.5,107873.4,150.85082822
2025-07-07 21:00:00,107873.5,108228.1,107725.3,108168.0,127.74022068
2025-07-07 22:00:00,108169.9,108423.0,107800.0,108017.7,122.68280519
2025-07-07 23:00:00,108017.7,108400.0,107942.9,108262.0,138.70879457
2025-07-08 00:00:00,108262.1,108695.9,107938.0,108292.7,231.8701032
2025-07-08 01:00:00,108292.7,108292.8,106911.3,107700.1,330.30379631
2025-07-08 02:00:00,107700.0,108154.9,107159.9,107778.0,341.87460228
2025-07-08 03:00:00,107778.0,108250.0,107280.0,107900.1,261.8076502
2025-07-08 04:00:00,107900.1,108301.5,107500.0,108022.2,154.59525843
2025-07-08 05:00:00,108035.9,108371.7,107800.0,108209.0,143.64292772
2025-07-08 06:00:00,108209.1,108502.1,107956.1,108292.2,195.74148692
2025-07-08 07:00:00,108292.1,108682.3,108076.9,108483.8,300.54237736
2025-07-08 08:00:00,108484.0,108646.6,107956.1,108262.0,726.7475832
2025-07-08 09:00:00,108261.9,108600.0,107998.9,108466.8,207.01163144
2025-07-08 10:00:00,108466.8,108954.6,108170.4,108820.3,243.27955199
2025-07-08 11:00:00,108820.3,109000.0,108295.5,108755.9,317.41635645
2025-07-08 12:00:00,108756.0,109343.2,108446.5,108947.7,220.81194037
2025-07-08 13:00:00,108950.0,109228.5,108469.2,109031.1,491.53213753
2025-07-08 14:00:00,109021.4,109073.1,108200.0,108386.1,387.37161285
2025-07-08 15:00:00,108387.4,109012.0,107894.6,108265.9,428.32953192
2025-07-08 16:00:00,108266.0,108780.0,107942.9,108454.5,367.42675044
2025-07-08 17:00:00,108446.4,109172.5,108424.9,108989.0,795.78240734
2025-07-08 18:00:00,108989.7,109295.1,108553.9,109154.0,288.11072797
2025-07-08 19:00:00,109154.0,109200.0,108547.6,108780.0,165.58580477
2025-07-08 20:00:00,108766.0,108942.0,108491.6,108636.3,97.43599108
2025-07-08 21:00:00,108632.1,108976.7,108400.0,108897.3,94.29743231
2025-07-08 22:00:00,108898.0,109303.7,108427.5,108908.0,147.84175543
2025-07-08 23:00:00,108908.0,109130.0,108427.2,108926.0,137.40490169
2025-07-09 00:00:00,108926.0,108966.1,108520.7,108929.9,140.70626921
2025-07-09 01:00:00,108934.0,109142.6,108400.0,108787.4,219.35168971
2025-07-09 02:00:00,108787.5,109129.9,108371.1,108625.1,198.26631103
2025-07-09 03:00:00,108625.1,108677.9,108000.0,108373.6,166.22030149
2025-07-09 04:00:00,108373.1,108677.5,107950.8,108559.7,155.07350872
2025-07-09 05:00:00,108562.0,109130.0,108338.2,108785.7,190.77944384
2025-07-09 06:00:00,108784.5,108869.9,108246.0,108845.7,177.9450481
2025-07-09 07:00:00,108845.7,109370.9,108518.5,108722.0,204.40193713
2025-07-09 08:00:00,108722.0,108962.2,108540.0,108669.2,181.15223553
2025-07-09 09:00:00,108669.3,109017.0,108437.3,108768.1,197.55536839
2025-07-09 10:00:00,108768.1,109353.6,108466.6,108907.9,195.43465719
2025-07-09 11:00:00,108907.9,109394.4,108766.5,109066.0,162.30247056
2025-07-09 12:00:00,109065.9,109657.9,108900.0,109337.9,306.088553
2025-07-09 13:00:00,109337.9,109800.0,109090.4,109193.8,452.44559441
2025-07-09 14:00:00,109193.7,109636.3,107964.2,108905.1,484.81906378
2025-07-09 15:00:00,108905.1,109306.9,108425.0,109080.0,215.19542381
2025-07-09 16:00:00,109079.9,109732.1,108633.4,109410.2,470.84276072
2025-07-09 17:00:00,109410.1,109600.0,108786.3,109164.1,266.89623785
2025-07-09 18:00:00,109164.1,109795.1,108809.5,109536.1,190.53171111
2025-07-09 19:00:00,109536.1,112748.6,109289.2,111744.7,1392.68698385
2025-07-09 20:00:00,111745.8,112144.0,110413.7,110715.0,742.20249576
2025-07-09 21:00:00,110715.0,111633.1,110407.4,110837.2,387.76245243
2025-07-09 22:00:00,110829.1,111632.3,110689.3,111385.1,278.86084748
2025-07-09 23:00:00,111365.0,112000.0,110960.0,111240.1,292.59263646
2025-07-10 00:00:00,111240.1,111400.0,110716.8,110921.9,301.81597923
2025-07-10 01:00:00,110921.2,111600.0,110888.0,111208.0,332.16873282
2025-07-10 02:00:00,111208.1,111832.2,111000.0,111228.0,472.37139157
2025-07-10 03:00:00,111228.0,111631.8,110613.0,111080.8,1083.71217082
2025-07-10 04:00:00,111080.9,111425.9,110750.0,111159.4,1195.62559052
2025-07-10 05:00:00,111159.5,111267.2,110698.4,111102.0,1187.43639897
2025-07-10 06:00:00,111102.0,111384.1,110909.0,111240.0,1107.27843145
2025-07-10 07:00:00,111240.0,111558.6,110852.8,111223.6,486.76451973
2025-07-10 08:00:00,111225.2,111500.0,110700.0,111232.1,1010.46180196
2025-07-10 09:00:00,111232.1,111500.0,110612.3,111045.9,512.96199515
2025-07-10 10:00:00,111045.9,111226.3,110517.2,111100.0,272.61099146
2025-07-10 11:00:00,111100.0,111485.8,110713.8,111036.0,322.53447147
2025-07-10 12:00:00,111036.0,111200.0,110484.7,110866.0,379.6864333
2025-07-10 13:00:00,110866.0,111581.1,110479.6,110808.0,649.11866356
2025-07-10 14:00:00,110815.6,111600.0,110414.7,111250.0,621.7625975
2025-07-10 15:00:00,111249.9,111581.3,110800.0,111408.9,567.68010377
2025-07-10 16:00:00,111412.2,113365.0,111200.0,112652.0,1728.3553457
2025-07-10 17:00:00,112652.0,114304.5,112481.9,113728.6,1529.33737775
2025-07-10 18:00:00,113728.6,114104.5,112750.0,113422.6,829.91718678
2025-07-10 19:00:00,113422.6,113800.0,113060.2,113308.0,414.62100784
2025-07-10 20:00:00,113288.0,114000.0,113000.0,113493.3,305.89929143
2025-07-10 21:00:00,113488.8,118289.9,113265.2,116486.0,1965.42229257
2025-07-10 22:00:00,116486.1,116840.0,115608.0,116015.9,787.45542806
2025-07-10 23:00:00,116020.1,116538.4,115399.0,116016.0,490.9885565
2025-07-11 00:00:00,116015.9,116172.8,115000.0,115584.4,806.82667245
2025-07-11 01:00:00,115584.4,116395.8,115495.5,115968.6,494.36506429
2025-07-11 02:00:00,115968.6,117000.0,115661.0,116667.7,516.35394164
2025-07-11 03:00:00,116661.7,117500.0,116040.0,116906.9,701.12396869
2025-07-11 04:00:00,116902.0,117250.0,116400.0,117000.0,859.21937078
2025-07-11 05:00:00,116906.0,119249.7,116658.1,117842.4,1682.21999478
2025-07-11 06:00:00,117842.4,118431.2,117414.8,118282.2,150.86973101
2025-07-11 07:00:00,118282.1,118400.0,117244.1,117537.9,584.3202355
2025-07-11 08:00:00,117537.9,118511.0,117200.0,117970.0,1011.77203796
2025-07-11 09:00:00,117970.1,119249.7,117500.0,118474.1,1244.72223138
2025-07-11 10:00:00,118468.0,118744.5,117414.8,117953.3,432.51236973
2025-07-11 11:00:00,117800.0,118276.5,117161.9,117814.1,320.40066258
2025-07-11 12:00:00,117814.0,118414.5,117250.0,117876.9,373.16146483
2025-07-11 13:00:00,117876.9,118335.0,117000.0,117955.9,276.4214644
2025-07-11 14:00:00,117978.8,118500.0,117246.7,117855.8,314.75734249
2025-07-11 15:00:00,117855.8,117968.1,116500.0,116905.0,306.66202655
2025-07-11 16:00:00,116921.3,117800.0,116384.5,117402.1,435.01562714
2025-07-11 17:00:00,117403.0,117802.3,116984.0,117640.0,165.64249272
2025-07-11 18:00:00,117638.1,118016.0,116984.0,117716.0,174.18407546
2025-07-11 19:00:00,117716.0,118300.0,117200.0,118116.0,161.51706636
2025-07-11 20:00:00,118107.2,118500.0,117386.1,117657.9,102.17704754
2025-07-11 21:00:00,117658.0,117900.0,116866.6,117618.1,92.44535979
2025-07-11 22:00:00,117616.2,117766.0,116800.0,117624.1,89.77729517
2025-07-11 23:00:00,117624.2,117766.0,117066.6,117542.3,91.9093202
2025-07-12 00:00:00,117542.2,117845.7,116800.0,117422.0,129.46799468
2025-07-12 01:00:00,117422.0,118000.0,117161.9,117658.0,170.98089945
2025-07-12 02:00:00,117657.9,117907.9,117146.2,117613.3,169.99250828
2025-07-12 03:00:00,117613.2,118083.5,117160.0,117775.0,153.37111232
2025-07-12 04:00:00,117775.9,118000.0,117161.9,117670.0,142.80299962
2025-07-12 05:00:00,117670.0,117880.0,117070.1,117687.4,137.71352512
2025-07-12 06:00:00,117687.4,118000.0,117200.0,117850.1,167.98369688
2025-07-12 07:00:00,117850.1,118400.0,117200.0,117746.9,168.59279925
2025-07-12 08:00:00,117746.0,118000.0,117333.3,117927.5,211.85417881
2025-07-12 09:00:00,117928.0,118560.5,117499.9,118170.8,302.11988042
2025-07-12 10:00:00,118170.8,118600.0,117500.0,118100.8,135.69194601
2025-07-12 11:00:00,118086.5,118646.9,117500.0,117816.1,160.0126351
2025-07-12 12:00:00,117817.9,118100.7,116872.6,117549.0,198.03886474
2025-07-12 13:00:00,117550.0,117854.5,117000.0,117522.0,173.16497708
2025-07-12 14:00:00,117524.8,117904.5,116984.0,117385.4,273.49519363
2025-07-12 15:00:00,117384.1,117500.0,116358.4,117112.0,256.21583363
2025-07-12 16:00:00,117112.1,117800.0,116553.1,117197.9,257.33702309
2025-07-12 17:00:00,117198.9,118000.0,116765.3,117486.0,204.18426542
2025-07-12 18:00:00,117486.0,117600.0,116797.3,117502.1,158.55660798
2025-07-12 19:00:00,117502.1,117927.0,116984.0,117568.0,139.01648812
2025-07-12 20:00:00,117568.1,117982.1,116923.0,117051.1,126.63199281
2025-07-12 21:00:00,117030.4,117800.0,116725.5,117500.7,73.11455145
2025-07-12 22:00:00,117501.6,117979.7,116800.0,117388.7,108.17256155
2025-07-12 23:00:00,117388.7,117485.4,116704.8,117437.9,85.90414594
2025-07-13 00:00:00,117437.9,117545.0,116797.3,117317.2,94.4284248
2025-07-13 01:00:00,117317.2,117845.7,116792.4,117548.2,182.13452577
2025-07-13 02:00:00,117544.8,117824.6,117160.0,117612.0,298.99728765
2025-07-13 03:00:00,117619.1,117850.0,117160.0,117778.1,135.26426519
2025-07-13 04:00:00,117752.1,118000.0,117164.1,117881.3,177.73727866
2025-07-13 05:00:00,117884.1,118000.0,117162.4,117758.0,151.40716117
2025-07-13 06:00:00,117757.0,118000.0,117250.0,117886.1,169.637281
2025-07-13 07:00:00,117886.1,118400.0,117400.0,117999.9,143.37674104
2025-07-13 08:00:00,118000.0,118147.7,117189.8,117906.0,183.34349067
2025-07-13 09:00:00,117904.0,117982.1,117200.0,117753.8,139.81577827
2025-07-13 10:00:00,117753.7,118000.0,117200.0,117762.2,125.49155545
2025-07-13 11:00:00,117762.3,118491.1,117388.0,118108.1,157.51780072
2025-07-13 12:00:00,118086.8,118707.4,117527.0,118428.5,156.46525595
2025-07-13 13:00:00,118431.5,119000.0,117795.9,118613.2,311.29923705
2025-07-13 14:00:00,118613.2,119396.2,117958.5,118733.3,395.47554616
2025-07-13 15:00:00,118733.3,119138.2,118028.1,118678.1,277.51660679
2025-07-13 16:00:00,118678.1,119396.2,118100.0,118519.8,402.04916354
2025-07-13 17:00:00,118519.8,119088.9,118000.0,118697.5,439.97884164
2025-07-13 18:00:00,118700.0,119433.7,118199.9,118998.0,208.54528395
2025-07-13 19:00:00,118996.6,119880.0,118445.4,118999.9,277.74391355
2025-07-13 20:00:00,118970.1,119500.0,118345.7,119120.1,60.40889376
2025-07-13 21:00:00,119086.1,119243.3,118149.1,118650.7,81.88210963
2025-07-13 22:00:00,118653.8,119000.0,118076.9,118522.1,124.14955813
2025-07-13 23:00:00,118522.1,119201.9,118037.0,119092.0,70.9807232
2025-07-14 00:00:00,119096.0,119480.0,118500.0,119076.6,153.87819368
2025-07-14 01:00:00,119078.0,119250.0,118385.6,118385.6,96.68772129
2025-07-14 02:00:00,118385.6,119880.0,116750.0,119667.6,305.41778753
2025-07-14 03:00:00,119667.7,122467.5,119228.0,120770.1,1141.22922655
2025-07-14 04:00:00,120780.7,121929.2,120091.0,121419.0,458.30045796
2025-07-14 05:00:00,121412.0,123323.2,120573.4,122453.3,846.19930444
2025-07-14 06:00:00,122453.3,122600.0,121505.6,122133.0,345.93187934
2025-07-14 07:00:00,122133.0,123300.0,121573.0,122721.2,482.37577451
2025-07-14 08:00:00,122722.7,123010.7,121722.3,122562.0,460.95738782
2025-07-14 09:00:00,122562.0,122741.9,121303.5,121967.9,410.44791367
2025-07-14 10:00:00,121968.0,122143.0,121303.5,121914.3,343.09237416
2025-07-14 11:00:00,121916.5,122096.9,120803.4,121461.5,300.42790668
2025-07-14 12:00:00,121461.1,122986.2,121123.5,121899.9,767.50853334
2025-07-14 13:00:00,121900.0,122066.6,120658.5,121500.0,1406.54684222
2025-07-14 14:00:00,121500.0,122538.1,120551.3,121178.0,1242.6743945
2025-07-14 15:00:00,121178.1,121200.0,119490.0,119882.0,777.16477049
2025-07-14 16:00:00,119882.0,120725.0,118846.1,120271.7,814.97128228
2025-07-14 17:00:00,120270.5,120956.3,119456.4,119896.8,471.97659546
2025-07-14 18:00:00,119898.0,120186.3,119138.2,119626.2,323.01099334
2025-07-14 19:00:00,119617.9,120462.5,119243.3,119936.7,298.36180109
2025-07-14 20:00:00,119939.2,120513.0,119138.2,120169.6,208.63583383
2025-07-14 21:00:00,120167.8,120330.0,119569.1,120032.9,105.24957859
2025-07-14 22:00:00,120032.9,120497.1,119565.2,120056.7,161.28769176
2025-07-14 23:00:00,120052.2,120437.7,119250.3,119848.7,147.96209329
2025-07-15 00:00:00,119848.6,119950.0,119000.0,119497.9,222.10170407
2025-07-15 01:00:00,119497.9,119569.1,118402.1,118506.0,525.54504386
2025-07-15 02:00:00,118518.0,119000.0,117400.0,118250.0,1063.71764971
2025-07-15 03:00:00,118250.1,118463.3,117000.0,117162.4,2656.41449014
2025-07-15 04:00:00,117162.1,117845.5,116140.6,117487.3,1050.81158548
2025-07-15 05:00:00,117484.0,117800.0,116553.1,117324.6,364.64440492
2025-07-15 06:00:00,117318.1,117414.8,116700.0,117061.2,1208.20451553
2025-07-15 07:00:00,117062.0,117250.0,116333.3,116790.0,697.34928135
2025-07-15 08:00:00,116790.0,117293.0,116158.0,116762.7,446.54532079
2025-07-15 09:00:00,116762.7,117414.8,116240.0,116853.9,1211.80800547
2025-07-15 10:00:00,116776.1,117183.0,116309.9,117018.3,459.10129173
2025-07-15 11:00:00,117013.3,117160.0,116150.0,117116.0,1256.90787164
2025-07-15 12:00:00,117115.1,117504.0,116350.0,117206.6,1577.83361358
2025-07-15 13:00:00,117206.6,118500.0,116396.4,118075.6,3054.63612739
2025-07-15 14:00:00,118100.3,118457.8,115903.4,116003.2,2116.55957156
2025-07-15 15:00:00,116008.0,116800.0,115691.4,116385.8,1323.22729346
2025-07-15 16:00:00,116385.8,118000.0,116225.0,117183.7,641.23704112
2025-07-15 17:00:00,117184.0,117708.8,116725.5,117382.9,526.06070382
2025-07-15 18:00:00,117375.8,117383.0,116100.0,116722.8,518.44322209
2025-07-15 19:00:00,116720.0,117186.0,116100.0,116403.9,362.88081734
2025-07-15 20:00:00,116403.9,116800.0,116100.0,116397.6,217.24354056
2025-07-15 21:00:00,116396.3,117623.5,116333.8,117543.9,213.21972201
2025-07-15 22:00:00,117571.0,117821.4,116984.0,117821.4,1377.6093086
2025-07-15 23:00:00,117823.9,117965.9,116853.9,117752.0,1289.98811973
2025-07-16 00:00:00,117752.0,118400.0,116984.0,118114.0,1443.93054889
2025-07-16 01:00:00,118115.9,118200.0,117241.0,117725.2,509.48226181
2025-07-16 02:00:00,117718.0,117787.9,116984.0,117295.0,1033.89215058
2025-07-16 03:00:00,117295.0,117600.0,117200.0,117490.9,817.42273002
2025-07-16 04:00:00,117480.1,117670.0,117250.0,117603.3,601.24749178
2025-07-16 05:00:00,117606.8,118588.8,117250.0,117866.4,1022.47014136
2025-07-16 06:00:00,117866.5,117914.6,116709.6,117114.0,9422.74675453
2025-07-16 07:00:00,117114.0,117414.8,116872.8,116938.4,6223.02531672
2025-07-16 08:00:00,116938.4,117570.0,116938.4,117543.7,4751.62847181
2025-07-16 09:00:00,117543.7,118500.0,117519.0,117925.2,17756.56538832
2025-07-16 10:00:00,117925.2,118277.7,117571.9,117572.0,5980.77978427
2025-07-16 11:00:00,117572.0,117758.0,117482.9,117566.8,8417.04768009
2025-07-16 12:00:00,117566.8,117726.2,117441.5,117441.5,7297.84506888
2025-07-16 13:00:00,117440.9,117724.7,117060.0,117460.5,8853.62705553
2025-07-16 14:00:00,117460.5,117724.7,117190.8,117724.7,3648.22174334
2025-07-16 15:00:00,117724.7,117750.0,117399.9,117750.0,2255.74088374
2025-07-16 16:00:00,117750.0,118666.0,117424.0,118666.0,3440.45527799
2025-07-16 17:00:00,118666.0,118888.0,118034.6,118888.0,5581.46840197
2025-07-16 18:00:00,118888.0,118888.0,118263.3,118888.0,4635.2648231
2025-07-16 19:00:00,118666.6,119315.9,118126.5,119241.2,3430.51896887
2025-07-16 20:00:00,119241.5,120000.0,118600.0,119915.9,313.41028343
2025-07-16 21:00:00,119916.0,120000.0,119000.0,119302.0,1300.58265854
2025-07-16 22:00:00,119302.1,119569.1,118240.0,118656.0,326.52942379
2025-07-16 23:00:00,118656.0,119200.0,118064.7,118525.0,432.95117523
2025-07-17 00:00:00,118525.0,119200.0,118064.7,118888.0,347.4503268
2025-07-17 01:00:00,118888.0,119083.9,117201.1,118136.4,625.60568668
2025-07-17 02:00:00,118136.4,118550.0,117600.0,118325.9,457.1144691
2025-07-17 03:00:00,118328.0,118559.5,117400.0,118121.5,450.09563154
2025-07-17 04:00:00,118120.0,118903.1,117780.0,118489.8,529.23044793
2025-07-17 05:00:00,118489.8,118655.4,117845.7,118582.3,634.38103746
2025-07-17 06:00:00,118582.3,119314.7,118000.0,118466.8,639.36635559
2025-07-17 07:00:00,118460.0,118927.1,117854.4,118316.0,608.51632048
2025-07-17 08:00:00,118327.8,118449.9,117854.5,118341.0,430.54927848
2025-07-17 09:00:00,118341.0,119204.1,118064.7,118777.8,517.12451171
2025-07-17 10:00:00,118771.7,118994.0,117850.0,118352.0,345.80135056
2025-07-17 11:00:00,118352.1,118408.0,117673.1,117978.1,258.64799808
2025-07-17 12:00:00,117978.1,118385.6,117407.2,117896.0,554.74977067
2025-07-17 13:00:00,117868.5,118454.3,117388.0,118281.7,711.33997732
2025-07-17 14:00:00,118281.6,119000.0,118000.0,118755.9,683.09895155
2025-07-17 15:00:00,118759.9,119281.8,118023.2,118876.0,496.9184323
2025-07-17 16:00:00,118876.0,119233.6,117991.5,118561.1,467.19022288
2025-07-17 17:00:00,118561.0,119340.1,117999.9,119266.7,386.68006046
2025-07-17 18:00:00,119266.7,119808.8,118866.6,119584.2,392.22796816
2025-07-17 19:00:00,119580.1,119870.6,118707.4,118963.5,296.34881114
2025-07-17 20:00:00,118964.0,119801.2,117982.1,119428.0,848.4516788
2025-07-17 21:00:00,119437.5,120967.2,119225.2,120257.4,777.7126533
2025-07-17 22:00:00,120258.1,121000.0,119387.0,119776.6,429.36074465
2025-07-17 23:00:00,119764.3,119959.7,118789.0,119177.9,449.20043831
2025-07-18 00:00:00,119177.9,119800.0,118800.0,119750.0,473.0044541
2025-07-18 01:00:00,119754.0,120822.9,119280.0,120340.5,754.93794563
2025-07-18 02:00:00,120340.5,120600.0,119388.3,120086.1,489.27978855
2025-07-18 03:00:00,120086.1,120754.7,119565.2,120214.0,406.90003507
2025-07-18 04:00:00,120219.5,120834.4,119400.0,120401.0,227.30565941
2025-07-18 05:00:00,120400.1,121000.0,119800.8,120584.3,390.57536332
2025-07-18 06:00:00,120584.5,120909.0,119530.0,120229.3,546.25619352
2025-07-18 07:00:00,120229.3,120377.5,119101.1,119357.9,617.00732225
2025-07-18 08:00:00,119358.0,119504.3,118350.0,118624.0,1106.19830976
2025-07-18 09:00:00,118630.9,119252.2,118350.0,118885.0,628.6051675
2025-07-18 10:00:00,118888.0,119257.6,118350.0,119244.4,690.94342154
2025-07-18 11:00:00,119244.4,119299.6,118400.0,119164.9,279.36246351
2025-07-18 12:00:00,119168.1,119762.2,118748.5,119442.4,397.10782959
2025-07-18 13:00:00,119430.0,119435.1,118350.0,118768.0,557.55916673
2025-07-18 14:00:00,118768.0,119293.9,117388.0,118135.9,1049.45489046
2025-07-18 15:00:00,118132.9,118649.6,117388.0,117845.0,615.20649995
2025-07-18 16:00:00,117844.5,118053.4,117388.0,117557.9,456.18707639
2025-07-18 17:00:00,117552.1,117989.1,117250.0,117598.0,487.16310549
2025-07-18 18:00:00,117599.1,117800.0,117200.0,117305.9,302.54844031
2025-07-18 19:00:00,117305.9,117878.1,117200.0,117368.1,426.8723
2025-07-18 20:00:00,117368.1,117546.0,116830.4,117396.2,723.97386183
2025-07-18 21:00:00,117394.1,117885.0,117200.0,117681.3,177.58975886
2025-07-18 22:00:00,117672.7,118500.0,117410.0,117693.9,228.90354572
2025-07-18 23:00:00,117695.9,118028.0,117480.0,117934.0,154.1723668
2025-07-19 00:00:00,117934.1,118425.5,117480.0,117753.7,171.26274351
2025-07-19 01:00:00,117742.4,118505.9,117480.0,118042.6,207.62782013
2025-07-19 02:00:00,118042.7,118303.4,117499.9,118200.6,277.82268088
2025-07-19 03:00:00,118211.1,118396.0,117600.0,118360.8,215.89551004
2025-07-19 04:00:00,118361.1,118400.0,117925.1,118133.6,584.85814641
2025-07-19 05:00:00,118133.7,118295.4,118072.0,118210.0,2503.68285093
2025-07-19 06:00:00,118208.0,118314.0,118072.0,118168.1,217.38922847
2025-07-19 07:00:00,118168.1,118330.0,117800.0,118172.0,747.85387821
2025-07-19 08:00:00,118172.1,118476.0,117750.0,118110.0,845.47562921
2025-07-19 09:00:00,118110.0,118325.0,117995.0,118239.4,703.66153852
2025-07-19 10:00:00,118239.5,118750.0,117995.0,118410.0,672.04910988
2025-07-19 11:00:00,118444.0,118707.4,117900.0,118327.9,152.80248416
2025-07-19 12:00:00,118328.0,118435.0,117708.3,118244.0,158.5063755
2025-07-19 13:00:00,118244.0,118435.0,117587.3,118187.9,158.89700493
2025-07-19 14:00:00,118000.0,118435.0,116490.6,117658.7,406.94928422
2025-07-19 15:00:00,117666.6,118435.0,117400.0,118060.1,384.48168196
2025-07-19 16:00:00,118052.1,118650.0,117578.5,117980.0,928.41217475
2025-07-19 17:00:00,117980.0,118200.0,117583.7,117815.9,725.81155754
2025-07-19 18:00:00,117810.9,118190.0,117670.0,117833.9,158.67917315
2025-07-19 19:00:00,117856.0,118142.2,117100.0,118000.0,151.88492779
2025-07-19 20:00:00,118004.0,118200.0,117500.0,117694.3,111.10900968
2025-07-19 21:00:00,117527.7,118100.0,117100.0,117694.9,201.77051223
2025-07-19 22:00:00,117692.1,118100.0,117523.8,117787.8,274.81622701
2025-07-19 23:00:00,117787.8,118302.9,117755.0,117838.2,174.21714596
2025-07-20 00:00:00,117838.2,118276.5,117600.0,117942.8,880.41364506
2025-07-20 01:00:00,117942.8,118376.6,117660.0,117946.0,92.98959775
2025-07-20 02:00:00,117946.0,118250.0,117660.0,117992.0,100.70579378
2025-07-20 03:00:00,117992.1,118250.0,117660.0,117969.5,151.72695674
2025-07-20 04:00:00,117969.5,118250.0,117660.0,117783.4,115.88543884
2025-07-20 05:00:00,117952.4,118250.0,117660.0,117846.0,125.19666415
2025-07-20 06:00:00,117848.0,117925.1,117660.0,117824.0,84.5542312
2025-07-20 07:00:00,117821.9,118250.0,117660.0,118028.0,138.1334166
2025-07-20 08:00:00,118022.1,118250.0,117850.0,118162.9,553.15654796
2025-07-20 09:00:00,118162.9,118275.0,117850.0,117982.1,266.17324327
2025-07-20 10:00:00,117982.1,118275.0,117850.0,117898.0,184.34288649
2025-07-20 11:00:00,117898.0,118275.0,117850.0,117890.0,414.65496462
2025-07-20 12:00:00,117890.0,118186.2,117660.0,118099.3,475.83479263
2025-07-20 13:00:00,118088.1,118275.0,117600.0,118275.0,1352.60461449
2025-07-20 14:00:00,118080.0,118499.9,117600.0,118000.0,3441.05384614
2025-07-20 15:00:00,118000.0,118772.5,117577.1,118682.7,4337.29998545
2025-07-20 16:00:00,118683.9,118842.0,117534.8,118572.6,966.05450504
2025-07-20 17:00:00,118572.6,118593.4,117534.8,118011.9,3413.74220855
2025-07-20 18:00:00,118011.9,118400.0,117499.9,118358.1,2245.55734735
2025-07-20 19:00:00,118358.0,118707.4,117229.7,117784.2,1673.33780256
2025-07-20 20:00:00,117784.2,118268.0,117100.0,118090.2,1700.85388691
2025-07-20 21:00:00,118092.6,118161.9,117100.0,118000.0,1858.61069278
2025-07-20 22:00:00,118000.4,118054.0,115325.8,117485.7,2718.87579495
2025-07-20 23:00:00,117485.9,117520.0,116900.0,117257.1,3745.28302141
2025-07-21 00:00:00,117260.0,117364.0,115578.6,117351.9,1844.34436226
2025-07-21 01:00:00,117353.8,117444.4,116193.2,117305.5,1836.28489078
2025-07-21 02:00:00,117306.1,118276.5,116741.8,117750.0,2042.45534847
2025-07-21 03:00:00,117956.6,118614.0,117680.0,118395.6,2433.3786445
2025-07-21 04:00:00,118398.0,118942.9,117708.3,117905.0,2323.20981731
2025-07-21 05:00:00,118121.5,118687.1,117713.7,118426.3,1153.8101359
2025-07-21 06:00:00,118426.4,119269.1,117845.7,119184.2,377.77647311
2025-07-21 07:00:00,119184.3,119781.5,118770.9,119360.0,643.67633022
2025-07-21 08:00:00,119361.8,119800.0,118500.0,119012.1,259.07359187
2025-07-21 09:00:00,119012.1,119251.2,117777.4,118200.0,2173.11193109
2025-07-21 10:00:00,118200.0,118650.0,117769.5,118577.4,4197.50069537
2025-07-21 11:00:00,118577.5,118800.0,117825.7,118080.1,7213.82235814
2025-07-21 12:00:00,118077.1,118595.9,117756.2,118040.0,21350.07767575
2025-07-21 13:00:00,118180.0,119109.2,117880.0,118856.8,31672.22977791
2025-07-21 14:00:00,118856.9,119250.0,117980.6,118821.8,22140.95145706
2025-07-21 15:00:00,118821.9,119133.3,118000.0,118318.0,21136.31105938
2025-07-21 16:00:00,118318.1,118473.6,117350.0,117792.3,39386.46437229
2025-07-21 17:00:00,117743.9,118218.2,117209.5,117841.2,18817.11685105
2025-07-21 18:00:00,117841.2,118197.7,117000.0,117147.0,21439.38749673
2025-07-21 19:00:00,117147.0,117519.9,116540.0,116888.8,44794.61617901
2025-07-21 20:00:00,116763.5,117368.0,116540.0,116950.0,25267.20982601
2025-07-21 21:00:00,116948.6,117450.0,116557.9,117221.8,14572.31582958
2025-07-21 22:00:00,117221.8,117644.4,117004.0,117356.0,6469.00700777
2025-07-21 23:00:00,117356.0,117513.9,116900.0,117378.1,7393.67120334
2025-07-22 00:00:00,117378.1,117964.6,116900.0,117121.7,12807.10276106
2025-07-22 01:00:00,117121.8,117953.9,116116.0,117761.9,75781.32158489
2025-07-22 02:00:00,117761.9,117905.5,116741.0,117024.1,21300.76189348
2025-07-22 03:00:00,117024.0,117250.0,116311.1,117218.0,43502.99296604
2025-07-22 04:00:00,117219.0,117380.0,116400.0,116566.6,21677.31061279
2025-07-22 05:00:00,116566.7,117600.0,116400.0,117307.8,15894.33877513
2025-07-22 06:00:00,117333.3,118114.3,117088.6,117848.0,16021.24554254
2025-07-22 07:00:00,117858.8,118650.0,117666.6,117997.9,25787.41025876
2025-07-22 08:00:00,117997.8,118370.0,117391.3,118300.0,31096.48481221
2025-07-22 09:00:00,118300.0,118750.0,117716.4,118398.9,24509.30546359
2025-07-22 10:00:00,118600.0,119243.3,118292.7,119200.0,17350.19576746
2025-07-22 11:00:00,119000.0,119250.0,118666.6,119152.7,16319.79985273
2025-07-22 12:00:00,119152.7,119821.9,118680.4,119287.9,17872.61091416
2025-07-22 13:00:00,119298.0,119826.3,118045.5,118150.0,74698.00038125
2025-07-22 14:00:00,118150.0,119129.3,117571.1,119064.0,74323.70569989
2025-07-22 15:00:00,119064.1,119455.9,118361.8,118922.3,31820.76729126
2025-07-22 16:00:00,118922.4,119380.1,118292.7,118689.0,25953.17399676
2025-07-22 17:00:00,118684.0,119347.7,118202.2,119210.0,36827.48446002
2025-07-22 18:00:00,119210.1,120234.9,118823.0,119754.0,59184.25470625
2025-07-22 19:00:00,119756.0,120377.5,118800.0,119275.1,25352.02967212
2025-07-22 20:00:00,119274.1,119888.9,118800.0,119691.1,14414.443418
2025-07-22 21:00:00,119694.0,119964.4,118876.4,119200.0,5344.79709553
2025-07-22 22:00:00,119200.0,120377.5,119193.8,119837.9,9282.1890857
2025-07-22 23:00:00,119837.9,120251.1,119400.0,119954.9,4678.12365083
2025-07-23 00:00:00,119954.9,120274.2,119024.7,119546.9,6551.61861618
2025-07-23 01:00:00,119553.0,119803.7,118956.4,119494.3,4993.52013103
2025-07-23 02:00:00,119494.3,119720.4,118547.0,119092.0,11964.51417287
2025-07-23 03:00:00,119096.5,119400.0,118328.4,118610.0,10190.70870599
2025-07-23 04:00:00,118609.9,119400.0,118133.8,119016.4,17414.78584816
2025-07-23 05:00:00,119016.5,119142.8,118161.0,118649.9,8017.4824541
2025-07-23 06:00:00,118649.9,118947.4,118000.0,118426.0,6099.97570306
2025-07-23 07:00:00,118426.9,119000.0,117876.7,118353.0,5227.17620344
2025-07-23 08:00:00,118335.5,119018.6,117876.7,118423.9,2839.2550058
2025-07-23 09:00:00,118424.9,118471.8,117003.3,118035.9,7574.67808313
2025-07-23 10:00:00,118035.9,118388.5,117539.8,118368.1,17480.16218234
2025-07-23 11:00:00,118368.2,118823.1,117905.0,118529.3,6723.78772898
2025-07-23 12:00:00,118528.0,118866.6,117226.0,117991.4,13628.43711452
2025-07-23 13:00:00,117980.0,118365.1,117300.0,117378.0,35448.06182775
2025-07-23 14:00:00,117376.0,118222.8,117300.0,118222.8,30604.57215382
2025-07-23 15:00:00,118223.9,118849.6,117606.0,118575.9,24830.37721597
2025-07-23 16:00:00,118578.2,118748.5,117380.0,117722.0,41397.17259294
2025-07-23 17:00:00,117722.1,118600.0,117000.0,118139.0,41533.23750813
2025-07-23 18:00:00,118148.0,118603.3,117708.3,118391.8,7939.63772204
2025-07-23 19:00:00,118391.8,118800.0,118200.0,118391.2,8523.33971157
2025-07-23 20:00:00,118396.0,118500.0,117500.0,117926.7,25012.19927104
2025-07-23 21:00:00,117911.7,118500.0,117000.0,118183.2,16526.29093326
2025-07-23 22:00:00,118190.8,118638.8,117716.4,118575.9,11304.90916525
2025-07-23 23:00:00,118578.4,118827.0,118136.6,118757.8,4072.72729886
2025-07-24 00:00:00,118757.8,119385.0,118333.3,119057.4,9068.55051815
2025-07-24 01:00:00,119057.5,119300.0,118400.0,119082.0,3849.23307065
2025-07-24 02:00:00,119082.0,119200.0,118292.7,118963.9,4020.25351789
2025-07-24 03:00:00,118964.0,119264.6,118328.4,118490.4,8970.31512433
2025-07-24 04:00:00,118488.2,118578.0,117517.2,117944.0,16272.62583676
2025-07-24 05:00:00,117942.1,118292.7,117200.0,117600.8,43884.29417482
2025-07-24 06:00:00,117600.8,118016.0,117200.0,117458.0,24030.58326916
2025-07-24 07:00:00,117458.0,118480.0,117000.0,118398.8,22920.82435945
2025-07-24 08:00:00,118380.0,118800.0,117905.0,118753.9,12777.13144179
2025-07-24 09:00:00,118754.0,118891.7,118136.6,118487.6,6798.50598102
2025-07-24 10:00:00,118508.4,118884.7,117627.8,118388.0,10299.80403512
2025-07-24 11:00:00,118387.9,118789.0,117999.9,118597.9,4537.15450183
2025-07-24 12:00:00,118597.9,118730.0,117940.0,118519.5,11131.4245586
2025-07-24 13:00:00,118521.9,118743.8,117940.0,118213.2,44285.23514637
2025-07-24 14:00:00,118213.3,119189.7,117506.0,119060.0,35948.82229498
2025-07-24 15:00:00,119058.0,119500.0,118309.6,119099.8,37494.15908246
2025-07-24 16:00:00,119110.2,119201.0,118000.0,118536.0,24280.64996446
2025-07-24 17:00:00,118536.0,119455.9,118100.0,119118.5,5221.19904142
2025-07-24 18:00:00,119121.9,119412.4,118666.6,119046.0,13214.45636689
2025-07-24 19:00:00,119040.0,119905.7,118466.6,118942.7,4620.69179151
2025-07-24 20:00:00,118951.3,119359.3,118359.3,118708.0,2594.09437171
2025-07-24 21:00:00,118721.1,119068.1,118292.7,118516.5,1764.88808894
2025-07-24 22:00:00,118516.3,118623.9,118100.0,118280.0,5034.82516505
2025-07-24 23:00:00,118280.0,118829.7,118100.0,118336.0,5652.54556022
2025-07-25 00:00:00,118335.9,118462.4,117500.0,117675.0,17839.79504576
2025-07-25 01:00:00,117675.1,118079.1,117200.0,117372.1,24640.58459905
2025-07-25 02:00:00,117372.0,117395.6,116108.1,116353.7,26468.53709986
2025-07-25 03:00:00,116344.0,116700.0,115000.0,115428.0,96966.5043391
2025-07-25 04:00:00,115418.0,116435.0,115000.0,116072.1,82393.92618908
2025-07-25 05:00:00,116078.6,116126.7,115100.0,115524.0,34469.9186971
2025-07-25 06:00:00,115520.0,115893.0,115000.0,115300.0,8530.76835059
2025-07-25 07:00:00,115352.0,115955.4,114400.7,115324.1,67374.53316063
2025-07-25 08:00:00,115324.1,115973.9,114948.6,115188.1,61039.68422645
2025-07-25 09:00:00,115192.1,116159.6,115000.0,116159.6,19891.41203249
2025-07-25 10:00:00,116024.1,116730.7,115750.0,116296.0,21711.03895995
2025-07-25 11:00:00,116300.0,117000.0,116160.2,116528.0,13948.3601648
2025-07-25 12:00:00,116528.1,116648.0,115675.6,116108.1,38490.62696518
2025-07-25 13:00:00,116110.0,116606.0,115500.0,116238.0,87935.31174883
2025-07-25 14:00:00,116236.7,116298.0,114409.6,114951.5,89048.95499653
2025-07-25 15:00:00,114953.6,115999.9,114706.3,115716.2,63598.066554
2025-07-25 16:00:00,115718.1,116228.0,115200.0,116184.6,41957.99457546
2025-07-25 17:00:00,116176.5,116500.0,115691.0,116046.3,16632.13129326
2025-07-25 18:00:00,116034.6,116629.2,115951.8,116496.1,8411.61945204
2025-07-25 19:00:00,116496.1,117400.0,116400.0,116685.2,15997.08990364
2025-07-25 20:00:00,116685.3,117500.0,116396.8,117044.0,17277.00360768
2025-07-25 21:00:00,117059.2,117398.0,116682.8,117215.3,9709.76474972
2025-07-25 22:00:00,117215.3,117650.0,116682.8,117289.7,1988.08610294
2025-07-25 23:00:00,117288.2,117651.2,116610.3,117616.0,3831.79269047
2025-07-26 00:00:00,117615.9,117784.0,117335.0,117499.9,7046.36894013
2025-07-26 01:00:00,117500.0,117610.0,116890.0,117152.0,3103.91964614
2025-07-26 02:00:00,117156.2,117773.6,116890.0,117475.2,5648.77987436
2025-07-26 03:00:00,117475.1,117849.9,117175.2,117498.1,1043.16494224
2025-07-26 04:00:00,117498.1,117900.0,117200.0,117504.9,357.11420842
2025-07-26 05:00:00,117504.9,117568.0,116932.2,117450.8,648.51556446
2025-07-26 06:00:00,117450.8,117494.0,116890.0,117347.4,608.06912876
2025-07-26 07:00:00,117348.1,117406.9,116771.8,117330.4,122.89223128
2025-07-26 08:00:00,117331.3,117713.7,116981.1,117573.9,783.13598807
2025-07-26 09:00:00,117573.9,117900.0,117078.6,117587.3,158.69696159
2025-07-26 10:00:00,117587.4,118250.0,117290.8,117979.5,13553.84519939
2025-07-26 11:00:00,117980.0,118200.0,117330.0,117778.1,3934.01470295
2025-07-26 12:00:00,117778.1,118250.0,117439.5,117913.9,2037.4471793
2025-07-26 13:00:00,117914.0,118250.0,117643.8,118134.4,5423.77556449
2025-07-26 14:00:00,118134.4,118233.4,117639.9,118060.1,2815.11584962
2025-07-26 15:00:00,118060.1,118200.0,117436.2,118126.5,2026.03883999
2025-07-26 16:00:00,118126.6,118740.7,117600.0,118069.9,1492.05471151
2025-07-26 17:00:00,118070.0,118334.6,117627.8,118031.9,1087.94518747
2025-07-26 18:00:00,118024.1,118409.0,117538.4,118083.9,955.14804983
2025-07-26 19:00:00,118083.9,118569.6,117526.8,118227.1,3164.3744171
2025-07-26 20:00:00,118227.1,118227.1,117510.7,117937.6,3600.1316087
2025-07-26 21:00:00,117937.3,118227.0,117500.0,118028.1,978.42711847
2025-07-26 22:00:00,118028.1,118400.0,117600.0,117997.1,5822.52365001
2025-07-26 23:00:00,117997.1,118039.2,117600.0,117917.8,2181.39725058
2025-07-27 00:00:00,117917.8,118260.2,117499.9,117946.2,2073.72097054
2025-07-27 01:00:00,117946.2,118222.8,117571.0,118088.1,1713.10409678
2025-07-27 02:00:00,118088.2,118377.3,117558.0,118328.0,563.27149461
2025-07-27 03:00:00,118326.0,118500.0,117600.0,118186.1,2807.16690921
2025-07-27 04:00:00,118186.1,118614.1,117811.0,118224.1,104.47902192
2025-07-27 05:00:00,118223.8,118763.1,117928.5,118293.0,2507.3481959
2025-07-27 06:00:00,118293.9,118862.1,117713.7,118277.9,773.60970243
2025-07-27 07:00:00,118277.9,118813.9,117780.3,118112.7,1033.67426504
2025-07-27 08:00:00,118112.2,118350.0,117482.9,117950.0,1315.64540834
2025-07-27 09:00:00,117950.0,118344.2,117371.6,117955.8,713.51236287
2025-07-27 10:00:00,117955.8,118599.0,117780.3,118192.0,221.29116163
2025-07-27 11:00:00,118194.0,118700.0,117692.3,118079.1,1041.14812379
2025-07-27 12:00:00,118079.8,118128.1,117347.4,118106.8,403.68362503
2025-07-27 13:00:00,118106.0,118743.8,117604.5,118212.4,871.03043307
2025-07-27 14:00:00,118213.8,118713.0,117688.6,118424.8,5577.49374831
2025-07-27 15:00:00,118428.0,118600.0,117888.0,118600.0,12589.09061939
2025-07-27 16:00:00,118600.0,119732.4,118302.9,119100.0,39313.5435365
2025-07-27 17:00:00,119103.6,119600.0,118473.7,119199.3,16549.19835385
2025-07-27 18:00:00,119199.2,119396.1,118426.9,119032.1,7247.59413316
2025-07-27 19:00:00,119032.1,119258.3,118366.0,118959.9,2256.15259538
2025-07-27 20:00:00,118960.0,119507.0,118302.9,118751.0,3157.90012281
2025-07-27 21:00:00,118760.0,119866.6,118216.8,119274.1,10420.56528522
2025-07-27 22:00:00,119291.9,119925.7,119224.5,119513.6,9567.6011975
2025-07-27 23:00:00,119513.6,119986.4,119037.3,119438.4,8534.4073756
2025-07-28 00:00:00,119440.0,120000.0,119000.0,119258.2,10557.90923538
2025-07-28 01:00:00,119258.2,119497.9,118589.1,119035.3,8824.88806817
2025-07-28 02:00:00,119037.4,119900.0,118873.4,119444.0,10481.83512803
2025-07-28 03:00:00,119447.9,119969.2,118749.9,119286.4,5882.79263514
2025-07-28 04:00:00,119286.4,119423.9,118750.0,119221.5,6882.41388946
2025-07-28 05:00:00,119221.5,119716.0,118696.5,119523.9,6762.70455386
2025-07-28 06:00:00,119524.0,119613.3,118891.7,119455.9,2198.2973504
2025-07-28 07:00:00,119456.0,119460.0,118330.2,118885.0,15609.95887395
2025-07-28 08:00:00,118884.0,119097.0,118426.9,119061.3,10695.33469097
2025-07-28 09:00:00,119066.1,119066.1,118359.3,118928.0,5732.83128023
2025-07-28 10:00:00,118934.0,118969.7,118239.2,118769.9,10247.61476853
2025-07-28 11:00:00,118770.0,119382.7,118000.0,118823.8,3596.88642104
2025-07-28 12:00:00,118823.7,119376.0,118371.2,118844.9,13301.004464
2025-07-28 13:00:00,118844.9,119089.5,118000.0,118445.9,49055.17467207
2025-07-28 14:00:00,118446.0,118789.0,117638.2,117991.9,42599.37736664
2025-07-28 15:00:00,117991.9,118510.0,117500.0,118170.4,12565.89173483
2025-07-28 16:00:00,118170.5,118500.0,117658.8,117800.0,7580.66764093
2025-07-28 17:00:00,117999.9,118117.3,117262.2,117671.9,12164.96696756
2025-07-28 18:00:00,117672.0,118000.0,117106.6,117785.5,10698.80124869
2025-07-28 19:00:00,117785.5,118500.0,117531.0,118062.4,11586.61427678
2025-07-28 20:00:00,118062.3,118173.9,117239.0,118052.0,18771.94107295
2025-07-28 21:00:00,118044.1,118461.5,117600.0,118119.1,3969.50751554
2025-07-28 22:00:00,118119.2,118500.0,117757.9,117867.9,18895.96747366
2025-07-28 23:00:00,117871.9,118181.8,117538.4,118073.8,7378.38604621
2025-07-29 00:00:00,118074.0,118885.2,117083.3,117979.9,19200.3876182
2025-07-29 01:00:00,117980.0,118252.0,117485.4,117780.1,2673.74365783
2025-07-29 02:00:00,117780.0,118519.6,117296.6,118096.0,18205.87776651
2025-07-29 03:00:00,118096.0,118804.0,117784.0,118763.9,9528.27421706
2025-07-29 04:00:00,118768.0,118960.3,118257.5,118531.4,8706.23700594
2025-07-29 05:00:00,118531.4,118862.0,118004.7,118804.3,9431.5583444
2025-07-29 06:00:00,118804.3,119142.8,118333.3,118754.1,5984.87956659
2025-07-29 07:00:00,118754.1,119379.2,118288.7,118893.3,9232.74939191
2025-07-29 08:00:00,118893.3,119374.9,118396.7,118932.0,6670.55368713
2025-07-29 09:00:00,118932.0,119027.6,118383.2,118783.5,9034.29481276
2025-07-29 10:00:00,118783.5,118842.0,117982.1,118320.3,5032.77504688
2025-07-29 11:00:00,118322.0,118885.2,117999.0,118600.0,4225.34192046
2025-07-29 12:00:00,118599.9,119099.3,118039.9,118896.0,6868.98621479
2025-07-29 13:00:00,118894.0,119297.4,118158.4,118619.9,21826.80729791
2025-07-29 14:00:00,118620.5,118943.6,117261.3,117826.0,34247.41684489
2025-07-29 15:00:00,117825.9,117959.9,116991.5,117391.6,34781.81235358
2025-07-29 16:00:00,117384.1,118000.0,116800.0,117730.1,23179.73691548
2025-07-29 17:00:00,117730.1,118473.2,117400.0,117772.0,13763.78896135
2025-07-29 18:00:00,117772.0,118129.1,117392.0,117598.7,9866.00794409
2025-07-29 19:00:00,117612.0,118068.1,117072.1,117512.0,11768.16290666
2025-07-29 20:00:00,117516.9,117872.0,116800.0,117496.0,28830.57513177
2025-07-29 21:00:00,117496.0,117784.0,116947.5,117592.1,4261.44091793
2025-07-29 22:00:00,117592.1,117876.7,117209.5,117846.0,3811.3264092
2025-07-29 23:00:00,117846.0,117998.0,117335.1,117944.1,4102.31209553
2025-07-30 00:00:00,117944.1,117992.3,117200.0,117748.0,3107.28728582
2025-07-30 01:00:00,117748.0,118016.1,117324.5,117862.1,2465.29190062
2025-07-30 02:00:00,117862.0,118265.0,117495.7,118028.0,6523.57822576
2025-07-30 03:00:00,118028.0,118400.0,117496.8,118161.7,6168.04066859
2025-07-30 04:00:00,118161.6,118500.0,117694.1,118001.8,2062.02336771
2025-07-30 05:00:00,118001.9,118554.9,117236.0,117995.0,2526.82026315
2025-07-30 06:00:00,117995.0,118802.0,117600.0,118282.8,1393.06210774
2025-07-30 07:00:00,118281.0,118791.2,117784.0,118128.1,1593.2552548
2025-07-30 08:00:00,118128.1,118495.3,117556.1,118376.4,2862.54177651
2025-07-30 09:00:00,118385.8,118561.0,117485.4,118165.9,5504.2787079
2025-07-30 10:00:00,118164.1,118701.5,117784.0,118015.2,3706.32165855
2025-07-30 11:00:00,118022.0,118203.0,117100.0,117560.5,13980.38882825
2025-07-30 12:00:00,117577.7,118307.6,117250.0,117730.5,15697.98911035
2025-07-30 13:00:00,117730.0,118136.3,117250.0,117682.0,33248.1585531
2025-07-30 14:00:00,117680.1,118726.1,117250.0,118710.1,38009.17247799
2025-07-30 15:00:00,118717.9,118877.1,117694.1,118001.7,36297.13977547
2025-07-30 16:00:00,118007.0,118200.0,117250.0,117746.7,11251.98423471
2025-07-30 17:00:00,117746.8,118396.7,117250.0,117802.8,4765.51686014
2025-07-30 18:00:00,117802.8,118044.8,116191.0,116521.1,62469.14331561
2025-07-30 19:00:00,116524.0,117123.9,115581.6,116916.0,137801.36044213
2025-07-30 20:00:00,116914.2,117500.0,116694.6,117181.0,23700.0490438
2025-07-30 21:00:00,117182.4,117780.3,116532.4,117333.2,6347.61429367
2025-07-30 22:00:00,117315.3,117854.9,116776.6,117490.1,7821.55538659
2025-07-30 23:00:00,117490.0,118000.0,117209.0,117836.4,3252.73856308
2025-07-31 00:00:00,117836.4,119044.1,117400.0,118413.8,7805.65854681
2025-07-31 01:00:00,118412.2,118559.5,117750.0,118065.9,7396.32613587
2025-07-31 02:00:00,118066.0,118496.2,117716.4,118444.1,4172.64450932
2025-07-31 03:00:00,118436.1,118891.7,118000.0,118472.9,6394.74970938
2025-07-31 04:00:00,118475.3,118800.0,118200.0,118511.1,3029.99080835
2025-07-31 05:00:00,118511.2,118551.6,117934.7,118365.5,1628.59688607
2025-07-31 06:00:00,118365.5,119051.3,118000.0,118700.0,734.62921162
2025-07-31 07:00:00,118699.9,118983.2,118400.0,118680.7,4488.94131429
2025-07-31 08:00:00,118680.0,118825.6,118042.7,118596.1,1522.36317117
2025-07-31 09:00:00,118596.0,118628.2,118089.0,118600.0,695.3369266
2025-07-31 10:00:00,118600.0,118727.7,118094.4,118527.9,216.74390333
2025-07-31 11:00:00,118528.0,118700.0,118200.0,118374.1,3836.5056159
2025-07-31 12:00:00,118374.1,118825.6,118155.7,118630.0,2654.63175437
2025-07-31 13:00:00,118628.1,118825.6,117826.0,118572.0,21631.86041228
2025-07-31 14:00:00,118572.0,118825.6,117784.0,117919.8,13590.51254582
2025-07-31 15:00:00,117919.9,118895.9,117680.0,118313.4,10131.33340576
2025-07-31 16:00:00,118314.0,118887.3,117811.0,118531.1,6693.57699272
2025-07-31 17:00:00,118535.7,118826.3,117718.9,117743.6,9487.79329729
2025-07-31 18:00:00,117744.0,118194.8,117400.1,117666.1,18313.05687301
2025-07-31 19:00:00,117679.2,117900.0,116500.0,116790.3,23767.01265996
2025-07-31 20:00:00,116786.9,117030.9,116250.0,116512.0,22134.81104295
2025-07-31 21:00:00,116511.4,117065.3,116237.2,116531.5,18712.28647014
2025-07-31 22:00:00,116529.5,116550.0,116002.8,116014.4,21887.1194366
2025-07-31 23:00:00,116011.2,116748.9,115500.0,115761.7,46051.28418048
2025-08-01 00:00:00,115754.8,116116.1,114320.0,115412.0,122028.19185492
2025-08-01 01:00:00,115412.1,115623.6,114585.1,115342.1,89466.19417656
2025-08-01 02:00:00,115342.1,116033.0,115031.0,115971.4,8746.99110432
2025-08-01 03:00:00,115969.9,116318.4,115333.3,115646.0,6075.71343898
2025-08-01 04:00:00,115645.9,115699.6,115158.0,115699.2,7154.53680214
2025-08-01 05:00:00,115699.2,115918.9,115192.3,115570.0,5963.67294956
2025-08-01 06:00:00,115568.5,115769.6,114883.6,115152.0,14365.75954714
2025-08-01 07:00:00,115152.0,115577.7,114583.3,115080.1,24953.3345137
2025-08-01 08:00:00,115080.1,115291.8,114119.1,114612.0,58793.2217006
2025-08-01 09:00:00,114610.2,115581.6,114480.4,114951.9,11058.28811585
2025-08-01 10:00:00,114951.9,115492.6,114500.0,114748.6,9100.63461698
2025-08-01 11:00:00,114759.3,115444.8,114305.2,115300.0,7675.79676475
2025-08-01 12:00:00,115296.1,115914.0,114740.0,115734.9,47000.81206128
2025-08-01 13:00:00,115735.9,116053.4,114000.0,114338.0,113931.31898801
2025-08-01 14:00:00,114340.0,116053.4,113938.0,115611.9,114991.39913671
2025-08-01 15:00:00,115613.9,116155.6,114462.0,115354.0,48154.95889306
2025-08-01 16:00:00,115346.9,115762.1,114818.0,115008.5,30268.75767262
2025-08-01 17:00:00,115004.0,115179.4,114250.0,114427.4,52649.37929253
2025-08-01 18:00:00,114428.1,114730.5,113680.0,113844.0,91669.83495834
2025-08-01 19:00:00,113837.4,114144.6,112977.5,113308.1,88847.58990466
2025-08-01 20:00:00,113310.1,114525.3,112956.8,113943.3,29440.86709115
2025-08-01 21:00:00,113945.2,114541.9,113494.6,113895.9,9199.97884067
2025-08-01 22:00:00,113896.7,114011.9,112520.0,113135.5,93107.26664969
2025-08-01 23:00:00,113132.1,113803.6,112742.4,113296.0,20638.84896891
2025-08-02 00:00:00,113294.4,114181.0,113140.8,113814.8,22818.95176897
2025-08-02 01:00:00,113814.9,113933.2,113000.3,113663.1,6868.65411772
2025-08-02 02:00:00,113660.4,113982.2,113107.8,113699.9,3794.76269397
2025-08-02 03:00:00,113719.8,114119.0,113247.6,113904.1,7286.6267718
2025-08-02 04:00:00,113907.9,114394.3,113517.2,114022.8,599.80063423
2025-08-02 05:00:00,114022.9,114525.0,113538.3,113983.9,1284.05078476
2025-08-02 06:00:00,113984.0,113992.5,113120.5,113705.9,4769.37915607
2025-08-02 07:00:00,113706.0,114391.2,113280.0,113988.9,1758.98998216
2025-08-02 08:00:00,113986.2,114281.1,113400.0,113690.2,2051.93269582
2025-08-02 09:00:00,113688.1,114352.0,113302.1,113686.9,3741.55634104
2025-08-02 10:00:00,113686.2,114000.0,113001.0,113483.4,2851.39883328
2025-08-02 11:00:00,113557.6,113917.9,113000.0,113779.2,3452.02175281
2025-08-02 12:00:00,113781.2,113795.9,113218.6,113631.9,2506.00251253
2025-08-02 13:00:00,113623.8,113706.0,112708.0,113460.9,6304.04111435
2025-08-02 14:00:00,113460.1,113541.9,112500.0,113106.0,11324.72459672
2025-08-02 15:00:00,113102.5,113818.2,112500.0,112843.9,10993.79476374
2025-08-02 16:00:00,112839.6,113302.1,112200.0,113197.6,16554.51098203
2025-08-02 17:00:00,113197.9,113666.6,112463.4,112725.0,12395.19033317
2025-08-02 18:00:00,112725.0,112918.1,111600.0,112334.0,43355.71613206
2025-08-02 19:00:00,112334.0,113045.0,111600.0,112238.0,25309.66056173
2025-08-02 20:00:00,112230.1,112789.1,112000.0,112789.1,13806.94672122
2025-08-02 21:00:00,112790.6,113067.6,112344.1,112864.0,5875.09500698
2025-08-02 22:00:00,112863.9,113500.0,112289.1,112858.1,2525.40155129
2025-08-02 23:00:00,112859.9,112955.7,112000.0,112560.0,12140.35581317
2025-08-03 00:00:00,112560.0,113009.2,111527.2,112941.2,29940.18370046
2025-08-03 01:00:00,112940.5,113594.7,112663.4,113107.9,12880.07196569
2025-08-03 02:00:00,113096.0,113528.7,112850.3,113512.3,2254.13688335
2025-08-03 03:00:00,113511.8,113750.0,112971.7,113601.6,1671.88211297
2025-08-03 04:00:00,113600.1,113600.1,112982.8,113470.3,1266.4218413
2025-08-03 05:00:00,113470.3,114000.9,113000.0,113618.8,617.19247061
2025-08-03 06:00:00,113618.9,113934.0,113020.1,113554.2,1831.62402143
2025-08-03 07:00:00,113555.0,113954.7,113146.9,113698.5,231.53291228
2025-08-03 08:00:00,113700.1,114000.0,113200.0,113685.9,1665.95543073
2025-08-03 09:00:00,113686.0,113853.3,113302.1,113648.1,581.3954309
2025-08-03 10:00:00,113648.1,114020.1,113302.1,113894.0,1214.52990851
2025-08-03 11:00:00,113894.0,114260.2,113600.0,113849.9,5426.90150678
2025-08-03 12:00:00,113851.3,114102.0,113400.0,114003.7,2323.09419365
2025-08-03 13:00:00,114003.8,114450.0,113379.2,113940.0,3301.56963556
2025-08-03 14:00:00,113940.0,114061.9,113500.0,113776.7,14578.12654746
2025-08-03 15:00:00,113770.3,114000.0,113585.0,113938.5,3682.80654065
2025-08-03 16:00:00,113943.3,114024.0,113585.0,113989.4,2583.84794516
2025-08-03 17:00:00,113987.8,114394.3,113600.0,114114.7,4096.05675774
2025-08-03 18:00:00,114114.8,114455.9,113940.8,114383.2,5979.35921803
2025-08-03 19:00:00,114383.2,114778.0,114000.0,114305.2,5681.60761919
2025-08-03 20:00:00,114306.0,114642.8,113761.0,114424.5,1223.47418721
2025-08-03 21:00:00,114416.1,114900.0,114000.0,114430.2,1915.55178345
2025-08-03 22:00:00,114430.3,114623.9,113940.8,114315.0,9192.77072097
2025-08-03 23:00:00,114315.4,114508.0,113668.1,114202.0,5450.95445305
2025-08-04 00:00:00,114202.1,115200.0,113744.6,114900.0,12202.02252192
2025-08-04 01:00:00,114909.9,115272.0,114392.5,114678.0,8715.53896674
2025-08-04 02:00:00,114679.9,114886.0,114260.2,114818.4,4913.36881716
2025-08-04 03:00:00,114826.4,114999.9,114247.3,114594.1,1545.20240814
2025-08-04 04:00:00,114577.6,114792.4,114119.3,114390.5,2353.19806039
2025-08-04 05:00:00,114390.5,114632.0,113928.5,114397.4,3023.23270707
2025-08-04 06:00:00,114397.4,114492.0,113874.9,114426.1,4795.40564196
2025-08-04 07:00:00,114426.1,115357.1,114126.5,114660.9,462.35679939
2025-08-04 08:00:00,114661.0,114889.0,114052.8,114103.5,220.63021359
2025-08-04 09:00:00,114103.5,114364.8,113195.7,113195.7,158.58251557
2025-08-04 10:00:00,113252.8,113252.8,113089.3,113092.2,24.48999466
2025-08-04 11:00:00,113092.2,115165.3,113072.1,113277.8,163.39773319
2025-08-04 12:00:00,113277.8,113846.1,113250.0,113333.0,74.33181754
2025-08-04 13:00:00,113333.0,113569.9,113000.0,113500.0,68.74052025
2025-08-04 14:00:00,113500.0,113895.9,113500.0,113520.9,69.324697
2025-08-04 15:00:00,113520.9,113862.6,113416.9,113484.4,32.2134924
2025-08-04 16:00:00,113484.4,113500.0,113484.4,113500.0,9.25659895
2025-08-04 17:00:00,113500.0,114001.0,113500.0,113998.5,77.28950927
2025-08-04 18:00:00,113998.5,114038.4,113760.0,113945.2,31.729376
2025-08-04 19:00:00,113961.5,113966.4,113579.1,113579.1,13.36792523
2025-08-04 20:00:00,113581.9,114542.7,113482.9,113820.0,138.82480927
2025-08-04 21:00:00,113820.0,114000.0,113727.9,114000.0,7.21781575
2025-08-04 22:00:00,114000.0,114110.3,113955.8,114020.0,83.37462551
2025-08-04 23:00:00,114020.0,114192.0,113942.3,113942.3,46.63961969
2025-08-05 00:00:00,113942.3,113942.3,113687.3,113693.4,31.81334843
2025-08-05 01:00:00,113693.4,113896.7,113547.7,113547.7,43.3160107
2025-08-05 02:00:00,113547.6,114642.8,113482.9,114400.0,229.84315223
2025-08-05 03:00:00,114597.6,114864.4,113113.9,113114.2,106.01250184
2025-08-05 04:00:00,113114.2,113727.9,113026.8,113193.1,61.04011473
2025-08-05 05:00:00,113193.1,113221.7,113123.8,113221.7,24.01737871
2025-08-05 06:00:00,113221.7,113874.9,113080.0,113191.3,61.39083741
2025-08-05 07:00:00,113191.3,114500.0,112676.3,113965.9,377.25851869
2025-08-05 08:00:00,113983.4,114541.9,113393.2,114290.0,401.63288065
2025-08-05 09:00:00,114291.1,114815.3,113936.5,114692.3,231.24788661
2025-08-05 10:00:00,114693.5,115099.9,114285.7,114846.8,334.74268221
2025-08-05 11:00:00,114849.9,115000.0,114285.7,114828.0,174.22520293
2025-08-05 12:00:00,114828.1,114908.8,112775.8,113944.0,365.47682922
2025-08-05 13:00:00,113944.1,114659.0,113514.8,114392.8,251.40547864
2025-08-05 14:00:00,114318.0,114374.8,111531.3,112413.2,937.50790257
2025-08-05 15:00:00,112413.2,113398.5,112200.0,112940.1,734.83884935
2025-08-05 16:00:00,112929.9,113780.4,112460.3,113177.7,490.64562135
2025-08-05 17:00:00,113177.7,113809.8,112857.1,113642.2,286.11952737
2025-08-05 18:00:00,113629.4,113924.7,113051.8,113652.8,290.49885598
2025-08-05 19:00:00,113652.8,113924.7,113409.1,113632.0,192.98939708
2025-08-05 20:00:00,113633.1,114231.5,113495.9,113706.3,189.67888331
2025-08-05 21:00:00,113706.3,114102.0,113500.7,113593.4,163.67611457
2025-08-05 22:00:00,113593.4,114400.0,113170.5,113958.1,317.99156233
2025-08-05 23:00:00,113960.5,114285.7,113888.6,114127.8,184.20768493
2025-08-06 00:00:00,114127.8,114143.8,113653.3,113890.5,236.19767936
2025-08-06 01:00:00,113892.0,114108.4,113170.5,113838.0,347.88406689
2025-08-06 02:00:00,113830.2,114285.7,113282.8,113635.8,172.54157242
2025-08-06 03:00:00,113636.1,113800.0,113000.0,113527.8,108.67862487
2025-08-06 04:00:00,113514.1,113596.7,113000.0,113432.3,110.50892273
2025-08-06 05:00:00,113432.4,114449.8,113200.0,114157.1,268.61674077
2025-08-06 06:00:00,114158.0,114500.0,113510.3,114087.6,287.90506611
2025-08-06 07:00:00,114088.0,114510.0,113843.7,114230.2,200.87799595
2025-08-06 08:00:00,114210.0,114265.2,113300.0,113943.1,329.02579896
2025-08-06 09:00:00,113943.2,114578.9,113571.4,114100.0,169.07980588
2025-08-06 10:00:00,114096.1,114499.7,113623.8,114069.1,122.43901433
2025-08-06 11:00:00,114062.0,114807.3,113653.8,114241.5,509.63612966
2025-08-06 12:00:00,114241.6,114341.1,113800.0,113910.9,359.25248013
2025-08-06 13:00:00,113917.5,114330.5,113052.4,114266.2,1353.93346021
2025-08-06 14:00:00,114267.7,114500.0,113800.0,114500.0,1348.80895489
2025-08-06 15:00:00,114500.0,115500.0,114196.9,115445.2,1381.62675884
2025-08-06 16:00:00,115420.3,115500.0,114600.0,115134.9,201.68308155
2025-08-06 17:00:00,115137.8,115833.3,114480.4,115515.9,485.68222509
2025-08-06 18:00:00,115516.0,116000.0,114883.6,115423.5,213.77444517
2025-08-06 19:00:00,115424.0,115599.2,114828.2,115265.2,103.72479246
2025-08-06 20:00:00,115265.2,115485.4,114703.1,115068.0,57.61781893
2025-08-06 21:00:00,115048.0,115342.0,114735.1,115036.7,215.99948342
2025-08-06 22:00:00,115036.7,115206.7,114750.0,115098.2,369.49325284
2025-08-06 23:00:00,115098.3,115206.7,114709.2,115002.0,361.45640893
2025-08-07 00:00:00,114999.8,115206.7,114679.0,114905.0,95.50442764
2025-08-07 01:00:00,114904.9,115697.0,114449.8,114755.9,120.73994282
2025-08-07 02:00:00,114755.8,115010.9,114004.0,114579.3,156.21351582
2025-08-07 03:00:00,114566.6,114629.9,114004.0,114549.6,99.59561323
2025-08-07 04:00:00,114549.5,114659.4,114004.0,114359.7,85.96794931
2025-08-07 05:00:00,114360.0,114802.2,114004.0,114583.3,117.16395423
2025-08-07 06:00:00,114582.0,115022.5,114119.0,114658.0,152.27689716
2025-08-07 07:00:00,114658.1,115325.8,114295.7,114787.8,188.78097397
2025-08-07 08:00:00,114796.3,115268.0,114500.0,114956.0,220.16719038
2025-08-07 09:00:00,114958.2,115081.8,114564.3,115064.0,138.59454898
2025-08-07 10:00:00,115070.0,116470.0,114800.0,116353.4,1009.17414709
2025-08-07 11:00:00,116353.6,116824.2,115866.6,116524.1,501.28482706
2025-08-07 12:00:00,116524.1,116941.8,115750.2,116383.9,384.76370668
2025-08-07 13:00:00,116384.1,116755.3,115760.8,116647.3,344.09374836
2025-08-07 14:00:00,116650.0,116729.7,115927.6,116345.9,477.79392258
2025-08-07 15:00:00,116378.0,116809.1,115839.1,116700.1,350.52282666
2025-08-07 16:00:00,116700.0,117120.0,115625.1,116268.1,335.14640325
2025-08-07 17:00:00,116266.0,116818.9,115780.1,116515.3,258.33518992
2025-08-07 18:00:00,116512.0,116785.7,115858.5,116578.0,141.03882525
2025-08-07 19:00:00,116566.1,117857.7,115999.5,117466.2,222.00174032
2025-08-07 20:00:00,117465.0,117825.2,117142.8,117187.9,175.95689278
2025-08-07 21:00:00,117186.1,117417.7,116818.9,117095.2,166.50355209
2025-08-07 22:00:00,117095.2,117636.3,116876.8,117564.8,344.09308964
2025-08-07 23:00:00,117569.9,117594.1,116932.2,117478.5,241.69889707
2025-08-08 00:00:00,117478.5,117963.4,116815.9,117278.0,348.96904691
2025-08-08 01:00:00,117274.6,117307.6,116400.0,116887.0,349.67287552
2025-08-08 02:00:00,116887.9,117338.3,116299.5,116702.0,480.14999392
2025-08-08 03:00:00,116702.8,117186.0,116299.5,116748.0,351.73878946
2025-08-08 04:00:00,116746.0,117239.0,116344.4,116748.9,425.69397948
2025-08-08 05:00:00,116748.9,117142.8,116000.0,116534.4,432.02216336
2025-08-08 06:00:00,116534.0,117000.0,116003.5,116750.1,283.99901757
2025-08-08 07:00:00,116750.1,117264.2,116299.5,116807.1,226.92624912
2025-08-08 08:00:00,116806.9,117166.6,116175.0,116620.1,160.9881768
2025-08-08 09:00:00,116620.1,117032.7,116000.0,116599.9,520.24233172
2025-08-08 10:00:00,116686.1,116716.0,116091.5,116548.1,79.90894292
2025-08-08 11:00:00,116548.1,116914.5,116299.5,116895.4,205.51041829
2025-08-08 12:00:00,116895.4,116895.9,116000.0,116502.0,165.73727942
2025-08-08 13:00:00,116502.0,116991.5,116233.5,116800.0,409.91901949
2025-08-08 14:00:00,116793.2,117300.0,116031.7,116497.9,560.67781319
2025-08-08 15:00:00,116495.0,116818.9,115590.0,116204.0,758.21719797
2025-08-08 16:00:00,116203.0,116373.3,115590.0,116204.0,571.07751467
2025-08-08 17:00:00,116205.0,116811.3,115950.0,116709.6,348.64673327
2025-08-08 18:00:00,116710.1,117338.3,116120.0,116503.2,405.34498338
2025-08-08 19:00:00,116504.4,116818.9,116000.0,116441.8,213.52726218
2025-08-08 20:00:00,116408.1,117000.0,116000.0,116891.4,161.68880107
2025-08-08 21:00:00,116891.4,117250.0,116363.6,116930.0,129.38995168
2025-08-08 22:00:00,116929.9,117203.0,116420.7,116867.9,148.79658132
2025-08-08 23:00:00,116867.9,116915.8,116501.0,116662.3,79.1917746
2025-08-09 00:00:00,116666.0,116800.0,116501.0,116586.1,111.84434977
2025-08-09 01:00:00,116588.0,116986.4,116501.0,116563.0,161.84353217
2025-08-09 02:00:00,116561.1,116983.9,115950.0,116400.1,164.2167427
2025-08-09 03:00:00,116400.1,116529.2,115950.0,116388.1,136.86403754
2025-08-09 04:00:00,116388.1,116909.0,115950.0,116441.5,181.72940767
2025-08-09 05:00:00,116447.2,117060.1,116100.0,116744.1,411.07209114
2025-08-09 06:00:00,116747.6,117000.0,116071.4,116649.7,319.04318064
2025-08-09 07:00:00,116650.5,116908.0,116249.9,116748.1,234.17481661
2025-08-09 08:00:00,116748.1,117333.3,116079.3,117099.9,714.36871984
2025-08-09 09:00:00,117100.0,117500.0,116575.9,117500.0,322.52516972
2025-08-09 10:00:00,117500.0,117920.7,117000.0,117412.1,285.55528339
2025-08-09 11:00:00,117412.0,117463.9,116600.0,117115.3,233.03391155
2025-08-09 12:00:00,117116.0,117338.3,116656.4,117000.0,942.04256302
2025-08-09 13:00:00,117108.1,117250.0,116671.5,116970.0,467.43595308
2025-08-09 14:00:00,116970.1,117015.6,116565.1,116977.6,380.77420326
2025-08-09 15:00:00,116973.4,117287.1,116089.0,116887.4,330.27331553
2025-08-09 16:00:00,116889.0,116940.8,115985.6,116636.3,347.75034627
2025-08-09 17:00:00,116635.4,116983.9,116000.0,116672.2,249.9899403
2025-08-09 18:00:00,116674.2,116731.6,115500.0,116624.9,302.60611941
2025-08-09 19:00:00,116624.9,116818.1,115912.3,116542.5,147.37656935
2025-08-09 20:00:00,116542.5,117071.4,115902.2,116772.5,185.63261529
2025-08-09 21:00:00,116772.3,117200.0,115649.7,116156.4,280.16111762
2025-08-09 22:00:00,116350.4,116818.9,116156.4,116547.2,366.87155448
2025-08-09 23:00:00,116547.2,117111.1,116437.4,116480.0,1433.44537646
2025-08-10 00:00:00,116480.0,117031.0,116480.0,116746.0,676.9652788
2025-08-10 01:00:00,116746.1,117200.5,116551.0,116577.9,2086.74966826
2025-08-10 02:00:00,116573.2,117323.7,116551.0,117310.0,1584.25091814
2025-08-10 03:00:00,117310.1,118502.1,116756.5,118502.1,2489.58639835
2025-08-10 04:00:00,118503.5,118784.5,118004.7,118492.9,219.05960465
2025-08-10 05:00:00,118491.2,118543.9,117857.7,118049.1,134.42102081
2025-08-10 06:00:00,118044.7,118222.1,117400.0,118076.9,189.30939296
2025-08-10 07:00:00,118076.4,118377.2,117338.3,117801.6,238.24049182
2025-08-10 08:00:00,117815.9,118400.0,117338.3,118300.1,230.92261468
2025-08-10 09:00:00,118300.1,118543.9,117857.7,118275.4,153.57146517
2025-08-10 10:00:00,118274.6,118418.1,117669.5,118010.1,169.39660756
2025-08-10 11:00:00,118010.1,118540.0,117578.7,118321.9,186.16640909
2025-08-10 12:00:00,118322.0,118888.8,117875.7,118519.3,293.55862982
2025-08-10 13:00:00,118506.5,118770.9,117857.7,118439.2,216.96306421
2025-08-10 14:00:00,118439.2,118896.6,117900.0,118768.0,264.18998873
2025-08-10 15:00:00,118768.0,119092.1,118198.3,118797.6,308.92396655
2025-08-10 16:00:00,118784.6,119072.0,118100.0,118656.0,310.72740194
2025-08-10 17:00:00,118655.3,118877.4,117929.7,118513.9,269.77621548
2025-08-10 18:00:00,118513.8,118676.5,117925.1,118538.8,118.37223521
2025-08-10 19:00:00,118538.8,118877.4,118046.4,118648.0,126.85691315
2025-08-10 20:00:00,118653.8,119072.0,117777.7,118315.8,145.6109167
2025-08-10 21:00:00,118315.7,118706.1,117768.4,118706.1,211.89122524
2025-08-10 22:00:00,118709.9,119072.0,118491.8,119072.0,140.42028603
2025-08-10 23:00:00,119069.9,119333.3,118750.0,119287.6,149.69708227
2025-08-11 00:00:00,119289.9,119555.5,118750.0,119125.4,214.27405168
2025-08-11 01:00:00,119124.1,119999.0,118888.8,119800.0,244.91454036
2025-08-11 02:00:00,119800.0,122444.4,119416.0,121847.8,762.62175875
2025-08-11 03:00:00,121852.3,122410.5,121033.7,121710.0,449.99994262
2025-08-11 04:00:00,121712.0,122222.2,121207.1,122074.2,221.31842634
2025-08-11 05:00:00,122072.0,122500.0,121415.7,122049.3,302.49380834
2025-08-11 06:00:00,122050.0,122844.4,121708.8,122299.9,245.01761104
2025-08-11 07:00:00,122306.0,122400.0,121216.2,121526.0,226.55805906
2025-08-11 08:00:00,121532.0,121864.0,121111.1,121682.7,213.34371656
2025-08-11 09:00:00,121682.7,122222.2,120826.6,121420.9,494.40456646
2025-08-11 10:00:00,121421.3,121594.6,120664.9,121186.7,150.75148069
2025-08-11 11:00:00,121162.3,121686.1,120031.2,120554.3,384.94308603
2025-08-11 12:00:00,120554.1,120715.7,119200.0,119649.5,316.62210897
2025-08-11 13:00:00,119656.0,120325.2,119075.2,120003.6,445.78932957
2025-08-11 14:00:00,120008.1,120800.0,119555.5,120230.2,390.61047971
2025-08-11 15:00:00,120234.0,120504.5,119634.1,120301.0,249.93272397
2025-08-11 16:00:00,120302.1,120999.9,119846.1,119960.0,319.6504359
2025-08-11 17:00:00,119939.5,120454.8,119333.3,119509.6,190.74858077
2025-08-11 18:00:00,119526.0,119900.0,119111.1,119783.3,177.22700146
2025-08-11 19:00:00,119777.9,119900.0,118527.9,119086.4,242.76302797
2025-08-11 20:00:00,119079.9,119136.5,117973.1,118824.5,168.32261444
2025-08-11 21:00:00,118824.0,119198.0,117490.6,118716.2,369.56431645
2025-08-11 22:00:00,118720.0,119186.5,117857.7,118897.9,283.24211098
2025-08-11 23:00:00,118898.7,119000.0,118400.0,118686.0,72.95581114
2025-08-12 00:00:00,118686.1,119416.0,118377.2,118962.0,156.79337769
2025-08-12 01:00:00,118952.3,119267.5,118431.5,118977.3,116.23475201
2025-08-12 02:00:00,118976.0,119371.3,118588.1,119058.9,135.48829048
2025-08-12 03:00:00,119059.0,119400.0,118377.2,118865.0,162.29624883
2025-08-12 04:00:00,118865.1,119400.0,118527.9,119071.4,106.30124967
2025-08-12 05:00:00,119067.9,119067.9,117852.6,118828.8,239.0685672
2025-08-12 06:00:00,118828.9,119398.4,118444.4,118849.8,129.63707621
2025-08-12 07:00:00,118866.0,119500.0,118700.0,119000.1,170.68708787
2025-08-12 08:00:00,119000.8,119555.5,118377.2,118818.0,251.42627734
2025-08-12 09:00:00,118817.9,119125.0,117504.4,118408.0,329.94003021
2025-08-12 10:00:00,118408.1,118666.6,117477.7,118455.3,347.80402792
2025-08-12 11:00:00,118457.7,118896.6,117857.7,118500.0,197.15172543
2025-08-12 12:00:00,118493.1,119272.7,117860.7,119264.7,534.97970952
2025-08-12 13:00:00,119265.3,119709.5,118444.4,118848.3,595.5738504
2025-08-12 14:00:00,118864.0,119799.9,118570.3,119449.9,352.82146275
2025-08-12 15:00:00,119450.0,120462.5,119099.3,119934.0,518.25268989
2025-08-12 16:00:00,119937.1,120181.9,119141.4,119636.8,343.16855739
2025-08-12 17:00:00,119644.5,119935.4,118896.6,119271.9,237.88262221
2025-08-12 18:00:00,119276.0,120228.5,119111.1,119340.7,226.47071304
2025-08-12 19:00:00,119341.9,120120.7,118944.3,119650.0,242.89124857
2025-08-12 20:00:00,119649.8,120331.6,119416.0,120189.2,349.79840874
2025-08-12 21:00:00,120189.1,120212.3,119416.0,119904.1,136.5146248
2025-08-12 22:00:00,119910.9,120454.8,119333.3,120089.9,211.84759023
2025-08-12 23:00:00,120089.9,120306.6,119712.5,120130.4,222.04349156
2025-08-13 00:00:00,120132.1,120191.9,119416.0,119728.0,126.49712146
2025-08-13 01:00:00,119710.0,119721.7,119000.0,119472.8,158.60715004
2025-08-13 02:00:00,119472.7,119744.2,118896.6,119556.0,191.03900178
2025-08-13 03:00:00,119556.1,119935.4,119000.0,119486.0,260.96160448
2025-08-13 04:00:00,119486.0,120000.0,118900.2,119338.0,260.86199714
2025-08-13 05:00:00,119338.0,119800.0,118444.4,119064.4,239.3239942
2025-08-13 06:00:00,119064.4,119463.9,118377.2,119420.7,350.42831801
2025-08-13 07:00:00,119420.8,119803.8,118800.0,119588.2,355.40663617
2025-08-13 08:00:00,119560.0,120454.8,119250.0,120051.1,1439.31044336
2025-08-13 09:00:00,120051.0,120500.0,119463.9,120112.1,264.47529137
2025-08-13 10:00:00,120112.7,120768.7,119881.3,120485.7,429.19597232
2025-08-13 11:00:00,120485.7,120800.0,119999.9,120567.7,409.1511981
2025-08-13 12:00:00,120556.1,120800.0,120000.0,120265.3,282.90816013
2025-08-13 13:00:00,120269.8,122049.2,120000.0,121771.0,467.26072178
2025-08-13 14:00:00,121771.0,122223.0,120504.5,120889.6,578.34506985
2025-08-13 15:00:00,120895.6,121371.9,120000.0,120914.0,419.80982692
2025-08-13 16:00:00,120924.3,121999.9,120553.3,121433.9,376.81805738
2025-08-13 17:00:00,121433.9,122222.0,121137.9,121811.9,296.98979756
2025-08-13 18:00:00,121808.0,121956.8,121076.6,121607.3,283.43673134
2025-08-13 19:00:00,121617.2,123310.4,121294.6,122759.7,250.22111327
2025-08-13 20:00:00,122763.2,123363.4,122400.0,122915.1,180.07743798
2025-08-13 21:00:00,122921.2,123010.3,122000.0,122537.4,182.06024355
2025-08-13 22:00:00,122574.0,124000.0,122454.5,122960.0,294.98971317
2025-08-13 23:00:00,122960.0,123910.8,122666.6,123309.0,271.43814002
2025-08-14 00:00:00,123308.1,124725.6,123250.0,123876.2,420.37086032
2025-08-14 01:00:00,123876.1,124075.0,123000.0,123341.9,424.29832899
2025-08-14 02:00:00,123338.3,123716.7,122923.0,123686.5,184.54946827
2025-08-14 03:00:00,123685.1,123999.0,122844.4,123345.4,236.55481038
2025-08-14 04:00:00,123344.1,123494.0,122452.8,123019.4,204.9306709
2025-08-14 05:00:00,123010.1,123356.1,121909.7,122147.9,261.17219369
2025-08-14 06:00:00,122132.2,122444.4,121303.5,121795.9,289.0286575
2025-08-14 07:00:00,121780.1,122221.4,121100.0,121720.0,250.94271806
2025-08-14 08:00:00,121717.2,122350.9,121210.0,121632.8,560.79666929
2025-08-14 09:00:00,121632.9,122272.5,121200.0,121660.1,203.64263547
2025-08-14 10:00:00,121660.1,122189.1,120756.0,120944.0,252.95810344
2025-08-14 11:00:00,120940.1,121142.8,120659.2,120953.9,222.04895288
2025-08-14 12:00:00,120959.2,121522.1,118609.7,118876.0,1455.38178704
2025-08-14 13:00:00,118870.9,119297.4,117854.2,118424.4,924.89776239
2025-08-14 14:00:00,118424.1,119622.6,117735.8,118804.2,533.37809793
2025-08-14 15:00:00,118805.5,119333.3,117738.2,118252.1,1143.72736495
2025-08-14 16:00:00,118238.0,118396.7,117362.7,117821.2,768.83014935
2025-08-14 17:00:00,117871.0,118136.6,117362.7,117910.7,251.62415408
2025-08-14 18:00:00,117894.3,118679.2,117361.0,118087.8,418.1658937
2025-08-14 19:00:00,118090.7,118679.2,117555.5,117937.6,177.3478764
2025-08-14 20:00:00,117932.4,118344.2,117361.0,117867.9,147.45097537
2025-08-14 21:00:00,117856.9,118444.4,117361.0,117897.2,158.7781786
2025-08-14 22:00:00,117864.3,118679.2,117438.7,118319.8,101.96240328
2025-08-14 23:00:00,118276.5,118783.2,117658.9,118299.7,148.5654858
2025-08-15 00:00:00,118298.5,118826.3,117735.8,118181.2,762.0305348
2025-08-15 01:00:00,118181.1,118911.0,117748.0,118684.0,571.3695318
2025-08-15 02:00:00,118684.1,119042.9,118121.5,118699.7,244.6556272
2025-08-15 03:00:00,118699.6,119060.1,118400.0,118970.1,371.49034537
2025-08-15 04:00:00,118970.7,119428.2,118452.3,118844.0,894.20372185
2025-08-15 05:00:00,118843.3,119013.9,118643.0,119007.3,368.02109487
2025-08-15 06:00:00,118984.4,119328.1,118643.0,119089.8,173.57050154
2025-08-15 07:00:00,119089.9,119400.0,118643.0,118968.6,230.8939641
2025-08-15 08:00:00,118973.5,119428.2,118643.0,118882.1,173.96436105
2025-08-15 09:00:00,118882.1,119428.2,118611.1,118711.9,190.4737118
2025-08-15 10:00:00,118720.1,119122.3,118436.4,118880.1,258.45815353
2025-08-15 11:00:00,118878.8,119147.0,118452.3,119006.7,932.39851185
2025-08-15 12:00:00,119002.1,119400.0,118436.4,118645.5,821.85535984
2025-08-15 13:00:00,118643.3,118743.9,118349.6,118484.5,1034.39061497
2025-08-15 14:00:00,118349.6,118486.0,117635.2,117880.0,1442.74154027
2025-08-15 15:00:00,117877.2,118010.8,116920.8,117185.5,5845.41293845
2025-08-15 16:00:00,117185.5,117558.9,116858.0,117345.9,723.49585447
2025-08-15 17:00:00,117346.0,118161.0,116858.0,117580.0,364.57156766
2025-08-15 18:00:00,117580.1,117712.9,116858.0,117155.9,504.14235797
2025-08-15 19:00:00,117156.0,117417.3,116666.6,116929.8,166.38898329
2025-08-15 20:00:00,116929.7,117694.1,116652.7,117274.1,133.85358419
2025-08-15 21:00:00,117274.1,117708.3,116971.2,117323.6,88.16607575
2025-08-15 22:00:00,117323.7,117748.0,116850.0,117706.5,121.75591173
2025-08-15 23:00:00,117696.0,117770.0,116792.4,117338.1,194.82721756
2025-08-16 00:00:00,117338.0,117774.0,116792.4,117733.6,156.21723421
2025-08-16 01:00:00,117733.5,117907.0,117220.0,117820.6,99.45752852
2025-08-16 02:00:00,117820.6,118004.7,117079.3,117500.1,612.50846735
2025-08-16 03:00:00,117506.0,118113.1,117100.0,117432.0,266.25318466
2025-08-16 04:00:00,117432.0,118101.8,116880.0,117822.9,498.77911776
2025-08-16 05:00:00,117822.8,117893.5,117232.4,117592.7,103.38893362
2025-08-16 06:00:00,117607.9,117863.7,116809.6,117383.5,210.60574395
2025-08-16 07:00:00,117380.0,117697.0,117209.6,117606.6,169.98052276
2025-08-16 08:00:00,117606.6,118065.8,117115.3,117616.1,212.67800141
2025-08-16 09:00:00,117616.1,118181.8,116855.2,117298.0,206.75348408
2025-08-16 10:00:00,117294.1,117627.8,116652.7,117391.5,279.64090858
2025-08-16 11:00:00,117392.2,117785.7,116855.2,117385.8,172.33099307
2025-08-16 12:00:00,117386.4,117875.1,117253.6,117737.9,120.72469222
2025-08-16 13:00:00,117739.9,118050.2,117232.4,117636.6,148.83822575
2025-08-16 14:00:00,117636.7,118248.6,117056.6,117713.7,171.05214756
2025-08-16 15:00:00,117789.0,118303.3,117209.5,117687.2,186.07570589
2025-08-16 16:00:00,117687.7,117832.0,117253.6,117755.7,133.97032169
2025-08-16 17:00:00,117755.7,117770.3,117310.5,117700.1,93.90142213
2025-08-16 18:00:00,117700.2,117800.0,117280.8,117692.0,84.58961293
2025-08-16 19:00:00,117699.2,117800.0,117253.5,117680.4,101.99666598
2025-08-16 20:00:00,117680.3,117800.0,116563.6,117000.0,1499.89744314
2025-08-16 21:00:00,117000.0,117194.0,116563.6,117000.0,3084.26994611
2025-08-16 22:00:00,117000.0,117566.5,116563.6,117526.4,3248.15275592
2025-08-16 23:00:00,117470.0,117483.3,116983.9,117387.6,40.72438229
2025-08-17 00:00:00,117386.1,117796.8,116855.2,117260.0,148.51757901
2025-08-17 01:00:00,117256.1,117500.0,116666.6,117440.0,98.51270525
2025-08-17 02:00:00,117440.0,117627.6,117029.3,117605.2,85.22891418
2025-08-17 03:00:00,117604.4,117800.0,117026.8,117681.7,100.99891839
2025-08-17 04:00:00,117681.7,118200.0,117200.0,118084.0,276.0522647
2025-08-17 05:00:00,118083.9,118396.7,117734.6,118003.0,163.78783762
2025-08-17 06:00:00,118001.9,118398.6,117627.8,117926.0,416.92251449
2025-08-17 07:00:00,117926.0,118050.2,117579.2,118013.8,119.13990017
2025-08-17 08:00:00,118014.8,118398.6,117500.0,118374.0,197.23709626
2025-08-17 09:00:00,118373.9,118398.6,117900.0,118340.6,432.9529544
2025-08-17 10:00:00,118338.1,118392.4,117866.2,118392.4,109.67459808
2025-08-17 11:00:00,118393.9,118398.6,117800.0,118307.1,129.25273237
2025-08-17 12:00:00,118307.2,118398.6,117866.2,118156.0,151.2621358
2025-08-17 13:00:00,118156.0,118398.6,117646.5,118398.6,641.51926572
2025-08-17 14:00:00,118398.6,118398.6,118100.0,118158.0,622.43600463
2025-08-17 15:00:00,118158.0,118398.6,118100.0,118243.5,166.28773497
2025-08-17 16:00:00,118243.6,118398.6,117156.2,117831.9,346.54900783
2025-08-17 17:00:00,117831.4,118344.2,117173.0,117903.6,256.6533202
2025-08-17 18:00:00,117903.6,117957.7,116501.0,117557.5,227.694469
2025-08-17 19:00:00,117568.0,118000.0,117253.6,117590.0,105.80695497
2025-08-17 20:00:00,117575.6,118047.4,117253.6,117603.9,55.83954633
2025-08-17 21:00:00,117602.3,117784.9,117400.0,117713.5,30.57365141
2025-08-17 22:00:00,117695.2,118000.0,117253.6,117960.0,113.62756718
2025-08-17 23:00:00,117981.8,117981.8,116800.0,117415.5,158.56295538
2025-08-18 00:00:00,117409.7,117888.8,116501.0,117300.0,276.20962711
2025-08-18 01:00:00,117300.0,117438.7,116206.4,116282.0,498.15932246
2025-08-18 02:00:00,116253.4,116500.0,115430.0,115454.1,1311.2684551
2025-08-18 03:00:00,115444.0,116058.6,115073.0,115326.2,668.50620564
2025-08-18 04:00:00,115324.3,115741.7,115073.0,115477.6,166.76960832
2025-08-18 05:00:00,115477.6,115858.5,115000.0,115700.5,208.68160609
2025-08-18 06:00:00,115700.0,115727.9,114777.6,115260.0,358.40800277
2025-08-18 07:00:00,115260.0,115660.3,115000.0,115211.9,239.92798767
2025-08-18 08:00:00,115208.5,115676.4,114966.2,115140.3,234.89816208
2025-08-18 09:00:00,115140.4,115632.6,114646.3,115051.9,776.53730329
2025-08-18 10:00:00,115052.0,115685.0,114863.6,115066.0,171.20416715
2025-08-18 11:00:00,115065.1,115586.2,114750.0,114957.3,172.08939933
2025-08-18 12:00:00,114957.3,115801.9,114700.0,115535.1,198.00071698
2025-08-18 13:00:00,115535.1,115833.3,114746.5,114843.9,171.08642398
2025-08-18 14:00:00,114871.9,115660.3,114710.1,115649.9,256.86911637
2025-08-18 15:00:00,115625.5,116333.3,115238.4,116149.8,260.50622741
2025-08-18 16:00:00,116152.0,116500.0,115624.9,115965.2,277.65763517
2025-08-18 17:00:00,115964.1,116855.2,115800.0,116424.8,247.7719252
2025-08-18 18:00:00,116422.0,116800.0,116011.4,116481.7,153.10810556
2025-08-18 19:00:00,116481.6,116919.6,115979.2,116311.9,155.46167427
2025-08-18 20:00:00,116311.9,116538.0,115767.0,116411.7,97.08771279
2025-08-18 21:00:00,116413.4,116855.2,116058.6,116662.9,90.86952779
2025-08-18 22:00:00,116664.0,117056.6,116392.4,116398.5,75.25685011
2025-08-18 23:00:00,116397.2,116560.1,116100.0,116225.9,680.54030129
2025-08-19 00:00:00,116234.4,116855.2,115500.0,116570.7,290.86997868
2025-08-19 01:00:00,116560.0,117105.1,115660.3,115814.1,327.93580031
2025-08-19 02:00:00,115805.7,116534.0,115333.3,115759.2,547.4773715
2025-08-19 03:00:00,115664.8,116011.4,115000.0,115111.0,1709.47011345
2025-08-19 04:00:00,115111.0,115750.0,114500.0,115320.5,5550.81829719
2025-08-19 05:00:00,115320.5,115730.6,114954.1,114971.9,171.98076901
2025-08-19 06:00:00,114971.1,115600.0,114863.6,114900.0,754.3962459
2025-08-19 07:00:00,114900.0,115261.9,114420.5,114992.6,222.3360962
2025-08-19 08:00:00,114998.9,115538.4,114465.3,115192.9,233.45522759
2025-08-19 09:00:00,115191.5,115619.6,114847.6,115321.9,163.06403628
2025-08-19 10:00:00,115326.2,115873.3,114863.6,115397.9,155.0508769
2025-08-19 11:00:00,115398.2,115660.3,114999.9,115503.3,213.43069168
2025-08-19 12:00:00,115503.2,115801.9,114865.0,115593.9,352.33923905
2025-08-19 13:00:00,115593.9,115876.8,114916.6,115179.5,447.0315081
2025-08-19 14:00:00,115191.9,115379.7,114420.5,114600.0,3927.8717117
2025-08-19 15:00:00,114600.0,114931.6,114001.0,114001.0,3084.54801662
2025-08-19 16:00:00,114001.0,114543.3,113000.0,113382.0,1753.31987239
2025-08-19 17:00:00,113380.2,113921.0,112872.0,113512.1,2334.54209016
2025-08-19 18:00:00,113512.1,113800.6,113000.0,113056.1,1162.48688099
2025-08-19 19:00:00,113056.2,113546.0,112030.8,113123.3,889.52070448
2025-08-19 20:00:00,113121.1,113846.1,112750.0,113558.3,191.04072063
2025-08-19 21:00:00,113558.3,113944.8,113085.0,113412.1,144.85438195
2025-08-19 22:00:00,113411.2,113750.0,112872.0,113166.1,141.53255811
2025-08-19 23:00:00,113166.1,113333.3,112200.9,112865.7,267.19597813
2025-08-20 00:00:00,112865.6,113757.6,112606.9,113215.6,1102.21335799
2025-08-20 01:00:00,113209.8,113656.6,112580.0,113010.4,796.46594017
2025-08-20 02:00:00,113011.2,113583.3,112750.0,113448.9,240.5037697
2025-08-20 03:00:00,113448.9,113668.6,112800.0,113526.4,1397.34179453
2025-08-20 04:00:00,113526.0,113895.0,112758.1,113643.9,1574.74341559
2025-08-20 05:00:00,113456.3,113781.0,112850.3,113492.5,1329.97144281
2025-08-20 06:00:00,113680.0,113750.0,112933.5,113661.2,1679.7778552
2025-08-20 07:00:00,113469.2,113848.4,112979.7,113484.1,1354.25356279
2025-08-20 08:00:00,113292.1,114026.2,112977.5,113749.9,388.87420975
2025-08-20 09:00:00,113749.9,114273.4,113273.2,113456.3,959.93523726
2025-08-20 10:00:00,113653.8,113950.0,113200.0,113788.1,1057.46290286
2025-08-20 11:00:00,113788.1,113864.0,112872.0,113662.0,707.30081057
2025-08-20 12:00:00,113662.0,114067.0,113055.1,113226.8,1135.83181536
2025-08-20 13:00:00,113418.8,113670.0,112580.0,112800.0,2749.0124746
2025-08-20 14:00:00,112800.0,113856.3,112150.0,113472.0,1270.03310317
2025-08-20 15:00:00,113471.9,114465.3,113124.9,113362.1,1003.19196881
2025-08-20 16:00:00,113362.1,114323.4,113034.5,113500.1,1242.13267821
2025-08-20 17:00:00,113500.1,114470.0,113278.0,114207.4,812.05810466
2025-08-20 18:00:00,114208.0,114319.8,112933.5,113497.8,1352.03337535
2025-08-20 19:00:00,113496.9,114470.0,113073.3,114007.3,1307.33359882
2025-08-20 20:00:00,114007.3,114495.4,113385.9,114381.6,1193.1798881
2025-08-20 21:00:00,114381.6,114482.0,113600.0,114360.1,1455.23970339
2025-08-20 22:00:00,114359.9,114863.6,113862.9,114598.1,1248.61643765
2025-08-20 23:00:00,114598.1,114625.0,113670.6,114277.7,1083.19131108
2025-08-21 00:00:00,114277.7,114492.7,113800.0,114020.1,2460.91654344
2025-08-21 01:00:00,114020.1,114869.9,113800.0,114691.2,949.47803203
2025-08-21 02:00:00,114691.2,114824.5,113559.3,113800.0,965.49674969
2025-08-21 03:00:00,113800.0,115025.4,113559.3,113773.8,1320.42579122
2025-08-21 04:00:00,113773.8,114333.9,113430.5,113800.1,300.41339323
2025-08-21 05:00:00,113818.0,114250.0,113398.4,113986.2,164.9880367
2025-08-21 06:00:00,113985.6,114067.0,113200.0,113802.1,337.3884494
2025-08-21 07:00:00,113802.0,114010.9,113177.0,113889.4,199.40724806
2025-08-21 08:00:00,113889.3,114181.0,113398.4,113984.2,41.28962626
2025-08-21 09:00:00,113382.0,113763.6,113045.1,113370.0,89.90451186
2025-08-21 10:00:00,113379.3,114067.0,112737.9,113336.0,543.61317923
2025-08-21 11:00:00,113336.2,113921.0,112872.0,113139.3,255.46576342
2025-08-21 12:00:00,113139.3,113419.8,112450.0,113096.8,302.85756225
2025-08-21 13:00:00,113096.8,113921.0,112800.0,113497.2,328.54415088
2025-08-21 14:00:00,113492.9,114067.0,112634.3,113279.4,541.02270412
2025-08-21 15:00:00,113279.4,113527.1,112600.0,112792.1,10760.12285392
2025-08-21 16:00:00,112792.1,113086.3,112334.0,112382.7,4127.76001847
2025-08-21 17:00:00,112383.8,112872.0,112179.0,112417.7,693.0382122
2025-08-21 18:00:00,112417.7,112872.9,112150.0,112600.9,320.40628924
2025-08-21 19:00:00,112599.9,112790.0,111960.8,112198.0,15998.52796341
2025-08-21 20:00:00,112198.0,112954.5,112000.0,112458.4,25272.86960865
2025-08-21 21:00:00,112458.4,112875.0,112075.4,112626.0,25609.46864671
2025-08-21 22:00:00,112626.0,113078.4,112424.2,112506.2,28047.4432988
2025-08-21 23:00:00,112506.2,112872.0,112264.7,112511.5,29717.31323707
2025-08-22 00:00:00,112511.5,113010.3,112500.0,112636.9,26891.77363247
2025-08-22 01:00:00,112637.0,113274.7,112334.0,112839.9,27201.31414225
2025-08-22 02:00:00,112841.7,113809.8,112803.8,113145.2,25821.95862309
2025-08-22 03:00:00,113146.2,113668.6,112891.0,112938.7,30471.12863072
2025-08-22 04:00:00,112939.5,113596.3,112714.7,112847.4,29621.95434499
2025-08-22 05:00:00,112847.4,113292.1,112725.8,113247.5,29052.15946331
2025-08-22 06:00:00,113247.5,113500.0,112775.8,112995.0,11247.27314633
2025-08-22 07:00:00,112994.1,113295.0,112870.0,113097.5,529.89523947
2025-08-22 08:00:00,113097.3,113333.0,112870.0,112975.6,4909.55278167
2025-08-22 09:00:00,112974.5,113333.0,112500.0,113045.1,5016.92307525
2025-08-22 10:00:00,113044.5,113250.0,112500.0,112529.0,4710.61430924
2025-08-22 11:00:00,112530.9,112622.0,112000.0,112314.9,1219.82265864
2025-08-22 12:00:00,112312.1,112715.2,111111.0,112329.7,881.38875416
2025-08-22 13:00:00,112333.0,112682.5,111683.1,112481.9,1316.25239053
2025-08-22 14:00:00,112481.9,116361.3,112481.9,115809.0,20606.47953431
2025-08-22 15:00:00,115808.8,117255.3,115492.6,116361.3,13624.30011889
2025-08-22 16:00:00,116365.8,116782.3,116009.2,116142.9,3962.9231733
2025-08-22 17:00:00,116139.0,117012.0,116009.2,117009.5,823.62769464
2025-08-22 18:00:00,117009.1,117651.9,116475.3,116804.0,413.59969086
2025-08-22 19:00:00,116804.6,117056.6,116058.6,116639.5,233.30442386
2025-08-22 20:00:00,116647.2,117200.0,116238.2,117057.1,533.39837761
2025-08-22 21:00:00,117058.9,117488.2,116352.0,117025.1,230.66404206
2025-08-22 22:00:00,117028.0,117564.9,116332.6,116756.7,121.51225617
2025-08-22 23:00:00,116757.5,116943.8,116335.7,116942.6,98.40687332
2025-08-23 00:00:00,116943.8,117250.0,116456.9,116866.1,323.5731752
2025-08-23 01:00:00,116865.5,116879.4,116156.4,116442.7,262.65194399
2025-08-23 02:00:00,116447.6,116638.6,115349.2,115929.4,296.79723722
2025-08-23 03:00:00,115929.4,116050.7,114964.8,115569.5,258.73991633
2025-08-23 04:00:00,115568.2,115988.1,115261.9,115931.9,138.04157887
2025-08-23 05:00:00,115932.0,116485.6,115470.7,115952.1,528.74367934
2025-08-23 06:00:00,115952.1,116249.5,115566.4,115774.4,1154.23001222
2025-08-23 07:00:00,115777.9,116108.1,115313.5,115803.9,175.33898978
2025-08-23 08:00:00,115810.6,115875.7,115272.4,115744.9,128.57718116
2025-08-23 09:00:00,115744.9,116000.0,115199.9,115760.0,176.15424228
2025-08-23 10:00:00,115760.0,116058.6,115259.7,115581.7,164.99715438
2025-08-23 11:00:00,115580.6,115801.9,115000.0,115266.6,202.01737048
2025-08-23 12:00:00,115268.0,115599.2,114791.6,115215.6,312.29994292
2025-08-23 13:00:00,115217.3,115607.5,114583.3,114865.9,83872.03801666
2025-08-23 14:00:00,114865.8,115550.0,114443.6,114623.6,2022.02762182
2025-08-23 15:00:00,114621.2,115394.9,114179.0,114822.4,405.61078843
2025-08-23 16:00:00,114819.4,115261.9,114384.4,115016.6,401.96917223
2025-08-23 17:00:00,115017.3,115676.4,114534.0,115093.1,241.90983409
2025-08-23 18:00:00,115093.7,115644.7,114583.0,115154.1,225.28709982
2025-08-23 19:00:00,115154.2,115250.0,114583.3,115138.5,159.52881101
2025-08-23 20:00:00,115138.6,115400.0,114685.5,115325.5,73.63363792
2025-08-23 21:00:00,115325.5,115326.7,114583.0,115019.4,59.95082808
2025-08-23 22:00:00,115019.5,115666.6,114853.3,115317.0,70.310348
2025-08-23 23:00:00,115317.0,115607.3,114883.6,115424.1,461.59471345
2025-08-24 00:00:00,115424.1,115599.2,114828.2,115379.3,195.59520867
2025-08-24 01:00:00,115379.3,115660.3,114883.0,115476.1,101.12962993
2025-08-24 02:00:00,115473.0,115900.0,114918.3,115019.9,74.51500336
2025-08-24 03:00:00,115010.1,115261.9,114700.0,115035.5,177.23448708
2025-08-24 04:00:00,115035.6,115833.3,114600.0,115177.8,651.05922545
2025-08-24 05:00:00,115177.8,115400.0,114583.3,115009.9,180.86326545
2025-08-24 06:00:00,115010.0,115261.9,114650.0,114864.0,195.03810311
2025-08-24 07:00:00,114862.7,115261.9,114650.0,114890.0,2019.9823695
2025-08-24 08:00:00,114890.1,115050.0,114750.0,114846.8,5784.75550602
2025-08-24 09:00:00,114841.2,115586.2,114650.0,114846.2,385.40348155
2025-08-24 10:00:00,114848.1,115115.0,114583.0,114789.7,5002.07535266
2025-08-24 11:00:00,114789.7,115115.0,114600.0,114732.0,6197.55414058
2025-08-24 12:00:00,114732.0,115000.0,114600.0,114677.8,11615.24898189
2025-08-24 13:00:00,114674.1,114886.0,114500.0,114560.0,4061.30847982
2025-08-24 14:00:00,114560.0,114722.7,114319.9,114518.4,4994.43950899
2025-08-24 15:00:00,114518.1,115000.0,114250.0,114407.1,3598.80889039
2025-08-24 16:00:00,114406.7,114950.6,114200.0,114271.6,12897.45182717
2025-08-24 17:00:00,114271.6,114713.8,114000.0,114426.3,1821.91764107
2025-08-24 18:00:00,114426.3,115000.0,114000.0,114630.6,358.37106319
2025-08-24 19:00:00,114630.7,115146.4,110080.0,112606.2,3062.17703632
2025-08-24 20:00:00,112608.0,113018.4,111666.6,112764.0,402.69158557
2025-08-24 21:00:00,112782.6,113419.8,112353.2,112991.9,189.43036326
2025-08-24 22:00:00,112992.0,113895.0,112600.0,113448.7,279.89741071
2025-08-24 23:00:00,113446.1,113809.8,112880.0,113491.0,171.16060051
2025-08-25 00:00:00,113492.0,113512.0,111923.8,112646.3,2616.25061604
2025-08-25 01:00:00,112646.7,113157.8,112500.0,113073.3,8806.00408061
2025-08-25 02:00:00,113073.3,113975.4,112872.0,113414.3,258.9964903
2025-08-25 03:00:00,113413.0,113664.0,112880.0,112900.0,170.14437388
2025-08-25 04:00:00,112901.7,113550.0,112367.6,112766.7,199.73682828
2025-08-25 05:00:00,112766.8,113002.9,112083.3,112327.3,152.0150672
2025-08-25 06:00:00,112326.1,112538.0,111555.2,111926.1,278.66336706
2025-08-25 07:00:00,111926.1,112320.0,110782.2,111513.9,438.58746593
2025-08-25 08:00:00,111510.3,112320.0,110437.8,111422.4,520.34454535
2025-08-25 09:00:00,111422.5,112250.0,110833.3,111805.4,369.67142856
2025-08-25 10:00:00,111804.0,112201.0,110640.0,110994.0,374.8414367
2025-08-25 11:00:00,110993.6,111474.5,110355.7,111212.0,5774.26217991
2025-08-25 12:00:00,111216.0,111900.0,111000.0,111594.4,2547.74555561
2025-08-25 13:00:00,111592.0,111800.0,110500.0,111497.2,18182.11465518
2025-08-25 14:00:00,111499.6,112318.0,111200.7,112263.4,6314.78392689
2025-08-25 15:00:00,112262.5,112969.7,111760.0,112188.1,388.11140902
2025-08-25 16:00:00,112204.0,112999.0,111900.0,112523.7,2620.31131307
2025-08-25 17:00:00,112508.1,112880.0,112000.0,112426.4,416.47096339
2025-08-25 18:00:00,112432.0,112660.8,112075.4,112413.9,277.64676696
2025-08-25 19:00:00,112401.3,112428.0,110652.0,110698.0,1162.31678356
2025-08-25 20:00:00,110698.0,111194.1,108904.8,109573.1,5762.69009706
2025-08-25 21:00:00,109573.3,110450.0,108676.0,109891.1,390.72245005
2025-08-25 22:00:00,109896.0,110640.0,109560.0,110152.0,209.30739358
2025-08-25 23:00:00,110148.0,110500.0,109394.5,110115.2,239.90974164
2025-08-26 00:00:00,110116.5,110122.1,108268.7,109100.1,569.1147437
2025-08-26 01:00:00,109101.9,110030.4,108125.1,109918.7,485.5140765
2025-08-26 02:00:00,109906.1,110080.0,109166.6,109722.1,376.32468236
2025-08-26 03:00:00,109724.1,110000.0,109272.6,109883.8,270.28743761
2025-08-26 04:00:00,109885.1,110404.8,109467.1,110101.1,263.04474273
2025-08-26 05:00:00,110093.4,110669.9,109635.4,110200.0,396.00203216
2025-08-26 06:00:00,110200.0,110400.0,109520.0,109991.0,483.85708687
2025-08-26 07:00:00,109991.9,110750.0,109401.0,110304.0,292.78408965
2025-08-26 08:00:00,110300.7,110640.0,109800.0,110094.0,311.83313153
2025-08-26 09:00:00,110094.1,110668.0,109892.5,110150.5,430.21510116
2025-08-26 10:00:00,110152.0,110500.0,110000.0,110202.3,196.58968183
2025-08-26 11:00:00,110215.9,110413.0,109520.0,109880.1,308.0041355
2025-08-26 12:00:00,109880.6,110769.2,109462.1,110224.1,519.19632393
2025-08-26 13:00:00,110220.0,110482.9,109299.2,110080.0,483.01516394
2025-08-26 14:00:00,110084.6,110693.3,109750.0,110370.3,1653.8055965
2025-08-26 15:00:00,110359.8,110640.0,109520.0,109674.1,583.84158917
2025-08-26 16:00:00,109672.2,110444.4,109331.0,110152.7,765.65381372
2025-08-26 17:00:00,110153.1,110249.9,109373.8,109995.0,393.41211971
2025-08-26 18:00:00,109994.9,110987.8,109953.4,110700.2,298.32356428
2025-08-26 19:00:00,110700.8,111200.0,110449.8,111115.6,346.16917973
2025-08-26 20:00:00,111111.3,111478.2,110700.9,111323.9,195.23745957
2025-08-26 21:00:00,111321.2,111666.6,110933.3,111428.8,245.97591645
2025-08-26 22:00:00,111587.9,112156.1,111200.0,111910.0,452.97931681
2025-08-26 23:00:00,111905.1,112378.9,111478.2,111771.9,2990.63776908
2025-08-27 00:00:00,111771.9,112000.0,111200.0,111358.3,268.27082443
2025-08-27 01:00:00,111356.8,111727.8,111000.0,111302.0,143.4155142
2025-08-27 02:00:00,111303.9,111601.7,110786.5,111158.7,196.08877041
2025-08-27 03:00:00,111148.0,111760.0,110887.0,111430.5,276.62621383
2025-08-27 04:00:00,111429.0,111886.1,111087.3,111582.1,226.21555619
2025-08-27 05:00:00,111582.1,111900.0,110947.2,111365.9,7377.05224035
2025-08-27 06:00:00,111360.1,111400.0,110709.0,111036.4,4817.9801253
2025-08-27 07:00:00,111038.0,111200.0,110500.0,110736.3,257.70744215
2025-08-27 08:00:00,110738.0,110933.3,110359.3,110754.8,4485.44958677
2025-08-27 09:00:00,110750.4,111128.6,110444.4,110810.0,243.56445665
2025-08-27 10:00:00,110810.1,111282.3,110691.9,110973.1,5156.84731856
2025-08-27 11:00:00,110973.6,111383.6,110900.0,111316.9,6227.04078602
2025-08-27 12:00:00,111316.8,111400.0,110900.0,111343.2,2495.4369163
2025-08-27 13:00:00,111343.2,111907.2,110900.0,110954.0,68311.68850209
2025-08-27 14:00:00,110953.3,112500.0,110339.8,111808.0,317648.18433351
2025-08-27 15:00:00,111805.1,112300.0,111200.0,112008.2,475.44485569
2025-08-27 16:00:00,112009.6,112263.6,111383.7,112119.3,242.60536609
2025-08-27 17:00:00,112116.5,112500.0,111478.2,112348.1,7488.1329953
2025-08-27 18:00:00,112348.0,112660.8,111911.1,111940.6,1185.14632523
2025-08-27 19:00:00,111943.6,112265.3,111422.2,112089.4,215.49599816
2025-08-27 20:00:00,112086.1,112461.5,111000.0,112461.5,291.20964149
2025-08-27 21:00:00,112415.4,112454.9,111366.6,111522.9,106.24407874
2025-08-27 22:00:00,111525.2,111911.1,110933.3,111416.9,201.70218094
2025-08-27 23:00:00,111416.9,111539.9,110900.0,111257.3,4505.19363772
2025-08-28 00:00:00,111254.1,111537.0,110814.4,111341.9,1166.77167195
2025-08-28 01:00:00,111341.9,111750.0,111032.4,111650.2,172.34476736
2025-08-28 02:00:00,111650.2,111764.3,111200.0,111496.2,137.04334031
2025-08-28 03:00:00,111495.8,112276.3,111400.0,112005.6,128.89772322
2025-08-28 04:00:00,112008.1,113090.6,111600.0,112984.5,254.21078452
2025-08-28 05:00:00,112984.0,113300.0,112399.9,112860.8,1010.11179859
2025-08-28 06:00:00,112861.4,113419.8,112560.9,113229.8,145.52315303
2025-08-28 07:00:00,113229.8,113440.0,112866.9,113126.5,161.56201714
2025-08-28 08:00:00,113126.5,113440.0,112679.6,113127.4,180.47889799
2025-08-28 09:00:00,113128.1,113452.7,112600.0,112682.5,272.3995609
2025-08-28 10:00:00,112868.0,113538.4,112600.0,113137.5,250.20740475
2025-08-28 11:00:00,113138.2,113345.8,112710.2,112924.8,110.24442576
2025-08-28 12:00:00,112929.6,113350.6,112600.0,113254.1,713.58494232
2025-08-28 13:00:00,113254.6,113500.0,112551.4,112819.1,4795.28420441
2025-08-28 14:00:00,112821.6,113416.9,112466.4,113154.0,386.4036481
2025-08-28 15:00:00,113150.4,113440.0,112100.8,112674.6,334.58874938
2025-08-28 16:00:00,112675.1,113297.6,112321.1,112332.2,494.45493515
2025-08-28 17:00:00,112331.8,112638.9,111930.1,112393.4,195.11845739
2025-08-28 18:00:00,112391.9,112737.4,111920.0,112388.1,172.85534997
2025-08-28 19:00:00,112382.4,113002.1,111890.9,111890.9,265.93854119
2025-08-28 20:00:00,111908.6,112320.0,111370.6,111906.0,163.14453621
2025-08-28 21:00:00,111904.1,112423.0,111760.0,112021.4,79.81193494
2025-08-28 22:00:00,112022.1,112551.4,111760.0,112356.0,94.84490037
2025-08-28 23:00:00,112354.2,112800.0,111859.9,112565.9,124.98990079
2025-08-29 00:00:00,112564.1,112727.2,112100.8,112202.0,158.01839172
2025-08-29 01:00:00,112202.0,112320.0,110872.4,111480.1,441.68353248
2025-08-29 02:00:00,111457.6,111779.3,110779.4,111422.0,257.01825405
2025-08-29 03:00:00,111420.1,111824.0,110886.4,111714.1,1215.4356444
2025-08-29 04:00:00,111714.1,111882.0,111200.0,111496.5,666.77434925
2025-08-29 05:00:00,111499.4,111579.3,111000.0,111312.0,435.62516945
2025-08-29 06:00:00,111312.0,111650.1,110868.4,111278.0,3102.86141867
2025-08-29 07:00:00,111279.7,111281.5,109800.0,110018.9,7128.65055086
2025-08-29 08:00:00,110016.1,110444.4,109500.0,109611.9,12065.20288919
2025-08-29 09:00:00,109612.0,110080.0,109000.0,109766.7,1276.85523806
2025-08-29 10:00:00,109764.8,110400.0,109407.1,110000.0,216.57886936
2025-08-29 11:00:00,110002.0,110677.8,109567.2,109970.0,3354.04077004
2025-08-29 12:00:00,110093.2,111466.6,109970.0,110717.7,1134.91770639
2025-08-29 13:00:00,110714.0,111199.4,108679.2,109094.0,5548.33491069
2025-08-29 14:00:00,109104.5,109505.6,108000.0,108200.0,7424.79961767
2025-08-29 15:00:00,108200.9,108820.2,108069.9,108391.9,593.70231572
2025-08-29 16:00:00,108402.7,108977.7,108069.9,108716.0,409.52032941
2025-08-29 17:00:00,108702.8,108950.1,108069.9,108472.4,728.02950698
2025-08-29 18:00:00,108469.6,108800.0,108069.9,108146.9,924.91490003
2025-08-29 19:00:00,108142.5,108946.2,108000.0,108223.9,2015.00353351
2025-08-29 20:00:00,108216.5,108379.1,107004.6,107780.1,1025.10205103
2025-08-29 21:00:00,107806.8,108813.5,106929.1,108440.0,331.01705832
2025-08-29 22:00:00,108440.1,108495.5,107862.7,108386.2,828.15811387
2025-08-29 23:00:00,108387.4,108946.2,107936.0,108366.4,5401.78712322
2025-08-30 00:00:00,108385.7,108495.5,108001.0,108294.5,1329.54647652
2025-08-30 01:00:00,108295.7,108495.5,107362.5,107438.0,9273.78559532
2025-08-30 02:00:00,107461.7,107953.6,107143.5,107782.1,8926.36903426
2025-08-30 03:00:00,107786.1,108488.8,107500.0,108442.0,8891.57306046
2025-08-30 04:00:00,108438.0,108835.7,107938.5,108424.0,173.07765517
2025-08-30 05:00:00,108427.9,108672.0,107936.9,108346.0,212.45783457
2025-08-30 06:00:00,108349.0,108563.1,107700.0,108335.2,155.71170923
2025-08-30 07:00:00,108336.0,108946.2,107986.9,108535.4,158.32941977
2025-08-30 08:00:00,108535.3,108800.0,108044.9,108571.9,165.86768532
2025-08-30 09:00:00,108572.5,108960.0,108044.9,108526.0,131.20828006
2025-08-30 10:00:00,108525.6,108946.2,108044.9,108438.1,147.6354205
2025-08-30 11:00:00,108436.8,108960.0,108118.6,108714.1,106.37184538
2025-08-30 12:00:00,108714.1,108946.2,108000.0,108620.0,217.109003
2025-08-30 13:00:00,108618.1,108977.7,108000.0,108537.5,252.68746071
2025-08-30 14:00:00,108537.3,108899.9,108041.7,108658.0,1516.08060376
2025-08-30 15:00:00,108658.0,108946.2,108045.0,108884.0,215.00388033
2025-08-30 16:00:00,108882.9,108960.0,108188.5,108818.5,263.14294926
2025-08-30 17:00:00,108818.9,109270.1,108381.8,108784.0,155.5162252
2025-08-30 18:00:00,108784.0,108998.9,108488.8,108738.2,272.5902766
2025-08-30 19:00:00,108738.2,109299.4,108400.0,108836.0,174.69274506
2025-08-30 20:00:00,108836.0,108845.2,108495.5,108717.8,53.06694539
2025-08-30 21:00:00,108651.9,108717.8,108400.0,108588.0,44.75393308
2025-08-30 22:00:00,108588.0,108946.2,108088.0,108480.0,71.76597268
2025-08-30 23:00:00,108533.1,108946.2,108250.0,108814.7,69.90840357
2025-08-31 00:00:00,108815.0,109405.0,108488.8,109397.5,258.6282512
2025-08-31 01:00:00,109397.7,109486.0,108813.7,109441.5,155.50452964
2025-08-31 02:00:00,109431.3,109520.0,108819.2,109228.0,181.76734647
2025-08-31 03:00:00,109228.0,109412.4,108821.7,109225.0,115.03175643
2025-08-31 04:00:00,109225.9,109520.0,108400.0,108812.5,162.18716555
2025-08-31 05:00:00,108815.6,108946.2,108400.0,108760.0,108.89330105
2025-08-31 06:00:00,108760.2,108960.0,108069.1,108714.3,212.49846359
2025-08-31 07:00:00,108714.1,108946.2,108200.0,108710.0,157.11904942
2025-08-31 08:00:00,108709.8,109100.0,108250.0,109013.5,155.88174115
2025-08-31 09:00:00,109013.5,109600.0,108044.9,108514.0,200.3395626
2025-08-31 10:00:00,108516.7,108781.0,107814.5,108553.8,249.41725976
2025-08-31 11:00:00,108565.2,108813.5,107840.0,108394.4,142.17238872
2025-08-31 12:00:00,108384.0,108840.0,108300.0,108329.0,456.58212082
2025-08-31 13:00:00,108328.1,108495.5,107685.6,108417.5,316.81866675
2025-08-31 14:00:00,108417.6,108583.3,107827.1,108455.3,342.06417083
2025-08-31 15:00:00,108455.4,108844.7,108044.9,108804.0,137.06047344
2025-08-31 16:00:00,108801.6,108978.0,108143.9,108921.6,405.14393369
2025-08-31 17:00:00,108921.6,109070.2,108376.0,108995.4,165.74678903
2025-08-31 18:00:00,108993.7,109466.6,108548.9,109151.9,153.98988812
2025-08-31 19:00:00,109147.2,109396.8,108488.8,108929.9,112.64275693
2025-08-31 20:00:00,108931.0,109396.8,108564.9,109120.0,85.74074113
2025-08-31 21:00:00,109119.3,109119.3,108560.2,109042.3,34.23035192
2025-08-31 22:00:00,109042.4,109396.8,108564.9,108894.4,96.12267618
2025-08-31 23:00:00,108888.0,108910.4,107550.8,108252.4,414.7134119
2025-09-01 00:00:00,108248.3,108495.5,107250.0,108221.6,400.94281386
2025-09-01 01:00:00,108220.1,108468.0,107840.0,108180.0,4822.4162276
2025-09-01 02:00:00,108150.1,108250.0,107400.0,107617.0,8509.25360175
2025-09-01 03:00:00,107625.2,107770.7,107400.0,107656.0,15837.73603732
2025-09-01 04:00:00,107653.8,107777.0,107250.0,107414.9,14174.08593283
2025-09-01 05:00:00,107413.4,107990.0,107250.0,107858.6,3287.70458014
2025-09-01 06:00:00,107858.6,108150.0,107532.1,108070.1,631.24332974
2025-09-01 07:00:00,108070.2,109400.0,107609.8,109400.0,13557.26399256
2025-09-01 08:00:00,109400.0,109820.0,108967.7,109595.3,31309.53715219
2025-09-01 09:00:00,109593.5,109955.5,109081.4,109523.1,6860.92894112
2025-09-01 10:00:00,109523.2,109847.5,108044.9,108576.4,300.92544933
2025-09-01 11:00:00,108576.4,108960.0,108143.9,108777.6,185.24097358
2025-09-01 12:00:00,108779.6,109162.0,108150.8,109106.0,350.02915765
2025-09-01 13:00:00,109111.9,109587.8,108600.0,108832.7,675.17094862
2025-09-01 14:00:00,108832.7,109396.8,108500.0,109262.8,186.07448607
2025-09-01 15:00:00,109200.0,109396.8,108173.0,108780.0,274.90105127
2025-09-01 16:00:00,108787.2,109100.0,108250.0,108775.0,311.19169922
2025-09-01 17:00:00,108775.0,108977.7,108011.5,108928.9,326.60924715
2025-09-01 18:00:00,108928.3,109466.6,108488.8,109241.7,227.36906098
2025-09-01 19:00:00,109233.7,109520.0,108800.2,109220.0,78.69743352
2025-09-01 20:00:00,109220.0,109486.9,108035.7,108873.7,198.86236117
2025-09-01 21:00:00,108872.7,108936.0,106863.0,107794.1,364.21670438
2025-09-01 22:00:00,107790.0,108499.2,107177.0,108441.7,204.90180081
2025-09-01 23:00:00,108441.7,109450.3,108116.0,109236.0,191.78542221
2025-09-02 00:00:00,109236.0,109458.4,108400.0,109021.7,159.41063376
2025-09-02 01:00:00,109021.7,109763.8,108745.9,109305.6,177.73861613
2025-09-02 02:00:00,109305.6,110272.2,108977.7,110253.9,216.0460812
2025-09-02 03:00:00,110252.9,110816.3,109800.0,110331.5,450.99042667
2025-09-02 04:00:00,110331.5,110709.0,109745.9,110309.2,198.76260379
2025-09-02 05:00:00,110312.0,110500.0,109763.8,110208.1,228.04853079
2025-09-02 06:00:00,110208.1,110748.8,109887.2,110383.4,177.48400538
2025-09-02 07:00:00,110383.4,110596.5,109965.4,110236.0,193.46276606
2025-09-02 08:00:00,110234.0,110688.0,109955.5,110353.0,581.13428204
2025-09-02 09:00:00,110352.0,110719.4,109965.4,110428.8,420.33323692
2025-09-02 10:00:00,110428.8,110612.2,109847.5,110251.1,462.37975268
2025-09-02 11:00:00,110251.1,110469.5,109520.0,109748.1,319.38710268
2025-09-02 12:00:00,109748.1,109973.3,108044.9,108802.9,492.53067821
2025-09-02 13:00:00,108798.3,111290.2,108381.8,111156.0,660.92732699
2025-09-02 14:00:00,111158.8,111911.1,110735.8,111352.1,783.14895748
2025-09-02 15:00:00,111348.0,111600.0,110326.6,110836.0,357.36825178
2025-09-02 16:00:00,110832.4,111140.5,110298.1,110775.9,2813.90134666
2025-09-02 17:00:00,110775.9,111199.4,110362.7,110911.8,263.9411991
2025-09-02 18:00:00,110911.7,110940.5,109965.4,110638.1,265.1649052
2025-09-02 19:00:00,110636.1,110906.4,110257.7,110808.1,195.93047559
2025-09-02 20:00:00,110808.1,111960.8,110353.9,111411.8,284.40983187
2025-09-02 21:00:00,111411.5,111875.8,110933.3,111131.1,88.48134144
2025-09-02 22:00:00,111131.1,111422.2,110736.6,111264.0,104.00689817
2025-09-02 23:00:00,111264.0,111500.0,110748.8,111234.0,1466.08019559
2025-09-03 00:00:00,111234.1,111781.1,111123.7,111330.0,239.0505687
2025-09-03 01:00:00,111330.0,111760.0,110638.6,111181.3,176.63813274
2025-09-03 02:00:00,111172.1,111555.0,110748.8,111370.1,197.1602057
2025-09-03 03:00:00,111370.1,111650.1,110622.9,111042.3,191.43190804
2025-09-03 04:00:00,111042.0,111200.0,110502.6,111015.6,536.08545553
2025-09-03 05:00:00,111015.6,111400.0,110500.0,110694.0,429.29983496
2025-09-03 06:00:00,110694.0,111243.8,110444.4,110717.1,409.33448289
2025-09-03 07:00:00,110717.1,111199.4,110298.1,110746.9,314.1277749
2025-09-03 08:00:00,110820.0,111422.2,110715.9,111016.0,188.70183877
2025-09-03 09:00:00,111016.0,111422.2,110640.0,111310.2,181.7890154
2025-09-03 10:00:00,111310.1,111979.4,110986.6,111445.0,370.05594483
2025-09-03 11:00:00,111444.9,112152.7,111200.0,111439.5,240.94085185
2025-09-03 12:00:00,111440.1,111858.3,110800.0,111108.1,344.99432156
2025-09-03 13:00:00,111108.1,111916.3,110748.8,111472.1,464.93997032
2025-09-03 14:00:00,111472.1,112775.7,111107.0,112264.1,977.66241875
2025-09-03 15:00:00,112265.3,112725.8,111721.6,112215.5,10004.80488174
2025-09-03 16:00:00,112215.5,112424.2,111650.1,111860.0,185.22005214
2025-09-03 17:00:00,111860.3,112571.4,111650.1,112308.1,184.12013686
2025-09-03 18:00:00,112308.1,112528.4,111760.0,111996.0,142.08060371
2025-09-03 19:00:00,111996.0,112320.0,111682.2,112194.1,102.84647352
2025-09-03 20:00:00,112197.2,112257.0,111745.2,112209.0,66.38755891
2025-09-03 21:00:00,112209.0,112257.0,111711.2,111980.1,39.11476752
2025-09-03 22:00:00,111980.1,112320.0,111600.0,111950.0,63.91804135
2025-09-03 23:00:00,111950.0,112100.8,111499.9,111700.0,140.15591104
2025-09-04 00:00:00,111700.0,112203.3,111422.6,112070.0,158.71144458
2025-09-04 01:00:00,112070.0,112140.8,111499.9,111955.6,113.9362054
2025-09-04 02:00:00,111955.6,112100.8,111200.0,111451.6,151.05884911
2025-09-04 03:00:00,111453.0,111911.1,110625.5,111156.0,247.74201434
2025-09-04 04:00:00,111156.0,111651.0,110640.0,110930.1,182.37442198
2025-09-04 05:00:00,110930.1,111200.0,110500.6,110659.0,182.79009475
2025-09-04 06:00:00,110659.0,110728.3,110110.0,110396.1,149.03394506
2025-09-04 07:00:00,110396.1,110748.8,110080.0,110468.2,163.04255193
2025-09-04 08:00:00,110468.1,110861.5,110000.0,110648.0,197.99149729
2025-09-04 09:00:00,110648.0,110933.3,110264.3,110814.4,132.36234072
2025-09-04 10:00:00,110814.0,111200.0,110298.1,110650.1,3032.95815251
2025-09-04 11:00:00,110636.1,111042.4,110473.3,110810.0,122.577549
2025-09-04 12:00:00,110810.0,111200.0,110298.1,110933.6,10203.76304959
2025-09-04 13:00:00,110933.6,111257.5,110449.2,110456.1,196.67501225
2025-09-04 14:00:00,110456.1,110658.6,109183.4,109832.7,589.718777
2025-09-04 15:00:00,109832.7,109991.1,108806.3,109504.4,456.9436409
2025-09-04 16:00:00,109504.3,109685.5,108977.7,109425.8,216.71437406
2025-09-04 17:00:00,109425.8,109953.6,109200.0,109775.9,152.84513425
2025-09-04 18:00:00,109775.9,110444.4,109555.8,109968.0,215.49566784
2025-09-04 19:00:00,109968.0,110444.4,109520.0,109794.6,183.96897834
2025-09-04 20:00:00,109794.6,110412.3,109688.4,110400.0,95.70820469
2025-09-04 21:00:00,110400.0,110640.0,110090.2,110487.6,84.33802497
2025-09-04 22:00:00,110487.6,111573.1,109955.5,111486.0,281.57750234
2025-09-04 23:00:00,111486.0,111750.0,110563.4,110721.5,219.41587482
2025-09-05 00:00:00,110720.0,110952.3,110400.0,110459.5,146.62115034
2025-09-05 01:00:00,110459.5,111199.4,110298.1,111128.0,112.25746408
2025-09-05 02:00:00,111128.0,111630.4,110780.0,111340.8,201.90829136
2025-09-05 03:00:00,111340.8,111400.0,110748.8,111316.0,131.28848121
2025-09-05 04:00:00,111315.9,111650.1,110797.2,111444.1,208.45882963
2025-09-05 05:00:00,111439.9,111720.3,110952.3,111596.2,150.98480379
2025-09-05 06:00:00,111596.2,111910.4,111249.9,111906.8,141.0756611
2025-09-05 07:00:00,111904.1,113039.9,111750.0,112956.1,446.13516498
2025-09-05 08:00:00,112956.1,113073.8,112320.0,112622.9,239.61386895
2025-09-05 09:00:00,112622.1,112880.0,112100.8,112302.1,329.61126704
2025-09-05 10:00:00,112302.1,112555.7,111771.1,112245.8,175.61917498
2025-09-05 11:00:00,112245.8,112750.7,111733.3,112364.1,157.51234846
2025-09-05 12:00:00,112364.1,113452.7,112100.8,113213.4,651.31538372
2025-09-05 13:00:00,113222.0,113440.0,112613.3,113069.6,367.72610574
2025-09-05 14:00:00,113067.9,113273.2,110473.3,110568.1,7249.92064023
2025-09-05 15:00:00,110564.1,111199.4,110000.0,110712.4,4281.21178635
2025-09-05 16:00:00,110712.4,110986.6,110171.4,110818.9,1431.03146905
2025-09-05 17:00:00,110818.9,111000.0,109858.9,110606.5,298.19318169
2025-09-05 18:00:00,110606.5,111342.8,110192.7,111200.0,154.84501421
2025-09-05 19:00:00,111200.0,111610.0,110781.7,111610.0,132.61850761
2025-09-05 20:00:00,111609.6,111760.0,111199.4,111639.6,117.04632908
2025-09-05 21:00:00,111638.7,111717.3,110444.4,110602.1,165.3874234
2025-09-05 22:00:00,110602.1,111199.4,110500.0,110806.1,92.06182956
2025-09-05 23:00:00,110806.1,111199.4,110250.0,110673.3,140.37139844
2025-09-06 00:00:00,110673.3,110845.4,110397.1,110794.1,80.00885212
2025-09-06 01:00:00,110794.1,111200.0,110357.4,110879.8,108.61662247
2025-09-06 02:00:00,110879.8,111229.3,110444.4,111229.3,125.86355785
2025-09-06 03:00:00,111209.1,111793.0,110640.0,111086.0,296.31870431
2025-09-06 04:00:00,111086.0,111342.8,110500.0,110872.4,232.57946306
2025-09-06 05:00:00,110872.4,110952.3,110128.0,110722.0,238.24964776
2025-09-06 06:00:00,110722.0,110909.9,110171.4,110761.6,107.23204215
2025-09-06 07:00:00,110761.6,111200.0,110244.6,110841.1,324.56319513
2025-09-06 08:00:00,110842.0,111040.0,110444.4,110950.4,99.92360962
2025-09-06 09:00:00,110945.2,110947.2,110300.0,110704.1,109.92415227
2025-09-06 10:00:00,110704.1,110952.3,110176.4,110788.7,118.8347909
2025-09-06 11:00:00,110788.7,110947.1,110105.1,110791.3,324.88333782
2025-09-06 12:00:00,110790.8,110933.3,110298.1,110837.8,120.92073742
2025-09-06 13:00:00,110837.8,110950.2,110416.6,110934.3,276.74838959
2025-09-06 14:00:00,110934.3,111199.4,110298.1,110818.8,163.27094761
2025-09-06 15:00:00,110818.9,110851.7,110002.0,110383.1,305.68418747
2025-09-06 16:00:00,110383.5,110748.8,110000.0,110276.2,1465.37289428
2025-09-06 17:00:00,110276.1,110736.8,109955.5,110154.2,177.37646872
2025-09-06 18:00:00,110154.2,110360.0,109800.0,110234.1,146.81376583
2025-09-06 19:00:00,110234.1,110298.1,109508.4,110049.9,155.43666683
2025-09-06 20:00:00,110050.0,110444.4,109780.9,110179.5,71.21537917
2025-09-06 21:00:00,110179.1,110640.0,109847.5,110214.1,561.59787306
2025-09-06 22:00:00,110214.1,110341.0,109955.5,110181.0,64.58014778
2025-09-06 23:00:00,110181.0,110533.3,110084.7,110192.1,54.18764192
2025-09-07 00:00:00,110192.0,110475.3,110000.0,110362.1,109.39324768
2025-09-07 01:00:00,110362.1,110700.0,109959.9,110561.3,109.83257781
2025-09-07 02:00:00,110561.3,110799.6,110129.4,110659.6,110.88164299
2025-09-07 03:00:00,110664.1,110823.1,110192.3,110637.8,92.92072701
2025-09-07 04:00:00,110637.8,110647.8,110171.4,110569.2,68.02827727
2025-09-07 05:00:00,110569.2,110748.8,110085.8,110652.0,135.1653565
2025-09-07 06:00:00,110652.0,110909.0,110138.6,110514.0,133.5788418
2025-09-07 07:00:00,110514.0,110956.0,110171.4,110770.3,165.8414814
2025-09-07 08:00:00,110770.3,111422.6,110561.9,111066.2,186.74988196
2025-09-07 09:00:00,111066.2,111508.9,110563.4,111124.7,303.96425894
2025-09-07 10:00:00,111124.7,111342.8,110500.0,111219.9,170.22206536
2025-09-07 11:00:00,111219.9,111438.3,110748.8,111300.0,129.83616827
2025-09-07 12:00:00,111300.0,111673.2,110652.8,111125.2,125.94403926
2025-09-07 13:00:00,111125.2,111572.9,110640.0,111219.1,131.10238047
2025-09-07 14:00:00,111219.1,111660.8,110748.8,111146.0,209.2531973
2025-09-07 15:00:00,111146.0,111650.1,110748.8,111336.4,6227.94517253
2025-09-07 16:00:00,111336.4,111500.0,110933.3,111200.1,2763.45864985
2025-09-07 17:00:00,111200.1,111499.9,110563.4,110968.0,206.37979962
2025-09-07 18:00:00,110968.0,111070.0,110230.3,111054.0,179.92284532
2025-09-07 19:00:00,111052.9,111298.0,110660.7,111257.9,99.29842178
2025-09-07 20:00:00,111257.9,111370.6,110720.0,111327.0,74.98922822
2025-09-07 21:00:00,111327.0,111329.6,110574.9,111044.5,71.88139954
2025-09-07 22:00:00,111023.6,111422.2,110699.9,111250.0,171.06436225
2025-09-07 23:00:00,111250.0,111608.8,111000.0,111142.6,8622.76431909
2025-09-08 00:00:00,111141.1,111342.8,110640.0,110832.0,127.07889729
2025-09-08 01:00:00,110832.0,111000.8,110204.3,110898.3,362.80652087
2025-09-08 02:00:00,110898.3,111370.1,110051.0,111243.1,299.68455162
2025-09-08 03:00:00,111243.1,111374.8,110700.9,111047.9,209.17424511
2025-09-08 04:00:00,111048.0,111499.9,110748.8,110985.9,155.7952302
2025-09-08 05:00:00,110986.3,111474.6,110640.0,111031.9,1182.96288356
2025-09-08 06:00:00,111031.9,111342.8,110640.0,111120.0,139.40454427
2025-09-08 07:00:00,111121.2,111601.7,110952.3,111266.8,176.88617857
2025-09-08 08:00:00,111268.0,111900.0,110783.7,111800.0,314.22642241
2025-09-08 09:00:00,111678.1,112320.0,111232.1,111887.0,337.89280212
2025-09-08 10:00:00,111887.0,112571.4,111672.3,112021.0,276.04338772
2025-09-08 11:00:00,112047.0,112181.0,111599.9,112056.0,213.92128276
2025-09-08 12:00:00,112056.1,112427.9,111526.9,112036.0,287.01872208
2025-09-08 13:00:00,112036.8,112551.4,111750.9,111906.0,361.38360985
2025-09-08 14:00:00,111910.3,112888.8,111601.7,112646.3,419.54682625
2025-09-08 15:00:00,112649.0,113444.4,112237.6,112638.6,7429.08361525
2025-09-08 16:00:00,112638.6,113000.0,111968.8,112397.1,476.99151946
2025-09-08 17:00:00,112397.1,112640.0,111960.8,112216.4,231.2808476
2025-09-08 18:00:00,112216.5,112600.0,111920.0,112476.1,138.8281291
2025-09-08 19:00:00,112476.1,112480.1,111760.0,112066.4,299.54358275
2025-09-08 20:00:00,112085.9,112316.3,111505.0,111966.0,94.25052125
2025-09-08 21:00:00,111971.2,112750.7,111650.1,112330.8,134.09906977
2025-09-08 22:00:00,112333.8,112574.7,112100.8,112240.8,106.38009394
2025-09-08 23:00:00,112240.8,112551.4,111650.1,112062.4,158.66128898
2025-09-09 00:00:00,112063.5,112321.1,111422.2,111651.1,196.85010291
2025-09-09 01:00:00,111653.1,111793.0,110690.0,111370.1,329.1229897
2025-09-09 02:00:00,111370.2,111700.0,110547.6,111332.0,482.65058976
2025-09-09 03:00:00,111331.8,111760.0,110735.0,111702.0,170.52337504
2025-09-09 04:00:00,111702.0,112115.3,111261.6,112014.0,276.07987792
2025-09-09 05:00:00,112016.0,112320.0,111541.5,112188.0,175.87846951
2025-09-09 06:00:00,112191.1,113163.9,111960.8,113025.3,411.56379849
2025-09-09 07:00:00,113028.0,113492.6,112407.8,112981.8,608.36328706
2025-09-09 08:00:00,112981.8,113655.3,112602.6,112880.0,461.4320678
2025-09-09 09:00:00,112994.2,113433.3,112400.0,112961.7,558.21234761
2025-09-09 10:00:00,112961.5,113034.4,112526.6,112730.8,149.90059181
2025-09-09 11:00:00,112728.1,113002.1,112320.0,112433.9,147.50917314
2025-09-09 12:00:00,112433.2,113000.0,112275.0,112671.2,213.5007579
2025-09-09 13:00:00,112670.9,113002.1,112313.3,112755.4,440.95735292
2025-09-09 14:00:00,112758.7,113039.9,111365.9,111756.3,674.73283394
2025-09-09 15:00:00,111763.4,111890.0,110350.0,110880.0,1475.50189931
2025-09-09 16:00:00,110869.9,111508.4,110298.1,110958.6,1031.09609923
2025-09-09 17:00:00,110958.1,111400.0,110735.0,111027.8,161.33086111
2025-09-09 18:00:00,111028.0,111474.5,110735.0,111146.9,133.18759111
2025-09-09 19:00:00,111143.9,111505.0,110735.0,111318.8,103.60958361
2025-09-09 20:00:00,111316.0,111650.1,110800.0,111529.4,159.24239309
2025-09-09 21:00:00,111530.0,111839.2,111033.6,111304.0,191.54308932
2025-09-09 22:00:00,111301.2,111760.0,111199.4,111558.1,110.24175595
2025-09-09 23:00:00,111558.2,111693.6,111120.0,111538.0,194.91038254
2025-09-10 00:00:00,111542.0,111890.0,110640.0,111011.2,378.28778172
2025-09-10 01:00:00,111012.0,111440.0,110401.1,111016.3,401.27336196
2025-09-10 02:00:00,111016.3,111599.9,110750.0,111413.9,203.90583046
2025-09-10 03:00:00,111414.0,111650.1,111120.0,111545.1,477.06292579
2025-09-10 04:00:00,111548.1,111887.6,111120.0,111527.9,631.0717986
2025-09-10 05:00:00,111526.0,111890.0,111200.0,111578.7,2700.94053845
2025-09-10 06:00:00,111582.0,112266.1,111199.4,111796.0,2217.89965436
2025-09-10 07:00:00,111802.0,112660.0,111762.1,112552.3,581.69404151
2025-09-10 08:00:00,112549.8,112880.0,112100.8,112374.1,259.18798631
2025-09-10 09:00:00,112374.1,112828.6,111890.0,112273.4,226.60202867
2025-09-10 10:00:00,112273.0,112660.0,111760.0,112349.2,122.87556174
2025-09-10 11:00:00,112349.2,112349.2,111717.2,111923.0,42.2252448
2025-09-10 12:00:00,111923.0,113413.4,111256.2,112180.8,540.93067758
2025-09-10 13:00:00,112180.8,113039.9,112180.8,112763.1,24.4735115
2025-09-10 14:00:00,112763.1,114200.0,112763.1,113890.5,531.31472632
2025-09-10 15:00:00,113901.0,114200.0,113440.0,113851.0,246.95935834
2025-09-10 16:00:00,113850.6,114200.0,113199.9,113773.8,175.0090452
2025-09-10 17:00:00,113769.0,114068.0,112917.1,113741.6,400.3676397
2025-09-10 18:00:00,113747.5,114094.0,113045.0,113812.3,164.26335281
2025-09-10 19:00:00,113600.8,113653.8,112995.9,113601.9,86.24023143
2025-09-10 20:00:00,113567.1,114000.0,113200.0,113616.0,65.18886849
2025-09-10 21:00:00,113557.9,113989.6,113430.0,113850.1,34.57942795
2025-09-10 22:00:00,113832.0,114105.0,113430.0,113866.4,61.13262478
2025-09-10 23:00:00,113887.5,114139.9,113527.1,113956.5,100.08694163
2025-09-11 00:00:00,113957.0,114000.6,113345.8,113890.0,124.22546887
2025-09-11 01:00:00,113888.8,114544.0,113430.0,113906.0,910.46528557
2025-09-11 02:00:00,113905.0,114549.9,113430.0,113815.0,161.9546214
2025-09-11 03:00:00,113815.0,114450.2,113430.0,114417.0,125.9346195
2025-09-11 04:00:00,114417.0,114493.5,113815.0,114156.0,97.12944947
2025-09-11 05:00:00,114139.0,114579.9,113815.0,114265.5,117.99572631
2025-09-11 06:00:00,114468.3,114585.0,113815.0,114312.4,183.5301259
2025-09-11 07:00:00,114318.3,114507.1,113724.8,114083.0,165.76324509
2025-09-11 08:00:00,114082.0,114200.0,113488.0,114041.2,194.08123704
2025-09-11 09:00:00,114041.3,114163.0,113553.3,113900.0,516.13889622
2025-09-11 10:00:00,113900.1,114163.0,113486.8,114065.1,151.05087634
2025-09-11 11:00:00,114057.0,114358.0,113600.0,114015.5,150.74867811
2025-09-11 12:00:00,114016.0,114517.7,113452.6,113974.0,379.70631578
2025-09-11 13:00:00,113974.0,114970.0,113045.0,114634.4,339.20647594
2025-09-11 14:00:00,114641.9,114970.0,113815.0,114468.7,343.46807717
2025-09-11 15:00:00,114468.0,114698.2,113976.0,114187.0,279.83787011
2025-09-11 16:00:00,114186.1,114592.1,113901.0,114490.1,783.0648256
2025-09-11 17:00:00,114492.1,114602.5,114200.0,114602.4,173.92558578
2025-09-11 18:00:00,114602.4,114623.0,113815.0,114312.0,133.02874902
2025-09-11 19:00:00,114312.0,114579.9,113850.0,114417.0,95.39296445
2025-09-11 20:00:00,114426.0,114579.9,114000.0,114404.0,139.57446315
2025-09-11 21:00:00,114400.1,114549.9,114000.0,114488.4,49.36194009
2025-09-11 22:00:00,114488.5,115295.4,114010.2,115084.9,558.82987096
2025-09-11 23:00:00,115084.9,115540.6,114970.0,115477.8,134.57461136
2025-09-12 00:00:00,115477.9,116319.8,114970.0,115838.2,494.6533717
2025-09-12 01:00:00,115838.1,116125.0,115355.0,115379.4,2703.11383593
2025-09-12 02:00:00,115386.6,115740.0,115013.2,115402.0,8275.38047243
2025-09-12 03:00:00,115404.0,115740.0,114970.0,115206.2,206.20523194
2025-09-12 04:00:00,115200.0,115606.6,115000.0,115374.0,205.45295355
2025-09-12 05:00:00,115371.0,115740.0,115100.0,115615.1,216.33228687
2025-09-12 06:00:00,115615.2,116000.2,114970.0,115315.2,1072.1254813
2025-09-12 07:00:00,115314.8,115680.0,114799.9,115088.0,248.04686071
2025-09-12 08:00:00,115089.6,115355.0,114560.0,115059.0,200.09179667
2025-09-12 09:00:00,115059.9,115355.0,114585.0,115056.0,94.54397178
2025-09-12 10:00:00,115053.9,115355.0,114585.0,114999.3,157.0493002
2025-09-12 11:00:00,114992.1,115215.0,114585.0,114933.5,167.12631837
2025-09-12 12:00:00,114933.6,115355.0,114585.0,115087.2,156.62247775
2025-09-12 13:00:00,115087.1,115188.8,114585.0,115160.6,165.68281455
2025-09-12 14:00:00,115084.0,115680.0,114585.0,115263.8,246.03693224
2025-09-12 15:00:00,115263.9,115355.0,114585.0,115120.2,196.51706243
2025-09-12 16:00:00,115120.7,115680.0,114585.0,115495.0,214.15018161
2025-09-12 17:00:00,115495.2,116125.0,114970.0,115814.4,248.3054816
2025-09-12 18:00:00,115817.0,116500.0,115560.0,116487.8,229.59085692
2025-09-12 19:00:00,116488.0,116666.0,116000.0,116645.2,180.88040138
2025-09-12 20:00:00,116643.9,116643.9,115740.0,116155.7,157.89657627
2025-09-12 21:00:00,116155.6,116297.8,115680.0,115860.8,99.07826853
2025-09-12 22:00:00,115860.1,116510.0,115680.0,116016.9,129.00008806
2025-09-12 23:00:00,116021.5,116399.9,115780.0,116029.0,119.86355349
2025-09-13 00:00:00,116030.2,116500.0,115780.0,116204.0,84.94043101
2025-09-13 01:00:00,116203.4,116400.0,115606.6,115759.3,536.00398954
2025-09-13 02:00:00,115759.8,116100.0,115221.5,115895.0,110386.78599323
2025-09-13 03:00:00,115893.9,116042.5,115355.0,115981.0,131.94246115
2025-09-13 04:00:00,115977.9,116000.0,115355.0,115696.0,174.07507992
2025-09-13 05:00:00,115696.0,115847.6,115500.0,115717.8,92.81305612
2025-09-13 06:00:00,115718.8,115847.6,115382.0,115749.5,90.11695119
2025-09-13 07:00:00,115749.5,116174.5,115355.0,115801.9,157.04651717
2025-09-13 08:00:00,115990.0,116300.0,115400.0,115980.6,252.89928109
2025-09-13 09:00:00,115980.1,116119.9,115355.0,116041.0,103.50278501
2025-09-13 10:00:00,116037.0,116240.0,115619.3,115937.8,133.22240391
2025-09-13 11:00:00,115939.0,116125.0,115537.3,115976.6,144.08615758
2025-09-13 12:00:00,115976.7,116529.2,115500.0,115995.8,268.74105686
2025-09-13 13:00:00,115995.9,116000.0,115400.2,115765.0,86425.26631373
2025-09-13 14:00:00,115765.1,116125.0,115400.0,115803.7,24673.54671398
2025-09-13 15:00:00,115803.6,116399.9,115544.1,115781.0,230.49046436
2025-09-13 16:00:00,115782.5,116125.0,115120.0,115344.3,370.59418003
2025-09-13 17:00:00,115343.2,115740.0,115120.0,115563.8,187.07122366
2025-09-13 18:00:00,115566.1,115680.0,115074.0,115640.6,86.44700729
2025-09-13 19:00:00,115640.1,116100.0,115093.3,115792.0,122.5745852
2025-09-13 20:00:00,115794.2,116097.1,115355.0,115898.3,78.99201294
2025-09-13 21:00:00,115898.2,116000.0,115395.0,115901.7,36.16450447
2025-09-13 22:00:00,115904.6,116053.4,115355.0,115879.9,125.76212252
2025-09-13 23:00:00,115879.9,116000.0,115355.0,115924.4,83.5495318
2025-09-14 00:00:00,115924.5,116119.9,115430.3,115938.0,62.56584939
2025-09-14 01:00:00,115937.1,115999.9,115355.0,115959.3,232.6932468
2025-09-14 02:00:00,115959.4,116125.0,115500.0,115860.7,101.05949125
2025-09-14 03:00:00,115860.8,116119.9,115355.0,115673.0,120.42775997
2025-09-14 04:00:00,115675.9,115801.9,114970.0,115749.0,163.48568477
2025-09-14 05:00:00,115750.8,116113.6,115355.0,115860.9,133.71100635
2025-09-14 06:00:00,115862.0,116100.0,115355.0,115736.0,94.54248672
2025-09-14 07:00:00,115737.1,115900.0,115355.0,115801.2,87.20865627
2025-09-14 08:00:00,115802.0,116079.3,115355.0,115937.0,138.02341073
2025-09-14 09:00:00,115936.0,116400.6,115560.0,116044.9,141.22291835
2025-09-14 10:00:00,116045.0,116238.0,115740.0,116024.9,91.84468644
2025-09-14 11:00:00,116025.0,116104.9,115400.0,115801.0,120.39300802
2025-09-14 12:00:00,115801.3,116077.7,115083.0,115784.0,237.12290617
2025-09-14 13:00:00,115784.1,115851.9,114891.2,115351.0,317.50265527
2025-09-14 14:00:00,115347.3,115709.9,114970.0,115408.6,477.8158785
2025-09-14 15:00:00,115405.1,115680.0,114970.0,115241.8,208.12710912
2025-09-14 16:00:00,115247.3,115606.6,114882.1,115481.2,267.11996645
2025-09-14 17:00:00,115482.0,115740.0,114970.0,115560.0,162.14659295
2025-09-14 18:00:00,115560.0,115727.9,114970.0,115399.4,99.95497284
2025-09-14 19:00:00,115399.7,115740.0,114970.0,115632.8,119.97650392
2025-09-14 20:00:00,115635.4,115866.6,115355.0,115800.0,63.03414854
2025-09-14 21:00:00,115799.2,116100.0,115360.8,116058.0,119.3960083
2025-09-14 22:00:00,116066.5,116100.0,115392.1,116015.9,119.33600617
2025-09-14 23:00:00,116009.0,116009.0,114700.0,115271.0,170.09858935
2025-09-15 00:00:00,115273.0,115355.0,114891.2,115075.9,163.28050391
2025-09-15 01:00:00,115073.1,115355.0,114240.5,115228.5,252.48186432
2025-09-15 02:00:00,115230.1,115740.0,114970.0,115359.8,159.57480783
2025-09-15 03:00:00,115364.9,115718.9,114970.0,115441.9,94.98792227
2025-09-15 04:00:00,115442.1,116310.1,114987.1,116048.5,197.8439878
2025-09-15 05:00:00,116048.8,116633.3,115740.0,116531.3,242.81033328
2025-09-15 06:00:00,116531.3,116769.2,115740.0,116124.1,745.48665642
2025-09-15 07:00:00,116124.1,116510.0,115400.0,115809.9,613.59130771
2025-09-15 08:00:00,115810.0,116048.2,114200.0,114710.1,641.85672365
2025-09-15 09:00:00,114710.1,115189.1,114066.6,114879.8,270.84636638
2025-09-15 10:00:00,114866.6,115120.1,114585.0,114585.0,131.28363018
2025-09-15 11:00:00,114771.5,115355.0,114579.9,115056.0,260.61943205
2025-09-15 12:00:00,115054.6,115355.0,114200.0,114716.2,1221.88628964
2025-09-15 13:00:00,114724.0,115100.0,114000.0,114661.0,1581.29465547
2025-09-15 14:00:00,114657.1,115031.3,114200.0,114662.0,240.54859901
2025-09-15 15:00:00,114657.0,114910.0,114200.0,114841.1,252.54384676
2025-09-15 16:00:00,114841.2,115093.3,114266.6,114663.9,430.75548427
2025-09-15 17:00:00,114658.0,115132.0,114392.4,115132.0,266.15506692
2025-09-15 18:00:00,115131.7,115362.0,114585.0,115314.6,208.04363513
2025-09-15 19:00:00,115314.7,115680.0,114970.0,115310.6,204.92618301
2025-09-15 20:00:00,115304.3,115536.7,114970.0,115382.4,144.47497646
2025-09-15 21:00:00,115382.6,115536.7,114970.0,115520.6,53.56226076
2025-09-15 22:00:00,115519.3,115608.0,114970.0,115289.0,69.10454028
2025-09-15 23:00:00,115286.8,115680.0,114970.0,115350.6,65.81901724
2025-09-16 00:00:00,115350.6,115355.0,114891.2,115081.8,141.18912571
2025-09-16 01:00:00,115081.9,115680.0,114892.6,115024.1,314.80513613
2025-09-16 02:00:00,115025.1,115355.0,114961.0,115026.9,73.9850945
2025-09-16 03:00:00,115026.9,115606.6,114700.0,115300.0,131.40311814
2025-09-16 04:00:00,115300.5,115680.0,114358.5,115506.5,271.04394554
2025-09-16 05:00:00,115505.0,115993.0,115110.4,115946.3,637.10792394
2025-09-16 06:00:00,115946.4,116016.0,115093.3,115773.0,318.00396868
2025-09-16 07:00:00,115771.1,116325.0,115256.5,115799.9,227.65852117
2025-09-16 08:00:00,115833.6,116125.0,115442.2,115666.0,144.17209402
2025-09-16 09:00:00,115667.0,116240.0,115355.0,115355.0,224.95821738
2025-09-16 10:00:00,115483.2,115740.0,115120.0,115388.7,72.51109595
2025-09-16 11:00:00,115389.1,115740.0,114970.0,115299.9,123.4062475
2025-09-16 12:00:00,115291.5,115681.9,114970.0,115257.1,89.76095323
2025-09-16 13:00:00,115444.0,115890.7,114392.4,114860.5,334.50998934
2025-09-16 14:00:00,115059.8,115355.0,114585.0,115290.9,165.36748849
2025-09-16 15:00:00,115291.6,115895.2,114585.0,115895.2,186.18939108
2025-09-16 16:00:00,115679.4,116073.1,115355.0,116072.9,180.49523909
2025-09-16 17:00:00,116073.1,117000.0,115740.0,116189.1,672.15599736
2025-09-16 18:00:00,116393.9,116895.0,116125.0,116426.5,94.69470172
2025-09-16 19:00:00,116426.5,116895.0,116125.0,116804.0,332.07283539
2025-09-16 20:00:00,116815.0,116908.1,116361.3,116852.0,67.44040234
2025-09-16 21:00:00,116882.0,116983.9,116510.0,116808.7,53.87542006
2025-09-16 22:00:00,116806.9,117042.6,116510.0,116853.1,2691.86080408
2025-09-16 23:00:00,116854.0,117111.4,116510.0,116798.1,6159.40357316
2025-09-17 00:00:00,116797.9,116895.0,116399.9,116566.0,63.50539727
2025-09-17 01:00:00,116565.0,116895.0,116240.0,116665.8,61.77701127
2025-09-17 02:00:00,116666.0,117100.3,116125.0,116686.0,541.00710248
2025-09-17 03:00:00,116686.3,117083.3,115799.8,116370.2,708.33376131
2025-09-17 04:00:00,116370.2,116616.3,115999.9,116310.1,162.92035306
2025-09-17 05:00:00,116313.0,117200.0,116125.0,117116.0,200.59609497
2025-09-17 06:00:00,117116.0,117280.0,116510.0,117231.5,227.99933653
2025-09-17 07:00:00,117231.5,117300.0,116548.4,117159.0,423.70503121
2025-09-17 08:00:00,117159.1,117280.0,116510.0,116859.2,10235.76155066
2025-09-17 09:00:00,116859.0,116895.0,116400.6,116562.8,295.08288237
2025-09-17 10:00:00,116562.8,116616.6,116200.0,116377.1,146.61036116
2025-09-17 11:00:00,116377.1,116380.0,116200.0,116257.4,165.47985786
2025-09-17 12:00:00,116257.6,116800.0,116000.0,116209.1,279.47777295
2025-09-17 13:00:00,116209.1,116510.0,115740.0,116111.2,236.88163587
2025-09-17 14:00:00,116115.7,116510.0,114970.0,115618.1,297.78519148
2025-09-17 15:00:00,115618.1,115988.1,115355.0,115884.7,181.29679078
2025-09-17 16:00:00,115884.6,115884.6,115000.8,115651.0,261.22817224
2025-09-17 17:00:00,115650.9,116400.6,115355.0,115492.5,262.98454394
2025-09-17 18:00:00,115539.5,116510.0,114389.5,115228.1,880.55130356
2025-09-17 19:00:00,115229.0,116100.0,114999.9,115630.2,295.32325237
2025-09-17 20:00:00,115638.9,116180.7,115355.0,115621.9,214.58873791
2025-09-17 21:00:00,115622.0,116129.3,115159.1,116044.6,130.86484019
2025-09-17 22:00:00,116046.0,116826.5,115740.0,116561.6,174.94719488
2025-09-17 23:00:00,116565.7,116999.9,116125.0,116442.7,212.17352824
2025-09-18 00:00:00,116446.2,116548.4,115833.3,116348.0,201.0010151
2025-09-18 01:00:00,116342.3,117000.0,116000.0,116649.0,190.59329462
2025-09-18 02:00:00,116649.1,117000.0,116125.0,116950.5,167.86474324
2025-09-18 03:00:00,116950.6,118000.0,116822.4,117583.8,452.9851589
2025-09-18 04:00:00,117589.0,117929.7,117042.0,117640.0,190.68277782
2025-09-18 05:00:00,117639.2,118470.9,116621.7,117287.9,11687.9563374
2025-09-18 06:00:00,117288.7,117466.6,116548.4,117096.1,377.71709368
2025-09-18 07:00:00,117106.8,117280.0,116671.5,117087.9,115.32671544
2025-09-18 08:00:00,117085.7,117665.0,116671.0,117246.2,265.50718508
2025-09-18 09:00:00,117246.3,117438.7,116895.0,117307.6,86.58026576
2025-09-18 10:00:00,117314.1,117478.5,116837.8,117200.0,543.37490934
2025-09-18 11:00:00,117199.8,117417.8,116895.0,117075.0,247.98650581
2025-09-18 12:00:00,117077.0,117467.4,116895.0,117125.2,786.72303479
2025-09-18 13:00:00,117125.2,117872.4,116935.6,117238.0,658.04677496
2025-09-18 14:00:00,117240.7,118050.0,117111.4,117646.4,1473.67409696
2025-09-18 15:00:00,117653.7,117999.9,117280.0,117596.4,761.08440666
2025-09-18 16:00:00,117628.0,118016.4,117280.0,117573.0,670.28316263
2025-09-18 17:00:00,117573.0,118016.4,117280.0,117585.0,723.90839421
2025-09-18 18:00:00,117585.0,118016.4,117298.1,117820.1,409.79129331
2025-09-18 19:00:00,117819.8,118016.4,116933.3,117466.8,512.27752229
2025-09-18 20:00:00,117466.8,117920.0,117280.0,117523.7,563.6714442
2025-09-18 21:00:00,117519.8,117874.1,117280.0,117287.9,403.31385107
2025-09-18 22:00:00,117287.8,117665.0,117000.0,117072.0,375.46872401
2025-09-18 23:00:00,117072.0,117299.6,116560.5,117083.0,413.57648799
2025-09-19 00:00:00,117081.0,117583.7,116666.6,117431.6,350.02158455
2025-09-19 01:00:00,117432.0,117890.7,116999.9,117245.3,469.45111754
2025-09-19 02:00:00,117245.3,117665.0,116895.0,117111.0,161.11985924
2025-09-19 03:00:00,117114.0,117417.8,116800.0,116979.9,169.68782224
2025-09-19 04:00:00,116979.9,117280.0,116510.0,116995.1,125.80460607
2025-09-19 05:00:00,116995.8,117093.0,116510.0,116904.1,93.70831642
2025-09-19 06:00:00,116902.1,116942.4,116510.0,116682.1,106.59554289
2025-09-19 07:00:00,116682.1,117280.0,116510.0,116914.9,218.84434518
2025-09-19 08:00:00,116915.0,117185.7,116510.0,116917.7,105.17882731
2025-09-19 09:00:00,116917.8,116999.9,116240.0,116481.5,189.06385528
2025-09-19 10:00:00,116481.5,116800.0,116156.3,116529.0,166.83252366
2025-09-19 11:00:00,116527.9,116895.0,116000.0,116397.0,167.05951115
2025-09-19 12:00:00,116396.1,116537.4,115740.0,116168.5,196.12159556
2025-09-19 13:00:00,116163.8,116510.0,115740.0,116273.7,313.93887636
2025-09-19 14:00:00,116287.9,116510.0,115355.0,115909.2,354.62616146
2025-09-19 15:00:00,115908.0,116125.0,114969.4,115881.4,544.06832842
2025-09-19 16:00:00,115880.1,116141.8,115400.0,116089.0,213.62073458
2025-09-19 17:00:00,116090.0,116100.0,115355.0,115548.0,219.85829456
2025-09-19 18:00:00,115546.1,115801.9,115030.4,115416.0,244.80327221
2025-09-19 19:00:00,115417.0,115680.0,114682.4,115123.2,235.31815248
2025-09-19 20:00:00,115123.2,115439.7,114739.2,115340.0,190.54754229
2025-09-19 21:00:00,115341.0,115914.1,114970.0,115469.9,173.32848199
2025-09-19 22:00:00,115470.0,115740.0,115091.0,115611.1,226.7409872
2025-09-19 23:00:00,115611.3,116000.0,114999.9,115630.0,3170.71977829
2025-09-20 00:00:00,115630.0,115740.0,115083.5,115728.1,102.20350066
2025-09-20 01:00:00,115729.4,115740.0,115120.0,115625.8,86.63357368
2025-09-20 02:00:00,115625.0,115740.0,115090.0,115599.9,74.38899643
2025-09-20 03:00:00,115600.0,115740.0,114970.0,115453.0,103.87634322
2025-09-20 04:00:00,115453.9,115740.0,114999.9,115570.0,94.47678908
2025-09-20 05:00:00,115570.1,115895.2,115355.0,115720.5,62.39088956
2025-09-20 06:00:00,115720.6,116074.4,115355.0,115698.4,90.23126677
2025-09-20 07:00:00,115698.5,115988.1,115355.0,115962.0,101.60595624
2025-09-20 08:00:00,115962.0,116100.0,115392.1,115703.6,94.36259452
2025-09-20 09:00:00,115700.0,115885.6,115355.0,115660.9,110.14937129
2025-09-20 10:00:00,115660.8,116240.0,115355.0,115748.1,158.94241298
2025-09-20 11:00:00,115746.0,116315.4,115740.0,115740.0,132.91645735
2025-09-20 12:00:00,115892.1,116125.0,115400.0,115891.3,139.70608453
2025-09-20 13:00:00,115888.0,116125.0,115400.0,115914.9,91.86161278
2025-09-20 14:00:00,115917.9,116240.0,115379.3,115974.0,1973.24386811
2025-09-20 15:00:00,115974.0,116800.0,115740.0,115988.1,5943.56970266
2025-09-20 16:00:00,115988.1,116125.0,115355.0,116031.9,1460.20968142
2025-09-20 17:00:00,116032.0,116098.0,115355.0,115826.4,136.1750222
2025-09-20 18:00:00,115826.1,116064.7,115127.8,115712.3,226.42142396
2025-09-20 19:00:00,115712.4,116361.3,115355.0,115680.9,216.30315283
2025-09-20 20:00:00,115680.0,116074.4,115400.0,115502.5,161.79722484
2025-09-20 21:00:00,115697.8,115941.1,115355.0,115785.1,44.28058754
2025-09-20 22:00:00,115785.2,116073.5,115355.0,115763.0,87.45161092
2025-09-20 23:00:00,115764.0,115767.9,115228.4,115688.0,57.94025013
2025-09-21 00:00:00,115685.9,115740.0,115000.0,115650.8,120.21317053
2025-09-21 01:00:00,115650.0,115666.6,114970.0,115502.0,95.90113328
2025-09-21 02:00:00,115501.0,115713.1,115091.0,115694.0,107.98024749
2025-09-21 03:00:00,115694.1,115740.0,115120.0,115669.5,71.16323467
2025-09-21 04:00:00,115668.7,115740.0,115120.0,115506.3,139.52247083
2025-09-21 05:00:00,115506.3,115831.7,115120.0,115674.1,171.91347876
2025-09-21 06:00:00,115674.8,116100.0,115355.0,115691.6,78.40388851
2025-09-21 07:00:00,115691.6,115887.2,115333.3,115819.9,95.48966069
2025-09-21 08:00:00,115820.0,115900.1,115000.2,115628.0,102.22555937
2025-09-21 09:00:00,115636.0,115740.0,114810.4,115692.9,171.46187984
2025-09-21 10:00:00,115691.1,115740.0,115120.0,115530.8,93.28240291
2025-09-21 11:00:00,115530.9,115740.0,115120.0,115618.0,102.66593067
2025-09-21 12:00:00,115618.0,116000.0,115200.0,115682.1,7420.37204044
2025-09-21 13:00:00,115682.1,115900.0,115355.0,115670.1,4890.41226022
2025-09-21 14:00:00,115670.1,115694.3,115000.0,115504.5,219.55743684
2025-09-21 15:00:00,115504.1,115705.1,114970.0,115534.1,163.27480388
2025-09-21 16:00:00,115534.0,115666.6,114950.0,115332.0,146.43338792
2025-09-21 17:00:00,115329.6,115680.0,114771.1,115632.6,243.84275422
2025-09-21 18:00:00,115630.1,115866.6,115083.5,115538.1,113.42735563
2025-09-21 19:00:00,115537.9,115666.6,115120.0,115488.0,80.06256513
2025-09-21 20:00:00,115488.0,115680.0,114999.9,115313.0,629.06582859
2025-09-21 21:00:00,115311.0,115666.6,114740.9,115406.0,95.75391268
2025-09-21 22:00:00,115410.7,115619.9,114606.9,115532.0,101.93986737
2025-09-21 23:00:00,115532.0,115532.1,114970.0,115235.9,53.95194403
2025-09-22 00:00:00,115236.0,115542.9,113815.0,114400.0,627.02215624
2025-09-22 01:00:00,114400.1,114970.0,114200.0,114267.0,236.32642308
2025-09-22 02:00:00,114267.0,114846.7,113575.8,114179.9,278.40140103
2025-09-22 03:00:00,114179.8,114700.0,113815.0,114655.5,240.17237593
2025-09-22 04:00:00,114654.8,114805.6,114139.9,114438.0,144.25450008
2025-09-22 05:00:00,114434.0,114585.0,112999.9,112999.9,209.98713997
2025-09-22 06:00:00,112999.9,113466.9,110895.4,112800.3,1066.975834
2025-09-22 07:00:00,112810.0,113045.0,112275.0,112532.0,418.13561391
2025-09-22 08:00:00,112532.0,113106.1,112275.0,112627.8,635.44417882
2025-09-22 09:00:00,112628.0,112689.3,111890.0,112341.6,222.86036602
2025-09-22 10:00:00,112343.2,112880.0,111955.7,112787.8,217.87733019
2025-09-22 11:00:00,112789.0,113045.0,112333.3,112879.2,2606.3964005
2025-09-22 12:00:00,112880.9,113000.0,111993.1,112737.0,1441.92799153
2025-09-22 13:00:00,112735.3,113149.3,112320.0,113149.3,18169.78727967
2025-09-22 14:00:00,113150.8,113500.0,112660.0,112933.0,399.71850977
2025-09-22 15:00:00,112930.9,113113.5,112450.0,112831.0,13014.03634569
2025-09-22 16:00:00,112830.0,113206.8,112450.0,112597.0,594.00090063
2025-09-22 17:00:00,112619.4,112837.8,112220.8,112393.1,1461.12930333
2025-09-22 18:00:00,112379.0,112999.9,112220.8,112434.2,151.87022928
2025-09-22 19:00:00,112434.2,112660.0,111787.0,112107.9,125.90836048
2025-09-22 20:00:00,112119.9,112983.3,111890.0,112786.0,137.31542614
2025-09-22 21:00:00,112785.9,112990.0,112275.0,112984.7,86.93924474
2025-09-22 22:00:00,112988.4,112989.0,112275.0,112643.0,62.77581782
2025-09-22 23:00:00,112660.0,113206.8,112229.8,112655.0,198.46367617
2025-09-23 00:00:00,112656.7,112880.0,112275.0,112399.0,136.567115
2025-09-23 01:00:00,112412.1,112878.5,111900.0,112158.3,151.06787143
2025-09-23 02:00:00,112158.7,112489.9,111700.0,111808.0,1009.76690875
2025-09-23 03:00:00,111800.0,112660.0,111120.0,112332.5,803.86807937
2025-09-23 04:00:00,112333.8,112666.6,111760.0,112438.1,537.28826829
2025-09-23 05:00:00,112437.0,113045.0,112275.0,112665.5,6214.06401212
2025-09-23 06:00:00,112666.7,113430.0,112320.0,112981.0,340.72964773
2025-09-23 07:00:00,112981.0,113430.0,112600.0,113095.0,809.81637763
2025-09-23 08:00:00,113093.8,113365.4,112660.0,113131.0,2908.23948124
2025-09-23 09:00:00,113135.0,113440.0,112713.8,112935.4,1316.22809835
2025-09-23 10:00:00,112937.0,113345.8,112660.0,112969.0,87.83366153
2025-09-23 11:00:00,112972.1,113206.8,112333.3,112981.0,226.35251702
2025-09-23 12:00:00,112981.0,113090.0,112660.0,112931.0,137.11312266
2025-09-23 13:00:00,112919.0,113045.0,112324.3,112745.7,211.63894928
2025-09-23 14:00:00,112944.5,113333.3,112320.0,112650.1,180.61281577
2025-09-23 15:00:00,112652.5,113430.0,112275.0,113375.0,492.444768
2025-09-23 16:00:00,113377.7,113430.0,112400.0,112820.1,822.46231573
2025-09-23 17:00:00,112954.5,113045.0,111820.0,111954.3,616.72066189
2025-09-23 18:00:00,111955.0,112320.0,111409.0,111786.0,869.90211732
2025-09-23 19:00:00,111791.0,112220.8,111234.8,111661.9,773.22948166
2025-09-23 20:00:00,111663.4,112220.8,111505.0,111990.6,841.39221821
2025-09-23 21:00:00,111991.0,112275.0,111881.0,112171.3,474.32415187
2025-09-23 22:00:00,112194.3,112333.3,111881.0,112169.2,686.46282536
2025-09-23 23:00:00,112289.9,112500.0,111890.0,112009.5,828.95351214
2025-09-24 00:00:00,112037.9,112500.0,111881.0,112231.0,702.85776786
2025-09-24 01:00:00,112250.0,112660.0,111890.0,112448.0,572.94976823
2025-09-24 02:00:00,112448.0,112827.7,111890.0,112121.4,879.4981831
2025-09-24 03:00:00,112121.9,112275.0,111846.0,112052.6,973.66081008
2025-09-24 04:00:00,112069.8,112500.0,111846.0,112173.9,969.04373915
2025-09-24 05:00:00,112174.0,112691.6,111846.0,112648.0,569.20380898
2025-09-24 06:00:00,112649.9,112980.0,112275.0,112606.4,581.07467258
2025-09-24 07:00:00,112636.3,113045.0,112275.0,112596.2,530.8373619
2025-09-24 08:00:00,112598.0,113045.0,112275.0,112625.9,592.89724732
2025-09-24 09:00:00,112656.6,113045.0,112275.0,112752.9,630.59299599
2025-09-24 10:00:00,112752.9,113045.0,112320.0,112956.6,452.44080786
2025-09-24 11:00:00,112990.0,113200.9,112660.0,113034.2,632.61737674
2025-09-24 12:00:00,113077.5,113206.8,112666.6,113079.9,1502.06906854
2025-09-24 13:00:00,113110.2,113430.0,112713.8,113055.5,521.63928057
2025-09-24 14:00:00,113055.5,114000.0,112660.0,113717.0,654.21486488
2025-09-24 15:00:00,113719.2,114000.0,113206.8,113355.4,1434.77602937
2025-09-24 16:00:00,113504.2,113815.0,113045.0,113726.4,572.79081031
2025-09-24 17:00:00,113726.5,114000.0,113430.0,113756.1,504.20622031
2025-09-24 18:00:00,113758.8,114192.7,113300.0,113648.7,682.82051293
2025-09-24 19:00:00,113649.0,113815.0,113206.8,113422.4,541.74032711
2025-09-24 20:00:00,113422.5,114280.0,113059.4,113699.6,1742.5818418
2025-09-24 21:00:00,113699.7,113701.9,113045.0,113339.0,400.59737457
2025-09-24 22:00:00,113342.7,113699.7,113045.0,113332.6,1280.18308856
2025-09-24 23:00:00,113342.0,113444.0,113045.0,113309.7,508.786545
2025-09-25 00:00:00,113384.7,113807.5,112999.9,113067.9,521.07987472
2025-09-25 01:00:00,113067.4,113430.0,112320.0,112671.2,554.17311629
2025-09-25 02:00:00,112674.3,113206.8,112220.8,112906.7,589.96730004
2025-09-25 03:00:00,113076.9,113086.7,112000.0,112565.4,644.25669367
2025-09-25 04:00:00,112645.4,112660.0,111427.4,111742.0,866.74926438
2025-09-25 05:00:00,111742.0,112220.8,111234.8,111747.3,727.18389338
2025-09-25 06:00:00,111745.9,111999.9,111120.0,111521.6,797.61100811
2025-09-25 07:00:00,111522.4,111944.4,111120.0,111771.0,802.92752772
2025-09-25 08:00:00,111771.0,112320.0,111505.0,111741.2,749.73128988
2025-09-25 09:00:00,111741.2,112275.0,111505.0,111571.5,727.07121009
2025-09-25 10:00:00,111571.5,111890.0,111500.0,111656.5,608.80447596
2025-09-25 11:00:00,111657.8,112003.4,111111.0,111362.0,1438.30248128
2025-09-25 12:00:00,111420.9,111890.0,111111.0,111339.5,840.99926468
2025-09-25 13:00:00,111339.5,111729.8,110699.3,111621.6,837.60954488
2025-09-25 14:00:00,111675.1,111890.0,111425.0,111519.0,604.71108968
2025-09-25 15:00:00,111517.0,111890.0,111375.0,111589.0,595.48673736
2025-09-25 16:00:00,111641.4,112200.0,111275.0,111666.0,4844.55304137
2025-09-25 17:00:00,111666.5,111890.0,109505.0,109873.3,3075.17701793
2025-09-25 18:00:00,109873.3,109965.0,109373.5,109765.2,950.51546229
2025-09-25 19:00:00,109964.9,110003.3,109373.5,109545.3,699.04115674
2025-09-25 20:00:00,109545.3,109765.6,109005.0,109324.1,875.05543572
2025-09-25 21:00:00,109324.1,109666.6,109005.0,109417.3,580.09203773
2025-09-25 22:00:00,109459.2,109800.0,109005.0,109434.5,634.7748071
2025-09-25 23:00:00,109591.7,109965.0,109306.1,109587.6,733.86781755
2025-09-26 00:00:00,109594.2,109736.3,109005.0,109478.8,666.75384542
2025-09-26 01:00:00,109616.2,110000.0,109195.0,109692.9,740.41978492
2025-09-26 02:00:00,109726.9,110000.0,109262.9,109818.0,694.63542011
2025-09-26 03:00:00,109818.0,109965.0,109258.0,109578.6,962.38553641
2025-09-26 04:00:00,109592.7,109964.6,109258.0,109375.0,857.53220287
2025-09-26 05:00:00,109569.7,109965.0,109258.0,109300.0,761.5521689
2025-09-26 06:00:00,109459.4,109700.0,109275.0,109355.7,7799.95228434
2025-09-26 07:00:00,109357.2,109613.0,109038.6,109308.1,1137.14811562
2025-09-26 08:00:00,109338.5,109678.5,109010.0,109568.0,600.99056771
2025-09-26 09:00:00,109567.9,109700.0,109195.0,109565.0,575.41853679
2025-09-26 10:00:00,109569.7,109590.8,108900.0,108904.1,1205.25808493
2025-09-26 11:00:00,108904.8,109362.8,108700.0,109143.8,860.14269474
2025-09-26 12:00:00,109150.0,109580.0,108810.0,109381.3,756.44869609
2025-09-26 13:00:00,109400.0,109768.3,108810.0,109675.4,2694.52515773
2025-09-26 14:00:00,109740.0,109800.0,108785.9,108813.3,692.9442715
2025-09-26 15:00:00,108831.5,109525.4,108785.9,109029.4,939.85695319
2025-09-26 16:00:00,109029.5,109735.5,108983.1,109457.0,894.9291619
2025-09-26 17:00:00,109545.4,110000.0,109200.0,109744.5,6666.52829848
2025-09-26 18:00:00,109744.5,110300.0,109580.0,109721.6,653.51141253
2025-09-26 19:00:00,109736.7,109965.0,109262.9,109914.8,1771.12981275
2025-09-26 20:00:00,109918.5,109965.0,109600.0,109842.0,815.77029063
2025-09-26 21:00:00,109842.1,109999.9,109600.0,109914.7,1283.54275765
2025-09-26 22:00:00,109824.0,110333.3,109600.0,109914.8,953.89419669
2025-09-26 23:00:00,109918.6,110048.5,109600.0,109644.2,1137.73610655
2025-09-27 00:00:00,109749.0,109999.9,109262.9,109655.6,626.71734254
2025-09-27 01:00:00,109821.5,109900.0,109195.0,109634.3,636.5460123
2025-09-27 02:00:00,109634.6,109662.9,109100.0,109412.8,482.48492501
2025-09-27 03:00:00,109580.0,109723.3,109195.0,109553.0,534.57319259
2025-09-27 04:00:00,109581.4,110080.0,109200.0,109651.3,565.7471641
2025-09-27 05:00:00,109800.0,109965.0,109350.7,109634.5,752.7624099
2025-09-27 06:00:00,109778.5,109864.8,109262.9,109540.7,532.11875044
2025-09-27 07:00:00,109541.0,109965.0,109195.0,109404.7,651.49048202
2025-09-27 08:00:00,109404.7,109600.0,109199.1,109451.4,991.13898634
2025-09-27 09:00:00,109517.9,109518.0,109100.0,109308.8,1181.93314394
2025-09-27 10:00:00,109374.9,109541.6,109050.0,109437.1,1049.43228501
2025-09-27 11:00:00,109438.0,109632.8,108999.9,109598.4,3600.37941483
2025-09-27 12:00:00,109598.4,109632.8,109195.0,109413.7,663.41557707
2025-09-27 13:00:00,109412.3,109600.0,109249.7,109319.2,480.93663219
2025-09-27 14:00:00,109411.5,109497.0,109205.2,109295.2,544.61662232
2025-09-27 15:00:00,109334.0,109497.0,109200.0,109396.0,642.46629395
2025-09-27 16:00:00,109408.0,109500.0,109195.0,109387.8,639.21489513
2025-09-27 17:00:00,109423.0,109500.0,109150.0,109377.8,601.09526007
2025-09-27 18:00:00,109411.1,109735.5,109100.0,109416.7,600.9100182
2025-09-27 19:00:00,109416.9,110491.6,109100.0,109418.0,1097.46377965
2025-09-27 20:00:00,109451.4,109755.9,109142.5,109631.5,700.83819469
2025-09-27 21:00:00,109632.8,109632.8,109195.0,109473.8,397.77876553
2025-09-27 22:00:00,109473.8,109755.9,109278.6,109597.7,387.04256466
2025-09-27 23:00:00,109597.7,109750.0,109250.0,109631.0,442.63110986
2025-09-28 00:00:00,109631.0,109965.0,109250.0,109593.4,361.21492057
2025-09-28 01:00:00,109615.1,109741.1,109300.0,109353.9,339.33584676
2025-09-28 02:00:00,109353.9,109800.0,109300.0,109454.4,435.45400637
2025-09-28 03:00:00,109594.4,109965.0,109445.0,109450.1,772.84638806
2025-09-28 04:00:00,109594.4,109594.5,109050.0,109373.4,438.66397737
2025-09-28 05:00:00,109377.1,109580.0,109050.0,109356.1,470.7006571
2025-09-28 06:00:00,109355.8,109552.2,109050.0,109409.0,510.19074271
2025-09-28 07:00:00,109411.3,110467.0,109050.0,109580.0,1147.25322407
2025-09-28 08:00:00,109515.7,109965.0,109195.0,109540.9,361.84068527
2025-09-28 09:00:00,109515.0,109965.0,109050.0,109527.2,157.53567007
2025-09-28 10:00:00,109517.0,109580.0,109050.0,109381.3,90.50261704
2025-09-28 11:00:00,109378.5,109580.0,109020.0,109400.0,101.15905444
2025-09-28 12:00:00,109383.0,109580.0,109010.0,109329.0,85.97184622
2025-09-28 13:00:00,109319.9,109668.8,109010.0,109626.2,164.91594516
2025-09-28 14:00:00,109626.2,109980.9,109200.0,109980.9,283.06758372
2025-09-28 15:00:00,109858.6,110350.0,109580.0,110026.6,564.97517649
2025-09-28 16:00:00,110035.7,110516.7,109965.0,110224.7,553.97457735
2025-09-28 17:00:00,110245.5,110400.0,109999.9,110208.8,524.65054999
2025-09-28 18:00:00,110277.2,110719.4,110000.0,110288.0,485.36738529
2025-09-28 19:00:00,110298.7,110640.0,110000.0,110337.6,493.72146362
2025-09-28 20:00:00,110339.1,111028.1,110310.0,110809.0,525.33488185
2025-09-28 21:00:00,110880.7,111120.0,110350.0,110833.5,499.39628699
2025-09-28 22:00:00,110833.7,112023.2,110400.0,111922.0,520.33818045
2025-09-28 23:00:00,111944.4,112377.9,111730.7,112173.0,766.93911396
2025-09-29 00:00:00,112172.8,113090.0,112000.0,112262.8,7672.07703927
2025-09-29 01:00:00,112307.5,112660.0,111666.6,111861.9,2586.80378017
2025-09-29 02:00:00,111862.0,112133.3,111505.0,111753.0,639.23068352
2025-09-29 03:00:00,111754.3,112766.3,111505.0,111869.0,1285.81791671
2025-09-29 04:00:00,111878.8,112275.0,111505.0,111809.0,543.90468294
2025-09-29 05:00:00,111811.5,111839.1,111120.0,111760.8,536.06645095
2025-09-29 06:00:00,111761.3,111861.3,111319.1,111644.7,427.02956196
2025-09-29 07:00:00,111644.8,111910.1,111200.0,111870.1,651.07874118
2025-09-29 08:00:00,111870.6,112445.3,111505.0,112106.1,1139.78382635
2025-09-29 09:00:00,112106.5,112275.0,111800.0,112116.0,683.88540214
2025-09-29 10:00:00,112117.0,112530.6,111800.0,112099.5,809.25496356
2025-09-29 11:00:00,112100.4,112500.0,111890.0,112118.9,747.24868139
2025-09-29 12:00:00,112118.9,112600.0,111890.0,112020.0,728.08803631
2025-09-29 13:00:00,112022.4,113500.0,111890.0,113227.9,899.38095646
2025-09-29 14:00:00,113228.0,114244.4,112959.4,114025.4,1112.94922563
2025-09-29 15:00:00,114035.3,114250.0,113430.0,113817.2,482.90851823
2025-09-29 16:00:00,113819.1,114066.3,113440.0,113621.3,3466.92310237
2025-09-29 17:00:00,113622.0,114178.0,113430.0,114059.0,535.36549366
2025-09-29 18:00:00,114060.0,114162.3,113440.0,114018.1,2996.70819005
2025-09-29 19:00:00,114018.1,114374.4,113440.0,114290.3,1123.73801676
2025-09-29 20:00:00,114227.0,114418.6,113815.0,114259.0,782.03410993
2025-09-29 21:00:00,114259.0,114341.4,113815.0,114178.8,581.800584
2025-09-29 22:00:00,114178.8,114219.3,113815.0,114197.0,620.57711772
2025-09-29 23:00:00,114188.1,114393.3,113828.3,114314.3,1106.36040838
2025-09-30 00:00:00,114313.1,114666.6,113868.0,114521.0,1588.92657241
2025-09-30 01:00:00,114520.9,114924.8,114110.0,114511.6,1266.38222009
2025-09-30 02:00:00,114511.8,114970.0,114200.0,114453.0,822.92480441
2025-09-30 03:00:00,114461.9,114539.0,114000.0,114376.4,676.47655868
2025-09-30 04:00:00,114374.9,114568.4,113882.0,114092.7,1761.88389433
2025-09-30 05:00:00,114092.9,114222.9,113815.0,113910.0,828.59463249
2025-09-30 06:00:00,113904.0,114333.3,113631.8,113889.1,395.31384793
2025-09-30 07:00:00,113906.0,113999.9,113567.2,113712.6,148.86108374
2025-09-30 08:00:00,113716.6,114096.7,113300.0,113465.0,131.84399872
2025-09-30 09:00:00,113448.0,113752.0,112666.6,112792.8,207.1552334
2025-09-30 10:00:00,112794.3,113405.6,112660.0,112922.0,183.567028
2025-09-30 11:00:00,112926.3,113206.8,112644.1,113049.2,2506.36968653
2025-09-30 12:00:00,113046.2,113430.0,112660.0,113003.1,7634.30543358
2025-09-30 13:00:00,113003.0,113815.0,112770.0,113399.5,473.19661168
2025-09-30 14:00:00,113399.6,113815.0,112880.0,113607.4,447.19414979
2025-09-30 15:00:00,113608.0,113648.6,112660.0,113100.5,7948.92066202
2025-09-30 16:00:00,113120.4,113430.0,112660.0,112844.7,281.09823696
2025-09-30 17:00:00,112841.2,113666.6,112660.0,113252.7,332.79630625
2025-09-30 18:00:00,113249.7,113815.0,113045.0,113716.6,188.62264014
2025-09-30 19:00:00,113717.0,114575.8,113430.0,114359.0,1616.56912466
2025-09-30 20:00:00,114382.0,114698.0,113815.0,114632.3,1391.7279896
2025-09-30 21:00:00,114632.4,114767.4,114000.0,114166.0,840.6486181
2025-09-30 22:00:00,114166.1,114365.2,113881.8,113941.9,343.24373694
2025-09-30 23:00:00,113937.5,114064.3,113440.0,114047.2,296.7940928
2025-10-01 00:00:00,114047.2,114323.4,113815.0,114236.5,1452.20990264
2025-10-01 01:00:00,114236.5,114585.0,113868.2,114550.0,1616.36623479
2025-10-01 02:00:00,114550.0,114554.9,114000.0,114277.2,573.67867398
2025-10-01 03:00:00,114277.0,114560.0,113978.4,114179.7,1494.98027376
2025-10-01 04:00:00,114179.8,114700.0,113815.0,114290.4,2205.79862428
2025-10-01 05:00:00,114290.4,114741.8,114200.0,114565.0,2300.96418599
2025-10-01 06:00:00,114566.1,114853.3,114200.0,114262.3,1211.3813576
2025-10-01 07:00:00,114262.4,114585.4,114200.0,114540.9,1318.06579761
2025-10-01 08:00:00,114522.0,116266.5,114200.0,116110.9,3609.77808793
2025-10-01 09:00:00,116110.9,116527.8,115740.0,116410.0,3380.49542042
2025-10-01 10:00:00,116414.2,116800.0,115740.0,116268.8,1952.31033629
2025-10-01 11:00:00,116268.9,117095.9,115680.0,116783.5,6540.69724847
2025-10-01 12:00:00,116782.7,116895.0,116240.0,116240.0,281.43580915
2025-10-01 13:00:00,116412.7,117186.3,116125.0,116806.6,396.06724907
2025-10-01 14:00:00,116812.1,117500.0,116716.7,117294.6,385.60971993
2025-10-01 15:00:00,117294.7,117800.0,116895.0,117424.1,1110.61648889
2025-10-01 16:00:00,117425.0,118300.0,116957.3,117538.2,522.33686913
2025-10-01 17:00:00,117536.0,117999.9,116548.4,116772.0,262.00443982
2025-10-01 18:00:00,116762.0,117333.3,116510.0,117240.5,259.85589683
2025-10-01 19:00:00,117235.8,117643.6,116920.0,117443.5,123.06994362
2025-10-01 20:00:00,117442.0,117665.0,117000.0,117543.5,148.55863533
2025-10-01 21:00:00,117543.6,118096.3,116943.8,117563.9,200.70526926
2025-10-01 22:00:00,117564.0,118087.9,117373.4,117759.8,194.27094362
2025-10-01 23:00:00,117759.8,118816.7,117360.0,118605.7,300.11172351
2025-10-02 00:00:00,118608.2,119600.0,118420.0,118438.0,454.63275928
2025-10-02 01:00:00,118440.3,118903.1,118156.6,118634.3,229.59037987
2025-10-02 02:00:00,118636.0,118816.7,118435.0,118753.5,132.53677186
2025-10-02 03:00:00,118753.9,119205.0,118435.0,118739.7,199.62455238
2025-10-02 04:00:00,118739.5,118999.9,118435.0,118664.4,100.46168378
2025-10-02 05:00:00,118665.1,118835.4,117920.0,118382.7,502.79682187
2025-10-02 06:00:00,118376.2,118813.8,118050.0,118660.7,151.14418526
2025-10-02 07:00:00,118664.6,118820.0,118050.0,118488.1,213.58664564
2025-10-02 08:00:00,118488.4,118820.0,118069.2,118666.6,126.04267285
2025-10-02 09:00:00,118667.0,118877.9,118245.5,118877.9,124.86301077
2025-10-02 10:00:00,118878.2,119012.1,118435.0,118623.2,550.70265343
2025-10-02 11:00:00,118628.8,118999.9,118435.0,118770.7,1843.72391004
2025-10-02 12:00:00,118771.5,119406.1,118435.0,119406.1,408.35220091
2025-10-02 13:00:00,119406.3,119975.0,118820.0,119623.0,653.89801492
2025-10-02 14:00:00,119623.5,119975.0,118627.6,118826.4,384.61681638
2025-10-02 15:00:00,118826.4,119975.0,118435.6,119921.7,922.80698572
2025-10-02 16:00:00,119919.7,120360.0,119590.0,119906.5,6401.95677076
2025-10-02 17:00:00,119739.0,119975.0,119205.0,119915.0,297.17304133
2025-10-02 18:00:00,119916.2,120745.0,119600.0,120353.4,548.59685569
2025-10-02 19:00:00,120353.4,121130.0,120160.0,120842.0,415.22920696
2025-10-02 20:00:00,120841.1,121130.0,120274.4,120674.0,177.38361917
2025-10-02 21:00:00,120643.3,120761.9,119975.0,120153.6,94.64126468
2025-10-02 22:00:00,120134.4,120474.5,119719.1,120261.1,122.4402682
2025-10-02 23:00:00,120260.5,120720.0,119967.3,120542.0,5389.70244818
2025-10-03 00:00:00,120542.0,120624.9,119967.3,120145.2,519.45743008
2025-10-03 01:00:00,120147.2,120360.0,119716.2,119898.9,2145.91147573
2025-10-03 02:00:00,119876.2,120360.0,119590.0,120152.3,629.79988293
2025-10-03 03:00:00,120152.8,120666.6,119819.1,120239.2,530.41618149
2025-10-03 04:00:00,120237.4,120745.0,119774.8,120056.9,417.50957518
2025-10-03 05:00:00,120056.9,120360.0,119747.9,119938.5,269.6095249
2025-10-03 06:00:00,119938.5,120360.0,119712.5,119925.0,476.95501426
2025-10-03 07:00:00,119925.4,120160.0,119590.0,119640.9,317.13613614
2025-10-03 08:00:00,119640.0,120085.7,119233.5,120051.1,272.34245684
2025-10-03 09:00:00,120051.2,120720.0,119666.6,120310.0,135.66005456
2025-10-03 10:00:00,120309.8,120720.0,119999.9,120447.0,160.79590379
2025-10-03 11:00:00,120445.0,120745.0,120100.0,120344.5,158.86411808
2025-10-03 12:00:00,120346.7,120745.0,119975.0,120368.0,373.42430316
2025-10-03 13:00:00,120367.1,120720.0,119975.0,120380.1,543.07659079
2025-10-03 14:00:00,120381.4,120999.9,119600.0,120884.0,1110.75569943
2025-10-03 15:00:00,120929.1,122363.0,120450.0,122022.4,878.4776255
2025-10-03 16:00:00,122022.4,124000.0,121900.0,122556.9,1482.29207965
2025-10-03 17:00:00,122567.7,123108.1,121343.1,122070.2,1578.80772303
2025-10-03 18:00:00,122070.2,122960.0,121515.0,122545.5,11061.17651475
2025-10-03 19:00:00,122548.1,122960.0,121900.0,122671.2,667.43088403
2025-10-03 20:00:00,122671.1,122735.2,121900.0,122454.2,522.66071157
2025-10-03 21:00:00,122454.2,123000.0,121900.0,122162.1,368.52135853
2025-10-03 22:00:00,122162.1,122799.9,121900.0,122476.3,448.00498286
2025-10-03 23:00:00,122480.2,122480.6,121900.0,122239.4,475.9080327
2025-10-04 00:00:00,122239.0,122333.3,121700.0,122112.0,707.18182821
2025-10-04 01:00:00,122112.9,122285.0,121515.0,121864.3,590.74894158
2025-10-04 02:00:00,121864.3,122285.0,121515.0,121854.4,1003.08879781
2025-10-04 03:00:00,121854.4,122333.3,121518.9,122240.0,345.61723546
2025-10-04 04:00:00,122245.3,122538.2,121900.0,122489.5,550.63329171
2025-10-04 05:00:00,122489.5,123055.0,122031.5,122538.0,455.3583044
2025-10-04 06:00:00,122538.0,122700.3,122105.9,122436.3,336.37929178
2025-10-04 07:00:00,122437.0,122481.8,121900.0,122304.4,367.1330809
2025-10-04 08:00:00,122304.1,122670.0,121900.0,122280.7,444.97808662
2025-10-04 09:00:00,122280.3,122670.0,121983.8,122225.0,376.88787571
2025-10-04 10:00:00,122225.0,122670.0,121900.0,122138.7,365.44314948
2025-10-04 11:00:00,122138.7,122670.0,121700.0,121714.3,541.17917531
2025-10-04 12:00:00,121870.9,122285.0,121624.0,122020.9,286.26755379
2025-10-04 13:00:00,122020.9,122670.0,121900.0,122393.1,449.25569552
2025-10-04 14:00:00,122393.1,122600.0,121900.0,122000.0,510.49658263
2025-10-04 15:00:00,122000.0,122580.0,121678.5,121795.9,659.18318614
2025-10-04 16:00:00,121797.5,122285.0,121414.2,121722.7,663.97566202
2025-10-04 17:00:00,121723.2,121922.6,121333.3,121757.8,577.48268232
2025-10-04 18:00:00,121757.8,121900.0,121280.0,121584.3,304.79540415
2025-10-04 19:00:00,121584.1,121969.3,121280.0,121969.3,325.24213613
2025-10-04 20:00:00,121969.4,122285.0,121515.0,121894.0,248.17211307
2025-10-04 21:00:00,121893.9,122578.1,121578.0,122198.5,395.32267798
2025-10-04 22:00:00,122198.8,122498.8,121900.0,122287.0,275.37062969
2025-10-04 23:00:00,122287.0,122522.4,121909.9,122397.0,248.27939697
2025-10-05 00:00:00,122397.5,122578.1,121900.0,122158.0,477.07071453
2025-10-05 01:00:00,122158.5,122578.1,121950.0,122373.7,176.27197648
2025-10-05 02:00:00,122373.7,124364.8,121977.4,124028.0,1771.66198547
2025-10-05 03:00:00,124030.9,124207.1,123281.7,123778.0,773.21652504
2025-10-05 04:00:00,123778.0,126053.7,123440.0,124980.0,1667.0113548
2025-10-05 05:00:00,124980.0,125750.0,124595.0,125122.1,847.75675896
2025-10-05 06:00:00,125122.1,125572.0,124243.0,124996.0,3149.21414371
2025-10-05 07:00:00,124996.0,125200.0,124282.6,124711.0,482.47312792
2025-10-05 08:00:00,124711.4,124980.0,124210.0,124595.0,583.05800628
2025-10-05 09:00:00,124602.1,124667.9,122670.0,123026.0,758.60144967
2025-10-05 10:00:00,123026.0,123440.0,122400.0,123026.5,698.61559989
2025-10-05 11:00:00,123026.5,123543.2,122670.0,123486.6,700.76037081
2025-10-05 12:00:00,123469.0,123559.5,122670.0,123090.2,475.14949873
2025-10-05 13:00:00,123092.0,123440.0,122670.0,123174.3,1031.27767957
2025-10-05 14:00:00,123175.4,123440.0,122670.0,123041.8,583.62038078
2025-10-05 15:00:00,123037.8,123440.0,122400.0,122806.2,665.04774366
2025-10-05 16:00:00,122807.0,123402.4,122333.3,123276.0,840.69899255
2025-10-05 17:00:00,123276.0,123786.6,122670.0,123050.8,997.15240154
2025-10-05 18:00:00,123050.8,123440.0,122670.0,123016.1,401.04361759
2025-10-05 19:00:00,123016.1,123045.0,122333.3,122605.5,494.24695465
2025-10-05 20:00:00,122606.9,123062.6,122300.0,122723.4,660.82834846
2025-10-05 21:00:00,122723.3,122800.3,122285.0,122740.5,422.56762441
2025-10-05 22:00:00,122740.2,123440.0,122498.8,123249.0,559.97043195
2025-10-05 23:00:00,123249.0,123800.0,122813.4,123478.0,446.68235839
2025-10-06 00:00:00,123479.9,124348.9,123055.0,123355.3,545.23508814
2025-10-06 01:00:00,123355.1,124239.7,123090.5,124040.1,628.58549232
2025-10-06 02:00:00,124023.9,124210.0,123440.0,124083.1,425.38391757
2025-10-06 03:00:00,123918.9,124210.0,123440.0,123834.9,321.43121868
2025-10-06 04:00:00,123834.5,124500.0,123440.0,123580.8,151.84068786
2025-10-06 05:00:00,123580.3,123800.0,123055.0,123575.8,157.26608997
2025-10-06 06:00:00,123576.0,124210.0,123333.3,123944.0,139.11498657
2025-10-06 07:00:00,123944.0,124210.0,123145.8,123393.5,168.84897073
2025-10-06 08:00:00,123393.7,124210.0,123100.0,123865.0,125.42868229
2025-10-06 09:00:00,123864.9,124500.0,123490.0,123959.9,206.24290977
2025-10-06 10:00:00,123959.9,124210.0,123520.0,123961.8,152.21679927
2025-10-06 11:00:00,123961.8,124595.0,123510.0,124223.0,210.00930199
2025-10-06 12:00:00,124223.0,124838.2,123999.9,124594.5,298.15000759
2025-10-06 13:00:00,124594.5,125062.4,124210.0,125036.5,215.63911875
2025-10-06 14:00:00,125036.5,125343.4,124363.5,124511.0,415.15063511
2025-10-06 15:00:00,124523.0,125403.4,124300.0,125000.0,315.23160676
2025-10-06 16:00:00,125000.0,125495.6,124595.0,125471.8,188.89672328
2025-10-06 17:00:00,125496.6,126000.0,124757.0,125286.3,397.58150156
2025-10-06 18:00:00,125286.3,126500.0,124595.0,126007.0,769.92417514
2025-10-06 19:00:00,126007.0,126500.0,125200.0,125411.1,477.33020655
2025-10-06 20:00:00,125411.1,125750.0,124821.0,125212.5,221.40548683
2025-10-06 21:00:00,125215.0,125350.0,124595.0,125119.0,188.42482773
2025-10-06 22:00:00,125119.0,125365.0,124640.0,125040.0,128.84784564
2025-10-06 23:00:00,125040.6,125365.0,124595.0,124652.4,134.09683495
2025-10-07 00:00:00,124655.1,124980.0,124482.4,124882.9,110.55291435
2025-10-07 01:00:00,124882.9,125200.0,124399.9,124712.9,226.20896181
2025-10-07 02:00:00,124712.9,124937.4,124080.0,124368.8,238.20673682
2025-10-07 03:00:00,124260.0,124595.0,123825.0,124330.1,132.08745443
2025-10-07 04:00:00,124329.8,124980.0,123763.9,124491.0,1232.7293115
2025-10-07 05:00:00,124490.8,124646.7,124080.0,124404.1,118.94092718
2025-10-07 06:00:00,124404.1,124524.6,123763.9,123895.4,119.4448823
2025-10-07 07:00:00,123895.4,124299.2,123490.0,123676.8,259.98340999
2025-10-07 08:00:00,123676.8,123999.9,123154.8,123859.3,178.29746424
2025-10-07 09:00:00,123859.7,124500.0,123526.6,124109.2,110.6294665
2025-10-07 10:00:00,124109.9,124550.0,123825.0,124279.8,147.6677501
2025-10-07 11:00:00,124279.7,124550.0,123825.0,124447.2,145.61399147
2025-10-07 12:00:00,124447.0,125120.0,124000.0,124913.9,233.62587259
2025-10-07 13:00:00,124914.8,125052.0,123333.3,123934.1,265.78023651
2025-10-07 14:00:00,123896.9,124080.0,122484.7,122744.0,479.62052578
2025-10-07 15:00:00,122742.1,122976.6,121130.0,121893.3,714.23817493
2025-10-07 16:00:00,121893.3,122285.0,120845.7,121695.0,489.72132216
2025-10-07 17:00:00,121695.0,122571.4,121000.0,121150.0,9329.09757477
2025-10-07 18:00:00,121150.0,121306.4,120360.0,120718.8,212.13628219
2025-10-07 19:00:00,120718.8,122000.0,120360.0,121621.6,252.27976049
2025-10-07 20:00:00,121621.6,122285.0,121515.0,121918.1,166.90351665
2025-10-07 21:00:00,121936.7,122400.0,121666.6,122010.3,184.8319745
2025-10-07 22:00:00,122011.0,122266.6,121515.0,122011.8,118.81842785
2025-10-07 23:00:00,122011.8,122083.3,121199.9,121345.0,109.02383424
2025-10-08 00:00:00,121346.0,122285.0,121130.0,121908.9,150.18532719
2025-10-08 01:00:00,121908.9,122285.0,121515.0,121958.0,122.96018068
2025-10-08 02:00:00,121956.6,122285.0,121515.0,122054.3,169.59059827
2025-10-08 03:00:00,122043.5,122285.0,121130.0,121365.4,251.22207635
2025-10-08 04:00:00,121370.3,122285.0,121000.0,121900.3,286.9194916
2025-10-08 05:00:00,121900.3,122285.0,121000.0,121380.0,145.1384931
2025-10-08 06:00:00,121379.2,121900.0,120745.0,121788.0,1202.44574467
2025-10-08 07:00:00,121788.0,121900.0,121130.0,121607.9,199.99205144
2025-10-08 08:00:00,121610.8,122889.3,121130.0,122389.3,384.16932773
2025-10-08 09:00:00,122389.3,122960.0,122285.0,122529.0,114.27254329
2025-10-08 10:00:00,122529.1,123090.5,122285.0,122937.2,684.83126365
2025-10-08 11:00:00,122942.1,123351.0,122670.0,122884.2,137.10135184
2025-10-08 12:00:00,122884.2,123055.0,122285.0,122642.6,190.06198397
2025-10-08 13:00:00,122643.0,122960.0,121515.0,122602.6,250.54026367
2025-10-08 14:00:00,122655.4,123372.0,122101.9,122320.9,278.70025448
2025-10-08 15:00:00,122321.4,122670.0,121840.0,122195.2,270.67313931
2025-10-08 16:00:00,122195.2,123115.6,121900.0,123048.9,250.25218898
2025-10-08 17:00:00,123048.9,124182.8,122670.0,124037.4,1329.8128991
2025-10-08 18:00:00,124037.4,124210.0,123209.6,123447.0,224.93988264
2025-10-08 19:00:00,123447.0,123825.0,123119.3,123648.6,121.27478238
2025-10-08 20:00:00,123493.1,123825.0,122849.3,122856.1,218.70284868
2025-10-08 21:00:00,122856.1,123371.0,122750.0,123274.1,57.84869509
2025-10-08 22:00:00,123273.7,123440.0,122765.6,123206.0,82.60916023
2025-10-08 23:00:00,123224.0,123555.5,122731.5,123304.3,93.82481959
2025-10-09 00:00:00,123304.3,123440.0,122670.0,122844.3,114.45572697
2025-10-09 01:00:00,122851.2,123055.0,122174.8,122549.9,374.7890477
2025-10-09 02:00:00,122549.9,122670.0,121343.1,121619.4,1528.26598155
2025-10-09 03:00:00,121619.4,122285.0,121343.1,122045.3,506.68912322
2025-10-09 04:00:00,122037.3,122670.0,121800.0,122151.0,873.95127105
2025-10-09 05:00:00,122151.0,122490.3,121840.0,122114.6,754.87502663
2025-10-09 06:00:00,122112.2,122333.3,121840.0,121956.0,545.26555208
2025-10-09 07:00:00,121956.0,122066.5,121515.0,121902.0,160.91378475
2025-10-09 08:00:00,121900.1,122174.1,121130.0,121264.9,284.89581931
2025-10-09 09:00:00,121264.9,121900.0,121126.8,121815.3,174.4213324
2025-10-09 10:00:00,121815.3,122339.9,121447.0,122173.4,171.42270079
2025-10-09 11:00:00,122172.4,123000.0,121900.0,122730.4,188.01026626
2025-10-09 12:00:00,122730.4,123749.9,122400.0,123556.4,929.139561
2025-10-09 13:00:00,123554.9,123652.3,122285.0,122410.0,519.41324885
2025-10-09 14:00:00,122410.0,122670.0,120745.0,121330.7,850.65453295
2025-10-09 15:00:00,121330.7,121733.3,120412.0,121152.9,419.16362566
2025-10-09 16:00:00,121161.4,121492.6,119600.0,119838.9,720.22487549
2025-10-09 17:00:00,119839.8,120988.6,119590.0,120988.6,509.78882985
2025-10-09 18:00:00,120989.9,121130.0,120360.0,120666.0,146.9500993
2025-10-09 19:00:00,120666.0,121130.0,120600.0,120952.0,132.81980102
2025-10-09 20:00:00,120952.0,121241.1,120745.0,121118.2,99.21269777
2025-10-09 21:00:00,121118.2,121515.0,121031.1,121464.1,82.68397168
2025-10-09 22:00:00,121499.1,121946.2,121130.0,121686.0,220.61651298
2025-10-09 23:00:00,121685.9,121800.0,121241.1,121657.1,139.67676475
2025-10-10 00:00:00,121657.1,121900.0,121280.0,121751.9,129.07086772
2025-10-10 01:00:00,121751.9,121887.9,121200.0,121636.0,144.42611817
2025-10-10 02:00:00,121636.0,121859.7,120830.5,121066.7,119.03201641
2025-10-10 03:00:00,121066.7,121653.1,120666.6,121042.7,173.54920677
2025-10-10 04:00:00,121037.9,121447.0,120830.5,121244.9,83.91802328
2025-10-10 05:00:00,121244.9,121840.0,120813.1,121592.0,136.81256628
2025-10-10 06:00:00,121592.0,121946.2,121130.0,121384.8,261.69186368
2025-10-10 07:00:00,121384.8,121515.0,120830.5,120936.9,99.68191691
2025-10-10 08:00:00,120936.9,121649.4,120745.0,121618.5,214.93561519
2025-10-10 09:00:00,121618.0,121840.0,121148.0,121306.4,179.85617348
2025-10-10 10:00:00,121312.0,121536.4,120919.4,121200.0,415.20990378
2025-10-10 11:00:00,121200.0,121700.0,120234.9,120675.6,1714.14478443
2025-10-10 12:00:00,120675.6,121468.1,120210.5,120516.1,1296.66987066
2025-10-10 13:00:00,120516.1,121946.2,120388.7,121447.0,2553.25266324
2025-10-10 14:00:00,121447.0,122040.0,120421.3,120421.3,4388.28153758
2025-10-10 15:00:00,120489.4,120636.3,118435.0,118819.8,3309.9506463
2025-10-10 16:00:00,118819.8,119040.0,117051.3,117051.3,1556.24432662
2025-10-10 17:00:00,117254.1,117920.0,116608.7,116900.0,1641.06215082
2025-10-10 18:00:00,116900.0,117474.2,116055.3,116058.7,1660.79507635
2025-10-10 19:00:00,116216.2,116538.4,114970.0,115612.1,1690.99316007
2025-10-10 20:00:00,115612.1,117089.3,113045.0,113932.5,2844.21885096
2025-10-10 21:00:00,113932.5,114970.0,103294.7,108425.0,5904.3796
2025-10-10 22:00:00,108425.0,110080.0,108425.0,110080.0,120.73225964
2025-10-10 23:00:00,110080.0,111120.0,110080.0,111120.0,72.28982544
2025-10-11 00:00:00,111120.0,111200.0,110479.9,111169.2,89.52517541
2025-10-11 01:00:00,111169.2,111200.0,109882.9,109980.0,190.2995042
2025-10-11 02:00:00,109974.6,112600.0,109974.6,112049.5,3150.10584237
2025-10-11 03:00:00,112049.5,112250.0,111395.9,111396.0,1206.21143625
2025-10-11 04:00:00,111396.0,111890.0,111395.9,111800.0,1142.44187624
2025-10-11 05:00:00,111800.0,111890.0,111395.9,111395.9,1230.02497405
2025-10-11 06:00:00,111395.9,111890.0,110887.5,110910.6,1296.4911973
2025-10-11 07:00:00,110910.6,110910.6,109623.5,109977.1,3045.63163043
2025-10-11 08:00:00,109977.1,110112.3,109062.1,109857.5,120.55389442
2025-10-11 09:00:00,109857.5,111831.8,109857.5,111100.0,27695.33714315
2025-10-11 10:00:00,111100.0,111899.9,111000.0,111000.0,1783.16859192
2025-10-11 11:00:00,111000.0,111505.0,110900.0,111000.0,436.08019803
2025-10-11 12:00:00,111000.0,111000.0,110947.6,111000.0,146.18038773
2025-10-11 13:00:00,111000.0,112330.0,110782.2,111322.8,12108.63552246
2025-10-11 14:00:00,111322.8,112341.0,110925.7,111505.0,2809.25872226
2025-10-11 15:00:00,111505.0,112289.0,110882.2,112106.6,1495.92583466
2025-10-11 16:00:00,112106.6,112200.0,110888.0,110961.5,1275.01382348
2025-10-11 17:00:00,110961.5,111801.0,110961.5,110961.5,776.77086453
2025-10-11 18:00:00,110961.5,111505.0,110757.2,110838.4,417.01913026
2025-10-11 19:00:00,110838.5,110903.5,110700.0,110700.0,182.16447489
2025-10-11 20:00:00,110856.0,110856.0,110500.0,110554.2,463.31955675
2025-10-11 21:00:00,110554.2,110903.5,110400.0,110701.7,124.8880517
2025-10-11 22:00:00,110701.7,111000.0,110554.2,110740.7,93.09818669
2025-10-11 23:00:00,110740.7,110750.0,110400.0,110400.0,103.60338247
2025-10-12 00:00:00,110540.5,110635.1,110020.0,110021.6,3067.95467622
2025-10-12 01:00:00,110021.6,110240.0,109100.0,109147.8,4837.50544485
2025-10-12 02:00:00,109147.8,110800.8,108947.3,109671.2,14763.66986682
2025-10-12 03:00:00,109858.8,110500.0,109552.1,109999.9,240.64242362
2025-10-12 04:00:00,110169.4,111500.0,109800.0,110735.0,8978.01789477
2025-10-12 05:00:00,110921.0,111885.7,110699.3,111427.5,3805.58546503
2025-10-12 06:00:00,111427.6,111862.1,111116.4,111116.4,2987.05038766
2025-10-12 07:00:00,111116.4,111777.7,110719.4,110921.0,1151.67165849
2025-10-12 08:00:00,110921.0,111120.0,110499.9,110750.0,110.61313131
2025-10-12 09:00:00,110750.0,111011.2,110200.0,110499.0,107.23774711
2025-10-12 10:00:00,110499.0,110735.0,110384.6,110507.9,48.22306499
2025-10-12 11:00:00,110507.9,111505.0,110451.7,110824.5,443.38305293
2025-10-12 12:00:00,110824.5,112010.0,110824.5,110956.9,707.52751292
2025-10-12 13:00:00,110999.9,111890.0,110956.9,111120.0,228.11679655
2025-10-12 14:00:00,111120.0,111505.0,110735.0,111200.0,1197.97289501
2025-10-12 15:00:00,111290.0,113466.6,111200.0,112046.3,3458.11011272
2025-10-12 16:00:00,112046.3,112454.0,112046.3,112454.0,111.35970169
2025-10-12 17:00:00,112454.0,112455.0,112430.1,112455.0,127.78019326
2025-10-12 18:00:00,112455.0,112560.0,112421.4,112479.0,66.39060832
2025-10-12 19:00:00,112479.0,112572.0,112479.0,112572.0,17.57410722
2025-10-12 20:00:00,112572.0,112764.5,112572.0,112764.5,50.70278053
2025-10-12 21:00:00,112764.5,112999.9,112764.5,112999.9,34.78571158
2025-10-12 22:00:00,112999.9,113045.0,112999.9,113045.0,11.37695709
2025-10-12 23:00:00,113045.0,113248.1,113045.0,113248.1,44.95219982
2025-10-13 00:00:00,113248.1,113535.4,113248.1,113535.4,705.53836529
2025-10-13 01:00:00,113535.4,115600.0,113535.4,115500.0,6982.68527572
2025-10-13 02:00:00,115500.0,115588.7,114600.0,115328.0,1435.88883798
2025-10-13 03:00:00,115327.0,115646.1,114585.0,114820.1,4500.41606515
2025-10-13 04:00:00,114820.1,115300.0,114278.3,114707.5,1690.08603416
2025-10-13 05:00:00,114701.6,114970.0,114195.6,114624.2,1960.48015174
2025-10-13 06:00:00,114624.4,115832.8,114201.5,115830.4,1481.79508601
2025-10-13 07:00:00,115830.4,115830.4,115830.4,115830.4,0.0
2025-10-13 08:00:00,115830.4,115830.4,115830.4,115830.4,0.0
2025-10-13 09:00:00,115830.4,115830.4,115830.4,115830.4,0.0
2025-10-13 10:00:00,115830.4,115830.4,115830.4,115830.4,0.0
2025-10-13 11:00:00,115830.4,115830.4,115830.4,115830.4,0.0
2025-10-13 12:00:00,115830.4,115830.4,115830.4,115830.4,0.0
2025-10-13 13:00:00,115830.4,115830.4,115830.4,115830.4,0.0
2025-10-13 14:00:00,115830.4,115830.4,115830.4,115830.4,0.0
2025-10-13 15:00:00,115830.4,115830.4,114206.2,114336.3,506.746159
2025-10-13 16:00:00,114337.2,115192.5,114200.0,114671.9,804.32488575
2025-10-13 17:00:00,114670.1,115333.3,114179.8,115047.0,689.05114858
2025-10-13 18:00:00,115028.4,115445.6,114585.0,115160.0,569.13147844
2025-10-13 19:00:00,115159.9,115887.7,114838.8,115798.8,493.03934698
2025-10-13 20:00:00,115798.8,116000.0,115333.3,115727.4,182.98719722
2025-10-13 21:00:00,115716.4,116000.0,115355.0,115820.1,139.26097535
2025-10-13 22:00:00,115713.1,116000.0,115355.0,115509.0,102.94280812
2025-10-13 23:00:00,115511.0,115588.7,114970.0,115172.6,3157.93789655
2025-10-14 00:00:00,115175.0,115547.0,114747.2,114972.2,3013.21866401
2025-10-14 01:00:00,114964.7,115100.1,114000.0,114280.5,2430.9649672
2025-10-14 02:00:00,114280.6,114560.0,113430.0,113638.0,3577.24890331
2025-10-14 03:00:00,113637.1,113900.0,113200.0,113498.8,7401.20603021
2025-10-14 04:00:00,113500.6,113815.0,112801.8,113066.8,450.09342671
2025-10-14 05:00:00,113066.9,113800.6,112320.0,112484.8,2366.38407104
2025-10-14 06:00:00,112498.0,112861.5,111402.9,111995.5,1017.53008462
2025-10-14 07:00:00,111996.5,112275.0,111402.9,111744.0,1133.9827002
2025-10-14 08:00:00,111732.5,112275.0,111402.9,111809.6,25442.67758308
2025-10-14 09:00:00,111809.6,112275.0,111036.8,111289.8,3463.58322515
2025-10-14 10:00:00,111292.0,111620.3,109999.9,110641.0,1348.28877134
2025-10-14 11:00:00,110640.1,111760.0,110444.3,111326.5,509.5420867
2025-10-14 12:00:00,111325.1,111617.8,110735.0,110815.0,694.06303403
2025-10-14 13:00:00,110816.2,111480.6,109800.0,111044.7,1473.02826666
2025-10-14 14:00:00,111023.8,112114.4,110735.0,111438.3,363.41513006
2025-10-14 15:00:00,111440.3,113699.7,110810.3,113317.6,13026.53374047
2025-10-14 16:00:00,113513.5,113800.6,112216.1,112349.2,16216.78517955
2025-10-14 17:00:00,112342.5,113045.0,111725.1,112772.0,1643.4093724
2025-10-14 18:00:00,112777.0,113664.0,112423.2,112869.5,1649.37798345
2025-10-14 19:00:00,112862.0,113538.4,112020.8,112609.0,467.28020364
2025-10-14 20:00:00,112600.2,113045.0,112243.6,112998.5,326.84311833
2025-10-14 21:00:00,113000.1,113300.0,112660.0,113124.4,142.67317467
2025-10-14 22:00:00,113124.6,113734.4,112833.4,113214.0,820.95276748
2025-10-14 23:00:00,113212.1,113754.7,112999.9,113041.9,175.54484677
2025-10-15 00:00:00,113035.1,113119.1,112620.2,112994.5,363.25662535
2025-10-15 01:00:00,112994.5,113245.6,112062.3,112736.5,669.38044336
2025-10-15 02:00:00,112736.0,113654.4,112320.0,112816.9,851.28220243
2025-10-15 03:00:00,112816.9,112902.0,111720.6,112014.0,3860.43162884
2025-10-15 04:00:00,112028.0,112644.1,111760.0,112353.0,7236.01301407
2025-10-15 05:00:00,112344.0,112660.0,111999.9,112434.9,246.83788414
2025-10-15 06:00:00,112435.0,112660.0,111890.0,112453.2,998.16756811
2025-10-15 07:00:00,112459.7,112880.0,112091.7,112574.1,331.03993981
2025-10-15 08:00:00,112574.8,113675.8,112283.9,112950.1,1381.88523957
2025-10-15 09:00:00,112950.1,113131.9,112275.0,112561.8,654.43106219
2025-10-15 10:00:00,112561.8,112880.0,111997.8,112263.0,451.21374639
2025-10-15 11:00:00,112263.1,112605.4,111631.7,111904.6,427.20744117
2025-10-15 12:00:00,111886.9,112275.0,111120.0,111717.8,627.91524216
2025-10-15 13:00:00,111717.8,112008.3,110735.0,111400.1,707.33652998
2025-10-15 14:00:00,111407.1,112275.0,110746.1,111067.5,552.57302587
2025-10-15 15:00:00,111075.9,111760.0,110350.0,110807.0,1145.59526796
2025-10-15 16:00:00,110807.1,111120.0,110350.0,110755.1,954.82043134
2025-10-15 17:00:00,110755.9,111200.0,110000.0,111180.1,524.11967992
2025-10-15 18:00:00,111190.1,111505.0,110735.0,111439.6,391.98741379
2025-10-15 19:00:00,111436.1,111760.0,110945.2,111267.1,284.29152546
2025-10-15 20:00:00,111270.6,111556.0,110533.1,111100.1,284.94566007
2025-10-15 21:00:00,111115.1,111505.0,110424.4,110850.0,283.0788029
2025-10-15 22:00:00,110850.0,111505.0,110532.8,110668.0,271.83249743
2025-10-15 23:00:00,110667.1,111120.0,110533.3,110763.1,189.73738751
2025-10-16 00:00:00,110763.2,111120.0,110350.0,110442.1,1167.47209177
2025-10-16 01:00:00,110432.0,111337.6,110350.0,111302.4,3055.50433192
2025-10-16 02:00:00,111310.0,111890.0,110777.0,111530.1,437.40676856
2025-10-16 03:00:00,111528.3,111890.0,111120.0,111331.8,240.9160131
2025-10-16 04:00:00,111334.0,112133.3,110735.0,110968.4,367.11930215
2025-10-16 05:00:00,110970.8,111480.6,110735.0,110956.3,2444.13784906
2025-10-16 06:00:00,110956.1,111890.0,110735.0,111669.1,302.10563867
2025-10-16 07:00:00,111669.2,111890.0,110500.0,110576.4,389.54354273
2025-10-16 08:00:00,110569.9,110999.9,110350.0,110830.0,342.57346013
2025-10-16 09:00:00,110814.2,111760.0,109552.1,111154.6,941.22884925
2025-10-16 10:00:00,111160.4,111890.0,110735.0,111478.0,432.53857149
2025-10-16 11:00:00,111466.9,111650.0,110735.0,111407.6,340.24061514
2025-10-16 12:00:00,111417.0,112000.0,111252.6,111525.1,1311.92851517
2025-10-16 13:00:00,111524.7,111970.2,110640.0,110869.7,1115.92087371
2025-10-16 14:00:00,110870.7,111419.9,109666.6,110480.2,1734.49250536
2025-10-16 15:00:00,110526.6,111005.1,108201.7,108537.0,3363.8560976
2025-10-16 16:00:00,108557.9,109259.9,107550.7,109211.9,2593.0913833
2025-10-16 17:00:00,109248.7,109248.7,108040.0,108250.7,578.02172412
2025-10-16 18:00:00,108252.8,108810.0,107666.6,108649.1,1817.99513466
2025-10-16 19:00:00,108647.7,108750.0,107600.0,108198.0,5976.51100191
2025-10-16 20:00:00,108194.4,108425.3,106950.0,107840.3,589.10211349
2025-10-16 21:00:00,107836.7,108544.1,107462.6,108433.3,189.2045523
2025-10-16 22:00:00,108435.9,108623.5,107700.0,107809.6,217.38629219
2025-10-16 23:00:00,107800.3,108835.7,107666.6,108208.6,343.25592088
2025-10-17 00:00:00,108195.1,108835.7,107770.0,108787.9,523.20494303
2025-10-17 01:00:00,108800.1,109153.8,108399.9,108820.0,371.80798976
2025-10-17 02:00:00,108837.4,109081.4,108147.1,108981.0,9146.87181837
2025-10-17 03:00:00,108985.7,109400.4,108425.0,109140.0,12736.51447236
2025-10-17 04:00:00,109180.0,109362.8,108572.1,108787.5,160.37862988
2025-10-17 05:00:00,108787.5,109272.7,108040.0,108384.6,207.44940421
2025-10-17 06:00:00,108389.0,108623.5,106470.6,106760.9,1253.18529261
2025-10-17 07:00:00,106756.2,106968.5,105180.0,105628.4,1972.20326159
2025-10-17 08:00:00,105629.0,105801.0,104226.7,104880.8,2647.18826326
2025-10-17 09:00:00,104877.4,105628.4,104393.1,104530.5,3632.74302557
2025-10-17 10:00:00,104522.2,105040.0,103178.1,104678.7,8308.90374671
2025-10-17 11:00:00,104678.7,106528.5,104190.0,105685.2,1385.54185042
2025-10-17 12:00:00,105685.2,106160.0,105040.0,105350.5,8649.11730832
2025-10-17 13:00:00,105349.7,106540.0,104480.0,105829.8,1063.89527955
2025-10-17 14:00:00,105841.1,106130.0,104300.0,105168.1,1239.87983034
2025-10-17 15:00:00,105169.4,106885.0,104635.5,106801.0,1058.84712096
2025-10-17 16:00:00,106801.0,107840.0,106160.0,106376.6,634.08814007
2025-10-17 17:00:00,106376.3,106778.2,105999.9,106450.9,351.60250605
2025-10-17 18:00:00,106450.9,107280.0,106115.0,106647.2,1975.34180775
2025-10-17 19:00:00,106647.7,107270.0,106130.0,106452.8,382.33543694
2025-10-17 20:00:00,106452.8,107270.0,106160.0,107029.3,224.55132246
2025-10-17 21:00:00,107029.3,107646.8,106799.9,107298.9,165.66495534
2025-10-17 22:00:00,107298.9,107430.5,106720.0,106993.0,106.44686801
2025-10-17 23:00:00,106993.0,106995.0,106160.0,106431.7,158.9790924
2025-10-18 00:00:00,106431.8,107324.3,106115.0,106839.3,308.11915048
2025-10-18 01:00:00,106839.4,107333.3,106420.8,107161.9,199.8710482
2025-10-18 02:00:00,107161.9,107333.3,106500.0,106596.9,144.70989716
2025-10-18 03:00:00,106597.0,107360.0,106400.0,107085.0,716.16063455
2025-10-18 04:00:00,107074.3,107085.0,106400.0,106480.8,208.91172819
2025-10-18 05:00:00,106480.8,106885.0,106400.0,106830.1,148.57930689
2025-10-18 06:00:00,106830.1,107280.0,106400.0,106860.1,1268.20795197
2025-10-18 07:00:00,106860.2,107666.6,106500.6,106689.5,402.23619454
2025-10-18 08:00:00,106689.5,107280.0,106400.0,106723.3,466.9144607
2025-10-18 09:00:00,106723.3,107342.4,106301.7,106899.0,388.38976839
2025-10-18 10:00:00,106898.9,107270.0,106533.9,106925.2,188.64546868
2025-10-18 11:00:00,106925.2,107302.3,106500.0,107217.9,258.37126861
2025-10-18 12:00:00,107217.9,107360.0,106943.0,107068.9,2552.18883645
2025-10-18 13:00:00,107068.9,107412.5,106734.4,106892.1,803.55580862
2025-10-18 14:00:00,106892.1,107333.3,106600.0,107033.0,280.9909592
2025-10-18 15:00:00,107033.6,107333.3,106617.8,106947.0,251.91276734
2025-10-18 16:00:00,106947.5,107344.7,106160.0,106654.1,12741.04771895
2025-10-18 17:00:00,106654.1,106999.9,106160.0,106876.9,338.33800187
2025-10-18 18:00:00,106879.0,107039.8,106400.0,106851.0,185.91009492
2025-10-18 19:00:00,106851.0,107270.0,106500.0,107073.0,218.42001779
2025-10-18 20:00:00,107073.0,107691.9,106666.6,107016.1,247.68142475
2025-10-18 21:00:00,107005.5,107577.8,106755.0,107174.9,90.4697006
2025-10-18 22:00:00,107163.7,107600.0,106720.0,107124.8,380.66252276
2025-10-18 23:00:00,107124.9,107333.3,106720.0,107175.7,80.40925482
2025-10-19 00:00:00,107175.8,107506.4,106526.1,106892.6,207.80843304
2025-10-19 01:00:00,106892.6,107270.0,106500.0,106972.4,707.81059148
2025-10-19 02:00:00,106972.4,107000.0,106601.0,106851.5,485.6820105
2025-10-19 03:00:00,106851.5,107770.0,106601.0,107275.0,215.15508552
2025-10-19 04:00:00,107275.0,107560.4,106799.9,107041.6,137.67239985
2025-10-19 05:00:00,107041.7,107270.0,106601.0,106894.7,241.74705717
2025-10-19 06:00:00,106894.7,107280.0,106532.0,106774.6,546.33637531
2025-10-19 07:00:00,106774.6,107235.9,106500.0,106782.7,399.17565658
2025-10-19 08:00:00,106782.7,107230.4,106266.6,106448.9,674.97231515
2025-10-19 09:00:00,106448.9,108050.5,105720.0,107407.1,1189.42896269
2025-10-19 10:00:00,107406.0,108050.5,106885.0,107890.0,412.10546143
2025-10-19 11:00:00,107890.0,108623.5,107549.5,107783.1,2657.43013323
2025-10-19 12:00:00,107783.1,107999.9,107111.1,107601.5,592.253468
2025-10-19 13:00:00,107601.5,108226.9,107111.1,108082.1,612.18132664
2025-10-19 14:00:00,108084.0,108528.8,107655.0,108416.3,607.86699334
2025-10-19 15:00:00,108416.1,108865.9,108040.0,108480.2,1963.52349856
2025-10-19 16:00:00,108480.8,109000.0,108126.6,108627.0,1681.59355788
2025-10-19 17:00:00,108627.0,109552.1,108567.8,109518.1,17005.28707489
2025-10-19 18:00:00,109522.4,109580.0,108999.9,109390.9,22859.3738452
2025-10-19 19:00:00,109390.9,109635.3,108703.8,108916.8,285.59635473
2025-10-19 20:00:00,108916.7,109280.9,108631.2,108844.0,221.82888247
2025-10-19 21:00:00,108844.0,109195.0,108400.0,108743.1,205.66997977
2025-10-19 22:00:00,108756.3,109362.8,108425.0,109152.1,293.39333389
2025-10-19 23:00:00,109152.9,109189.1,108234.4,108649.8,170.09608485
2025-10-20 00:00:00,108649.8,108769.9,107360.0,108058.9,581.54670001
2025-10-20 01:00:00,108061.0,108400.0,107655.0,108063.1,237.41171444
2025-10-20 02:00:00,108063.0,108993.7,107666.6,108777.3,272.15240904
2025-10-20 03:00:00,108777.4,110435.2,108399.9,110144.8,870.41008867
2025-10-20 04:00:00,110144.0,110640.0,109896.3,110426.7,511.67795068
2025-10-20 05:00:00,110426.7,111132.4,109999.9,111038.0,382.62589181
2025-10-20 06:00:00,111038.5,111599.9,110787.8,111294.1,591.50919566
2025-10-20 07:00:00,111294.1,111505.0,110910.1,111182.0,834.94553478
2025-10-20 08:00:00,111182.0,111641.7,110666.6,111096.0,2159.07281166
2025-10-20 09:00:00,111096.0,111380.5,110448.0,110972.3,1702.00677025
2025-10-20 10:00:00,110972.3,111130.5,110500.0,110747.3,3909.7229932
2025-10-20 11:00:00,110747.3,111200.0,110448.0,111030.0,5402.22337226
2025-10-20 12:00:00,111024.0,111460.0,110448.0,110852.9,1074.83985784
2025-10-20 13:00:00,110855.0,111209.2,110350.0,111159.8,1643.86984897
2025-10-20 14:00:00,111159.8,111458.5,110469.0,110998.9,1372.56092069
2025-10-20 15:00:00,111133.3,111687.1,110640.0,111147.0,2117.10635137
2025-10-20 16:00:00,111147.0,111505.0,109939.8,110681.0,2540.92896347
2025-10-20 17:00:00,110681.0,111120.0,109719.8,110292.0,2599.39436924
2025-10-20 18:00:00,110292.0,111087.8,109965.0,110699.4,988.43533163
2025-10-20 19:00:00,110699.4,111061.1,110230.0,110814.2,1032.04124776
2025-10-20 20:00:00,110806.0,111228.6,110350.0,111099.5,1617.22707146
2025-10-20 21:00:00,111099.5,111333.3,110237.0,110361.6,884.9843068
2025-10-20 22:00:00,110361.6,111005.6,110048.5,110540.5,617.46771266
2025-10-20 23:00:00,110538.4,110828.8,110113.8,110543.9,1168.27894212
2025-10-21 00:00:00,110544.2,110640.0,110026.9,110270.2,997.28144979
2025-10-21 01:00:00,110270.2,110640.0,109583.2,109854.3,2645.01258803
2025-10-21 02:00:00,109665.2,109917.4,109095.1,109526.0,3218.01057126
2025-10-21 03:00:00,109526.0,109820.0,109048.2,109068.5,2028.52479754
2025-10-21 04:00:00,109068.8,109334.7,107317.8,107540.3,6873.34472211
2025-10-21 05:00:00,107540.3,108154.6,107317.8,107547.8,1368.0319967
2025-10-21 06:00:00,107547.0,108287.1,107317.8,107914.1,1275.20672698
2025-10-21 07:00:00,107906.6,108300.0,107317.8,108088.0,8840.90762581
2025-10-21 08:00:00,108091.0,108146.8,107100.0,107697.0,27476.5785483
2025-10-21 09:00:00,107697.0,108040.0,107270.0,107747.9,1032.28130208
2025-10-21 10:00:00,107746.3,108810.0,107200.0,108498.9,2132.29209102
2025-10-21 11:00:00,108498.9,108747.1,108040.0,108569.9,310.40778463
2025-10-21 12:00:00,108569.9,109566.6,108200.0,108790.9,463.77911153
2025-10-21 13:00:00,108790.9,109200.0,108000.0,108424.0,760.48491423
2025-10-21 14:00:00,108437.3,112290.2,108146.8,112185.1,2571.33439232
2025-10-21 15:00:00,112185.1,113536.8,111760.0,113424.8,11127.60578269
2025-10-21 16:00:00,113426.6,114048.7,112493.1,112580.0,1648.19007183
2025-10-21 17:00:00,112578.0,113030.1,111750.0,112023.2,732.2192602
2025-10-21 18:00:00,112017.8,112329.9,111289.5,112004.0,955.74226232
2025-10-21 19:00:00,112003.9,112275.0,111460.0,111788.0,625.18940595
2025-10-21 20:00:00,111792.3,111874.7,110575.6,110808.1,401.64050914
2025-10-21 21:00:00,110811.1,111249.9,110073.5,110833.0,416.63860719
2025-10-21 22:00:00,110832.5,110970.3,108572.1,109075.1,743.37489719
2025-10-21 23:00:00,109075.1,109580.0,108040.0,108313.3,539.56897657
2025-10-22 00:00:00,108313.3,108624.0,107770.0,107987.8,878.4261024
2025-10-22 01:00:00,107987.8,108600.0,107764.9,108368.0,270.61349665
2025-10-22 02:00:00,108368.3,108810.0,107840.0,108207.0,660.15538727
2025-10-22 03:00:00,108207.0,108590.0,107632.0,108219.7,304.13451549
2025-10-22 04:00:00,108219.7,108960.0,107770.0,108613.0,282.08941588
2025-10-22 05:00:00,108615.7,108881.7,107757.3,108168.0,209.41835051
2025-10-22 06:00:00,108167.5,108590.0,107666.6,107978.2,240.41248328
2025-10-22 07:00:00,107978.2,108462.9,107487.6,108330.3,810.01601014
2025-10-22 08:00:00,108330.3,108590.0,107668.0,108225.0,286.77961611
2025-10-22 09:00:00,108225.0,108400.0,107700.0,107968.9,17177.02408056
2025-10-22 10:00:00,107968.2,108291.3,107487.6,107650.3,23709.2797346
2025-10-22 11:00:00,107650.1,108216.8,106531.1,107550.7,3979.41637447
2025-10-22 12:00:00,107549.2,108450.8,107201.5,108032.6,395.05372974
2025-10-22 13:00:00,108026.9,109000.0,107654.8,108803.6,1359.95985673
2025-10-22 14:00:00,108781.2,108975.7,107500.0,108922.0,632.67671764
2025-10-22 15:00:00,108944.6,109149.9,107333.3,108413.0,1023.49493892
2025-10-22 16:00:00,108413.0,108797.3,107840.0,108225.1,446.43297118
2025-10-22 17:00:00,108225.0,108601.2,107392.9,107775.3,772.04876347
2025-10-22 18:00:00,107775.3,108225.3,107360.0,108021.1,802.86942712
2025-10-22 19:00:00,108021.1,108450.8,107655.0,107867.1,242.61665726
2025-10-22 20:00:00,107867.1,108124.9,107333.3,107687.8,139.87199629
2025-10-22 21:00:00,107690.5,107840.0,106513.4,107208.9,13173.99580592
2025-10-22 22:00:00,107208.9,107770.0,107000.0,107191.2,17494.82786229
2025-10-22 23:00:00,107183.0,107996.0,107000.0,107583.4,357.2098399
2025-10-23 00:00:00,107584.0,107977.1,107201.5,107854.1,209.06474095
2025-10-23 01:00:00,107859.6,108601.2,107360.0,108172.3,260.48415409
2025-10-23 02:00:00,108172.3,108800.0,107770.0,108415.2,731.51083357
2025-10-23 03:00:00,108243.2,108810.0,108040.0,108375.1,418.41390422
2025-10-23 04:00:00,108374.9,108960.0,108000.0,108639.8,434.04422096
2025-10-23 05:00:00,108639.8,109000.0,108252.5,108950.1,369.0038521
2025-10-23 06:00:00,108944.7,110308.5,108425.0,110242.4,1162.92891119
2025-10-23 07:00:00,110242.2,110272.7,108985.5,109269.6,451.11701401
2025-10-23 08:00:00,109267.6,109965.0,109000.0,109506.4,40076.18325116
2025-10-23 09:00:00,109503.3,109700.0,108960.0,109437.0,666.74432435
2025-10-23 10:00:00,109436.9,109879.8,109067.7,109435.0,2938.47038773
2025-10-23 11:00:00,109435.0,109666.6,108960.0,109260.3,3537.27758801
2025-10-23 12:00:00,109260.3,109374.9,108413.4,109175.0,1218.69467831
2025-10-23 13:00:00,109175.0,109698.0,108534.0,109501.2,1309.33171527
2025-10-23 14:00:00,109507.6,110000.0,108601.2,109601.0,1343.58993269
2025-10-23 15:00:00,109601.0,110127.1,109286.0,109899.8,386.09781924
2025-10-23 16:00:00,109899.9,110554.8,109410.0,110252.0,375.04211246
2025-10-23 17:00:00,110253.2,111315.7,109600.0,111231.8,2749.42453566
2025-10-23 18:00:00,111231.7,111303.6,109999.9,110572.1,2201.77338641
2025-10-23 19:00:00,110572.2,110640.0,110000.0,110202.4,169.48952056
2025-10-23 20:00:00,110205.2,110467.4,109415.4,109522.0,1776.53945671
2025-10-23 21:00:00,109522.0,110000.0,109200.0,109551.0,259.22869258
2025-10-23 22:00:00,109551.0,110350.0,109200.0,109939.0,15707.80444158
2025-10-23 23:00:00,109937.9,110533.3,109520.0,110074.9,327.76375785
2025-10-24 00:00:00,110073.9,110733.7,109580.0,110504.0,5072.26057649
2025-10-24 01:00:00,110503.3,111000.0,110000.9,110589.2,266.26848866
2025-10-24 02:00:00,110592.0,110911.2,109965.0,110571.4,768.20090188
2025-10-24 03:00:00,110571.5,110735.0,109965.0,110451.8,196.36292559
2025-10-24 04:00:00,110452.0,111460.0,110000.9,111168.5,669.4390989
2025-10-24 05:00:00,111168.4,111333.3,110666.6,111248.0,243.66815424
2025-10-24 06:00:00,111254.5,111760.0,110735.0,111175.4,284.66559307
2025-10-24 07:00:00,111458.3,111867.1,110588.2,111052.4,1317.97957202
2025-10-24 08:00:00,110905.7,111460.0,110402.7,110875.0,1103.87058738
2025-10-24 09:00:00,111019.5,111788.6,110641.9,111371.6,1771.65522715
2025-10-24 10:00:00,111371.6,111600.0,110694.3,111131.0,2111.7423961
2025-10-24 11:00:00,111131.0,111419.3,110400.1,111074.7,1084.47574852
2025-10-24 12:00:00,110905.7,111867.1,110596.0,111300.1,2605.25789983
2025-10-24 13:00:00,111300.1,111451.7,110252.3,110675.6,2767.15732417
2025-10-24 14:00:00,110675.6,110999.9,109545.9,109999.9,2400.99304592
2025-10-24 15:00:00,109999.9,110640.0,109545.9,110052.4,1167.1334413
2025-10-24 16:00:00,109887.5,110400.1,109545.9,110254.7,1299.76313377
2025-10-24 17:00:00,110254.7,110666.6,109833.1,110217.1,1577.16289922
2025-10-24 18:00:00,110008.7,110666.6,110000.1,110604.1,1114.47020857
2025-10-24 19:00:00,110598.8,111072.2,110350.0,110617.0,188.17792964
2025-10-24 20:00:00,110613.2,111066.6,110350.0,110892.3,133.39522362
2025-10-24 21:00:00,110892.9,111120.0,110467.4,111083.3,89.21446611
2025-10-24 22:00:00,111083.1,111146.0,110510.4,111027.0,80.49759313
2025-10-24 23:00:00,111020.1,111200.1,110621.0,111013.8,166.03023012
2025-10-25 00:00:00,111010.0,111256.8,110640.0,110770.2,111.49386239
2025-10-25 01:00:00,110771.0,111256.8,110666.6,111074.7,81.88736183
2025-10-25 02:00:00,111075.3,111256.8,110640.0,111044.3,168.66945907
2025-10-25 03:00:00,111044.3,111256.8,110699.3,111023.7,249.71872734
2025-10-25 04:00:00,111023.1,111505.0,110666.6,111220.9,572.78306551
2025-10-25 05:00:00,111221.5,111600.1,110934.0,111382.0,122.56456628
2025-10-25 06:00:00,111382.0,111890.0,110999.9,111360.7,236.26678378
2025-10-25 07:00:00,111360.8,111760.1,111185.0,111500.4,209.76936118
2025-10-25 08:00:00,111501.2,112000.0,111185.0,111768.1,574.15601655
2025-10-25 09:00:00,111768.1,112000.0,111319.1,111524.7,200.0423854
2025-10-25 10:00:00,111524.8,111890.0,111185.0,111564.1,293.26410958
2025-10-25 11:00:00,111566.1,111867.1,111185.0,111571.9,247.77738759
2025-10-25 12:00:00,111570.0,112000.0,111200.0,111905.2,251.46033135
2025-10-25 13:00:00,111906.3,111977.6,111400.6,111691.8,270.60905458
2025-10-25 14:00:00,111700.1,111800.0,111200.1,111599.5,4477.8845132
2025-10-25 15:00:00,111599.2,111749.4,111185.0,111394.6,212.84076592
2025-10-25 16:00:00,111391.9,111600.1,110800.1,111378.0,363.16086897
2025-10-25 17:00:00,111378.7,111600.1,110924.3,111386.3,4066.28905676
2025-10-25 18:00:00,111386.8,111749.4,110988.2,111736.4,132.53966677
2025-10-25 19:00:00,111725.3,111749.4,111077.1,111631.9,403.74804575
2025-10-25 20:00:00,111631.2,111749.4,110934.0,111442.5,217.77579278
2025-10-25 21:00:00,111440.8,111749.4,111120.0,111486.4,64.7525613
2025-10-25 22:00:00,111486.4,111749.4,111050.0,111630.1,166.79203917
2025-10-25 23:00:00,111630.2,111749.4,111120.0,111705.6,81.88779964
2025-10-26 00:00:00,111650.0,111950.0,111333.3,111720.6,1013.68628978
2025-10-26 01:00:00,111720.7,111950.0,111376.8,111643.7,81.35114003
2025-10-26 02:00:00,111643.6,111800.0,111200.1,111458.0,156.44274204
2025-10-26 03:00:00,111455.1,111870.0,111200.0,111265.1,153.72117213
2025-10-26 04:00:00,111267.1,111600.1,110893.4,111430.8,185.94937616
2025-10-26 05:00:00,111430.9,111890.0,111050.0,111604.5,263.43471498
2025-10-26 06:00:00,111601.2,111988.4,111120.0,111505.0,251.80984582
2025-10-26 07:00:00,111624.1,112000.0,111200.0,111709.0,380.51476728
2025-10-26 08:00:00,111720.0,111898.4,111251.3,111773.3,229.01310256
2025-10-26 09:00:00,111773.4,112794.1,111234.8,112535.9,2129.51660224
2025-10-26 10:00:00,112535.0,112880.0,112000.1,112493.3,283.16936958
2025-10-26 11:00:00,112494.9,113510.0,112010.2,113298.3,523.86694478
2025-10-26 12:00:00,113291.0,113832.4,113045.0,113582.6,672.32534129
2025-10-26 13:00:00,113585.1,114000.0,113204.3,113712.7,404.22558279
2025-10-26 14:00:00,113716.1,114000.1,113266.8,113567.7,364.92397112
2025-10-26 15:00:00,113567.0,113815.0,113204.3,113699.9,382.99197006
2025-10-26 16:00:00,113699.0,113920.0,113204.3,113526.6,265.77157593
2025-10-26 17:00:00,113506.5,113815.0,112997.3,113433.9,511.90647029
2025-10-26 18:00:00,113433.5,113861.5,113124.9,113584.0,201.92047089
2025-10-26 19:00:00,113583.1,113861.5,113266.8,113593.0,130.54714213
2025-10-26 20:00:00,113575.0,113576.8,113100.0,113318.5,103.50170692
2025-10-26 21:00:00,113322.6,113600.1,112880.0,113481.0,159.23029741
2025-10-26 22:00:00,113465.2,115267.0,113465.2,114686.1,912.40453616
2025-10-26 23:00:00,114689.1,115031.9,114330.0,114559.0,440.20126013
2025-10-27 00:00:00,114556.1,115176.1,114333.3,114773.0,280.36284508
2025-10-27 01:00:00,114770.9,115552.6,114560.0,115281.0,520.41281707
2025-10-27 02:00:00,115281.0,115599.7,114767.6,114890.0,526.30101499
2025-10-27 03:00:00,114887.0,115333.3,114666.5,114984.4,127.54801672
2025-10-27 04:00:00,114984.5,115355.0,114666.6,115258.7,229.790334
2025-10-27 05:00:00,115258.7,115643.6,115023.4,115550.5,322.11834464
2025-10-27 06:00:00,115551.9,116125.0,115203.6,116049.9,843.51864347
2025-10-27 07:00:00,116044.4,116344.1,115342.7,115545.0,3006.09247823
2025-10-27 08:00:00,115550.5,115740.0,114799.9,115024.5,1831.25918739
2025-10-27 09:00:00,115024.5,115364.5,114500.0,115250.3,338.42204613
2025-10-27 10:00:00,115254.3,115600.1,114862.8,115464.0,214.66576109
2025-10-27 11:00:00,115462.2,115740.0,114970.0,115351.0,249.89853024
2025-10-27 12:00:00,115353.1,115480.5,114740.0,115055.0,191.1155541
2025-10-27 13:00:00,115057.6,115599.7,114457.9,115263.3,517.46727699
2025-10-27 14:00:00,115262.3,115599.7,114457.9,114808.9,3105.23194071
2025-10-27 15:00:00,114799.9,115272.4,114459.0,114954.6,309.18457676
2025-10-27 16:00:00,114959.9,115624.9,114737.6,115490.1,284.24767363
2025-10-27 17:00:00,115488.8,115862.6,114970.0,115702.0,242.41667711
2025-10-27 18:00:00,115701.1,115866.6,114970.9,115340.4,177.54212218
2025-10-27 19:00:00,115336.7,115355.0,114740.0,114929.9,130.92661855
2025-10-27 20:00:00,114943.6,115070.6,114436.6,114470.0,209.2707585
2025-10-27 21:00:00,114470.1,114704.7,114000.1,114310.6,146.49991311
2025-10-27 22:00:00,114310.6,114604.1,114000.1,114121.7,139.84125789
2025-10-27 23:00:00,114121.7,114333.3,113800.6,114111.8,481.19136674
2025-10-28 00:00:00,114111.8,114369.2,113604.7,113972.0,200.75277944
2025-10-28 01:00:00,113973.0,114585.0,113815.0,114419.9,178.20157475
2025-10-28 02:00:00,114420.0,114648.6,113387.2,113935.9,1308.51726764
2025-10-28 03:00:00,113931.9,114200.0,113510.0,113917.9,196.76303917
2025-10-28 04:00:00,113917.9,114129.2,113433.3,113963.0,2077.1208826
2025-10-28 05:00:00,113963.0,114200.0,113430.0,113612.4,1164.46297834
2025-10-28 06:00:00,113612.4,114186.6,113439.2,114116.1,2236.69136335
2025-10-28 07:00:00,114116.2,114330.0,113666.6,114179.5,1293.36938183
2025-10-28 08:00:00,114179.5,114472.1,113733.3,114431.6,1210.16293359
2025-10-28 09:00:00,114426.2,114591.8,114000.1,114519.0,1121.32045361
2025-10-28 10:00:00,114515.3,114600.0,114000.0,114588.7,1014.39391141
2025-10-28 11:00:00,114588.7,114666.5,114150.0,114340.0,9199.57082062
2025-10-28 12:00:00,114339.7,114509.9,114024.4,114440.1,1243.10949909
2025-10-28 13:00:00,114441.0,115552.6,114240.0,115526.0,2786.0959765
2025-10-28 14:00:00,115526.0,116082.6,114200.0,115069.3,5389.85689395
2025-10-28 15:00:00,115069.6,115456.0,114400.1,114644.9,1871.52228283
2025-10-28 16:00:00,114644.5,115600.1,114266.6,115346.8,1811.46526547
2025-10-28 17:00:00,115346.8,115600.1,114970.0,115300.6,1242.44752121
2025-10-28 18:00:00,115300.7,115599.7,114585.0,115003.8,1276.0436058
2025-10-28 19:00:00,115003.8,115133.1,113442.3,113695.0,4949.58686339
2025-10-28 20:00:00,113683.0,113707.0,112333.7,112807.2,843.20053197
2025-10-28 21:00:00,112802.3,113639.0,112218.8,113000.1,11448.30828567
2025-10-28 22:00:00,113000.3,113807.9,112741.0,113333.3,223.68925593
2025-10-28 23:00:00,113333.3,113632.6,112709.6,112897.2,844.38027428
2025-10-29 00:00:00,112892.9,113200.1,112280.0,112436.0,155.51225678
2025-10-29 01:00:00,112420.1,113004.7,112039.7,112480.1,327.1004554
2025-10-29 02:00:00,112481.0,112777.7,112000.0,112681.0,175.16116209
2025-10-29 03:00:00,112664.2,112980.0,112280.0,112510.6,195.27726759
2025-10-29 04:00:00,112509.3,112872.0,112257.2,112805.4,185.17270013
2025-10-29 05:00:00,112805.0,113612.8,112400.1,113024.2,6118.66451653
2025-10-29 06:00:00,113023.6,113510.0,112900.0,113259.0,165.69205036
2025-10-29 07:00:00,113271.0,113614.9,112900.0,113544.9,251.21120273
2025-10-29 08:00:00,113544.9,113733.3,112900.0,113061.9,319.77361335
2025-10-29 09:00:00,113061.1,113500.0,112700.0,112980.0,808.85934126
2025-10-29 10:00:00,112980.0,113430.0,112700.0,112862.2,532.98846052
2025-10-29 11:00:00,112860.1,113266.8,112700.0,113130.6,335.70477638
2025-10-29 12:00:00,113131.1,113600.1,112729.7,113165.5,197.04175577
2025-10-29 13:00:00,113165.6,113625.4,112700.0,112878.6,853.63960956
2025-10-29 14:00:00,112875.1,112940.0,112237.3,112481.7,2498.12082713
2025-10-29 15:00:00,112501.0,112800.1,111200.1,111514.1,988.02467457
2025-10-29 16:00:00,111514.5,111600.1,110693.0,111117.8,1000.06058419
2025-10-29 17:00:00,111115.5,112000.1,110735.0,111850.0,417.00576485
2025-10-29 18:00:00,111840.0,112019.9,109341.9,110808.7,1417.04150637
2025-10-29 19:00:00,110804.6,111651.7,110090.5,110631.9,511.04758285
2025-10-29 20:00:00,110651.0,111547.9,110350.0,111429.9,260.60271539
2025-10-29 21:00:00,111429.3,111849.2,111066.6,111604.1,133.09685457
2025-10-29 22:00:00,111610.1,111679.9,110974.4,111031.9,90.66772588
2025-10-29 23:00:00,111004.1,111400.0,109695.7,110028.1,213.98609643
2025-10-30 00:00:00,110024.2,110870.7,109600.1,110572.8,259.8660604
2025-10-30 01:00:00,110572.8,110840.1,110045.7,110456.1,378.09322986
2025-10-30 02:00:00,110459.0,111189.3,110113.3,110985.3,313.22365234
2025-10-30 03:00:00,110985.3,111193.7,110350.0,110761.1,315.61399848
2025-10-30 04:00:00,110754.1,110760.0,107866.6,108566.0,1431.52957045
2025-10-30 05:00:00,108564.0,110467.4,108400.1,110259.1,462.40236756
2025-10-30 06:00:00,110259.1,110960.3,109965.0,110760.6,307.85407215
2025-10-30 07:00:00,110758.4,111600.1,110416.6,111364.1,393.59319746
2025-10-30 08:00:00,111384.7,111458.3,110533.3,110706.6,222.81346104
2025-10-30 09:00:00,110704.2,110883.5,109965.0,110170.4,1011.70055926
2025-10-30 10:00:00,110175.3,110350.0,109670.3,110101.0,886.32342092
2025-10-30 11:00:00,110103.6,110399.9,109600.1,109719.1,5114.46020832
2025-10-30 12:00:00,109717.0,109999.9,108134.6,108134.6,774.13722571
2025-10-30 13:00:00,108300.0,109048.2,107270.0,107640.5,12270.79501022
2025-10-30 14:00:00,107640.5,108600.0,107342.4,108281.5,785.66989721
2025-10-30 15:00:00,108277.6,108400.1,107260.8,107714.2,608.36430975
2025-10-30 16:00:00,107716.2,108425.0,107270.0,108138.3,576.06773191
2025-10-30 17:00:00,108140.6,108160.9,106800.1,107451.3,11046.87162235
2025-10-30 18:00:00,107490.9,107600.1,106734.9,106841.4,263.94926086
2025-10-30 19:00:00,106840.5,107201.5,106061.7,106555.6,2497.1496489
2025-10-30 20:00:00,106555.7,107648.7,106266.6,107519.5,283.88823067
2025-10-30 21:00:00,107506.3,108000.1,107200.1,107911.9,176.76631167
2025-10-30 22:00:00,107913.0,108040.0,107333.3,107905.7,161.30833208
2025-10-30 23:00:00,107910.1,108400.1,107333.3,108308.2,206.00459083
2025-10-31 00:00:00,108313.5,109580.0,108014.2,109311.6,510.63829203
2025-10-31 01:00:00,109321.8,110057.1,109067.7,109619.0,322.19096997
2025-10-31 02:00:00,109625.0,109965.0,108459.6,108858.3,5859.51386681
2025-10-31 03:00:00,108859.6,109311.1,108442.9,109218.3,6546.05668255
2025-10-31 04:00:00,109218.8,110316.7,108903.6,110083.0,316.3496493
2025-10-31 05:00:00,110077.1,110316.7,109332.4,109894.1,269.50428691
2025-10-31 06:00:00,109895.9,110127.2,109313.0,109512.0,613.91181431
2025-10-31 07:00:00,109638.5,109909.0,109200.1,109730.9,80.80600458
2025-10-31 08:00:00,109734.0,110091.2,109465.5,110040.6,96.21956555
2025-10-31 09:00:00,110041.2,110510.4,109600.0,109846.3,747.1169375
2025-10-31 10:00:00,109846.3,110225.9,109400.0,109818.5,432.06060819
2025-10-31 11:00:00,109812.4,110556.3,109195.0,110429.0,264.28400368
2025-10-31 12:00:00,110408.1,110695.6,109600.1,109647.0,244.29665011
2025-10-31 13:00:00,109650.0,110347.8,109200.1,110148.4,467.30210191
2025-10-31 14:00:00,110149.2,111027.1,109580.0,110772.0,625.9929551
2025-10-31 15:00:00,110770.0,111200.1,110000.1,110196.0,537.86462633
2025-10-31 16:00:00,110196.1,110400.1,108664.5,108822.0,877.9410903
2025-10-31 17:00:00,108832.0,109580.0,108601.2,109293.8,346.74151383
2025-10-31 18:00:00,109296.0,109788.0,108810.0,109440.0,249.63422711
2025-10-31 19:00:00,109440.1,110235.7,108971.4,109820.5,263.77385847
2025-10-31 20:00:00,109813.1,110000.9,109233.7,109471.9,216.05873571
2025-10-31 21:00:00,109489.7,109742.8,109195.0,109569.9,116.0359204
2025-10-31 22:00:00,109562.4,109800.0,109195.0,109589.7,89.53526237
2025-10-31 23:00:00,109575.1,109750.0,109200.1,109604.0,237.51660506
2025-11-01 00:00:00,109604.1,109755.7,109200.1,109726.9,85.98674378
2025-11-01 01:00:00,109727.0,110041.6,109344.5,109730.0,224.59480302
2025-11-01 02:00:00,109725.1,109999.9,109314.2,109784.0,155.5269187
2025-11-01 03:00:00,109783.2,110400.1,109499.9,110232.3,202.02993783
2025-11-01 04:00:00,110232.5,110695.6,109883.1,110273.9,162.4004577
2025-11-01 05:00:00,110275.5,110649.2,110000.1,110132.8,157.64767056
2025-11-01 06:00:00,110130.2,110428.5,109652.1,110001.0,271.28834153
2025-11-01 07:00:00,110004.0,110400.1,109625.5,110067.6,152.01855036
2025-11-01 08:00:00,110072.8,110400.1,109800.0,110238.0,233.15429921
2025-11-01 09:00:00,110238.1,110535.8,109600.1,109989.9,3366.72847228
2025-11-01 10:00:00,109990.0,110347.8,109655.3,110147.5,4543.46496927
2025-11-01 11:00:00,110155.4,110347.8,109652.1,110135.1,93.82334386
2025-11-01 12:00:00,110137.2,110224.9,109712.7,110012.0,436.8632163
2025-11-01 13:00:00,110013.1,110100.0,109539.7,109950.0,6733.26641354
2025-11-01 14:00:00,109949.1,110046.0,109534.3,109937.5,3812.58607537
2025-11-01 15:00:00,109938.1,110477.2,109631.5,110284.5,319.48514331
2025-11-01 16:00:00,110300.0,110934.0,109960.5,110460.2,283.84174411
2025-11-01 17:00:00,110462.4,110640.0,109939.8,110205.2,604.72641222
2025-11-01 18:00:00,110204.1,110467.4,109874.9,110334.0,310.01676564
2025-11-01 19:00:00,110332.1,110400.1,109965.0,110300.0,60.31891143
2025-11-01 20:00:00,110301.1,110695.6,109951.9,110411.0,132.02790263
2025-11-01 21:00:00,110411.0,110500.0,109750.0,109864.2,165.0881925
2025-11-01 22:00:00,109865.6,110230.8,109678.3,110093.0,59.97413223
2025-11-01 23:00:00,110092.7,110400.1,109807.6,109965.0,82.79219901
2025-11-02 00:00:00,110096.0,110347.8,109651.7,109970.3,64.15616854
2025-11-02 01:00:00,109970.3,110350.0,109674.9,109980.0,119.01011348
2025-11-02 02:00:00,109979.5,110254.4,109667.6,110017.0,76.23592751
2025-11-02 03:00:00,110016.0,110311.2,109600.1,109999.9,91.05162784
2025-11-02 04:00:00,109999.9,110800.1,109807.6,110669.9,252.22483069
2025-11-02 05:00:00,110670.5,110800.1,110075.6,110515.5,133.02298483
2025-11-02 06:00:00,110507.1,110730.9,110000.1,110660.1,147.70387084
2025-11-02 07:00:00,110662.3,111043.4,110127.4,110892.1,319.47252204
2025-11-02 08:00:00,110893.0,111200.1,110500.0,110840.4,166.18881654
2025-11-02 09:00:00,110840.1,111200.0,110400.1,110700.4,221.26072693
2025-11-02 10:00:00,110701.0,111100.6,109907.4,110506.4,954.79597164
2025-11-02 11:00:00,110507.1,111288.3,110347.8,111198.0,177.80812159
2025-11-02 12:00:00,111196.0,111288.3,110629.4,110734.0,217.98348887
2025-11-02 13:00:00,110737.3,111000.0,109999.9,110566.0,301.40393676
2025-11-02 14:00:00,110556.2,110739.7,110000.9,110418.8,282.12428525
2025-11-02 15:00:00,110419.0,110695.6,109999.9,110118.7,288.06410877
2025-11-02 16:00:00,110117.1,110501.7,109332.4,110111.1,873.08249841
2025-11-02 17:00:00,110120.1,110761.8,109502.4,110187.5,514.71931073
2025-11-02 18:00:00,110190.0,110350.0,109812.4,110339.3,107.97148199
2025-11-02 19:00:00,110340.0,110340.3,109700.2,110177.5,98.18218601
2025-11-02 20:00:00,110178.3,110398.2,109695.1,110092.0,107.20210661
2025-11-02 21:00:00,110092.2,110347.8,109652.1,110004.6,90.02871669
2025-11-02 22:00:00,110007.5,110027.0,109443.8,109909.0,178.52691041
2025-11-02 23:00:00,109910.3,110735.0,109652.7,110551.0,218.25424966
2025-11-03 00:00:00,110550.1,110766.5,109741.2,109770.9,213.49185927
2025-11-03 01:00:00,109741.2,109999.9,109358.3,109673.0,248.8415399
2025-11-03 02:00:00,109672.0,109900.0,108601.2,109027.0,327.14735647
2025-11-03 03:00:00,109028.0,109200.1,107655.0,107936.3,716.08291984
2025-11-03 04:00:00,107938.5,108208.9,107270.0,107899.3,11202.64906623
2025-11-03 05:00:00,107899.9,108260.8,107200.1,107613.8,416.91649248
2025-11-03 06:00:00,107608.6,107795.3,107000.0,107491.9,546.63708311
2025-11-03 07:00:00,107492.0,108000.0,106867.3,107480.1,406.17238138
2025-11-03 08:00:00,107480.1,108134.6,106800.1,107596.1,520.05459367
2025-11-03 09:00:00,107596.1,108000.0,106983.7,107220.0,336.09463656
2025-11-03 10:00:00,107220.0,107655.0,106734.9,106971.0,2161.20949494
2025-11-03 11:00:00,106971.0,107936.9,106394.7,106783.7,3943.9643051
2025-11-03 12:00:00,106890.7,108060.6,106641.5,107031.2,4730.89985693
2025-11-03 13:00:00,106838.9,108046.1,106501.8,107702.7,3488.93589385
2025-11-03 14:00:00,107857.1,108060.6,106384.0,106977.1,3934.83969657
2025-11-03 15:00:00,107168.1,107436.8,105399.1,105669.5,268554.59299284
2025-11-03 16:00:00,105669.5,106869.5,105000.0,106653.0,40495.00105083
2025-11-03 17:00:00,106625.6,107655.0,106050.0,106406.1,2460.65943898
2025-11-03 18:00:00,106402.5,106869.5,105740.9,105885.7,2721.29492703
2025-11-03 19:00:00,105885.2,106838.0,105600.0,106220.0,1975.97656057
2025-11-03 20:00:00,106218.4,107000.0,105264.2,105814.4,3559.01509062
2025-11-03 21:00:00,105675.6,106841.9,105300.0,106017.2,2589.66932529
2025-11-03 22:00:00,106017.2,106150.4,105009.9,105600.0,6337.40890771
2025-11-03 23:00:00,105600.0,106258.5,105315.0,106081.0,3739.01575422
2025-11-04 00:00:00,106081.0,106422.8,105315.0,105405.4,4281.85429249
2025-11-04 01:00:00,105540.5,106792.5,105315.0,105972.9,4657.38671678
2025-11-04 02:00:00,105968.7,106666.6,105665.4,106000.0,5557.35720652
2025-11-04 03:00:00,106000.0,107207.1,105746.6,106706.3,5472.69931573
2025-11-04 04:00:00,106529.4,107272.4,105897.3,106122.8,6635.03901075
2025-11-04 05:00:00,106122.8,106800.1,104000.1,104219.3,40108.37902048
2025-11-04 06:00:00,104218.9,105195.1,104000.0,104055.9,3694.18792
2025-11-04 07:00:00,104055.9,104888.3,104000.0,104493.1,28847.65585553
2025-11-04 08:00:00,104498.8,104630.2,103291.8,104058.1,10015.90863402
2025-11-04 09:00:00,104058.1,104181.0,103600.0,103850.0,15296.37043651
2025-11-04 10:00:00,103849.9,104086.6,103600.0,103814.7,4279.02909191
2025-11-04 11:00:00,103818.6,104795.7,103600.0,104581.6,1269.77447452
2025-11-04 12:00:00,104590.5,104800.4,103739.1,103950.0,390.09354077
2025-11-04 13:00:00,103953.0,104400.1,103592.5,103912.9,72316.49350024
2025-11-04 14:00:00,103912.9,104782.6,102376.6,104505.0,9354.15926572
2025-11-04 15:00:00,104505.1,104833.6,103187.8,103204.0,859.50744173
2025-11-04 16:00:00,103206.0,103600.1,101695.8,102254.3,8890.49682815
2025-11-04 17:00:00,102256.9,102266.3,100340.0,101113.6,3270.64766599
2025-11-04 18:00:00,101114.0,101722.0,100000.0,101361.2,41217.53433091
2025-11-04 19:00:00,101358.1,101880.0,100400.1,100540.5,519.33668968
2025-11-04 20:00:00,100533.2,101115.9,99067.9,100774.0,3413.4888836
2025-11-04 21:00:00,100760.0,100893.5,98800.1,100319.0,2250.83208862
2025-11-04 22:00:00,100317.0,101888.0,100000.1,101273.0,540.90250405
2025-11-04 23:00:00,101276.2,101729.5,100669.5,101480.8,4226.02213134
2025-11-05 00:00:00,101481.1,101777.9,100203.0,100562.7,2093.37990302
2025-11-05 01:00:00,100562.7,101000.1,98803.3,100722.9,8228.76108727
2025-11-05 02:00:00,100750.2,101917.4,100608.6,101673.9,7081.94440029
2025-11-05 03:00:00,101688.0,102347.8,101200.1,102145.8,484.07352944
2025-11-05 04:00:00,102143.6,102347.8,101495.0,101997.1,551.09240797
2025-11-05 05:00:00,101999.0,102489.4,101600.1,101826.6,329.05566806
2025-11-05 06:00:00,101829.4,102347.8,101136.1,102023.0,435.15657133
2025-11-05 07:00:00,102023.9,102400.1,101555.5,101996.3,371.14848007
2025-11-05 08:00:00,101996.5,102000.0,101000.0,101698.7,627.91744491
2025-11-05 09:00:00,101698.8,102347.8,101344.5,101994.2,400.10839283
2025-11-05 10:00:00,101995.8,102000.1,101110.0,101400.0,374.69931818
2025-11-05 11:00:00,101401.1,102288.0,101110.0,102074.0,522.61869644
2025-11-05 12:00:00,102073.6,102941.1,101600.0,102669.1,679.55633258
2025-11-05 13:00:00,102650.4,103255.6,101950.4,102984.5,609.07806489
2025-11-05 14:00:00,102982.1,103500.0,102000.1,103208.0,504.09943302
2025-11-05 15:00:00,103207.7,104086.9,102656.3,103725.7,659.69755554
2025-11-05 16:00:00,103728.1,104400.1,103002.4,103937.2,482.73901191
2025-11-05 17:00:00,103931.9,104086.9,103354.5,103915.6,388.98491215
2025-11-05 18:00:00,103911.5,104575.0,103627.0,104350.1,370.17197805
2025-11-05 19:00:00,104352.4,104724.9,103935.5,104029.7,215.12092864
2025-11-05 20:00:00,104007.0,104563.1,103600.1,103848.5,256.70934122
2025-11-05 21:00:00,103846.1,104055.9,103342.8,103674.1,274.88092764
2025-11-05 22:00:00,103675.1,103935.5,103043.4,103710.0,181.8831852
2025-11-05 23:00:00,103707.0,104123.5,103420.0,103890.5,176.20795282
2025-11-06 00:00:00,103890.0,103936.0,103035.0,103688.1,273.03040673
2025-11-06 01:00:00,103686.4,103739.1,102695.3,103361.3,780.59221329
2025-11-06 02:00:00,103361.3,103805.0,102800.1,103331.4,1642.47087841
2025-11-06 03:00:00,103328.6,103944.4,103050.0,103654.7,3211.64142589
2025-11-06 04:00:00,103655.0,104199.5,103391.3,104034.3,499.58818842
2025-11-06 05:00:00,104034.3,104190.0,103100.0,103153.3,1851.50682672
2025-11-06 06:00:00,103153.2,103805.0,102999.0,103326.6,1549.99652766
2025-11-06 07:00:00,103327.0,103600.1,102925.0,103193.8,2833.20615948
2025-11-06 08:00:00,103193.8,103468.9,102925.0,103212.9,1899.25273419
2025-11-06 09:00:00,103213.0,103420.0,102700.0,102830.5,2852.35660066
2025-11-06 10:00:00,102828.2,103468.9,102400.1,103143.7,959.17712432
2025-11-06 11:00:00,103143.7,103600.0,102535.8,103238.0,505.59325299
2025-11-06 12:00:00,103237.4,103583.6,102066.1,102560.1,3724.82529563
2025-11-06 13:00:00,102559.7,103800.0,102265.0,103324.5,834.24050652
2025-11-06 14:00:00,103324.5,103600.1,102000.0,102124.8,3806.73575308
2025-11-06 15:00:00,102124.6,102953.3,101449.6,102016.8,1752.28342814
2025-11-06 16:00:00,102014.0,102371.1,100100.0,100871.3,1284.35190909
2025-11-06 17:00:00,100869.3,101918.9,100496.2,101790.6,912.11165677
2025-11-06 18:00:00,101794.3,102347.8,100725.0,101725.4,771.73726568
2025-11-06 19:00:00,101725.1,102202.3,101000.0,101389.8,1280.5941835
2025-11-06 20:00:00,101389.6,101670.1,100400.1,100913.7,9584.44828183
2025-11-06 21:00:00,100908.0,101304.3,100500.0,101121.1,9774.35943249
2025-11-06 22:00:00,101120.4,101564.0,100750.0,101410.5,496.41893027
2025-11-06 23:00:00,101410.5,101775.5,100800.0,101350.0,694.67676968
2025-11-07 00:00:00,101350.0,101637.8,100750.0,101484.2,1626.04177813
2025-11-07 01:00:00,101484.7,101880.0,100800.1,101540.0,519.99684958
2025-11-07 02:00:00,101544.8,102069.2,101070.2,101883.4,693.42464819
2025-11-07 03:00:00,101883.4,102567.5,101600.0,101913.9,2525.907959
2025-11-07 04:00:00,101913.9,102400.1,101200.0,102014.9,729.31577796
2025-11-07 05:00:00,102014.9,102650.0,101652.1,102449.0,581.21437422
2025-11-07 06:00:00,102451.5,102535.8,101829.3,101829.3,276.83230687
2025-11-07 07:00:00,101830.1,102400.1,101304.3,102036.5,476.27893786
2025-11-07 08:00:00,102036.1,102069.2,101200.1,101500.0,230.56253186
2025-11-07 09:00:00,101500.0,101652.1,100750.0,101007.1,21780.55939544
2025-11-07 10:00:00,101007.1,101652.1,100576.0,100775.0,13657.35112664
2025-11-07 11:00:00,100774.9,100820.1,99809.3,100415.1,14210.06056302
2025-11-07 12:00:00,100415.0,100666.6,99200.1,99644.2,2326.29118281
2025-11-07 13:00:00,99644.2,100608.6,99200.1,100337.8,449.50313271
2025-11-07 14:00:00,100337.5,101000.0,99565.2,100786.0,3174.95877671
2025-11-07 15:00:00,100782.9,101250.0,100300.0,100802.6,5169.81513576
2025-11-07 16:00:00,100802.6,101641.5,100510.0,101170.1,2807.67602868
2025-11-07 17:00:00,101170.1,102800.1,100725.0,102390.3,781.2095298
2025-11-07 18:00:00,102390.3,102941.1,102038.0,102604.2,563.08407778
2025-11-07 19:00:00,102605.1,103402.3,102200.0,103393.3,438.52597644
2025-11-07 20:00:00,103393.3,103931.3,102695.6,103774.2,471.34976195
2025-11-07 21:00:00,103767.1,103874.2,103200.0,103874.2,234.1493226
2025-11-07 22:00:00,103874.2,104297.2,103420.0,103618.4,296.83449521
2025-11-07 23:00:00,103618.7,103873.0,103035.0,103335.4,262.89311821
2025-11-08 00:00:00,103335.4,103420.0,102535.8,102708.7,241.8260722
2025-11-08 01:00:00,102708.7,103400.0,102535.8,103008.0,890.97062844
2025-11-08 02:00:00,103008.1,103345.0,102695.6,102851.1,22413.63596494
2025-11-08 03:00:00,102851.1,103345.0,102535.8,102588.0,1355.56804372
2025-11-08 04:00:00,102588.0,103200.1,102265.0,102564.0,890.58369709
2025-11-08 05:00:00,102562.1,102786.9,102100.0,102306.1,159.77075499
2025-11-08 06:00:00,102309.0,102650.0,102000.0,102230.4,261.87790929
2025-11-08 07:00:00,102230.4,102692.3,101832.8,102350.4,257.54782264
2025-11-08 08:00:00,102350.3,103043.4,102000.1,102439.0,331.56194912
2025-11-08 09:00:00,102436.9,102650.0,102000.2,102400.1,834.12093028
2025-11-08 10:00:00,102400.0,102800.0,102287.0,102475.1,1093.15934618
2025-11-08 11:00:00,102475.6,103016.4,101732.6,101860.8,7694.43794622
2025-11-08 12:00:00,101860.8,102333.5,101700.0,102066.8,2491.95413087
2025-11-08 13:00:00,102067.0,102400.1,101700.0,101817.0,470.70204693
2025-11-08 14:00:00,101815.8,102420.2,101362.5,101843.1,2154.14670362
2025-11-08 15:00:00,101843.0,101960.0,101200.1,101724.1,250.03533953
2025-11-08 16:00:00,101724.1,102038.4,101200.1,101863.0,8003.77209626
2025-11-08 17:00:00,101863.0,102012.0,101346.1,101995.2,1675.20620674
2025-11-08 18:00:00,101995.9,102496.6,101600.1,102140.8,1302.27499268
2025-11-08 19:00:00,102140.8,102400.1,101300.0,101983.2,227.9192632
2025-11-08 20:00:00,101982.6,102467.6,101600.1,102075.9,168.35325333
2025-11-08 21:00:00,102075.9,102500.0,101775.5,102280.1,101.97599592
2025-11-08 22:00:00,102280.1,102500.0,102000.1,102382.1,74.56796438
2025-11-08 23:00:00,102382.1,102500.0,102000.2,102320.0,423.15530522
2025-11-09 00:00:00,102320.1,102353.9,101602.7,101800.0,225.65127956
2025-11-09 01:00:00,101800.0,102109.1,101600.1,102052.1,131.89870173
2025-11-09 02:00:00,102052.1,102400.0,101590.1,101638.1,156.83332344
2025-11-09 03:00:00,101638.1,102000.1,101239.9,101659.3,215.85621451
2025-11-09 04:00:00,101666.6,102265.0,101304.3,101721.3,167.68795712
2025-11-09 05:00:00,101721.4,102050.0,101538.4,101928.1,172.22645845
2025-11-09 06:00:00,101927.6,102069.2,101446.4,101744.9,241.00298867
2025-11-09 07:00:00,101744.9,102000.0,101330.0,101943.1,147.22425459
2025-11-09 08:00:00,101943.1,102214.6,101495.0,101975.0,239.23704113
2025-11-09 09:00:00,101975.1,102400.1,101600.1,101658.8,294.25241355
2025-11-09 10:00:00,101658.8,102000.1,101209.0,101878.7,212.54776705
2025-11-09 11:00:00,101878.7,102500.0,101600.1,102244.4,374.95287265
2025-11-09 12:00:00,102244.0,102435.3,101834.6,102096.1,188.9606802
2025-11-09 13:00:00,102096.1,103035.0,101880.0,102929.8,967.09716111
2025-11-09 14:00:00,102916.0,104041.4,102581.6,103033.9,16278.19698847
2025-11-09 15:00:00,103035.1,104080.0,102695.6,103697.4,373.9923962
2025-11-09 16:00:00,103697.4,103935.5,103002.4,103846.8,552.28750679
2025-11-09 17:00:00,103846.6,104000.0,103200.0,103644.8,258.56951453
2025-11-09 18:00:00,103645.0,104546.8,103200.1,104518.7,387.29677325
2025-11-09 19:00:00,104518.7,104860.2,104086.9,104806.0,5884.81979454
2025-11-09 20:00:00,104806.2,105021.0,104400.0,104627.0,365.55951979
2025-11-09 21:00:00,104627.0,104868.6,104086.9,104532.3,165.50746346
2025-11-09 22:00:00,104532.4,104826.2,104021.3,104728.0,291.02602226
2025-11-09 23:00:00,104744.2,105446.0,104402.1,104722.5,253.78480463
2025-11-10 00:00:00,104722.8,106500.0,104190.0,106299.3,496.88515199
2025-11-10 01:00:00,106298.8,106869.5,105600.1,105724.4,348.45526748
2025-11-10 02:00:00,105724.4,106115.3,105335.2,106005.3,251.18791955
2025-11-10 03:00:00,106005.3,106359.2,105478.2,106037.8,295.97185404
2025-11-10 04:00:00,106037.8,106440.2,105730.0,106157.8,296.47830384
2025-11-10 05:00:00,106157.9,106470.9,105860.0,106099.7,191.50230424
2025-11-10 06:00:00,106099.8,106734.9,105742.0,106218.0,210.90517215
2025-11-10 07:00:00,106218.0,106734.9,105999.9,106464.5,232.13408277
2025-11-10 08:00:00,106464.5,106800.1,105576.9,105978.6,252.73072851
2025-11-10 09:00:00,105978.6,106607.1,105704.0,106455.7,298.41786814
2025-11-10 10:00:00,106455.8,106675.6,105730.0,106013.2,2247.8925931
2025-11-10 11:00:00,106013.2,106400.1,105613.5,106188.3,17535.26711484
2025-11-10 12:00:00,106188.3,106400.0,105426.8,105954.0,307.49031318
2025-11-10 13:00:00,105954.0,106596.4,105801.8,106543.9,14148.77942138
2025-11-10 14:00:00,106543.9,106600.0,104444.4,104905.7,448.1666348
2025-11-10 15:00:00,104905.7,105627.1,104423.0,105078.7,9259.38447586
2025-11-10 16:00:00,105078.7,105654.4,104402.1,105250.1,593.43544031
2025-11-10 17:00:00,105250.1,105980.1,104960.0,105952.1,300.29083305
2025-11-10 18:00:00,105952.5,106200.0,105477.0,105481.5,214.16953814
2025-11-10 19:00:00,105481.4,106115.0,105324.2,105806.9,195.13694674
2025-11-10 20:00:00,105802.2,106400.1,105802.2,106009.4,151.41822292
2025-11-10 21:00:00,106008.6,106163.5,105283.7,105617.4,179.25230025
2025-11-10 22:00:00,105632.9,106130.2,105200.1,106057.0,230.77289744
2025-11-10 23:00:00,106057.0,106459.4,105707.6,106013.0,231.57862879
2025-11-11 00:00:00,106014.0,106400.1,105335.2,106132.1,281.87578673
2025-11-11 01:00:00,106132.1,107506.4,105833.3,106103.0,1580.83554248
2025-11-11 02:00:00,106103.1,107200.0,105591.1,106669.4,551.84349641
2025-11-11 03:00:00,106669.2,107099.8,106268.3,106473.9,281.47538932
2025-11-11 04:00:00,106473.9,106601.9,105700.0,105766.4,163.24436979
2025-11-11 05:00:00,105767.0,105826.0,104888.0,105263.3,261.45677904
2025-11-11 06:00:00,105263.4,105600.1,104750.0,105275.1,311.49463722
2025-11-11 07:00:00,105275.1,105478.2,104750.0,104803.3,465.26945193
2025-11-11 08:00:00,104803.3,105600.0,104680.3,105162.1,280.4736156
2025-11-11 09:00:00,105162.1,105670.9,104605.4,104976.3,224.74341621
2025-11-11 10:00:00,104976.3,105345.0,104636.9,105177.3,3743.31133563
2025-11-11 11:00:00,105178.1,105591.1,104824.0,105308.0,553.38396179
2025-11-11 12:00:00,105308.0,105600.1,104400.1,104549.9,2310.53167368
2025-11-11 13:00:00,104549.9,104782.6,104000.1,104402.5,261.57066771
2025-11-11 14:00:00,104404.0,104800.1,103800.0,104584.9,382.11434731
2025-11-11 15:00:00,104582.1,104582.1,103035.0,103469.6,549.15603267
2025-11-11 16:00:00,103469.6,103743.9,103000.0,103422.5,542.61792978
2025-11-11 17:00:00,103424.0,103672.9,102535.8,103339.8,508.49959785
2025-11-11 18:00:00,103339.8,103574.5,102800.1,103403.0,323.85660099
2025-11-11 19:00:00,103403.0,104086.9,102800.1,103131.5,446.68067667
2025-11-11 20:00:00,103131.5,103361.2,102649.9,102820.0,306.54013923
2025-11-11 21:00:00,102820.2,103098.9,102265.0,102652.1,229.34990082
2025-11-11 22:00:00,102651.0,103420.0,102400.1,102999.0,3430.07986334
2025-11-11 23:00:00,102999.0,103361.2,102650.0,103057.6,185.54436086
2025-11-12 00:00:00,103064.9,103301.1,102650.0,102899.7,183.1821699
2025-11-12 01:00:00,102899.7,103420.0,102650.0,103251.1,236.96293754
2025-11-12 02:00:00,103257.7,103468.9,102537.7,103158.0,296.35024725
2025-11-12 03:00:00,103158.0,103461.2,102861.5,103323.0,178.48240807
2025-11-12 04:00:00,103322.8,103593.3,102960.0,103250.0,202.31985435
2025-11-12 05:00:00,103250.0,103642.4,103000.0,103397.1,169.68532612
2025-11-12 06:00:00,103397.1,103863.1,103076.9,103362.9,255.23349471
2025-11-12 07:00:00,103362.9,103739.1,103043.4,103126.5,182.22723911
2025-11-12 08:00:00,103126.5,104305.3,103002.4,104153.0,347.16190516
2025-11-12 09:00:00,104153.0,105182.0,103805.0,104515.0,402.8371241
2025-11-12 10:00:00,104520.0,105040.0,104280.7,104899.1,233.49910687
2025-11-12 11:00:00,104899.1,105200.1,104400.1,105023.8,379.34497886
2025-11-12 12:00:00,105023.8,105646.0,104500.0,104994.6,577.71550134
2025-11-12 13:00:00,104994.6,105271.8,104400.1,105048.9,1315.02188431
2025-11-12 14:00:00,105048.9,105150.0,103626.2,103997.3,573.28439398
2025-11-12 15:00:00,103996.0,104402.1,102000.0,102184.0,1444.94914165
2025-11-12 16:00:00,102182.0,102400.1,101110.0,101449.9,3472.66545615
2025-11-12 17:00:00,101449.9,102149.7,101136.1,101750.0,5509.325982
2025-11-12 18:00:00,101750.1,102000.1,101304.3,101537.1,294.01204123
2025-11-12 19:00:00,101539.8,101669.8,100800.1,101296.6,1098.84720136
2025-11-12 20:00:00,101296.6,101847.3,101041.6,101546.0,278.14177369
2025-11-12 21:00:00,101542.8,102069.2,101304.3,101923.7,268.02715605
2025-11-12 22:00:00,101923.6,101999.9,101234.8,101982.0,1989.12036318
2025-11-12 23:00:00,101982.0,101999.9,101200.1,101658.0,8685.91064975
2025-11-13 00:00:00,101658.5,102250.0,101200.1,101865.4,283.28573699
2025-11-13 01:00:00,101866.0,102635.3,101682.9,102014.4,330.11444503
2025-11-13 02:00:00,102013.2,102400.1,101602.7,101834.6,4343.02722196
2025-11-13 03:00:00,101834.6,102650.0,100800.0,102132.0,793.24116971
2025-11-13 04:00:00,102132.0,102650.0,101600.1,102124.3,353.81767634
2025-11-13 05:00:00,102122.0,103420.0,101602.7,103134.0,328.48849536
2025-11-13 06:00:00,103136.0,103805.0,102695.6,103590.1,317.60092095
2025-11-13 07:00:00,103591.0,104203.9,103103.7,103476.5,428.8690836
2025-11-13 08:00:00,103476.9,103869.7,103002.4,103675.8,328.78822699
2025-11-13 09:00:00,103675.8,103850.2,102400.0,102827.1,523.58907968
2025-11-13 10:00:00,102828.4,103468.9,102499.9,102999.0,189.15512106
2025-11-13 11:00:00,102990.1,103400.0,102439.5,102937.7,271.17915639
2025-11-13 12:00:00,102938.0,103332.6,102650.0,103144.5,264.98562605
2025-11-13 13:00:00,103146.1,103200.1,102000.2,102324.8,459.71451156
2025-11-13 14:00:00,102325.0,103002.4,101725.7,102589.1,514.88259059
2025-11-13 15:00:00,102589.1,103035.0,101000.0,101388.7,594.20212687
2025-11-13 16:00:00,101388.4,101600.1,100510.0,100510.0,145411.30842734
2025-11-13 17:00:00,100633.6,101110.0,99570.0,99661.2,12772.28851012
2025-11-13 18:00:00,99656.6,100000.1,98009.1,98573.7,7964.68356701
2025-11-13 19:00:00,98622.7,99280.9,98173.9,98681.9,673.55013177
2025-11-13 20:00:00,98680.3,99196.1,98009.1,98155.8,1752.47169856
2025-11-13 21:00:00,98155.8,99185.0,98009.1,98826.8,1532.45331787
2025-11-13 22:00:00,98814.7,99955.0,98521.7,99848.2,6735.87928751
2025-11-13 23:00:00,99854.1,100588.2,99400.0,99689.1,401.43403476
2025-11-14 00:00:00,99689.1,99863.5,98561.0,98979.6,4558.17178274
2025-11-14 01:00:00,98981.0,99600.1,98521.7,99255.0,426.76676216
2025-11-14 02:00:00,99255.1,100000.1,99198.3,99640.4,289.52311493
2025-11-14 03:00:00,99629.7,99651.3,98774.8,99148.5,503.02294243
2025-11-14 04:00:00,99149.5,99200.1,96213.3,97811.2,8508.99101459
2025-11-14 05:00:00,97815.0,98027.0,96875.0,97522.6,5155.28969153
2025-11-14 06:00:00,97523.4,97600.1,96000.0,97563.1,10595.48914553
2025-11-14 07:00:00,97561.2,97993.7,96782.6,97153.3,540.7494922
2025-11-14 08:00:00,97154.4,97600.1,96490.0,97307.6,1492.68343309
2025-11-14 09:00:00,97307.6,98000.1,96500.0,96857.1,6552.36284604
2025-11-14 10:00:00,96855.2,97651.2,96500.0,96760.9,1009.82274553
2025-11-14 11:00:00,96761.1,97200.1,95257.8,96208.9,3683.26637134
2025-11-14 12:00:00,96176.5,96400.1,94001.0,95362.0,3031.49263657
2025-11-14 13:00:00,95363.6,95720.0,94565.0,95257.8,3045.94773414
2025-11-14 14:00:00,95249.5,96800.1,94874.0,96522.5,902.44572934
2025-11-14 15:00:00,96533.2,97600.1,95739.1,96490.0,1712.01860484
2025-11-14 16:00:00,96666.3,97600.1,96000.1,97019.9,924.37858757
2025-11-14 17:00:00,97019.9,97260.0,95600.1,95864.8,531.3039087
2025-11-14 18:00:00,95867.5,96490.0,94800.1,95084.2,732.31772874
2025-11-14 19:00:00,95055.1,96105.0,94537.0,95776.0,521.36750906
2025-11-14 20:00:00,95777.7,95990.0,94100.0,94372.0,1880.84486766
2025-11-14 21:00:00,94372.1,95488.0,94100.0,95058.4,772.29813037
2025-11-14 22:00:00,95055.1,95720.0,94565.0,95181.9,7153.96611726
2025-11-14 23:00:00,95178.8,95184.4,94001.0,94581.8,10110.00772007
2025-11-15 00:00:00,94581.9,95457.2,94438.8,95165.5,967.07728358
2025-11-15 01:00:00,95149.2,95811.6,94695.6,95655.8,520.05109761
2025-11-15 02:00:00,95655.8,96490.0,95253.3,96490.0,413.87079109
2025-11-15 03:00:00,96483.0,96814.1,96006.4,96411.7,278.72086898
2025-11-15 04:00:00,96412.1,96800.1,95720.0,96114.4,302.5328771
2025-11-15 05:00:00,96114.3,96490.0,95600.1,96343.4,362.13516215
2025-11-15 06:00:00,96344.3,96808.4,95769.2,96126.2,270.81427561
2025-11-15 07:00:00,96126.1,96573.4,95641.9,96337.5,784.58580023
2025-11-15 08:00:00,96337.3,96698.8,95446.7,95920.7,451.5470709
2025-11-15 09:00:00,95919.4,96400.0,95378.9,95823.3,252.35115195
2025-11-15 10:00:00,95820.4,96365.8,95457.2,95955.4,193.85572258
2025-11-15 11:00:00,95954.1,96275.8,95335.0,95700.0,326.97435709
2025-11-15 12:00:00,95701.0,96105.0,95315.1,95817.5,235.98123227
2025-11-15 13:00:00,95815.5,96490.0,95457.2,96366.0,316.35298396
2025-11-15 14:00:00,96367.3,96475.6,95739.1,96251.0,1167.4327335
2025-11-15 15:00:00,96249.9,96781.3,95866.1,96261.1,310.64104528
2025-11-15 16:00:00,96261.2,96434.7,95315.1,96153.6,480.97595747
2025-11-15 17:00:00,96153.7,96490.0,95499.9,96224.4,384.93985478
2025-11-15 18:00:00,96226.0,96400.1,95667.5,96049.8,205.5239775
2025-11-15 19:00:00,96054.5,96200.0,95610.3,96014.0,147.35043259
2025-11-15 20:00:00,96013.8,96105.0,95000.0,95195.8,401.10476564
2025-11-15 21:00:00,95287.6,95811.6,95000.0,95278.1,175.94100711
2025-11-15 22:00:00,95279.9,95720.0,95000.0,95622.7,110.99699396
2025-11-15 23:00:00,95625.0,96105.0,95200.1,95603.1,167.4649157
2025-11-16 00:00:00,95603.1,95767.3,95000.0,95375.2,229.36176415
2025-11-16 01:00:00,95375.2,95720.0,94695.6,95274.7,419.26204768
2025-11-16 02:00:00,95274.7,96000.1,94913.1,95965.1,262.21668818
2025-11-16 03:00:00,95965.9,96000.1,95285.1,95834.7,127.03951847
2025-11-16 04:00:00,95820.1,96128.6,95391.3,95825.0,323.01745017
2025-11-16 05:00:00,95825.5,96391.9,95476.6,95880.8,1376.50488605
2025-11-16 06:00:00,95884.5,96391.9,95457.2,95674.8,187.25833205
2025-11-16 07:00:00,95794.9,96400.1,95457.2,96093.8,179.95081219
2025-11-16 08:00:00,96092.7,96391.9,95408.4,96104.4,490.80102026
2025-11-16 09:00:00,96107.1,96800.1,95600.1,96621.6,317.50051235
2025-11-16 10:00:00,96621.5,96875.0,96086.9,96449.0,442.03105258
2025-11-16 11:00:00,96449.1,96462.0,95378.9,95640.5,852.04672823
2025-11-16 12:00:00,95638.8,96083.3,95285.1,95762.0,11138.49940521
2025-11-16 13:00:00,95762.6,96114.8,94676.0,95416.7,15413.9596338
2025-11-16 14:00:00,95421.0,95720.0,94950.0,95540.5,334.56605002
2025-11-16 15:00:00,95540.2,95811.6,94347.8,94583.6,550.38390032
2025-11-16 16:00:00,94585.8,95200.1,94001.0,94235.8,13351.74792106
2025-11-16 17:00:00,94223.8,94844.1,93285.4,94376.6,2060.26175775
2025-11-16 18:00:00,94376.5,95600.1,93600.1,94050.8,421.03009424
2025-11-16 19:00:00,94050.8,94615.3,93886.4,94072.8,322.90857487
2025-11-16 20:00:00,94152.7,94800.1,93900.0,94097.5,273.89490239
2025-11-16 21:00:00,94099.7,94355.5,93001.0,93505.1,539.34919834
2025-11-16 22:00:00,93505.9,94506.6,93001.0,94201.3,691.03345247
2025-11-16 23:00:00,94188.8,94594.0,93001.0,94269.5,4665.14368054
2025-11-17 00:00:00,94269.5,95600.1,93679.8,95305.0,417.4382586
2025-11-17 01:00:00,95305.9,95663.7,94522.5,94782.5,919.5405092
2025-11-17 02:00:00,94782.4,95517.1,94369.9,94981.4,856.93615174
2025-11-17 03:00:00,94981.4,95600.1,94713.3,95498.3,195.07865896
2025-11-17 04:00:00,95508.3,95811.6,94823.9,95120.7,255.04645292
2025-11-17 05:00:00,95113.2,95552.2,94800.0,95133.3,321.22424583
2025-11-17 06:00:00,95135.1,95353.0,94594.0,95292.3,221.60680153
2025-11-17 07:00:00,95291.3,95870.5,94982.2,95654.3,323.72958767
2025-11-17 08:00:00,95652.6,96028.7,95285.1,95622.3,487.17173123
2025-11-17 09:00:00,95622.2,96000.1,95165.5,95655.1,212.79662043
2025-11-17 10:00:00,95654.9,96028.7,95500.0,95647.9,578.67363232
2025-11-17 11:00:00,95648.9,96136.2,95200.1,95572.5,1082.937476
2025-11-17 12:00:00,95570.1,95749.3,95054.4,95315.4,893.72214533
2025-11-17 13:00:00,95322.5,95667.5,93529.4,93963.9,2185.94618026
2025-11-17 14:00:00,93963.8,95866.1,93543.4,94763.9,3596.33762463
2025-11-17 15:00:00,94773.1,95014.2,93816.4,93960.4,2351.07424971
2025-11-17 16:00:00,93960.4,94400.1,92884.6,94289.9,3129.68071987
2025-11-17 17:00:00,94304.5,94400.1,92222.6,92758.6,1624.75973779
2025-11-17 18:00:00,92761.7,93300.0,92200.0,92544.1,4222.12422679
2025-11-17 19:00:00,92537.0,92846.5,91200.1,91685.3,1513.27544155
2025-11-17 20:00:00,91686.8,92224.1,91001.0,91926.2,660.46517774
2025-11-17 21:00:00,91949.8,92400.1,91369.0,91958.9,224.00536135
2025-11-17 22:00:00,91959.3,92400.1,91500.0,92249.7,110.62327545
2025-11-17 23:00:00,92250.3,92650.6,91500.0,92221.5,509.14161339
2025-11-18 00:00:00,92226.9,92636.3,91110.8,92169.7,2602.98233392
2025-11-18 01:00:00,92169.7,92368.4,91500.0,91752.8,5220.77113345
2025-11-18 02:00:00,91701.1,91877.4,90340.7,90874.9,7344.78115834
2025-11-18 03:00:00,90874.9,91200.1,89304.7,90849.0,8874.58838228
2025-11-18 04:00:00,90843.9,90857.3,89001.0,90076.0,839.4829
2025-11-18 05:00:00,90075.9,90790.9,89442.9,90223.1,5903.88803254
2025-11-18 06:00:00,90223.3,90400.1,89001.0,89654.7,1895.49611956
2025-11-18 07:00:00,89654.3,90800.1,89001.0,90519.3,4102.88967671
2025-11-18 08:00:00,90519.3,91719.4,90240.0,91225.1,14185.73138179
2025-11-18 09:00:00,91225.1,91600.1,90576.9,91389.0,713.13820124
2025-11-18 10:00:00,91393.2,92000.1,91026.5,91579.3,356.70080922
2025-11-18 11:00:00,91578.7,92000.0,91200.1,91519.2,251.45755584
2025-11-18 12:00:00,91517.6,92000.1,90888.0,91526.6,349.17321909
2025-11-18 13:00:00,91526.6,91680.0,90800.1,91360.0,380.10465012
2025-11-18 14:00:00,91360.0,92461.5,90833.3,91389.0,810.70818739
2025-11-18 15:00:00,91368.7,93200.1,90800.1,92909.9,1133.178794
2025-11-18 16:00:00,92906.3,93820.7,92400.1,93295.5,2199.695817
2025-11-18 17:00:00,93295.5,93652.3,92623.5,92987.6,3578.13976748
2025-11-18 18:00:00,92987.6,94000.0,92918.3,93333.1,3439.77187323
2025-11-18 19:00:00,93333.5,93600.1,92800.1,93175.9,3285.29355312
2025-11-18 20:00:00,93175.9,93600.1,92476.7,92797.2,3454.53862933
2025-11-18 21:00:00,92797.3,93200.1,92313.2,92496.3,3101.61259835
2025-11-18 22:00:00,92496.1,93244.2,92000.1,93160.6,3216.99120722
2025-11-18 23:00:00,93160.6,93165.7,92400.1,92965.5,3255.86235024
2025-11-19 00:00:00,92965.5,93065.4,91771.1,92420.7,3233.87124709
2025-11-19 01:00:00,92420.7,92613.4,91833.3,92445.4,3491.68879355
2025-11-19 02:00:00,92445.4,93075.9,92000.1,92574.2,3158.76898055
2025-11-19 03:00:00,92577.5,92643.5,91600.1,91892.5,3148.65771695
2025-11-19 04:00:00,91892.3,91976.3,91171.6,91171.6,2975.47225714
2025-11-19 05:00:00,91170.9,91346.1,90000.1,90470.0,1948.62745785
2025-11-19 06:00:00,90470.0,91200.1,90079.3,90991.5,441.6344346
2025-11-19 07:00:00,90991.5,92333.3,90576.9,91861.8,412.3100341
2025-11-19 08:00:00,91861.8,92313.2,91200.1,91465.7,813.33670531
2025-11-19 09:00:00,91466.3,91600.1,90800.1,91510.5,494.99647838
2025-11-19 10:00:00,91510.5,91923.0,91200.1,91306.8,1633.30229839
2025-11-19 11:00:00,91306.7,91750.0,91200.1,91412.0,254.11684293
2025-11-19 12:00:00,91403.1,92000.1,91200.0,91776.7,914.19825467
2025-11-19 13:00:00,91776.7,92000.1,91200.1,91400.0,410.21871899
2025-11-19 14:00:00,91400.0,92000.0,90800.1,91713.2,1552.37175124
2025-11-19 15:00:00,91713.2,92387.7,89850.0,89951.2,3300.4247264
2025-11-19 16:00:00,89951.5,90400.1,89406.0,89907.0,12688.86996993
2025-11-19 17:00:00,89893.1,90125.1,88888.0,89501.1,3233.79720773
2025-11-19 18:00:00,89500.8,89903.9,88340.5,89244.0,892.46281324
2025-11-19 19:00:00,89243.0,89600.0,88209.3,88880.0,568.59842814
2025-11-19 20:00:00,88883.0,89698.5,88179.8,89582.0,256.26527524
2025-11-19 21:00:00,89545.9,91026.9,89171.7,90612.3,604.91110734
2025-11-19 22:00:00,90610.5,90800.1,90000.1,90483.4,332.70032807
2025-11-19 23:00:00,90489.1,91596.7,90489.1,91561.7,470.25687043
2025-11-20 00:00:00,91561.6,92313.2,90900.9,91895.7,439.67573334
2025-11-20 01:00:00,91895.2,92800.1,91600.1,92600.0,1161.28860761
2025-11-20 02:00:00,92600.0,92807.7,92000.1,92593.1,454.34665582
2025-11-20 03:00:00,92592.7,92784.2,92066.8,92305.0,299.8757984
2025-11-20 04:00:00,92441.8,92990.9,92000.1,92969.2,551.80415523
2025-11-20 05:00:00,92964.7,93200.1,92352.9,92630.8,417.34692268
2025-11-20 06:00:00,92625.7,93200.1,91600.1,91992.2,969.62705157
2025-11-20 07:00:00,91992.3,92446.6,91600.1,92322.6,338.15647407
2025-11-20 08:00:00,92323.0,92556.3,92000.1,92132.2,291.62422966
2025-11-20 09:00:00,92132.3,92400.1,91299.5,91864.3,18929.56621455
2025-11-20 10:00:00,91863.2,92019.9,91332.4,91813.1,29337.55253487
2025-11-20 11:00:00,91813.2,92180.5,91200.1,91938.5,31630.64433362
2025-11-20 12:00:00,91937.2,92250.0,91296.0,91835.4,31983.30109711
2025-11-20 13:00:00,91835.8,92124.6,91200.1,91520.0,29264.59936287
2025-11-20 14:00:00,91520.0,91545.4,90400.1,91029.3,30224.10494644
2025-11-20 15:00:00,90872.6,91103.5,89833.3,89867.7,7720.20876727
2025-11-20 16:00:00,89867.1,90037.6,87001.0,87484.6,4778.08077832
2025-11-20 17:00:00,87615.5,88146.0,86001.0,87243.0,2741.30595051
2025-11-20 18:00:00,87235.4,87754.9,86001.0,86497.6,1450.16068814
2025-11-20 19:00:00,86486.4,87200.0,86001.0,86922.8,520.30240027
2025-11-20 20:00:00,86922.7,87403.4,86166.6,86467.9,475.63526634
2025-11-20 21:00:00,86470.6,87700.0,86302.1,87311.3,205.08195504
2025-11-20 22:00:00,87282.9,88281.2,87058.8,88061.0,553.28277578
2025-11-20 23:00:00,88069.9,88333.3,86500.0,86636.1,4418.29943768
2025-11-21 00:00:00,86638.2,87706.6,86500.0,87280.5,1144.39826315
2025-11-21 01:00:00,87280.5,87717.2,86550.0,87066.7,411.03154746
2025-11-21 02:00:00,87050.5,87187.7,85001.0,85459.5,5828.33114958
2025-11-21 03:00:00,85464.9,86464.3,85144.2,85832.5,4389.89975549
2025-11-21 04:00:00,85832.9,86460.6,85350.0,86061.5,5914.36100139
2025-11-21 05:00:00,86061.5,86736.1,85499.9,86187.0,794.77988235
2025-11-21 06:00:00,86190.0,86600.0,85350.0,85576.2,7939.39587828
2025-11-21 07:00:00,85576.5,85902.2,81080.2,84067.0,11642.08464791
2025-11-21 08:00:00,84066.0,84945.6,83250.0,83652.7,15798.78050594
2025-11-21 09:00:00,83646.5,84200.0,82117.6,82228.4,2065.54958162
2025-11-21 10:00:00,82212.8,83015.0,81410.6,82718.9,13687.31023225
2025-11-21 11:00:00,82708.1,83531.6,82117.6,82321.9,1132.91980907
2025-11-21 12:00:00,82321.8,83590.2,80355.9,83333.3,6110.29183719
2025-11-21 13:00:00,83333.3,84606.7,82824.6,84114.9,2016.17272275
2025-11-21 14:00:00,84113.9,85652.6,83531.6,84874.0,2621.94882703
2025-11-21 15:00:00,84880.3,85088.1,82500.0,82929.4,2120.77277748
2025-11-21 16:00:00,82933.7,84945.6,82117.6,84919.5,1449.3529551
2025-11-21 17:00:00,84920.7,85652.6,84499.9,84867.4,783.95050204
2025-11-21 18:00:00,84869.9,85144.2,83200.0,84580.7,2338.79551195
2025-11-21 19:00:00,84584.8,85204.0,83925.2,84223.2,800.73502608
2025-11-21 20:00:00,84199.1,84652.9,83225.2,84550.7,999.01955884
2025-11-21 21:00:00,84567.5,85550.0,84333.3,85181.6,362.52807892
2025-11-21 22:00:00,85181.9,85550.0,84238.6,84286.0,494.88760654
2025-11-21 23:00:00,84284.1,85573.1,84100.0,85134.7,724.31027508
2025-11-22 00:00:00,85135.0,85652.6,84238.6,84743.5,438.62648041
2025-11-22 01:00:00,84738.6,85204.5,84238.6,85173.4,276.77629049
2025-11-22 02:00:00,85174.5,85280.0,84238.6,84529.0,1142.66046149
2025-11-22 03:00:00,84529.0,84800.0,84000.0,84445.0,633.17980247
2025-11-22 04:00:00,84449.9,84533.3,83532.7,84246.4,308.9565539
2025-11-22 05:00:00,84246.9,84490.7,83595.5,84280.1,2520.18061102
2025-11-22 06:00:00,84281.1,84945.6,84055.0,84633.8,3795.03536189
2025-11-22 07:00:00,84635.1,85000.0,84080.0,84604.5,2400.00613741
2025-11-22 08:00:00,84765.6,85002.0,83800.0,83800.0,9660.44581962
2025-11-22 09:00:00,83929.7,84490.7,83800.0,83929.7,637.43350335
2025-11-22 10:00:00,83930.0,84372.1,83500.0,83700.0,12941.84799772
2025-11-22 11:00:00,83697.0,84340.0,83520.0,84091.0,11566.61286841
2025-11-22 12:00:00,84091.0,84221.0,83531.6,83883.1,2812.13397974
2025-11-22 13:00:00,83883.1,84340.0,83621.0,83943.3,901.23319108
2025-11-22 14:00:00,83944.3,84750.0,83881.9,84491.5,6728.70401031
2025-11-22 15:00:00,84494.0,84750.0,83637.9,84280.6,996.84337958
2025-11-22 16:00:00,84283.0,84945.6,84000.0,84697.3,7767.04671855
2025-11-22 17:00:00,84697.3,84865.2,84126.6,84554.3,313.97866932
2025-11-22 18:00:00,84554.3,84945.6,84116.5,84656.6,330.72294644
2025-11-22 19:00:00,84656.0,84945.6,84177.8,84607.1,268.81778472
2025-11-22 20:00:00,84605.1,84887.0,83982.9,84469.0,250.77798605
2025-11-22 21:00:00,84468.1,84840.0,84000.0,84413.9,147.98712656
2025-11-22 22:00:00,84414.3,85350.0,84126.6,85074.4,416.22606299
2025-11-22 23:00:00,85074.3,85500.0,84291.7,84740.1,213.76196412
2025-11-23 00:00:00,84741.2,85500.0,84443.0,84972.5,299.62425194
2025-11-23 01:00:00,84977.3,86123.0,84906.8,85886.9,930.03484758
2025-11-23 02:00:00,85883.0,86359.6,85352.5,86000.1,181943.37665832
2025-11-23 03:00:00,86004.0,86359.6,85448.1,86308.4,338.49357065
2025-11-23 04:00:00,86308.7,87066.6,85987.7,86548.3,531.2512133
2025-11-23 05:00:00,86553.3,86844.4,85775.0,86363.9,320.08686031
2025-11-23 06:00:00,86364.5,86666.6,85652.6,85867.2,457.5118093
2025-11-23 07:00:00,85867.3,86235.7,85200.0,85769.3,480.74913888
2025-11-23 08:00:00,85769.3,86359.6,85449.4,86141.5,383.03723212
2025-11-23 09:00:00,86145.1,86736.1,85666.6,86407.5,763.1360541
2025-11-23 10:00:00,86407.6,86700.0,85692.3,86075.7,436.60276513
2025-11-23 11:00:00,86075.7,86700.0,85652.6,86343.5,1508.89694348
2025-11-23 12:00:00,86343.5,86890.0,85999.9,86537.1,30154.16227411
2025-11-23 13:00:00,86537.1,87000.0,86063.8,86929.4,1795.68467172
2025-11-23 14:00:00,86929.4,87179.4,86359.6,86551.0,4100.51867077
2025-11-23 15:00:00,86549.0,87243.6,86359.6,87086.0,3085.24090034
2025-11-23 16:00:00,87084.1,87605.0,86359.6,86663.0,851.60668369
2025-11-23 17:00:00,86663.0,87199.9,86359.6,86744.0,378.32820001
2025-11-23 18:00:00,86744.0,87502.8,86400.0,86997.0,859.76524294
2025-11-23 19:00:00,86997.1,87680.0,86538.4,87346.7,1585.29017736
2025-11-23 20:00:00,87322.4,87700.0,86999.9,87476.6,844.10874649
2025-11-23 21:00:00,87487.3,88080.5,86989.3,87997.9,1066.65738462
2025-11-23 22:00:00,87997.8,88480.6,87200.0,88007.3,2735.48123534
2025-11-23 23:00:00,88026.7,88089.6,86500.0,86846.6,560.34665799
2025-11-24 00:00:00,86846.7,87239.2,85800.0,86734.6,61087.51754295
2025-11-24 01:00:00,86733.9,87200.0,86359.6,87071.1,25431.14978577
2025-11-24 02:00:00,87076.1,88125.0,86656.4,87518.1,457.77887637
2025-11-24 03:00:00,87505.0,88200.0,87066.6,87457.2,516.00465163
2025-11-24 04:00:00,87451.3,87608.7,86425.0,86739.2,509.4311851
2025-11-24 05:00:00,86737.2,87900.0,86425.0,87472.9,1342.33891522
2025-11-24 06:00:00,87473.8,87900.0,86550.0,86918.0,420.76426729
2025-11-24 07:00:00,86914.6,87665.0,86359.6,87045.3,611.53239455
2025-11-24 08:00:00,87045.5,87150.0,86359.6,86960.3,493.14269132
2025-11-24 09:00:00,86960.3,86960.3,85652.6,85945.9,492.49792288
2025-11-24 10:00:00,85947.8,86435.9,85652.6,86052.1,1362.5179596
2025-11-24 11:00:00,86054.5,86500.0,85652.6,86277.0,227.49625741
2025-11-24 12:00:00,86277.1,86438.8,85652.6,86009.0,13951.04519166
2025-11-24 13:00:00,86146.8,86827.7,85652.6,86155.7,282.89857182
2025-11-24 14:00:00,86155.7,86609.0,85250.0,86127.4,5210.859453
2025-11-24 15:00:00,86195.9,86990.0,85613.4,86615.2,7977.61475814
2025-11-24 16:00:00,86617.0,87797.3,86372.0,87177.4,572.52153921
2025-11-24 17:00:00,87186.6,88750.0,86700.0,88364.9,2846.10291148
2025-11-24 18:00:00,88374.4,88948.5,87858.8,88707.1,703.54002918
2025-11-24 19:00:00,88855.6,88950.0,87832.6,88334.3,273.63296058
2025-11-24 20:00:00,88333.5,89226.2,88149.7,89158.3,358.66507342
2025-11-24 21:00:00,89079.7,89383.2,88554.6,88756.0,133.1658838
2025-11-24 22:00:00,88925.7,89291.8,87933.3,88640.8,288.06252955
2025-11-24 23:00:00,88627.4,88820.2,87999.9,88281.8,266.06626963
2025-11-25 00:00:00,88281.8,88502.2,87506.1,88101.1,266.98498902
2025-11-25 01:00:00,88104.2,88520.4,87528.6,87736.3,189.17123752
2025-11-25 02:00:00,87744.0,88233.1,87300.0,87907.1,341.4238174
2025-11-25 03:00:00,87887.9,88246.7,87208.5,87813.0,311.09074492
2025-11-25 04:00:00,87812.1,88540.3,87621.1,88339.8,407.02383912
2025-11-25 05:00:00,88336.5,88628.6,87717.2,88118.7,987.14104953
2025-11-25 06:00:00,88118.4,88233.1,87621.1,88113.6,87904.94591422
2025-11-25 07:00:00,88131.9,88260.5,86742.5,87092.5,13428.67352206
2025-11-25 08:00:00,87092.5,87973.5,86500.0,86907.2,1298.07090244
2025-11-25 09:00:00,86907.2,87067.9,85822.1,86005.0,165.08310024
2025-11-25 10:00:00,86005.0,87588.3,86005.0,87517.9,433.23785826
2025-11-25 11:00:00,87588.3,88333.3,87268.7,88149.7,2136.96819144
2025-11-25 12:00:00,87994.3,88149.7,86554.4,86730.5,292.50916075
2025-11-25 13:00:00,86730.5,86831.5,86063.1,86100.0,127.35023292
2025-11-25 14:00:00,86100.0,86800.0,85506.6,85663.5,672.27211654
2025-11-25 15:00:00,85663.5,86999.9,85382.7,86172.9,231.27554323
2025-11-25 16:00:00,86172.9,86650.0,85876.5,86400.0,199.73381034
2025-11-25 17:00:00,86400.0,87009.3,86372.0,86555.0,589.43713445
2025-11-25 18:00:00,86555.0,86725.4,86400.0,86400.0,38.88120299
2025-11-25 19:00:00,86413.2,86725.4,85598.4,85859.0,915.97050485
2025-11-25 20:00:00,85859.0,86423.7,85844.7,86423.7,69.12768735
2025-11-25 21:00:00,86423.7,86460.6,86123.0,86248.4,15.15200934
2025-11-25 22:00:00,86248.4,86740.0,85728.1,86740.0,682.28809307
2025-11-25 23:00:00,86740.0,87000.0,86700.0,86950.0,2069.20683186
2025-11-26 00:00:00,86950.0,88400.1,86950.0,86950.0,1915.29840897
2025-11-26 01:00:00,87026.6,87797.3,86950.0,87621.1,1958.76975688
2025-11-26 02:00:00,87621.1,87638.6,86818.1,86818.2,4381.97917664
2025-11-26 03:00:00,86818.2,87092.5,86800.1,86813.1,77.00543855
2025-11-26 04:00:00,86813.1,87268.7,86801.0,86956.5,106.92098811
2025-11-26 05:00:00,86956.5,87268.7,86801.0,87092.5,127.45799094
2025-11-26 06:00:00,87092.5,87600.1,86801.0,86880.0,151.58912474
2025-11-26 07:00:00,86880.0,87600.1,86845.3,87037.0,190.87345134
2025-11-26 08:00:00,87037.0,87621.1,86801.0,87240.7,128.19598493
2025-11-26 09:00:00,87240.7,87377.5,86801.0,86844.8,70.73464856
2025-11-26 10:00:00,86844.8,87472.0,86801.0,86878.8,137.26571371
2025-11-26 11:00:00,86878.8,87444.9,86801.0,86957.1,137.02247884
2025-11-26 12:00:00,86957.1,87024.3,86801.0,86801.2,149.36908023
2025-11-26 13:00:00,86801.2,87268.7,86563.8,86858.3,1035.97065256
2025-11-26 14:00:00,86858.3,87200.1,86387.6,86400.1,187.41173545
2025-11-26 15:00:00,86555.0,87268.7,86300.0,87200.2,268.88186271
2025-11-26 16:00:00,87200.2,87200.2,86736.1,86916.2,177.61683517
2025-11-26 17:00:00,86916.2,89870.0,86885.1,89383.2,326.18792724
2025-11-26 18:00:00,89383.2,89461.7,88854.6,89082.0,95.82398947
2025-11-26 19:00:00,89082.0,89100.0,88854.6,88928.8,26.28486325
2025-11-26 20:00:00,88928.8,89062.4,88800.1,89014.4,36.13131084
2025-11-26 21:00:00,89014.4,89026.2,88944.6,89026.1,14.04547058
2025-11-26 22:00:00,89026.1,89400.4,89026.1,89322.1,40.26331242
2025-11-26 23:00:00,89322.1,89526.1,89322.1,89526.1,49.38862173
2025-11-27 00:00:00,89526.1,89648.2,89207.0,89435.0,45.20812368
2025-11-27 01:00:00,89435.0,89785.0,89435.0,89785.0,37.47453834
2025-11-27 02:00:00,89785.0,91497.7,89785.0,91374.7,316.68569923
2025-11-27 03:00:00,91378.9,91600.1,90792.9,91078.4,414.98071433
2025-11-27 04:00:00,91078.4,91517.7,90800.0,91268.8,1665.72371942
2025-11-27 05:00:00,91268.7,91600.1,90800.1,90961.1,340.34192106
2025-11-27 06:00:00,90961.1,91500.0,90800.0,91230.7,440.521565
2025-11-27 07:00:00,91231.5,91600.1,90843.5,91396.1,3114.77583624
2025-11-27 08:00:00,91396.2,91711.1,91145.3,91475.8,209.17443225
2025-11-27 09:00:00,91475.1,92000.0,91048.2,91553.2,370.17852321
2025-11-27 10:00:00,91554.1,91802.2,91226.9,91605.8,160.1225631
2025-11-27 11:00:00,91605.9,91802.2,90969.1,91367.9,261.19494355
2025-11-27 12:00:00,91368.5,91600.1,90800.1,90978.0,270.03115782
2025-11-27 13:00:00,90985.4,91199.0,90400.1,90856.0,8443.1447532
2025-11-27 14:00:00,90856.9,91199.0,90437.5,90789.8,1711.4656226
2025-11-27 15:00:00,90789.7,91199.0,90400.1,90952.9,306.29675835
2025-11-27 16:00:00,90959.9,91600.1,90750.0,91460.4,484.18378975
2025-11-27 17:00:00,91460.4,91750.0,91195.6,91476.0,221.68871366
2025-11-27 18:00:00,91477.0,91850.2,91048.2,91788.8,186.87999911
2025-11-27 19:00:00,91780.6,91999.9,91321.5,91536.7,72.49148581
2025-11-27 20:00:00,91536.8,91674.0,91314.8,91436.0,97.55543504
2025-11-27 21:00:00,91436.0,91835.6,91200.1,91410.0,172.92346785
2025-11-27 22:00:00,91410.0,91802.2,91111.1,91325.0,139.80626161
2025-11-27 23:00:00,91324.6,91600.1,91048.2,91330.9,126.59183298
2025-11-28 00:00:00,91330.3,91540.9,90800.1,91203.5,150.38369873
2025-11-28 01:00:00,91203.9,91208.0,90666.6,90800.1,159.53236306
2025-11-28 02:00:00,90800.1,91145.3,90500.0,91070.0,208.56084776
2025-11-28 03:00:00,91070.0,91321.5,90800.1,91210.9,182.00525576
2025-11-28 04:00:00,91211.0,91895.8,90800.1,91419.0,218.64590338
2025-11-28 05:00:00,91419.0,91835.6,91224.5,91600.0,206.92130711
2025-11-28 06:00:00,91600.0,91600.0,91145.3,91296.0,190.82689698
2025-11-28 07:00:00,91295.1,91600.0,90800.1,90902.8,183.28046373
2025-11-28 08:00:00,90902.8,91702.9,90707.9,91674.0,472.55401935
2025-11-28 09:00:00,91674.0,92026.4,91200.1,91596.7,5356.49211393
2025-11-28 10:00:00,91596.7,91850.2,91200.1,91499.9,10471.52581332
2025-11-28 11:00:00,91499.9,91516.8,90616.7,90833.6,108.51174111
2025-11-28 12:00:00,90833.6,91600.1,90505.6,91512.4,160.09294927
2025-11-28 13:00:00,91512.0,92752.1,91299.5,92361.1,982.15516761
2025-11-28 14:00:00,92361.9,93083.7,91800.0,92237.1,983.77494857
2025-11-28 15:00:00,92249.9,92807.7,91850.2,92362.1,619.06243043
2025-11-28 16:00:00,92356.1,92373.9,90808.3,90938.0,543.93019315
2025-11-28 17:00:00,90938.0,91200.2,90088.1,90663.1,457.25396022
2025-11-28 18:00:00,90663.6,90969.1,90400.1,90825.1,290.28972563
2025-11-28 19:00:00,90825.1,91299.5,90616.7,91146.9,217.06122472
2025-11-28 20:00:00,91146.9,91244.4,90800.1,91191.8,117.84570913
2025-11-28 21:00:00,91190.9,91314.8,90880.0,90880.0,94.53195819
2025-11-28 22:00:00,90880.1,91149.9,90576.9,91111.5,95.54276276
2025-11-28 23:00:00,91115.9,91200.1,90633.9,90890.3,132.73412077
2025-11-29 00:00:00,90890.5,91314.8,90500.0,90888.0,170.46791584
2025-11-29 01:00:00,90888.0,91200.1,90502.4,90878.9,102.68739613
2025-11-29 02:00:00,90878.9,91200.1,90400.1,90792.1,168.75547953
2025-11-29 03:00:00,90792.1,91145.3,90400.1,90676.0,103.09524597
2025-11-29 04:00:00,90676.0,90999.9,90400.1,90898.4,95.69292328
2025-11-29 05:00:00,90898.4,91000.0,90400.1,90750.9,173.41848946
2025-11-29 06:00:00,90751.0,91143.4,90262.9,90556.5,162.68730964
2025-11-29 07:00:00,90556.6,90800.0,90000.1,90563.7,419.97379587
2025-11-29 08:00:00,90563.8,90739.1,90088.1,90628.8,174.87318344
2025-11-29 09:00:00,90628.9,91000.0,90172.8,90558.6,494.39906152
2025-11-29 10:00:00,90559.0,90852.7,90200.0,90551.2,171.3621195
2025-11-29 11:00:00,90550.9,91025.6,90088.1,90675.1,396.99044386
2025-11-29 12:00:00,90675.1,90969.1,90400.1,90619.8,140.60564932
2025-11-29 13:00:00,90619.8,91080.0,90400.0,90779.2,251.2166383
2025-11-29 14:00:00,90780.9,91038.3,90400.1,90629.2,116.97323192
2025-11-29 15:00:00,90629.3,91147.6,90400.1,91145.3,299.26858193
2025-11-29 16:00:00,91068.0,91200.1,90478.4,91009.9,250.09446486
2025-11-29 17:00:00,91009.0,91082.5,90356.3,90430.7,122521.09784828
2025-11-29 18:00:00,90430.6,90800.1,90050.0,90696.8,32103.99438068
2025-11-29 19:00:00,90697.1,91127.0,90400.1,90653.6,139.06902667
2025-11-29 20:00:00,90652.6,91040.7,90400.1,90966.9,138.35229476
2025-11-29 21:00:00,90966.5,91321.5,90500.0,91008.3,162.78342517
2025-11-29 22:00:00,91013.3,91299.5,90400.1,90756.0,272.27823573
2025-11-29 23:00:00,90756.1,91145.3,90500.0,90804.0,110.90157121
2025-11-30 00:00:00,90802.0,91223.1,90500.0,90891.6,101.34870053
2025-11-30 01:00:00,90891.6,91200.1,90769.2,90906.0,124.56872944
2025-11-30 02:00:00,90905.1,91200.1,90616.7,90780.8,119.28147511
2025-11-30 03:00:00,90781.3,91147.6,90400.1,90912.9,138.39018561
2025-11-30 04:00:00,90918.3,91200.1,90616.7,90859.1,3917.27027038
2025-11-30 05:00:00,90853.9,90957.8,90390.1,90788.0,177.82688899
2025-11-30 06:00:00,90786.4,90957.8,90400.1,90891.7,333.62282631
2025-11-30 07:00:00,90891.7,91321.5,90496.0,90961.0,619.64300436
2025-11-30 08:00:00,90960.0,91550.9,90600.0,91182.7,263.53360054
2025-11-30 09:00:00,91182.8,91674.0,91048.2,91409.3,341.01690128
2025-11-30 10:00:00,91409.1,91550.9,90901.2,91226.1,270.0262516
2025-11-30 11:00:00,91226.8,91497.7,90852.7,91049.0,161.09543954
2025-11-30 12:00:00,91049.0,91600.1,90800.1,91466.6,255.47717644
2025-11-30 13:00:00,91467.5,92000.0,91000.0,91769.0,400.26418473
2025-11-30 14:00:00,91769.5,91989.0,91200.1,91498.0,276.0954061
2025-11-30 15:00:00,91498.0,91850.2,91288.0,91439.9,285.11572522
2025-11-30 16:00:00,91440.0,91989.0,91200.1,91824.7,237.42338657
2025-11-30 17:00:00,91827.9,91850.2,91048.2,91490.3,332.47030326
2025-11-30 18:00:00,91490.1,91600.1,90969.1,91462.6,204.28520631
2025-11-30 19:00:00,91462.7,91600.1,91048.2,91461.0,126.88710977
2025-11-30 20:00:00,91464.0,91802.2,90969.1,91313.9,201.30197836
2025-11-30 21:00:00,91314.0,91600.1,90850.0,91170.0,174.47282362
2025-11-30 22:00:00,91170.1,91600.1,90852.7,91229.0,104.81953003
2025-11-30 23:00:00,91229.5,91321.5,90264.3,90367.7,202.33876029
2025-12-01 00:00:00,90368.0,90421.2,86941.2,87012.5,1701.93507851
2025-12-01 01:00:00,87002.9,87797.3,86916.2,87167.0,811.60703384
2025-12-01 02:00:00,87171.0,87600.1,86211.4,86725.0,640.44972026
2025-12-01 03:00:00,86725.0,86916.2,86000.1,86358.7,498.23000793
2025-12-01 04:00:00,86359.9,86666.6,85481.8,85814.0,24774.90479967
2025-12-01 05:00:00,85813.0,86211.4,85585.9,86016.0,4970.28670457
2025-12-01 06:00:00,86016.1,86500.0,85682.8,86240.0,4429.72348441
2025-12-01 07:00:00,86240.1,86800.1,85876.5,86555.3,769.16732193
2025-12-01 08:00:00,86557.0,87092.5,86106.7,86866.5,9371.90174098
2025-12-01 09:00:00,86868.9,86999.9,86361.9,86700.5,720.42046361
2025-12-01 10:00:00,86700.5,86880.0,86222.0,86647.0,336.20644275
2025-12-01 11:00:00,86646.0,86740.0,86000.1,86145.8,308.19669988
2025-12-01 12:00:00,86145.8,86563.8,84449.3,85432.0,1754.17999445
2025-12-01 13:00:00,85423.3,86400.1,85330.3,85985.6,484.13144824
2025-12-01 14:00:00,85985.6,86800.0,85859.0,86052.0,627.38038945
2025-12-01 15:00:00,86052.0,86211.4,83600.1,84686.8,1851.02113754
2025-12-01 16:00:00,84686.9,85600.1,84000.1,84550.0,2525.57594288
2025-12-01 17:00:00,84550.0,85330.3,84449.3,84968.1,378306.1693336
2025-12-01 18:00:00,85134.6,85585.9,84728.1,85240.2,389665.00603336
2025-12-01 19:00:00,85240.5,85506.6,84679.5,85024.0,519494.62236144
2025-12-01 20:00:00,85024.0,86000.1,85023.0,85509.3,431311.32762422
2025-12-01 21:00:00,85510.1,86530.1,85510.1,86436.8,133880.63599635
2025-12-01 22:00:00,86430.0,86916.2,86041.6,86572.1,1418.68782751
2025-12-01 23:00:00,86572.1,86937.2,86211.4,86289.3,165.19983192
2025-12-02 00:00:00,86283.4,86740.0,85987.7,86518.0,505.97394163
2025-12-02 01:00:00,86515.9,87400.0,86106.7,86448.1,557.69548354
2025-12-02 02:00:00,86448.1,87148.3,86000.1,86543.4,292.09200709
2025-12-02 03:00:00,86532.0,87200.1,86000.1,86969.0,301.86846838
2025-12-02 04:00:00,86974.0,87514.1,86595.7,86962.1,178.64084235
2025-12-02 05:00:00,86965.0,87200.1,86527.8,87002.8,198.70604702
2025-12-02 06:00:00,87003.0,87500.0,86492.7,87078.8,179.42595112
2025-12-02 07:00:00,87078.8,87200.1,86561.9,87009.3,215.47037039
2025-12-02 08:00:00,87006.4,87067.9,86090.9,86457.9,232.73395989
2025-12-02 09:00:00,86458.0,87200.1,86119.9,86779.2,460.81171499
2025-12-02 10:00:00,86762.7,87635.0,86400.1,87279.3,296.18624918
2025-12-02 11:00:00,87279.0,87600.1,86800.1,87365.6,236.49710098
2025-12-02 12:00:00,87366.2,87669.1,86914.9,87267.2,437.78406597
2025-12-02 13:00:00,87267.2,88000.0,86800.1,87729.6,523.94770053
2025-12-02 14:00:00,87729.7,89355.8,87398.9,89262.8,625.939869
2025-12-02 15:00:00,89263.0,91176.4,89102.5,90847.9,1673.22553938
2025-12-02 16:00:00,90848.0,91600.1,90077.4,90743.4,916.03467516
2025-12-02 17:00:00,90745.0,91920.3,90533.1,91442.9,223083.76570721
2025-12-02 18:00:00,91442.7,92353.7,91121.1,91944.0,185054.60072831
2025-12-02 19:00:00,91944.0,92356.4,91600.1,91802.2,355.01838718
2025-12-02 20:00:00,91895.9,92250.0,90699.4,91029.1,420.48397207
2025-12-02 21:00:00,91081.8,91715.9,90800.1,91569.2,195.27318643
2025-12-02 22:00:00,91564.1,92324.1,91299.5,91991.0,245.23977273
2025-12-02 23:00:00,91986.0,92053.6,91200.1,91280.3,159.37696963
2025-12-03 00:00:00,91284.0,91802.2,90922.8,91670.4,20694.77497702
2025-12-03 01:00:00,91670.7,92456.5,91320.0,92243.5,517.10285591
2025-12-03 02:00:00,92243.9,93103.8,92112.4,92819.0,3833.69385614
2025-12-03 03:00:00,92816.1,93310.4,92310.7,92640.5,14973.43203189
2025-12-03 04:00:00,92624.3,93500.0,92428.1,93348.0,528.16035877
2025-12-03 05:00:00,93347.8,93698.6,92878.7,93637.0,12371.74596092
2025-12-03 06:00:00,93637.1,94064.5,92877.2,93435.9,416.1377364
2025-12-03 07:00:00,93436.0,93511.8,92595.0,92988.1,4343.84621799
2025-12-03 08:00:00,92996.0,93064.8,91832.3,91862.0,291.6914317
2025-12-03 09:00:00,91880.5,91900.0,91832.3,91894.9,36.08529733
2025-12-03 10:00:00,91894.9,92000.0,91894.9,91991.0,69.77188292
2025-12-03 11:00:00,91991.0,92720.0,91802.2,92511.7,133.66464823
2025-12-03 12:00:00,92587.4,92900.0,91988.9,92006.2,415.37954718
2025-12-03 13:00:00,92006.2,92800.1,92006.2,92200.0,150.54585599
2025-12-03 14:00:00,92208.8,92235.5,91299.3,91692.3,226.24370331
2025-12-03 15:00:00,91688.7,92000.0,91517.6,91622.1,206.74051106
2025-12-03 16:00:00,91640.9,92053.6,91622.1,91622.1,183.36042442
2025-12-03 17:00:00,91628.9,92100.0,91622.1,91999.5,80.32722425
2025-12-03 18:00:00,91999.5,92305.0,91622.1,92053.6,77.61618279
2025-12-03 19:00:00,92053.5,92112.4,91622.1,92005.7,70.3399202
2025-12-03 20:00:00,92005.7,92310.7,92001.7,92188.0,40.14498626
2025-12-03 21:00:00,92188.0,92356.4,91971.6,92356.4,21.64286453
2025-12-03 22:00:00,92356.4,93490.3,92356.4,92845.3,335.95021271
2025-12-03 23:00:00,92845.3,93187.5,92813.5,93041.1,78.66414855
2025-12-04 00:00:00,93003.0,93041.1,92000.1,92101.0,75.96751202
2025-12-04 01:00:00,92097.2,92367.9,92064.3,92254.9,33.48498865
2025-12-04 02:00:00,92236.2,92440.3,92229.8,92440.3,36.78544144
2025-12-04 03:00:00,92440.3,92663.5,92440.3,92611.0,133.38284899
2025-12-04 04:00:00,92611.0,92616.7,92310.7,92328.1,28.12397465
2025-12-04 05:00:00,92328.1,92328.1,92000.1,92070.0,43.55732536
2025-12-04 06:00:00,92070.0,92185.7,92000.1,92181.3,51.53465412
2025-12-04 07:00:00,92182.3,93420.9,91962.4,93398.4,489.51015513
2025-12-04 08:00:00,93397.2,93600.1,92807.7,93249.1,292.04789215
2025-12-04 09:00:00,93249.2,93896.8,92883.5,93449.1,344.23624768
2025-12-04 10:00:00,93447.3,93813.2,92888.8,93260.2,320.55343355
2025-12-04 11:00:00,93258.5,93500.3,92400.1,92939.7,854.7471985
2025-12-04 12:00:00,92939.7,93200.1,92556.3,93010.4,205.12373797
2025-12-04 13:00:00,92992.1,93103.8,92180.5,92524.0,452.33910353
2025-12-04 14:00:00,92524.0,93098.1,91802.2,91906.6,609.22168123
2025-12-04 15:00:00,91901.9,93310.4,91802.2,92974.1,547.05542854
2025-12-04 16:00:00,92973.3,93164.0,92121.0,92460.7,457.70873918
2025-12-04 17:00:00,92433.5,92556.3,91715.9,92428.4,482.8614358
2025-12-04 18:00:00,92427.3,92667.2,91622.1,92126.2,409.25510203
2025-12-04 19:00:00,92128.5,92310.7,90852.7,91914.1,573.01992762
2025-12-04 20:00:00,91914.1,92800.1,91600.1,92504.7,284.71629739
2025-12-04 21:00:00,92504.8,92999.9,92053.6,92150.0,574.99637275
2025-12-04 22:00:00,92150.1,92905.5,92000.1,92341.1,404.58654294
2025-12-04 23:00:00,92341.0,92556.3,91952.6,92062.5,180.38495619
2025-12-05 00:00:00,92062.7,92508.9,91802.2,92292.3,176.96605296
2025-12-05 01:00:00,92293.1,92707.2,92053.6,92356.1,120.68831242
2025-12-05 02:00:00,92357.2,92800.1,92000.1,92509.1,1123.27157267
2025-12-05 03:00:00,92509.6,93000.0,91971.8,92158.5,268.93770608
2025-12-05 04:00:00,92158.4,92528.0,91666.6,92026.3,224.1650973
2025-12-05 05:00:00,92028.0,92310.7,91600.1,91937.7,221.51254375
2025-12-05 06:00:00,91938.6,92400.1,91671.3,92272.9,145.60714763
2025-12-05 07:00:00,92273.0,92785.1,91868.7,92249.1,221.09110948
2025-12-05 08:00:00,92249.5,92305.0,91600.1,92120.7,217.55972197
2025-12-05 09:00:00,92111.1,92200.0,90869.4,91129.7,396.52015925
2025-12-05 10:00:00,91129.7,91600.1,90900.0,91274.4,239.850897
2025-12-05 11:00:00,91275.0,91802.2,90800.1,91342.8,261.01299808
2025-12-05 12:00:00,91342.9,91550.9,90724.5,91239.9,255.74003801
2025-12-05 13:00:00,91240.0,91354.0,90230.5,90467.6,355.22881279
2025-12-05 14:00:00,90473.0,90786.1,89733.2,90300.0,574.83619601
2025-12-05 15:00:00,90296.0,91517.6,90129.7,90455.8,558.23019804
2025-12-05 16:00:00,90456.0,90800.1,88000.0,88814.2,818.46024171
2025-12-05 17:00:00,88811.0,89600.1,88400.1,89336.4,651.12944914
2025-12-05 18:00:00,89339.0,90000.1,88554.6,88937.0,392.08290731
2025-12-05 19:00:00,88939.0,89802.9,88400.1,89639.2,365.53627283
2025-12-05 20:00:00,89637.9,89940.4,89010.0,89308.0,260.63129604
2025-12-05 21:00:00,89307.8,89600.1,88914.2,89173.7,192.79054717
2025-12-05 22:00:00,89181.1,89534.9,88800.1,89239.0,112.41336753
2025-12-05 23:00:00,89240.0,89379.3,88800.1,89330.9,118.05353547
2025-12-06 00:00:00,89330.9,89566.6,88827.4,89419.7,186.41874375
2025-12-06 01:00:00,89420.6,89600.0,88932.0,89318.0,152.34394221
2025-12-06 02:00:00,89318.0,89621.9,88871.6,89388.1,141.63869296
2025-12-06 03:00:00,89388.1,90000.1,88981.5,89676.3,256.00612255
2025-12-06 04:00:00,89677.0,90000.1,89200.1,89325.8,170.22097565
2025-12-06 05:00:00,89485.7,89989.2,89101.9,89600.0,237.07678423
2025-12-06 06:00:00,89600.2,90000.1,89200.1,89683.1,242.0648669
2025-12-06 07:00:00,89683.3,90000.1,89138.4,89582.9,266.44795521
2025-12-06 08:00:00,89583.0,89645.1,89095.8,89259.2,164.96429019
2025-12-06 09:00:00,89275.9,89904.7,88960.2,89563.1,263.01053401
2025-12-06 10:00:00,89563.2,89950.0,89200.1,89506.5,193.35884884
2025-12-06 11:00:00,89506.2,90000.0,89200.1,89629.5,416.52213058
2025-12-06 12:00:00,89629.5,89973.3,89200.1,89577.7,200.7173688
2025-12-06 13:00:00,89578.1,89931.4,89285.7,89672.8,125.87571421
2025-12-06 14:00:00,89672.8,90333.3,89370.3,90007.2,199.04654
2025-12-06 15:00:00,90007.3,90328.0,89200.1,89756.0,3000.93250401
2025-12-06 16:00:00,89756.7,90168.5,89423.0,89706.2,347.45689261
2025-12-06 17:00:00,89708.1,89910.0,89250.0,89708.1,209.30784357
2025-12-06 18:00:00,89708.4,90000.1,89264.3,89650.0,253.11141831
2025-12-06 19:00:00,89650.3,89882.8,88995.8,89409.3,176.05199794
2025-12-06 20:00:00,89409.3,89600.1,89029.8,89558.6,140.98644938
2025-12-06 21:00:00,89558.3,89920.0,89200.1,89425.6,151.97857088
2025-12-06 22:00:00,89425.1,89835.2,88995.3,89283.9,429.05156638
2025-12-06 23:00:00,89288.8,89522.7,88534.7,89223.5,1773.82870817
2025-12-07 00:00:00,89227.3,89600.1,88940.1,89400.1,122.91547827
2025-12-07 01:00:00,89400.1,89600.1,89015.3,89157.3,127.46811819
2025-12-07 02:00:00,89300.1,89870.0,89050.0,89628.9,97.49225368
2025-12-07 03:00:00,89628.9,89745.8,89336.6,89720.0,341.84475033
2025-12-07 04:00:00,89721.0,89999.9,89200.9,89400.0,4155.55142206
2025-12-07 05:00:00,89538.0,89733.2,89099.9,89512.4,106.53211816
2025-12-07 06:00:00,89513.9,89785.0,89200.0,89716.0,132.84017819
2025-12-07 07:00:00,89712.1,89785.0,89011.0,89381.4,138.96415789
2025-12-07 08:00:00,89382.0,89600.1,89011.0,89320.0,211.56959956
2025-12-07 09:00:00,89318.1,89600.1,89011.0,89115.0,375.99964492
2025-12-07 10:00:00,89112.1,89500.0,89011.0,89247.0,158.65939196
2025-12-07 11:00:00,89247.0,89359.9,89150.0,89164.0,19425.19263293
2025-12-07 12:00:00,89158.6,89584.5,89080.0,89476.6,3057.01346705
2025-12-07 13:00:00,89477.7,89534.9,88500.0,89048.1,1877.32719546
2025-12-07 14:00:00,89052.1,89244.4,87600.1,88239.1,809.23128702
2025-12-07 15:00:00,88239.1,89854.9,87858.8,89557.0,38135.56075219
2025-12-07 16:00:00,89557.5,89907.4,88800.1,89896.6,26171.52433201
2025-12-07 17:00:00,89897.7,91279.7,89370.3,90964.7,558.25987754
2025-12-07 18:00:00,90964.2,91914.1,90960.4,91371.6,294.90357078
2025-12-07 19:00:00,91371.7,91600.1,90953.0,91423.0,169.24314879
2025-12-07 20:00:00,91423.0,91600.1,91048.2,91440.4,141.69633338
2025-12-07 21:00:00,91440.1,91738.8,89874.9,90236.4,215.76977783
2025-12-07 22:00:00,90234.2,90328.0,88998.6,89604.5,289.62702032
2025-12-07 23:00:00,89604.6,90470.6,89336.6,90394.3,11956.23565834
2025-12-08 00:00:00,90394.1,90667.2,89868.9,90350.0,18438.17990816
2025-12-08 01:00:00,90349.1,91688.1,90124.6,90898.1,362.6727148
2025-12-08 02:00:00,90914.0,91434.9,90610.2,91356.1,210.90729918
2025-12-08 03:00:00,91357.0,91517.6,90800.0,91074.4,330.12957988
2025-12-08 04:00:00,91074.4,91472.1,90650.0,91283.0,245.11646375
2025-12-08 05:00:00,91283.0,91700.0,90899.9,91330.0,6307.48492594
2025-12-08 06:00:00,91334.0,91923.0,91026.0,91459.9,270.64333758
2025-12-08 07:00:00,91460.0,91975.4,91200.0,91559.7,306.66869569
2025-12-08 08:00:00,91560.2,92000.1,91299.5,91840.1,218.69537255
2025-12-08 09:00:00,91833.0,92400.1,91600.1,91912.0,3066.43189197
2025-12-08 10:00:00,91912.0,92300.0,91550.9,92139.0,1074.18420628
2025-12-08 11:00:00,92126.8,92300.0,91600.1,91959.7,488.19379308
2025-12-08 12:00:00,91958.0,92000.1,91548.8,91764.0,201.92352937
2025-12-08 13:00:00,91763.9,92200.0,91200.1,91463.0,345.77955036
2025-12-08 14:00:00,91463.0,92000.1,90769.4,90856.0,959.7994354
2025-12-08 15:00:00,90847.1,91140.2,89600.0,89961.9,715.02821568
2025-12-08 16:00:00,89961.9,90666.6,89600.1,89975.8,491.72980467
2025-12-08 17:00:00,89978.0,90338.2,89355.8,90256.2,353.04046124
2025-12-08 18:00:00,90256.3,90799.9,89729.7,89906.3,303.64847864
2025-12-08 19:00:00,89907.5,90360.9,89733.2,90000.0,177.30904586
2025-12-08 20:00:00,90118.0,90910.0,89950.0,90790.4,169.75003454
2025-12-08 21:00:00,90790.5,91600.1,90400.1,91305.5,363.6248588
2025-12-08 22:00:00,91304.1,91375.1,90400.1,90822.5,124.44156873
2025-12-08 23:00:00,90822.4,91200.1,90138.4,90641.0,162.42225144
2025-12-09 00:00:00,90641.1,90922.8,90048.8,90394.1,149.20455679
2025-12-09 01:00:00,90395.2,90568.2,89903.9,90057.4,163.37840634
2025-12-09 02:00:00,90057.5,90526.2,89746.6,90063.8,371.81530007
2025-12-09 03:00:00,90063.8,90536.1,89819.0,90409.0,187.59177275
2025-12-09 04:00:00,90410.0,90724.5,89689.6,89941.8,162.47823575
2025-12-09 05:00:00,89920.7,90237.9,89408.9,89893.8,187.40110402
2025-12-09 06:00:00,89893.9,90328.0,89389.9,90165.0,190.93421129
2025-12-09 07:00:00,90165.1,90800.1,89733.2,90498.7,240.4425395
2025-12-09 08:00:00,90498.7,90946.9,90301.3,90497.1,304.96717006
2025-12-09 09:00:00,90498.2,90800.1,90000.0,90138.0,352.28837202
2025-12-09 10:00:00,90136.1,90400.1,89730.0,90297.7,172.1075838
2025-12-09 11:00:00,90298.8,90678.4,89870.0,90383.5,2266.55563348
2025-12-09 12:00:00,90382.0,91000.0,90129.7,90579.3,217.90979555
2025-12-09 13:00:00,90574.1,91000.0,90118.9,90421.9,254.73613812
2025-12-09 14:00:00,90424.1,90800.1,89933.3,90349.1,796.07463005
2025-12-09 15:00:00,90357.5,92878.7,90168.5,92704.6,5325.13028808
2025-12-09 16:00:00,92705.8,94567.2,92400.1,94182.0,11134.2630011
2025-12-09 17:00:00,94182.0,94800.1,93355.0,93915.9,1079.29129079
2025-12-09 18:00:00,93916.1,94293.4,93509.6,93924.0,302.36481571
2025-12-09 19:00:00,93925.0,94276.8,93300.0,93798.0,335.22350624
2025-12-09 20:00:00,93798.1,93860.0,92556.3,93109.9,482.24656984
2025-12-09 21:00:00,93114.1,93310.4,92256.0,92695.0,211.88358076
2025-12-09 22:00:00,92659.7,93059.1,92508.9,92893.5,132.07640161
2025-12-09 23:00:00,92843.5,93200.1,92230.0,92666.6,5090.94639789
2025-12-10 00:00:00,92535.3,92800.1,92053.6,92130.9,255.81045517
2025-12-10 01:00:00,92130.6,92707.2,91743.5,92312.1,259.00003807
2025-12-10 02:00:00,92312.1,92696.6,91975.4,92497.0,208.34813715
2025-12-10 03:00:00,92499.8,92707.2,92112.4,92411.9,142.24355071
2025-12-10 04:00:00,92411.8,92800.1,92053.6,92549.3,182.53190015
2025-12-10 05:00:00,92549.3,92960.0,92305.0,92559.0,191.10774894
2025-12-10 06:00:00,92559.0,92800.1,92126.5,92701.1,123.99827335
2025-12-10 07:00:00,92700.6,92820.2,92305.0,92773.0,226.09979572
2025-12-10 08:00:00,92776.5,92905.5,92290.6,92613.9,217.52543195
2025-12-10 09:00:00,92611.4,93059.1,92310.7,92919.9,240.35950995
2025-12-10 10:00:00,92919.9,93200.1,92000.1,92280.6,542.17194207
2025-12-10 11:00:00,92281.5,92708.3,91715.9,92131.1,418.55326177
2025-12-10 12:00:00,92131.1,92310.7,91700.0,91996.3,187.50983931
2025-12-10 13:00:00,91996.5,92400.1,91700.0,92097.8,213.94178972
2025-12-10 14:00:00,92097.0,92356.1,91600.1,91846.1,383.15177059
2025-12-10 15:00:00,91847.0,92310.7,91533.9,92067.0,540.83370345
2025-12-10 16:00:00,92070.0,92588.0,91601.1,92174.5,384.52979297
2025-12-10 17:00:00,92174.9,92800.1,92000.1,92384.1,321.17898243
2025-12-10 18:00:00,92384.4,93103.8,91779.2,92501.9,505.61094437
2025-12-10 19:00:00,92499.8,93197.0,91948.1,92959.1,617.56742454
2025-12-10 20:00:00,92959.9,94491.6,92130.7,92440.3,940.5799081
2025-12-10 21:00:00,92453.5,92800.1,91802.2,92351.1,416.35145324
2025-12-10 22:00:00,92351.5,92800.1,91914.1,92514.9,177.0879495
2025-12-10 23:00:00,92514.1,92755.0,91715.9,92014.9,214.03661748
2025-12-11 00:00:00,92013.7,92160.0,91048.2,91385.2,396.70174108
2025-12-11 01:00:00,91385.3,91403.7,90400.1,90673.2,396.15550424
2025-12-11 02:00:00,90673.3,90800.1,89639.2,90067.9,397.94091339
2025-12-11 03:00:00,90069.0,90228.2,89300.0,89881.0,495.84128847
2025-12-11 04:00:00,89881.1,90526.2,89534.9,90436.9,402.1067454
2025-12-11 05:00:00,90437.0,90750.0,89931.4,90166.6,199.16741897
2025-12-11 06:00:00,90303.9,90444.2,89703.4,90288.1,198.31886909
2025-12-11 07:00:00,90292.3,90526.2,90000.0,90269.0,213.75819782
2025-12-11 08:00:00,90271.0,90568.9,89607.7,90182.0,10320.08538466
2025-12-11 09:00:00,90186.5,90610.2,90008.4,90228.7,229.48406066
2025-12-11 10:00:00,90236.3,90590.3,90000.1,90317.5,178.98935076
2025-12-11 11:00:00,90317.4,90666.6,90000.0,90234.7,146.0694082
2025-12-11 12:00:00,90234.8,90724.5,90000.1,90029.1,209.40289774
2025-12-11 13:00:00,90029.1,90480.0,89708.1,90101.9,288.31805914
2025-12-11 14:00:00,90101.1,90712.8,89250.0,89548.9,710.28611999
2025-12-11 15:00:00,89548.0,90628.9,89287.8,89889.1,535.82332988
2025-12-11 16:00:00,89875.0,90180.1,89300.0,89719.1,623.9612103
2025-12-11 17:00:00,89719.1,90359.1,89450.0,89977.6,344.74920347
2025-12-11 18:00:00,89977.7,91181.3,89733.2,90714.0,626.76477628
2025-12-11 19:00:00,90709.0,91539.4,90484.4,90834.1,360.66251888
2025-12-11 20:00:00,90835.7,91824.9,90806.2,91788.8,333.12577217
2025-12-11 21:00:00,91789.2,93561.8,91550.9,92807.7,551.35500829
2025-12-11 22:00:00,92867.8,93192.9,91600.1,92363.9,1289.20458557
2025-12-11 23:00:00,92371.6,92807.7,91756.8,92520.1,2676.75155606
2025-12-12 00:00:00,92522.3,92707.2,91299.5,91578.0,499.22414767
2025-12-12 01:00:00,91578.0,92400.1,91449.1,92171.9,695.59917127
2025-12-12 02:00:00,92171.9,92750.0,91680.6,92508.9,301.87969245
2025-12-12 03:00:00,92508.9,92800.1,92000.1,92275.2,241.74485857
2025-12-12 04:00:00,92275.1,92556.3,91868.7,92399.9,318.8529493
2025-12-12 05:00:00,92397.6,92556.3,92000.1,92444.0,215.34535151
2025-12-12 06:00:00,92443.2,92800.1,92053.6,92506.6,305.14147687
2025-12-12 07:00:00,92506.6,92777.0,92000.1,92427.2,170.96673648
2025-12-12 08:00:00,92427.2,92684.2,91742.9,92301.7,344.46982273
2025-12-12 09:00:00,92310.7,92620.5,91756.8,92522.7,294.35793849
2025-12-12 10:00:00,92522.6,92670.0,92112.4,92493.1,192.44328024
2025-12-12 11:00:00,92493.1,92800.1,92000.1,92410.8,302.11904143
2025-12-12 12:00:00,92411.8,92556.3,92000.1,92423.8,162.91348575
2025-12-12 13:00:00,92425.1,92655.3,92000.1,92311.3,221.00378815
2025-12-12 14:00:00,92311.6,92707.2,91800.4,92451.4,509.7203203
2025-12-12 15:00:00,92451.4,92556.3,89626.0,89876.9,1055.18707808
2025-12-12 16:00:00,89876.9,90434.5,89348.5,90036.6,680.14199926
2025-12-12 17:00:00,90036.7,90773.7,89662.9,90072.5,385.91789664
2025-12-12 18:00:00,90075.9,90842.5,89831.4,90366.0,356.57372445
2025-12-12 19:00:00,90366.1,90440.0,89773.5,90199.1,242.46239045
2025-12-12 20:00:00,90197.2,90400.1,89774.6,90199.4,148.03741391
2025-12-12 21:00:00,90211.3,90331.2,89730.0,90188.4,128.50122574
2025-12-12 22:00:00,90188.7,90400.1,89827.6,90333.3,88.47360252
2025-12-12 23:00:00,90334.3,90526.2,89880.0,90268.0,104.20939836
2025-12-13 00:00:00,90268.1,90499.0,89931.4,90317.7,149.92586689
2025-12-13 01:00:00,90317.5,90600.0,89957.5,90224.9,113.73678011
2025-12-13 02:00:00,90225.0,90400.1,89843.6,90227.1,154.07409801
2025-12-13 03:00:00,90227.1,90478.4,89931.4,90341.9,138.1396335
2025-12-13 04:00:00,90341.9,90478.4,90000.1,90375.8,442.31637458
2025-12-13 05:00:00,90375.9,90393.9,90200.0,90340.6,72.39201615
2025-12-13 06:00:00,90340.5,90724.5,89999.9,90347.9,105.16361413
2025-12-13 07:00:00,90348.2,90675.1,90000.1,90328.2,138.03847129
2025-12-13 08:00:00,90328.3,90794.3,90000.1,90449.0,198.32868143
2025-12-13 09:00:00,90451.0,90843.1,90104.2,90411.0,166.55169906
2025-12-13 10:00:00,90415.1,90705.1,90129.7,90592.4,292.4877616
2025-12-13 11:00:00,90592.9,90800.1,90000.1,90341.6,234.04802658
2025-12-13 12:00:00,90341.7,90600.0,89961.9,90355.9,274.44810124
2025-12-13 13:00:00,90355.9,90678.7,90200.0,90261.0,221.75946016
2025-12-13 14:00:00,90262.0,90412.3,89733.2,90084.9,309.77786977
2025-12-13 15:00:00,90086.0,90400.1,89730.0,90101.0,1160.32344923
2025-12-13 16:00:00,90100.7,90509.3,89613.7,90098.7,271.79816372
2025-12-13 17:00:00,90098.7,90400.1,89600.1,90053.5,177.0011464
2025-12-13 18:00:00,90054.1,90328.0,89725.9,90123.9,146.70775069
2025-12-13 19:00:00,90124.0,90400.1,89746.6,90181.8,144.38370952
2025-12-13 20:00:00,90182.5,90500.0,89888.0,90081.9,123.27569511
2025-12-13 21:00:00,90092.7,90285.7,89767.9,90171.5,102.95349519
2025-12-13 22:00:00,90171.6,90400.1,89733.2,90138.0,122.81313454
2025-12-13 23:00:00,90136.0,90400.1,89730.0,90241.1,169.25413
2025-12-14 00:00:00,90241.1,90526.2,89884.3,90330.0,130.82990721
2025-12-14 01:00:00,90339.1,90480.0,90100.0,90300.0,91.88592823
2025-12-14 02:00:00,90300.5,90724.5,90000.1,90293.2,109.11346005
2025-12-14 03:00:00,90293.1,90526.2,89844.2,90265.0,140.35090448
2025-12-14 04:00:00,90266.6,90400.1,89823.2,90204.7,136.65162532
2025-12-14 05:00:00,90205.0,90600.0,89733.2,90208.6,151.67502614
2025-12-14 06:00:00,90208.8,90478.4,89777.7,90151.0,100.83037124
2025-12-14 07:00:00,90151.1,90600.2,90000.1,90256.1,135.82374452
2025-12-14 08:00:00,90256.1,90526.2,89699.5,89931.4,263.3142201
2025-12-14 09:00:00,90082.1,90526.2,89794.4,90025.9,140.962175
2025-12-14 10:00:00,90026.0,90393.6,89666.6,89858.6,189.18139187
2025-12-14 11:00:00,89857.1,90129.7,88716.4,89355.9,722.1166682
2025-12-14 12:00:00,89355.1,89662.0,88800.1,89423.6,275.84161456
2025-12-14 13:00:00,89419.1,89666.6,88897.3,89495.6,307.93573416
2025-12-14 14:00:00,89484.1,89583.3,88800.1,89113.1,223.37753642
2025-12-14 15:00:00,89113.1,89416.6,88610.8,89027.6,256.87345688
2025-12-14 16:00:00,89027.7,89397.4,88400.1,88833.0,381.84488813
2025-12-14 17:00:00,88833.0,89200.1,88426.8,88804.7,333.53337035
2025-12-14 18:00:00,88805.0,89400.0,88498.4,89004.8,293.42458612
2025-12-14 19:00:00,89004.8,89120.4,88327.5,88644.4,265.04192506
2025-12-14 20:00:00,88644.9,88940.1,88342.5,88558.0,181.82615663
2025-12-14 21:00:00,88557.0,88974.6,88345.3,88444.4,135.96496591
2025-12-14 22:00:00,88444.1,88800.1,88000.1,88413.9,244.98649646
2025-12-14 23:00:00,88411.0,88598.0,87600.1,88146.0,1075.79471119
2025-12-15 00:00:00,88154.5,88691.5,87875.4,88456.1,379.03779745
2025-12-15 01:00:00,88456.1,89523.8,88345.3,89249.0,2481.2721082
2025-12-15 02:00:00,89248.1,90040.6,88981.5,89315.0,524.84234246
2025-12-15 03:00:00,89315.0,89931.4,88940.1,89277.8,409.6557835
2025-12-15 04:00:00,89277.9,89950.0,89165.9,89665.1,209.32108215
2025-12-15 05:00:00,89670.0,90000.0,89335.4,89616.2,150.27576854
2025-12-15 06:00:00,89616.2,90000.1,89137.3,89743.3,516.29579061
2025-12-15 07:00:00,89743.4,90102.5,89336.6,89747.0,241.89616035
2025-12-15 08:00:00,89747.0,90228.2,89429.6,89770.4,193.87078617
2025-12-15 09:00:00,89770.5,90250.0,89600.1,89874.4,155.8814581
2025-12-15 10:00:00,89874.0,90199.9,89429.6,89858.9,210.17500998
2025-12-15 11:00:00,89859.0,90000.1,89410.8,89645.0,185.21927031
2025-12-15 12:00:00,89645.3,90000.0,89205.5,89700.0,156.66030707
2025-12-15 13:00:00,89700.1,89909.0,89200.1,89433.7,759.03914197
2025-12-15 14:00:00,89434.1,89890.7,87683.4,88054.2,3913.87819775
2025-12-15 15:00:00,88055.3,88281.2,86300.0,87036.0,8588.86747744
2025-12-15 16:00:00,87040.0,87438.6,86000.1,86401.0,992.21342176
2025-12-15 17:00:00,86400.8,86736.1,85650.0,85767.8,215904.55819207
2025-12-15 18:00:00,85766.1,86279.9,85291.3,86190.0,368103.86984622
2025-12-15 19:00:00,86190.0,86561.3,85767.8,86148.6,43776.44081039
2025-12-15 20:00:00,86149.1,86250.0,85649.9,85833.4,340457.60114675
2025-12-15 21:00:00,85982.6,86388.9,85568.5,86217.0,159101.0946793
2025-12-15 22:00:00,86238.8,86400.0,85767.8,86257.9,40268.59386862
2025-12-15 23:00:00,86260.0,86772.0,85966.0,86432.1,20168.22082867
2025-12-16 00:00:00,86433.2,86759.1,85851.0,85862.1,74691.16677474
2025-12-16 01:00:00,85862.1,86362.6,85600.1,85896.0,235408.88534362
2025-12-16 02:00:00,85894.2,86423.5,85750.0,85944.8,167045.41120752
2025-12-16 03:00:00,85944.1,86164.3,85499.9,85865.7,320489.01391132
2025-12-16 04:00:00,85865.7,86090.3,85460.0,85832.1,242541.43847493
2025-12-16 05:00:00,85832.1,86194.3,85726.8,86023.5,134653.7553728
2025-12-16 06:00:00,86020.1,86581.3,85666.6,86491.5,201.75276896
2025-12-16 07:00:00,86494.0,86600.9,85767.8,86008.0,52807.70655443
2025-12-16 08:00:00,86009.4,86615.9,85817.3,86282.1,5462.46204672
2025-12-16 09:00:00,86282.1,86596.5,85987.7,86351.9,205.74186988
2025-12-16 10:00:00,86352.3,87330.5,86000.1,86970.6,2086.24807197
2025-12-16 11:00:00,86974.0,87500.0,86452.3,87254.3,842.05262634
2025-12-16 12:00:00,87255.7,87552.2,86750.0,87108.2,778.96778593
2025-12-16 13:00:00,86955.1,87705.9,86400.1,86400.1,1757.21521702
2025-12-16 14:00:00,86450.4,87727.2,85898.7,87293.1,1601.29884601
2025-12-16 15:00:00,87293.3,88178.8,86594.0,87968.8,1137.95534191
2025-12-16 16:00:00,87968.8,88050.0,87155.7,87552.2,3240.96615188
2025-12-16 17:00:00,87552.2,87858.8,86736.1,87127.9,576.79596516
2025-12-16 18:00:00,87127.2,88071.2,86800.1,87783.5,543.50520925
2025-12-16 19:00:00,87780.1,87792.3,86848.6,87597.4,561.32764413
2025-12-16 20:00:00,87592.5,88041.2,87035.5,87600.0,489.69257756
2025-12-16 21:00:00,87600.0,88400.1,87200.1,88147.0,661.19660364
2025-12-16 22:00:00,88147.0,88750.0,87215.1,87788.9,516.78729031
2025-12-16 23:00:00,87790.5,88000.1,87200.1,87730.0,3033.99730085
2025-12-17 00:00:00,87863.0,88000.0,87006.7,87532.0,2632.00975979
2025-12-17 01:00:00,87532.9,88543.5,87200.1,87555.5,5713.92657858
2025-12-17 02:00:00,87556.0,87850.0,87155.0,87485.0,8906.82849884
2025-12-17 03:00:00,87485.2,87871.3,87155.0,87155.0,1261.88760926
2025-12-17 04:00:00,87216.1,87466.6,86533.4,86755.4,3889.89893726
2025-12-17 05:00:00,86758.0,86800.1,86000.1,86635.3,2077.61562631
2025-12-17 06:00:00,86636.8,87006.7,86203.2,86680.0,948.21711767
2025-12-17 07:00:00,86776.1,87137.9,86600.0,87044.0,2300.95642189
2025-12-17 08:00:00,87043.1,87044.0,86100.0,86398.0,16460.89830706
2025-12-17 09:00:00,86398.0,86800.1,86250.0,86421.8,10468.40415358
2025-12-17 10:00:00,86420.1,86957.4,86242.4,86626.3,4437.4784313
2025-12-17 11:00:00,86626.2,87128.4,86550.0,86973.4,2547.14445432
2025-12-17 12:00:00,86977.3,87353.9,86759.1,87026.4,429.86917321
2025-12-17 13:00:00,87018.6,87833.3,86750.0,87619.5,1462.75939676
2025-12-17 14:00:00,87622.2,89730.0,87006.7,89709.8,700.12893555
2025-12-17 15:00:00,89682.7,90300.0,87095.8,87243.4,70824.92700318
2025-12-17 16:00:00,87243.1,88000.0,86100.0,87013.4,8080.56993306
2025-12-17 17:00:00,86997.3,87155.7,86189.1,86429.9,370.40473531
2025-12-17 18:00:00,86438.8,86889.8,85794.2,85829.4,165457.1181152
2025-12-17 19:00:00,85829.9,86400.0,85462.4,86017.2,396991.69323524
2025-12-17 20:00:00,86020.0,86361.9,85666.1,85906.8,173094.64648895
2025-12-17 21:00:00,85906.9,86337.1,85730.4,85987.3,209734.72605571
2025-12-17 22:00:00,85996.4,86424.2,85767.8,86344.0,24195.75878504
2025-12-17 23:00:00,86347.0,86430.5,85600.1,86248.0,21506.80529999
2025-12-18 00:00:00,86248.1,86400.1,85920.0,86230.3,2656.67609403
2025-12-18 01:00:00,86236.9,86500.4,85866.6,86126.0,96096.96599872
2025-12-18 02:00:00,86130.1,86943.1,86000.1,86698.0,270.32241202
2025-12-18 03:00:00,86693.6,86759.1,86095.5,86621.4,153.50287143
2025-12-18 04:00:00,86622.0,87142.8,86450.0,86763.5,156.96328637
2025-12-18 05:00:00,86763.8,87200.1,86362.6,86442.2,2531.41094004
2025-12-18 06:00:00,86442.3,86800.1,86350.0,86646.0,1289.90193207
2025-12-18 07:00:00,86647.9,87200.0,86410.0,86833.0,2560.29923558
2025-12-18 08:00:00,86833.3,87333.3,86482.9,86973.1,213.13246933
2025-12-18 09:00:00,86973.1,87542.9,86574.9,87282.2,1572.23774488
2025-12-18 10:00:00,87282.0,87500.0,86800.1,87310.9,356.21348203
2025-12-18 11:00:00,87351.7,87500.0,86759.1,87274.0,264.24850651
2025-12-18 12:00:00,87275.3,87600.1,86800.1,87258.8,294.17284629
2025-12-18 13:00:00,87258.8,89200.1,87258.8,88849.4,1445.89799359
2025-12-18 14:00:00,88850.1,89463.6,87750.5,88351.8,922.87625654
2025-12-18 15:00:00,88351.9,89500.0,87988.7,88514.0,649.52330809
2025-12-18 16:00:00,88514.0,88675.1,87806.0,88014.8,568.04968362
2025-12-18 17:00:00,88014.7,88147.0,85751.4,86630.2,136116.86448019
2025-12-18 18:00:00,86785.6,86886.6,85816.2,85973.0,61742.34136356
2025-12-18 19:00:00,85998.8,86196.0,84500.0,84667.9,576805.10252756
2025-12-18 20:00:00,84674.6,85558.8,84460.3,84853.0,460763.24265075
2025-12-18 21:00:00,84914.6,85823.5,84793.3,85630.8,373285.17731864
2025-12-18 22:00:00,85630.9,85760.0,85307.8,85590.5,288721.77703554
2025-12-18 23:00:00,85588.5,85800.0,85292.0,85506.1,263908.29177424
2025-12-19 00:00:00,85506.1,85700.1,85300.7,85607.0,302164.08353102
2025-12-19 01:00:00,85607.0,85666.6,85179.0,85331.0,302871.62929799
2025-12-19 02:00:00,85340.6,85950.0,85170.0,85650.4,290401.35894112
2025-12-19 03:00:00,85650.4,87600.1,85619.0,86881.9,17408.96030931
2025-12-19 04:00:00,86882.3,87399.7,86647.0,87099.2,7019.5648471
2025-12-19 05:00:00,87101.0,87236.1,86400.1,87147.0,43457.64653236
2025-12-19 06:00:00,87147.4,87484.8,86538.4,87484.2,25269.015622
2025-12-19 07:00:00,87484.8,88400.1,87250.0,87955.9,7026.70548837
2025-12-19 08:00:00,87954.1,88393.9,87615.3,88116.9,223.57900168
2025-12-19 09:00:00,88115.0,88321.1,87600.1,88109.0,148.36432343
2025-12-19 10:00:00,88108.0,88500.0,87600.1,88267.7,8832.68428254
2025-12-19 11:00:00,88267.8,88400.1,87950.0,88190.1,176.77199258
2025-12-19 12:00:00,88190.3,88393.9,87491.1,87854.6,222.22247434
2025-12-19 13:00:00,87854.7,88697.0,87600.1,87994.0,755.62916453
2025-12-19 14:00:00,87994.1,88515.9,87371.7,88176.1,16880.92490497
2025-12-19 15:00:00,88176.2,89401.4,87600.1,87958.0,18045.67055616
2025-12-19 16:00:00,87957.9,89090.7,87600.1,87984.1,1416.36214343
2025-12-19 17:00:00,87984.2,88400.1,86594.0,86947.1,490.28894228
2025-12-19 18:00:00,86947.1,87600.1,86800.1,87159.2,5796.08652385
2025-12-19 19:00:00,87159.3,88184.3,86999.9,87836.1,227.33913744
2025-12-19 20:00:00,87836.1,88400.1,87371.7,88028.9,282.28375732
2025-12-19 21:00:00,88028.9,88400.1,87600.1,87826.5,121.23342727
2025-12-19 22:00:00,87823.7,88688.2,87658.7,88350.5,191.16385769
2025-12-19 23:00:00,88350.5,88600.0,88000.1,88143.1,2913.06430812
2025-12-20 00:00:00,88143.1,88240.1,87714.2,88008.9,3363.89191216
2025-12-20 01:00:00,88009.0,88188.0,87600.1,88082.3,768.5378719
2025-12-20 02:00:00,88082.2,88400.1,87640.8,88210.3,1485.00667163
2025-12-20 03:00:00,88210.4,88500.0,87898.1,88219.4,369.63726824
2025-12-20 04:00:00,88219.4,88688.2,88000.1,88295.5,109.79388099
2025-12-20 05:00:00,88295.4,88799.9,88000.0,88300.3,202.82389849
2025-12-20 06:00:00,88300.4,88701.4,88000.1,88308.6,134.75102255
2025-12-20 07:00:00,88308.7,88613.3,88000.0,88276.9,115.85522391
2025-12-20 08:00:00,88277.0,88650.0,88000.0,88253.9,23323.87009835
2025-12-20 09:00:00,88253.8,88344.5,88000.0,88227.1,1281.9126347
2025-12-20 10:00:00,88227.1,88344.5,88000.0,88165.9,1121.26535598
2025-12-20 11:00:00,88166.0,88309.1,88000.0,88276.3,25183.35732321
2025-12-20 12:00:00,88276.3,88400.1,88000.0,88250.8,187.84004462
2025-12-20 13:00:00,88250.8,88552.9,87858.8,88269.6,195.58891199
2025-12-20 14:00:00,88269.6,88664.2,88000.1,88253.0,160.33935008
2025-12-20 15:00:00,88253.0,88664.2,87666.6,88175.0,181.10685103
2025-12-20 16:00:00,88175.0,88400.1,87721.6,88152.9,703.71202458
2025-12-20 17:00:00,88153.0,88476.0,87763.0,88185.4,324.44487791
2025-12-20 18:00:00,88185.5,88570.7,87992.9,88316.2,125.64814377
2025-12-20 19:00:00,88316.2,88400.1,87999.9,88234.0,64.25859771
2025-12-20 20:00:00,88233.9,88580.1,87939.0,88284.0,70.51856573
2025-12-20 21:00:00,88284.0,88500.0,88000.1,88217.7,49.75776625
2025-12-20 22:00:00,88217.6,88600.0,88000.0,88282.1,5027.29019668
2025-12-20 23:00:00,88282.1,88430.9,88000.0,88366.1,58.68616947
2025-12-21 00:00:00,88366.1,88708.7,88000.1,88394.9,53.32872487
2025-12-21 01:00:00,88395.0,88607.3,87990.1,88025.0,113.49650902
2025-12-21 02:00:00,88025.1,88444.4,87484.6,87953.5,220.87589869
2025-12-21 03:00:00,87953.4,88356.5,87795.1,88089.8,108.23539947
2025-12-21 04:00:00,88089.8,88538.4,87750.0,88082.0,129.80242378
2025-12-21 05:00:00,88082.0,88500.0,87889.2,88146.0,81.7536875
2025-12-21 06:00:00,88146.1,88465.2,87890.0,88096.9,117.0824285
2025-12-21 07:00:00,88097.0,88400.1,87858.8,88183.7,85.88189722
2025-12-21 08:00:00,88183.8,88719.4,87832.6,88540.4,142.67365016
2025-12-21 09:00:00,88540.5,89200.1,88285.7,89040.0,282.86613179
2025-12-21 10:00:00,88900.4,89200.1,88400.1,88672.8,134.82793213
2025-12-21 11:00:00,88672.8,88999.9,88216.7,88610.0,232.21719551
2025-12-21 12:00:00,88610.0,88937.1,88221.7,88636.1,1956.74432201
2025-12-21 13:00:00,88636.1,88799.0,87600.1,87683.1,603.91003347
2025-12-21 14:00:00,87683.1,88276.2,87574.6,88067.0,256.22991699
2025-12-21 15:00:00,88067.0,88364.7,87600.1,88071.0,150.87886896
2025-12-21 16:00:00,88071.0,88619.4,87838.9,88368.1,233.86534583
2025-12-21 17:00:00,88368.1,88695.7,88025.0,88325.0,116.79679013
2025-12-21 18:00:00,88325.1,88500.0,87871.3,88450.1,162.52521115
2025-12-21 19:00:00,88450.1,88750.0,88000.1,88495.9,145.84497069
2025-12-21 20:00:00,88496.0,88799.0,88186.3,88240.9,59.39967077
2025-12-21 21:00:00,88240.9,88400.1,87740.9,88165.9,105.89946468
2025-12-21 22:00:00,88166.0,88717.4,87860.0,88482.9,99.1949759
2025-12-21 23:00:00,88483.0,88799.0,88300.0,88656.2,739.57659978
2025-12-22 00:00:00,88656.2,89769.2,88260.0,88629.1,493.90628312
2025-12-22 01:00:00,88629.0,89290.2,88400.1,88631.2,257.93961615
2025-12-22 02:00:00,88631.3,88800.1,87970.0,88461.0,269.38539566
2025-12-22 03:00:00,88461.1,88960.9,87884.6,88242.4,2202.48347082
2025-12-22 04:00:00,88233.0,89200.1,87832.1,88480.0,1489.38353941
2025-12-22 05:00:00,88480.0,89080.3,88037.3,88833.9,1421.01285222
2025-12-22 06:00:00,88834.0,89162.0,88400.1,88906.7,653.06940697
2025-12-22 07:00:00,88908.3,89291.2,88400.1,88815.5,4039.34868491
2025-12-22 08:00:00,88972.6,90029.5,88619.8,89147.9,2429.26582468
2025-12-22 09:00:00,89147.4,89705.8,88587.7,89700.0,2846.56621781
2025-12-22 10:00:00,89700.0,89773.7,88717.2,88882.3,2505.47955994
2025-12-22 11:00:00,89035.2,90095.6,88870.7,89940.6,305.05416276
2025-12-22 12:00:00,89940.5,90579.9,89666.6,90215.1,284.50561648
2025-12-22 13:00:00,90215.1,90450.7,89591.7,89913.1,230.65124791
2025-12-22 14:00:00,89913.1,90400.1,89355.8,90133.5,547.02285201
2025-12-22 15:00:00,90133.1,90480.0,89200.1,89733.9,651.82887708
2025-12-22 16:00:00,89733.9,90400.0,89200.2,89554.8,411.31573906
2025-12-22 17:00:00,89554.9,89938.3,88981.5,89314.0,786.16230296
2025-12-22 18:00:00,89314.1,89600.1,88800.1,89150.1,153.61371352
2025-12-22 19:00:00,89150.1,89258.7,87892.9,88060.9,469.409617
2025-12-22 20:00:00,88060.1,88477.3,87702.9,88365.8,184.01407632
2025-12-22 21:00:00,88365.8,88749.1,88000.1,88286.1,124.1769181
2025-12-22 22:00:00,88286.1,88800.1,88000.1,88667.2,103.50005249
2025-12-22 23:00:00,88667.2,88800.1,88095.6,88541.1,118.5182939
2025-12-23 00:00:00,88613.3,89200.1,88250.0,88774.2,201.90176776
2025-12-23 01:00:00,88774.2,89137.3,88302.2,88518.0,155.81631541
2025-12-23 02:00:00,88517.9,89060.0,87831.3,88201.3,974.63801758
2025-12-23 03:00:00,88206.5,88600.0,87703.7,88192.4,263.57406597
2025-12-23 04:00:00,88192.1,88595.2,87769.2,87926.0,1113.18901007
2025-12-23 05:00:00,87926.0,88046.0,87600.1,87763.3,930.99884326
2025-12-23 06:00:00,87763.3,87980.0,86983.5,87407.1,471.57941555
2025-12-23 07:00:00,87407.1,87851.6,87073.5,87579.2,940.05475512
2025-12-23 08:00:00,87579.2,88000.1,87142.8,87478.3,598.17876996
2025-12-23 09:00:00,87478.3,88000.0,87200.1,87537.7,285.92811212
2025-12-23 10:00:00,87537.8,87934.4,87112.6,87613.0,709.39115715
2025-12-23 11:00:00,87613.0,88168.8,87300.5,87852.1,216.97619175
2025-12-23 12:00:00,87852.1,88000.1,87414.4,87791.9,398.17002638
2025-12-23 13:00:00,87791.8,88000.0,87200.1,87612.4,324.13197605
2025-12-23 14:00:00,87612.4,88000.1,86500.0,86863.1,616.55830525
2025-12-23 15:00:00,86867.6,87620.2,86574.9,87446.0,698.94405048
2025-12-23 16:00:00,87446.0,88233.1,87000.0,87999.0,2876.67838751
2025-12-23 17:00:00,87999.0,88342.5,87174.8,87176.1,308.70915934
2025-12-23 18:00:00,87176.1,88200.0,87063.2,87970.0,244.36684307
2025-12-23 19:00:00,87971.0,88250.0,87397.3,87753.0,238.89553144
2025-12-23 20:00:00,87751.9,88359.0,87312.6,87691.9,169.08750416
2025-12-23 21:00:00,87691.9,88000.1,87484.6,87709.3,104.78366221
2025-12-23 22:00:00,87709.3,88114.2,87216.4,87394.3,191.95699279
2025-12-23 23:00:00,87398.6,87600.1,87173.3,87487.5,116.88385299
2025-12-24 00:00:00,87487.5,87800.0,87153.8,87657.0,111.27031245
2025-12-24 01:00:00,87657.0,88000.0,87300.0,87588.3,141.56877362
2025-12-24 02:00:00,87588.3,87734.8,86800.1,87142.0,1726.50021387
2025-12-24 03:00:00,87141.9,87575.5,86800.1,87346.0,174.4792953
2025-12-24 04:00:00,87346.0,87600.1,86800.1,87142.9,222.11120476
2025-12-24 05:00:00,87142.9,87500.0,86728.2,86955.4,173.69864393
2025-12-24 06:00:00,86955.4,87308.6,86600.0,87022.1,229.70414815
2025-12-24 07:00:00,87023.1,87200.1,86800.0,86917.1,214.16464365
2025-12-24 08:00:00,86917.1,87200.1,86771.0,86791.0,223.47068504
2025-12-24 09:00:00,86791.0,87214.4,86700.0,86804.5,267.91544173
2025-12-24 10:00:00,86804.5,87421.9,86700.0,87085.1,469.38727437
2025-12-24 11:00:00,87085.3,87600.1,86800.1,87207.6,188.44033994
2025-12-24 12:00:00,87207.1,87725.8,86800.1,87430.9,270.82023447
2025-12-24 13:00:00,87431.0,87610.0,86754.6,87285.5,135.71939794
2025-12-24 14:00:00,87282.8,87600.1,86434.9,86988.0,1684.05763131
2025-12-24 15:00:00,86987.6,87333.3,86400.1,87048.4,474.99419751
2025-12-24 16:00:00,87043.1,87777.7,86666.6,87279.0,270.30181203
2025-12-24 17:00:00,87279.6,87600.1,86954.5,87317.9,258.36497764
2025-12-24 18:00:00,87317.9,87600.1,87031.3,87476.0,128.05195866
2025-12-24 19:00:00,87468.1,87824.2,87142.8,87559.1,98.67012597
2025-12-24 20:00:00,87559.1,88000.0,87184.6,87556.0,123.31575397
2025-12-24 21:00:00,87554.2,87800.0,87229.0,87698.8,88.23303918
2025-12-24 22:00:00,87698.9,88150.0,87311.1,88003.1,210.82483192
2025-12-24 23:00:00,88004.0,88200.0,87544.8,87669.9,134.32962108
2025-12-25 00:00:00,87670.0,87999.9,87253.3,87569.9,766.4258738
2025-12-25 01:00:00,87569.1,88000.1,87200.1,87692.7,102.70474828
2025-12-25 02:00:00,87700.4,88000.0,87371.7,87885.9,122.32353337
2025-12-25 03:00:00,87886.0,88200.0,87500.0,87840.0,171.9502219
2025-12-25 04:00:00,87841.4,88000.1,87500.0,87786.1,92.66773006
2025-12-25 05:00:00,87786.0,87999.0,87421.9,87749.0,189.75865236
2025-12-25 06:00:00,87749.1,88199.9,87400.0,87822.8,224.71199757
2025-12-25 07:00:00,87822.8,88089.7,87492.6,87830.2,328.87420107
2025-12-25 08:00:00,87830.0,88100.0,87200.1,87601.0,886.95156513
2025-12-25 09:00:00,87585.1,87858.8,87110.4,87519.1,150.61948707
2025-12-25 10:00:00,87520.0,87734.8,86973.5,87419.0,113.55421801
2025-12-25 11:00:00,87419.0,87600.1,87110.4,87514.9,94.60619591
2025-12-25 12:00:00,87515.0,87600.1,87091.0,87600.1,92.42867118
2025-12-25 13:00:00,87566.3,87750.0,87150.0,87571.3,112.08985257
2025-12-25 14:00:00,87571.3,87965.6,87200.1,87721.6,413.09567287
2025-12-25 15:00:00,87721.7,88571.4,87421.9,88360.0,867.8464857
2025-12-25 16:00:00,88361.2,88779.4,88000.1,88082.5,208.63073318
2025-12-25 17:00:00,88082.7,88489.7,87733.8,88139.9,102.30015864
2025-12-25 18:00:00,88137.7,88580.0,88000.1,88236.0,52.46301169
2025-12-25 19:00:00,88236.1,88533.3,87827.7,88149.9,86.09952806
2025-12-25 20:00:00,88150.0,88355.3,87600.1,87883.8,67.45144471
2025-12-25 21:00:00,87882.3,88261.4,87610.0,87900.0,87.47588595
2025-12-25 22:00:00,87900.1,88111.6,87110.4,87654.2,186.08959094
2025-12-25 23:00:00,87655.0,88000.1,86960.3,87242.5,187.45939314
2025-12-26 00:00:00,87232.1,87397.3,86800.1,87129.0,372.96314577
2025-12-26 01:00:00,87130.0,87600.1,86895.8,87439.0,160.0337797
2025-12-26 02:00:00,87436.7,89421.5,87200.1,89182.3,648.36841711
2025-12-26 03:00:00,89182.5,89488.9,88402.2,88750.0,991.40249778
2025-12-26 04:00:00,88750.0,89200.1,88356.2,88974.0,1312.28061398
2025-12-26 05:00:00,88967.0,89198.3,88400.1,88992.1,933.81360838
2025-12-26 06:00:00,88992.1,89525.0,88695.7,89122.1,213.66099062
2025-12-26 07:00:00,89125.0,89600.1,88356.0,88476.4,2145.03123532
2025-12-26 08:00:00,88480.0,89026.2,88200.0,88741.4,320.63296245
2025-12-26 09:00:00,88741.1,89200.1,88297.9,88813.6,1178.06578884
2025-12-26 10:00:00,88813.7,89049.4,88382.0,88750.0,325.59429075
2025-12-26 11:00:00,88752.3,88946.6,88140.5,88531.1,5754.48039305
2025-12-26 12:00:00,88532.0,88800.1,88253.4,88684.0,97.38984485
2025-12-26 13:00:00,88684.1,89288.0,88400.1,89000.1,338.66796743
2025-12-26 14:00:00,89000.1,89288.0,87276.6,87412.9,453.82251614
2025-12-26 15:00:00,87386.4,87410.0,86550.0,87130.0,656.21323877
2025-12-26 16:00:00,87140.0,87600.0,86800.1,86849.9,361.29079653
2025-12-26 17:00:00,86850.0,87544.8,86800.1,87317.9,205.85712607
2025-12-26 18:00:00,87320.1,87600.1,87000.0,87270.0,189.36999632
2025-12-26 19:00:00,87270.0,87800.0,87031.3,87497.1,170.1192825
2025-12-26 20:00:00,87497.1,88000.0,87265.4,87568.1,140.17748866
2025-12-26 21:00:00,87584.0,88000.0,87200.1,87464.0,164.5232561
2025-12-26 22:00:00,87464.0,87894.9,87084.2,87541.0,76.80127964
2025-12-26 23:00:00,87541.0,87600.1,87078.3,87362.9,35.35006468
2025-12-27 00:00:00,87362.0,87600.1,87000.0,87398.1,102.90119326
2025-12-27 01:00:00,87398.1,87720.1,87036.1,87471.3,157.73370321
2025-12-27 02:00:00,87471.3,87600.1,87000.0,87443.0,77.99136822
2025-12-27 03:00:00,87444.0,87744.6,87000.0,87510.0,111.69719057
2025-12-27 04:00:00,87510.0,87754.8,87142.8,87469.8,216.56716379
2025-12-27 05:00:00,87470.0,87773.9,87063.2,87505.9,308.46862444
2025-12-27 06:00:00,87506.0,87828.4,87000.0,87471.3,140.38677694
2025-12-27 07:00:00,87471.3,87985.1,87142.8,87484.6,304.41277899
2025-12-27 08:00:00,87539.9,88000.0,87000.0,87590.2,2111.74067509
2025-12-27 09:00:00,87590.2,87948.8,87199.9,87616.2,1029.42005166
2025-12-27 10:00:00,87616.2,87781.0,87000.0,87510.2,123.55677866
2025-12-27 11:00:00,87503.3,87589.2,87054.3,87467.5,151.4932561
2025-12-27 12:00:00,87467.4,87750.0,87200.1,87472.9,130.12847945
2025-12-27 13:00:00,87473.9,87686.5,87000.0,87454.5,241.81411461
2025-12-27 14:00:00,87454.6,87850.0,87059.7,87540.9,214.01015522
2025-12-27 15:00:00,87541.1,87800.0,87132.7,87552.1,125.66659989
2025-12-27 16:00:00,87552.3,87589.2,87056.4,87500.1,380.79037772
2025-12-27 17:00:00,87502.0,87600.1,87072.4,87562.3,488.14710727
2025-12-27 18:00:00,87562.4,87706.6,87200.1,87494.0,61.86466421
2025-12-27 19:00:00,87494.9,87999.9,87200.1,87574.1,114.84726559
2025-12-27 20:00:00,87574.1,87938.9,87253.3,87564.0,62.8970974
2025-12-27 21:00:00,87563.8,88000.0,87250.0,87671.6,58.13439578
2025-12-27 22:00:00,87671.0,88000.0,87200.1,87569.1,105.8082906
2025-12-27 23:00:00,87567.1,87990.1,87200.1,87876.7,93.64376792
2025-12-28 00:00:00,87872.1,88000.0,87385.7,87836.0,133.36434552
2025-12-28 01:00:00,87837.0,88000.1,87422.1,87784.9,128.23286393
2025-12-28 02:00:00,87785.0,88111.1,87468.0,87808.0,343.28641591
2025-12-28 03:00:00,87808.1,88141.0,87458.2,87740.3,96.28630607
2025-12-28 04:00:00,87739.2,88229.7,87440.0,87721.4,112.18957204
2025-12-28 05:00:00,87721.5,88000.1,87381.3,87646.0,839.4147347
2025-12-28 06:00:00,87649.0,88000.1,87200.1,87732.1,193.16536337
2025-12-28 07:00:00,87732.1,87858.8,86840.7,86919.0,11923.44927023
2025-12-28 08:00:00,86919.0,87580.1,86864.2,86936.4,11350.26656105
2025-12-28 09:00:00,86936.4,88000.1,86925.0,87795.9,12963.19285567
2025-12-28 10:00:00,87796.0,88400.1,87428.5,87868.0,903.61408589
2025-12-28 11:00:00,87868.0,88185.9,87500.0,87886.1,939.74699408
2025-12-28 12:00:00,87886.4,88278.2,87600.1,87856.3,157.06929252
2025-12-28 13:00:00,87856.1,88197.8,87493.5,87898.0,237.71091921
2025-12-28 14:00:00,87903.9,88410.4,87891.9,87914.0,858.1183286
2025-12-28 15:00:00,87914.0,88500.0,87589.2,87839.5,1628.88602017
2025-12-28 16:00:00,87839.2,88111.6,87460.9,87814.8,1143.01019527
2025-12-28 17:00:00,87814.8,88285.7,87326.8,87761.1,1029.85517952
2025-12-28 18:00:00,87761.1,88000.0,87378.3,87600.1,220.98650694
2025-12-28 19:00:00,87600.1,87999.9,87311.7,87521.0,257.05211354
2025-12-28 20:00:00,87521.0,88000.0,87200.1,87516.0,292.26303127
2025-12-28 21:00:00,87516.1,87838.9,87272.3,87586.2,64.00350552
2025-12-28 22:00:00,87586.2,88000.1,87305.4,87903.0,124.74292702
2025-12-28 23:00:00,87902.0,88320.1,87600.1,87951.0,136.34896012
2025-12-29 00:00:00,87951.0,88570.7,87600.1,88305.1,289.60570411
2025-12-29 01:00:00,88287.1,88794.3,87713.4,88444.0,224.22930822
2025-12-29 02:00:00,88444.0,89509.0,88444.0,89161.3,484.45331107
2025-12-29 03:00:00,89161.1,90235.2,88820.9,90115.7,650.37862137
2025-12-29 04:00:00,90116.2,90579.9,89625.0,90135.9,657.14827173
2025-12-29 05:00:00,90135.9,90400.1,89636.3,89957.5,145.20036622
2025-12-29 06:00:00,89957.5,90400.1,89359.2,89763.0,203.54533157
2025-12-29 07:00:00,89763.0,89923.0,89200.1,89612.5,247.38839978
2025-12-29 08:00:00,89612.5,90143.2,89200.1,89549.0,228.75628196
2025-12-29 09:00:00,89550.0,89761.4,87633.1,88109.1,1056.61905806
2025-12-29 10:00:00,88109.1,88268.1,87600.1,87785.8,254.04238168
2025-12-29 11:00:00,87785.0,88000.1,87200.0,87571.2,3383.83809556
2025-12-29 12:00:00,87571.2,87831.3,86800.1,87378.0,3120.81287328
2025-12-29 13:00:00,87378.0,87864.4,87050.0,87379.7,599.98939186
2025-12-29 14:00:00,87379.6,88285.7,87050.0,87431.0,402.88647082
2025-12-29 15:00:00,87431.0,88000.1,87200.1,87588.3,613.03706418
2025-12-29 16:00:00,87588.3,87990.3,87285.7,87625.0,268.76811449
2025-12-29 17:00:00,87624.1,88024.1,87050.0,87980.7,351.54155934
2025-12-29 18:00:00,87980.7,88151.6,87050.0,87449.1,2724.58853201
2025-12-29 19:00:00,87451.7,87667.7,87050.0,87352.1,220.74856534
2025-12-29 20:00:00,87352.1,87604.8,87050.0,87207.2,108.30966897
2025-12-29 21:00:00,87207.2,87717.2,87050.0,87335.8,263.80797812
2025-12-29 22:00:00,87335.8,87479.0,87050.0,87343.8,549.44620935
2025-12-29 23:00:00,87344.0,87479.0,87050.0,87232.1,434.03322989
2025-12-30 00:00:00,87232.1,87484.6,87050.0,87245.8,304.71045942
2025-12-30 01:00:00,87245.8,87428.5,87050.0,87306.0,344.98292555
2025-12-30 02:00:00,87306.0,87600.1,86900.0,87104.5,7290.4535944
2025-12-30 03:00:00,87104.5,87635.7,86563.5,87423.9,310.05890642
2025-12-30 04:00:00,87582.0,87745.1,87200.1,87302.7,162.27179726
2025-12-30 05:00:00,87302.7,87734.8,86911.0,87252.0,190.64096825
2025-12-30 06:00:00,87252.0,87740.3,86941.2,87442.1,222.88961617
2025-12-30 07:00:00,87442.1,87948.8,87070.0,87497.1,274.19514299
2025-12-30 08:00:00,87496.1,88221.7,87428.5,87866.5,273.42640903
2025-12-30 09:00:00,87866.5,88347.6,87324.3,87986.0,288.10773484
2025-12-30 10:00:00,87986.0,88400.1,87703.7,87953.1,224.73347101
2025-12-30 11:00:00,87953.1,88423.5,87549.2,87899.2,286.39175763
2025-12-30 12:00:00,87899.2,88150.3,87600.0,88021.3,211.49300908
2025-12-30 13:00:00,88022.8,88150.3,87600.1,88111.0,178.65960974
2025-12-30 14:00:00,88110.7,89000.0,87729.6,88876.0,695.82747511
2025-12-30 15:00:00,88877.7,89200.0,88000.1,88929.5,875.05131328
2025-12-30 16:00:00,88929.5,89516.4,88253.4,88750.8,594.81080054
2025-12-30 17:00:00,88750.8,89200.1,88086.2,88374.4,258.07649233
2025-12-30 18:00:00,88374.4,88729.4,88000.1,88307.1,141.54408675
2025-12-30 19:00:00,88307.1,88678.1,87600.1,88224.2,254.37854031
2025-12-30 20:00:00,88224.7,88600.0,87644.8,87923.9,257.83737269
2025-12-30 21:00:00,87924.1,88347.6,87600.1,88277.7,99.48536495
2025-12-30 22:00:00,88278.9,88770.7,88014.0,88427.6,97.94969362
2025-12-30 23:00:00,88427.7,88701.4,88050.0,88496.6,101.83533329
2025-12-31 00:00:00,88496.6,88500.0,88000.0,88264.0,142.38765338
2025-12-31 01:00:00,88264.0,88800.1,88000.0,88655.6,821.27212457
2025-12-31 02:00:00,88655.8,88777.0,88076.9,88677.0,945.62185615
2025-12-31 03:00:00,88677.0,88920.6,88233.1,88456.8,6091.05958068
2025-12-31 04:00:00,88456.9,88625.3,88000.1,88332.9,134.56235844
2025-12-31 05:00:00,88332.1,88820.9,88000.1,88463.0,166.03246951
2025-12-31 06:00:00,88463.0,88897.3,88335.8,88513.0,258.26205886
2025-12-31 07:00:00,88513.0,88904.2,88111.6,88614.3,250.49891954
2025-12-31 08:00:00,88614.2,88950.7,88233.1,88438.1,5688.09712905
2025-12-31 09:00:00,88438.6,88900.0,88400.1,88671.1,108.72977369
2025-12-31 10:00:00,88671.1,88900.0,88371.0,88848.1,94.2387961
2025-12-31 11:00:00,88848.1,89200.0,88600.0,89017.1,292.73819664
2025-12-31 12:00:00,89017.1,89095.4,88600.0,88778.2,132.61788413
2025-12-31 13:00:00,88778.2,89200.0,88600.0,88987.2,217.28905197
2025-12-31 14:00:00,88987.2,89200.0,88249.9,88487.0,393.99576948
2025-12-31 15:00:00,88487.0,88600.0,87745.1,87945.0,456.40411636
2025-12-31 16:00:00,87945.0,88268.3,87400.0,87657.0,680.43788161
2025-12-31 17:00:00,87657.0,88000.0,87400.0,87614.1,309.73209065
2025-12-31 18:00:00,87615.4,88000.0,87573.0,87685.0,134.961288
2025-12-31 19:00:00,87686.0,88000.0,87400.0,87542.1,109.58693862
2025-12-31 20:00:00,87542.1,87703.7,87215.1,87692.0,5476.49791003
2025-12-31 21:00:00,87663.9,87990.1,87400.0,87795.9,187.67447006
2025-12-31 22:00:00,87792.1,88253.4,87400.0,87725.7,3148.64893396
2025-12-31 23:00:00,87725.9,88000.0,87400.0,87638.9,161.71858757
2026-01-01 00:00:00,87638.9,88000.0,87420.0,87800.0,100.09243946
2026-01-01 01:00:00,87800.0,88250.0,87658.8,87957.1,1154.63876961
2026-01-01 02:00:00,87957.1,88253.4,87700.0,87914.0,83.57689805
2026-01-01 03:00:00,87913.0,88300.0,87700.0,87849.1,145.19004312
2026-01-01 04:00:00,87849.0,88000.1,87400.0,87588.0,388.0550164
2026-01-01 05:00:00,87588.0,87909.4,87386.9,87702.6,175.25054028
2026-01-01 06:00:00,87702.4,87999.9,87400.0,87649.5,274.13839699
2026-01-01 07:00:00,87649.5,87938.1,87400.0,87637.0,4775.44264978
2026-01-01 08:00:00,87637.1,88000.0,87400.0,87772.1,161.17726278
2026-01-01 09:00:00,87772.2,88000.0,87700.0,87877.2,980.18117455
2026-01-01 10:00:00,87877.3,87945.9,87499.9,87864.0,107.95254277
2026-01-01 11:00:00,87864.0,88033.3,87560.0,88022.1,169.07393675
2026-01-01 12:00:00,88022.1,88300.0,87700.0,87941.1,675.31708042
2026-01-01 13:00:00,87941.1,88300.0,87700.0,87916.1,203.41521377
2026-01-01 14:00:00,87916.1,88300.0,87700.0,87963.4,381.53792196
2026-01-01 15:00:00,87963.5,88400.1,87700.0,88034.0,290.97445456
2026-01-01 16:00:00,88034.0,88300.0,87589.2,87994.7,258.07698696
2026-01-01 17:00:00,87994.7,88517.9,87580.1,88323.3,272.68241982
2026-01-01 18:00:00,88324.1,88715.9,88000.1,88197.0,475.95021826
2026-01-01 19:00:00,88197.0,88434.8,88000.0,88385.1,347.04297495
2026-01-01 20:00:00,88386.1,88600.0,87824.2,88250.9,853.34026562
2026-01-01 21:00:00,88250.9,88600.0,88000.0,88389.2,343.14869089
2026-01-01 22:00:00,88389.0,88724.0,88120.4,88646.3,91.17351218
2026-01-01 23:00:00,88646.3,88960.9,88302.5,88848.1,315.52441129
2026-01-02 00:00:00,88848.2,88975.1,88400.1,88833.0,159.04836446
2026-01-02 01:00:00,88833.0,88900.0,88394.7,88640.3,272.73914555
2026-01-02 02:00:00,88640.3,88900.0,88300.0,88638.1,236.91145191
2026-01-02 03:00:00,88638.1,89200.0,88300.0,88946.5,4649.78856726
2026-01-02 04:00:00,88946.6,88993.1,88600.0,88640.6,105.0914036
2026-01-02 05:00:00,88640.6,89076.9,88356.2,88763.0,273.55184562
2026-01-02 06:00:00,88763.0,89200.0,88400.1,88939.5,482.98688328
2026-01-02 07:00:00,88939.5,89219.8,88794.2,88855.0,343.7128126
2026-01-02 08:00:00,88855.0,89200.0,88600.0,89183.0,230.61180833
2026-01-02 09:00:00,89183.0,89500.0,88725.9,89469.0,1438.39001034
2026-01-02 10:00:00,89472.0,90000.0,89335.7,89654.9,467.6389004
2026-01-02 11:00:00,89654.9,90000.1,89200.0,89503.0,410.52760127
2026-01-02 12:00:00,89502.5,89800.0,89200.0,89411.6,313.88454085
2026-01-02 13:00:00,89412.1,89800.0,89200.0,89343.0,196.5753273
2026-01-02 14:00:00,89348.0,90101.0,88400.1,89777.7,1624.88498481
2026-01-02 15:00:00,89777.7,90000.1,88800.1,89410.2,1119.61305734
2026-01-02 16:00:00,89411.0,90792.0,89200.1,90374.3,1728.63037066
2026-01-02 17:00:00,90373.6,90992.1,90104.2,90426.6,652.78855189
2026-01-02 18:00:00,90369.0,90564.1,89500.0,89772.7,370.5448633
2026-01-02 19:00:00,89772.7,90333.3,89500.0,89893.3,555.55407246
2026-01-02 20:00:00,89896.3,90313.9,89582.4,89730.6,1113.84340309
2026-01-02 21:00:00,89727.1,90194.2,89500.0,90065.0,219.26073869
2026-01-02 22:00:00,90059.8,90400.0,89800.0,90187.0,120.10194104
2026-01-02 23:00:00,90182.3,90379.4,89800.0,89987.0,79.99723322
2026-01-03 00:00:00,89986.9,90400.0,89800.0,90155.9,135.73514945
2026-01-03 01:00:00,90157.0,90400.0,89800.0,90284.9,148.38669802
2026-01-03 02:00:00,90285.1,90564.0,89823.2,90335.1,197.53337267
2026-01-03 03:00:00,90336.4,90626.4,90100.0,90325.5,147.94667983
2026-01-03 04:00:00,90325.5,90530.1,90000.1,90164.1,183.73246078
2026-01-03 05:00:00,90166.4,90384.6,89586.7,90035.1,282.12860728
2026-01-03 06:00:00,90036.1,90496.8,89800.0,89874.7,673.76494405
2026-01-03 07:00:00,89874.6,90192.3,89200.1,89584.3,398.84687399
2026-01-03 08:00:00,89582.5,90071.7,89200.1,89671.2,294.97563976
2026-01-03 09:00:00,89672.8,90000.1,89371.9,89782.0,184.00340001
2026-01-03 10:00:00,89790.7,90194.8,89401.6,89754.0,169.22256349
2026-01-03 11:00:00,89754.0,90191.0,89370.3,89755.0,1588.71976448
2026-01-03 12:00:00,89753.9,90194.8,89355.8,90033.4,171.94917154
2026-01-03 13:00:00,90039.5,90330.0,89600.1,90006.7,222.56568455
2026-01-03 14:00:00,90006.1,90400.1,89714.2,90127.2,4166.99776512
2026-01-03 15:00:00,90127.0,90400.1,89582.4,89968.0,373.53522752
2026-01-03 16:00:00,89973.0,90420.3,89600.1,90099.0,145.95933642
2026-01-03 17:00:00,90104.1,90461.4,89807.2,90097.3,84.90362933
2026-01-03 18:00:00,90097.3,90400.1,89809.5,90144.0,90.05420152
2026-01-03 19:00:00,90146.0,90558.0,89730.0,90128.3,145.12870781
2026-01-03 20:00:00,90128.5,90379.4,89708.1,90379.4,78.30333769
2026-01-03 21:00:00,90370.0,90747.8,90092.1,90561.5,139.43762557
2026-01-03 22:00:00,90561.6,90761.9,90285.7,90592.0,95.26475947
2026-01-03 23:00:00,90593.0,90715.0,90216.9,90632.9,48.61513978
2026-01-04 00:00:00,90633.0,91550.9,90379.4,91347.6,383.84516422
2026-01-04 01:00:00,91347.7,91550.9,90800.1,91237.1,280.89486732
2026-01-04 02:00:00,91237.1,91460.3,90944.9,91135.0,106.26891121
2026-01-04 03:00:00,91135.0,91545.4,90800.1,91236.1,431.18889823
2026-01-04 04:00:00,91235.8,91796.7,91000.0,91410.0,133.15366071
2026-01-04 05:00:00,91408.1,91868.5,91200.1,91489.0,364.02173398
2026-01-04 06:00:00,91489.0,91797.9,91200.1,91241.7,147.18815897
2026-01-04 07:00:00,91241.3,91802.2,91012.0,91524.1,350.17925501
2026-01-04 08:00:00,91524.1,91714.2,90946.9,91369.5,475.87706967
2026-01-04 09:00:00,91368.1,91600.1,90999.9,91458.6,244.7876831
2026-01-04 10:00:00,91458.1,91855.0,91200.1,91603.0,244.51227954
2026-01-04 11:00:00,91602.6,91827.4,90843.0,91308.3,271.98260899
2026-01-04 12:00:00,91308.3,91616.8,90800.1,91150.5,374.56225329
2026-01-04 13:00:00,91150.3,91550.9,90843.0,91304.3,198.01270424
2026-01-04 14:00:00,91261.9,91550.9,90800.0,91337.5,195.32100494
2026-01-04 15:00:00,91337.6,91600.1,90873.9,91332.9,189.9501359
2026-01-04 16:00:00,91333.0,91600.1,90938.0,91326.0,174.65472124
2026-01-04 17:00:00,91326.0,91750.2,91084.3,91343.8,150.08558342
2026-01-04 18:00:00,91343.6,91601.1,90800.1,91299.5,323.87977653
2026-01-04 19:00:00,91299.5,91414.4,90800.1,91150.4,343.18418666
2026-01-04 20:00:00,91150.8,91500.0,90852.7,91316.8,174.29123129
2026-01-04 21:00:00,91317.3,91600.1,91048.2,91286.0,131.34934622
2026-01-04 22:00:00,91286.0,91600.0,91012.0,91223.1,151.71499896
2026-01-04 23:00:00,91223.1,91587.9,90918.1,91537.0,162.29177175
2026-01-05 00:00:00,91537.0,92500.0,91433.9,92397.7,505.7048234
2026-01-05 01:00:00,92399.9,93407.9,92053.6,92950.7,664.46677889
2026-01-05 02:00:00,92964.0,93472.3,92517.9,93040.7,391.03136325
2026-01-05 03:00:00,93047.0,93380.7,92800.1,92887.9,201.83661597
2026-01-05 04:00:00,92886.1,93059.1,92305.0,92606.9,202.03828184
2026-01-05 05:00:00,92608.0,92947.4,92290.6,92364.8,171.1131916
2026-01-05 06:00:00,92365.7,92975.7,92009.5,92492.8,342.81056692
2026-01-05 07:00:00,92493.2,92800.1,92135.9,92526.1,427.94231159
2026-01-05 08:00:00,92526.1,92905.9,92053.6,92474.6,286.06097166
2026-01-05 09:00:00,92474.7,93119.1,92053.6,92694.4,381.00578715
2026-01-05 10:00:00,92694.4,93349.6,92457.8,93082.9,486.14914203
2026-01-05 11:00:00,93082.5,93313.0,92633.3,93133.3,324.05027106
2026-01-05 12:00:00,93133.4,93310.4,92600.0,92880.8,274.03406857
2026-01-05 13:00:00,92880.8,93153.4,92266.6,92741.0,257.73992208
2026-01-05 14:00:00,92741.8,93662.6,92400.1,93424.0,592.95877013
2026-01-05 15:00:00,93424.0,94220.8,93153.2,93958.8,989.49178452
2026-01-05 16:00:00,93957.1,94263.7,93561.8,93709.1,3086.4140908
2026-01-05 17:00:00,93709.1,94800.1,93200.1,94324.1,539.80814423
2026-01-05 18:00:00,94324.1,94568.4,93903.6,94451.1,1080.73201824
2026-01-05 19:00:00,94451.1,94524.0,94000.1,94302.9,233.72343335
2026-01-05 20:00:00,94303.0,95000.0,94000.1,94168.9,10912.26324069
2026-01-05 21:00:00,94184.3,94312.0,93600.1,94093.0,196.72187907
2026-01-05 22:00:00,94093.0,94399.0,93813.2,94171.4,420.77663468
2026-01-05 23:00:00,94172.0,94220.8,93648.9,93871.0,390.28404617
2026-01-06 00:00:00,93871.0,94000.1,93410.0,93818.6,242.42621789
2026-01-06 01:00:00,93818.6,94251.1,93500.0,93778.0,216.59461263
2026-01-06 02:00:00,93778.1,94099.5,93180.3,93620.2,644.70326055
2026-01-06 03:00:00,93620.6,94062.5,93600.0,93768.4,582.1260893
2026-01-06 04:00:00,93768.4,94315.9,93600.1,93805.1,222.35018272
2026-01-06 05:00:00,93803.1,93819.0,93510.0,93604.0,154.69927568
2026-01-06 06:00:00,93604.0,93951.6,93310.4,93779.1,609.57743701
2026-01-06 07:00:00,93779.2,93813.2,92800.0,93091.6,1390.31391077
2026-01-06 08:00:00,93091.6,93561.8,92800.1,93059.1,780.8946147
2026-01-06 09:00:00,93059.1,93600.1,92926.9,93454.8,159.2671083
2026-01-06 10:00:00,93257.2,94000.0,93059.1,93577.5,374.34660847
2026-01-06 11:00:00,93578.0,94000.1,93310.4,93841.9,429.41499079
2026-01-06 12:00:00,93843.2,94000.0,93200.1,93760.0,1792.98374176
2026-01-06 13:00:00,93600.0,93959.1,93111.5,93614.4,1456.82173774
2026-01-06 14:00:00,93450.0,94446.1,93310.4,93832.2,2098.11527037
2026-01-06 15:00:00,93828.4,94306.3,93059.1,93450.0,1807.61971785
2026-01-06 16:00:00,93432.0,93765.6,92337.0,92691.4,1257.92371625
2026-01-06 17:00:00,92685.4,93000.0,91557.7,91595.0,1099.0372268
2026-01-06 18:00:00,91594.0,92221.3,91334.7,92039.5,1424.8138667
2026-01-06 19:00:00,92039.5,92556.3,91600.1,92105.4,1206.40366516
2026-01-06 20:00:00,92103.5,92800.1,92102.3,92517.0,711.98278418
2026-01-06 21:00:00,92640.0,93846.1,92325.0,93000.4,1063.88924743
2026-01-06 22:00:00,93154.4,93531.2,92550.3,93120.0,1651.21607074
2026-01-06 23:00:00,93120.0,93787.9,92807.7,93745.2,1788.56988806
2026-01-07 00:00:00,93745.2,93800.0,92663.5,92709.9,604.70886875
2026-01-07 01:00:00,92862.5,93059.1,92285.7,92452.8,668.9775537
2026-01-07 02:00:00,92450.1,93051.5,92148.0,92955.4,786.9719307
2026-01-07 03:00:00,92958.4,93120.7,91872.0,92488.8,2064.59140538
2026-01-07 04:00:00,92510.6,93059.1,92264.6,92674.0,609.13932391
2026-01-07 05:00:00,92674.2,93007.1,91756.8,92530.9,966.9549609
2026-01-07 06:00:00,92529.9,92953.8,92000.1,92250.0,1974.76300396
2026-01-07 07:00:00,92417.7,93000.0,92167.1,92494.1,2286.99286357
2026-01-07 08:00:00,92493.0,93000.0,92299.9,92721.6,2174.40358638
2026-01-07 09:00:00,92721.4,92807.7,91600.1,91711.9,1319.18913358
2026-01-07 10:00:00,91861.4,92243.4,91299.5,91978.0,920.64205289
2026-01-07 11:00:00,91978.0,92499.6,91765.8,92104.6,527.33687394
2026-01-07 12:00:00,92104.5,92556.3,91800.4,92000.0,653.43826909
2026-01-07 13:00:00,92000.0,92565.4,91803.4,92044.9,759.81202776
2026-01-07 14:00:00,92044.0,92266.6,91299.5,91968.2,948.91186407
2026-01-07 15:00:00,91968.2,92305.0,90857.1,90956.5,1229.29225756
2026-01-07 16:00:00,90950.0,92000.1,90850.5,91418.5,1139.19413148
2026-01-07 17:00:00,91418.5,92048.1,91063.3,91255.9,1079.47171412
2026-01-07 18:00:00,91255.2,91906.6,90670.6,90910.0,895.58696597
2026-01-07 19:00:00,90903.0,91550.9,90667.1,91192.2,756.22234809
2026-01-07 20:00:00,91186.3,91556.8,90720.0,91052.5,975.53753685
2026-01-07 21:00:00,91050.9,91600.1,91037.7,91094.9,793.60621432
2026-01-07 22:00:00,91094.9,91600.1,90800.1,91183.2,930.07387611
2026-01-07 23:00:00,91180.6,91706.5,91012.0,91371.6,768.34006057
2026-01-08 00:00:00,91376.0,91883.5,91050.0,91560.0,821.49090516
2026-01-08 01:00:00,91562.4,91802.2,91176.4,91427.6,850.0001046
2026-01-08 02:00:00,91424.4,91800.4,90689.0,90953.1,769.66881975
2026-01-08 03:00:00,90953.8,91600.1,90663.4,90880.0,2307.73123581
2026-01-08 04:00:00,91039.1,91507.6,90708.7,91024.0,1275.58448049
2026-01-08 05:00:00,91021.1,91600.1,90704.3,90818.0,1605.00270251
2026-01-08 06:00:00,90823.0,91180.7,89888.8,89888.8,1230.92262017
2026-01-08 07:00:00,89888.9,90900.0,89600.1,90557.5,838.41984452
2026-01-08 08:00:00,90552.0,91050.0,89760.0,90217.3,1642.31264139
2026-01-08 09:00:00,90217.3,90687.4,89785.7,90058.8,988.12083377
2026-01-08 10:00:00,90057.1,90800.0,89758.5,90412.4,650.59568992
2026-01-08 11:00:00,90410.7,90776.7,90000.1,90253.9,557.57763725
2026-01-08 12:00:00,90253.9,90454.5,89600.1,89989.4,353.07052733
2026-01-08 13:00:00,89989.7,90270.1,89621.9,89970.6,1564.79559961
2026-01-08 14:00:00,89970.7,90302.6,89333.8,89978.0,1072.82444198
2026-01-08 15:00:00,89978.0,90832.1,89600.1,90791.2,698.33186863
2026-01-08 16:00:00,90791.2,91000.0,90225.8,90934.6,384.61851092
2026-01-08 17:00:00,90934.8,91507.6,90673.0,91370.2,344.64993624
2026-01-08 18:00:00,91370.1,91538.4,90873.9,91109.1,129.98593216
2026-01-08 19:00:00,91109.0,91323.6,90800.1,90931.9,157.31968297
2026-01-08 20:00:00,90933.6,90999.9,90550.0,90926.6,143.43790025
2026-01-08 21:00:00,90924.5,91346.1,90666.6,91273.4,160.59528737
2026-01-08 22:00:00,91271.0,91550.9,91000.0,91230.0,159.31508274
2026-01-08 23:00:00,91230.1,91332.8,90999.9,91096.9,98.56346449
2026-01-09 00:00:00,91097.2,91300.0,90983.1,91290.0,128.68685938
2026-01-09 01:00:00,91290.8,91909.3,90800.1,91056.0,483.80433194
2026-01-09 02:00:00,91055.1,91500.0,90819.0,91044.1,152.01548618
2026-01-09 03:00:00,91043.0,91300.0,90800.1,91223.2,257.87542742
2026-01-09 04:00:00,91224.0,91350.0,90800.0,91021.9,285.45950375
2026-01-09 05:00:00,91020.1,91300.0,90800.0,91200.1,1022.88793786
2026-01-09 06:00:00,91092.0,91457.0,90781.5,91151.0,290.18327806
2026-01-09 07:00:00,91145.2,91507.6,90550.0,90755.0,932.48104539
2026-01-09 08:00:00,90755.0,91050.0,89711.1,90033.7,2453.01522084
2026-01-09 09:00:00,90033.2,90704.3,89945.0,90343.5,325.57963142
2026-01-09 10:00:00,90343.8,90800.1,90068.7,90492.4,375.80475183
2026-01-09 11:00:00,90492.4,90800.1,90250.0,90452.2,362.11700585
2026-01-09 12:00:00,90452.2,90800.0,90048.1,90453.5,537.49836115
2026-01-09 13:00:00,90453.5,91025.2,90250.0,90607.9,243.2429139
2026-01-09 14:00:00,90607.9,90800.1,89940.4,90155.3,597.22991473
2026-01-09 15:00:00,90157.2,92200.0,89857.9,91183.7,746.46638123
2026-01-09 16:00:00,91184.0,91782.0,91050.0,91625.5,470.75459138
2026-01-09 17:00:00,91630.8,91802.2,90893.2,91430.1,279.50198845
2026-01-09 18:00:00,91430.1,91600.1,90334.3,90810.8,335.78386496
2026-01-09 19:00:00,90810.8,91050.0,90000.1,90335.1,247.94324327
2026-01-09 20:00:00,90334.4,90704.3,90133.3,90305.8,186.29030177
2026-01-09 21:00:00,90307.5,90721.8,90000.1,90538.0,130.90362147
2026-01-09 22:00:00,90537.3,90800.0,90316.7,90624.0,44.0234055
2026-01-09 23:00:00,90624.0,90800.1,90302.6,90636.0,113.08851162
2026-01-10 00:00:00,90636.0,90800.1,90360.0,90597.0,69.59409305
2026-01-10 01:00:00,90598.0,90800.0,90282.0,90682.0,130.54971368
2026-01-10 02:00:00,90682.0,90800.1,90300.0,90693.3,127.51661121
2026-01-10 03:00:00,90695.0,90800.0,90302.6,90639.0,75.2207125
2026-01-10 04:00:00,90639.1,90800.1,90104.2,90450.8,177.24585587
2026-01-10 05:00:00,90451.5,90704.3,90079.3,90605.3,343.21025282
2026-01-10 06:00:00,90605.2,90666.6,90100.0,90513.0,228.65599266
2026-01-10 07:00:00,90513.1,90800.1,90214.2,90679.5,188.39739752
2026-01-10 08:00:00,90679.9,91106.0,90445.2,90660.0,1190.78353463
2026-01-10 09:00:00,90660.0,91078.5,90226.1,90762.7,658.58789907
2026-01-10 10:00:00,90763.1,91026.5,90466.6,90836.2,139.21636009
2026-01-10 11:00:00,90836.3,91050.0,90300.0,90743.4,310.93169968
2026-01-10 12:00:00,90743.4,91117.3,90299.3,90729.5,586.71397943
2026-01-10 13:00:00,90729.3,91050.0,90445.2,90649.9,208.8806849
2026-01-10 14:00:00,90650.0,90800.1,90316.7,90588.3,141.58864435
2026-01-10 15:00:00,90589.9,91001.2,90236.1,90661.4,474.32408182
2026-01-10 16:00:00,90661.2,90800.1,90201.6,90678.0,253.34118937
2026-01-10 17:00:00,90678.1,91169.2,90400.1,90546.2,1788.22864866
2026-01-10 18:00:00,90542.0,90800.1,90399.9,90592.0,92.34838209
2026-01-10 19:00:00,90593.1,90933.3,90399.9,90622.2,77.21908286
2026-01-10 20:00:00,90621.3,90933.3,90399.9,90568.7,163.09671704
2026-01-10 21:00:00,90568.7,90720.0,90399.9,90505.1,33.1035352
2026-01-10 22:00:00,90505.1,90666.6,90302.6,90424.3,64.83951429
2026-01-10 23:00:00,90424.4,90589.5,90133.3,90504.9,62.76808529
2026-01-11 00:00:00,90505.0,90666.6,90133.3,90628.8,87.42070635
2026-01-11 01:00:00,90629.1,90800.1,90399.9,90625.7,148.17609218
2026-01-11 02:00:00,90625.8,90933.3,90556.9,90691.0,69.04963477
2026-01-11 03:00:00,90692.1,90933.3,90500.4,90733.0,102.30727529
2026-01-11 04:00:00,90733.1,90993.4,90400.1,90799.8,147.47646562
2026-01-11 05:00:00,90799.1,91199.9,90666.6,90880.0,173.80007659
2026-01-11 06:00:00,90777.8,91106.0,90444.4,90743.3,194.84130158
2026-01-11 07:00:00,90743.3,90933.3,90399.9,90712.9,214.47936695
2026-01-11 08:00:00,90712.9,90888.8,90400.1,90787.3,192.48006994
2026-01-11 09:00:00,90790.7,90933.3,90400.1,90739.2,562.0403362
2026-01-11 10:00:00,90739.2,90790.0,90399.9,90729.0,549.26110449
2026-01-11 11:00:00,90729.0,90790.0,90369.7,90739.8,130.47650119
2026-01-11 12:00:00,90749.4,91179.4,90500.0,90938.0,522.62494245
2026-01-11 13:00:00,90938.1,91199.9,90497.0,90857.0,371.98082166
2026-01-11 14:00:00,90854.5,91199.9,90666.6,91125.1,340.3376245
2026-01-11 15:00:00,91126.0,91200.1,90711.4,90874.9,449.56815751
2026-01-11 16:00:00,90875.0,91300.0,90704.3,91042.2,311.73928982
2026-01-11 17:00:00,91042.0,91278.1,90771.0,90991.0,299.97161764
2026-01-11 18:00:00,90991.1,91199.9,90704.3,90883.0,208.54698474
2026-01-11 19:00:00,90883.1,91106.0,90666.6,90693.1,192.3238963
2026-01-11 20:00:00,90693.1,90933.3,90400.1,90709.0,311.09522822
2026-01-11 21:00:00,90709.1,90933.3,90400.1,90760.0,160.58600629
2026-01-11 22:00:00,90759.1,90933.3,90400.1,90534.8,139.46287893
2026-01-11 23:00:00,90534.5,91040.0,90133.3,91011.2,367.50288917
2026-01-12 00:00:00,91010.1,91253.0,90666.6,91253.0,363.80959405
2026-01-12 01:00:00,91253.0,91799.9,91050.0,91411.0,895.04836889
2026-01-12 02:00:00,91411.0,92400.1,91278.1,92210.6,523.42710419
2026-01-12 03:00:00,92229.3,92533.3,91802.2,91805.5,332.4934693
2026-01-12 04:00:00,91805.5,92336.2,91733.3,92160.1,364.94342148
2026-01-12 05:00:00,92160.1,92400.1,91999.9,92115.0,232.98463614
2026-01-12 06:00:00,92115.0,92556.3,91600.1,91839.2,490.59637293
2026-01-12 07:00:00,91839.4,92266.6,91369.0,91415.2,357.62787951
2026-01-12 08:00:00,91415.5,91684.4,90400.1,90749.9,720.46084579
2026-01-12 09:00:00,90749.1,91199.9,90633.9,90692.2,1073.29815617
2026-01-12 10:00:00,90693.0,90933.3,90375.1,90436.1,405.93661171
2026-01-12 11:00:00,90436.2,91000.9,90324.0,90810.8,567.25776528
2026-01-12 12:00:00,90810.8,90933.3,90583.0,90789.1,2216.95645373
2026-01-12 13:00:00,90789.1,90829.8,90400.1,90632.1,588.38952673
2026-01-12 14:00:00,90632.1,91111.1,90133.3,90908.0,1133.57385165
2026-01-12 15:00:00,90908.1,91670.8,90704.3,91670.7,1268.26599993
2026-01-12 16:00:00,91670.2,92311.0,91425.0,92117.9,1683.12050899
2026-01-12 17:00:00,92117.8,92299.3,90933.3,91309.5,1379.35286582
2026-01-12 18:00:00,91309.5,91999.9,91200.0,91689.2,544.43848762
2026-01-12 19:00:00,91689.2,91880.0,91360.0,91700.0,464.50728176
2026-01-12 20:00:00,91700.0,92048.5,91199.9,91309.5,797.60118647
2026-01-12 21:00:00,91309.5,91600.1,90933.3,91055.1,1280.886675
2026-01-12 22:00:00,91055.1,91462.8,90933.3,91243.2,589.38581793
2026-01-12 23:00:00,91243.8,91317.0,90813.9,91272.7,771.78501979
2026-01-13 00:00:00,91121.2,91600.1,91000.0,91481.6,773.55001046
2026-01-13 01:00:00,91481.1,91600.1,91050.0,91188.0,225.69534336
2026-01-13 02:00:00,91188.0,91466.6,90933.3,91125.2,479.55682014
2026-01-13 03:00:00,91125.4,91466.6,90933.3,91411.1,210.55870983
2026-01-13 04:00:00,91412.1,92000.1,91050.0,91515.0,6890.62449019
2026-01-13 05:00:00,91516.0,92256.3,91199.9,92000.0,1118.39176387
2026-01-13 06:00:00,91924.6,92271.4,91733.3,92182.3,399.90092966
2026-01-13 07:00:00,92179.2,92305.0,91733.3,91949.8,554.91707857
2026-01-13 08:00:00,91949.8,92266.6,91733.3,92170.3,238.53943603
2026-01-13 09:00:00,92170.4,92750.4,91962.1,92264.8,505.83093873
2026-01-13 10:00:00,92264.9,92400.1,91999.9,92134.7,177.54172787
2026-01-13 11:00:00,92134.7,92500.0,91837.0,92002.0,610.27320645
2026-01-13 12:00:00,92002.0,92266.6,91600.1,92104.9,493.27097896
2026-01-13 13:00:00,92105.0,92578.0,91802.2,92075.1,3656.81707246
2026-01-13 14:00:00,92075.2,92926.6,91734.0,92473.1,796.20832173
2026-01-13 15:00:00,92473.5,93454.5,92000.1,93454.5,1006.17344963
2026-01-13 16:00:00,93454.5,93813.2,93066.6,93393.0,682.52761807
2026-01-13 17:00:00,93392.8,93599.9,93066.6,93244.0,322.43912878
2026-01-13 18:00:00,93243.1,93866.6,93100.0,93629.1,2966.26240672
2026-01-13 19:00:00,93629.4,94297.6,93333.3,94223.5,406.43105836
2026-01-13 20:00:00,94224.0,94567.2,93992.4,94413.0,443.16594668
2026-01-13 21:00:00,94412.7,94666.6,94064.5,94091.3,185.46725764
2026-01-13 22:00:00,94091.1,95999.9,94064.5,95739.5,1196.11989206
2026-01-13 23:00:00,95739.6,96075.4,94933.3,95411.8,452.40922034
2026-01-14 00:00:00,95411.7,96000.1,94933.3,95241.0,719.87742922
2026-01-14 01:00:00,95241.0,95580.3,95070.0,95245.1,253.81177989
2026-01-14 02:00:00,95245.1,95600.1,94963.9,95349.0,440.59107706
2026-01-14 03:00:00,95349.0,95728.1,95108.4,95722.3,497.64013472
2026-01-14 04:00:00,95722.4,95800.0,95199.9,95246.1,586.95876473
2026-01-14 05:00:00,95246.1,95600.1,94933.3,95011.8,350.16316258
2026-01-14 06:00:00,95012.4,95199.9,94399.9,95037.5,1790.46807092
2026-01-14 07:00:00,95037.5,95466.6,94666.6,95201.9,437.5162898
2026-01-14 08:00:00,95201.9,95466.6,94880.0,94901.9,517.57512338
2026-01-14 09:00:00,94901.9,95199.9,94800.1,95091.1,307.66811229
2026-01-14 10:00:00,95091.1,95427.1,94800.1,95093.9,421.76353904
2026-01-14 11:00:00,95093.9,95199.9,94800.1,94977.0,130.49260779
2026-01-14 12:00:00,94977.0,95398.0,94693.9,95071.2,293.78448695
2026-01-14 13:00:00,95079.6,95398.0,94693.9,94993.2,422.74043117
2026-01-14 14:00:00,94996.1,96821.2,94720.0,96500.3,23820.76164775
2026-01-14 15:00:00,96400.1,97320.8,96126.8,96704.5,98703.11244481
2026-01-14 16:00:00,96755.6,97676.4,96578.2,97290.4,16634.81649969
2026-01-14 17:00:00,97285.3,97866.6,96801.6,96962.1,1539.82125603
2026-01-14 18:00:00,96953.2,97165.4,96266.6,96806.1,1035.47637859
2026-01-14 19:00:00,96806.4,97637.6,96578.2,97257.7,1437.44981741
2026-01-14 20:00:00,97257.8,97890.5,97120.0,97643.0,682.6025748
2026-01-14 21:00:00,97644.4,97866.6,97333.3,97564.0,128.1145104
2026-01-14 22:00:00,97560.8,97596.1,96825.1,96891.5,324.40801557
2026-01-14 23:00:00,96887.0,97369.8,96800.1,96945.9,195.45139336
2026-01-15 00:00:00,96946.0,97036.1,96400.1,96655.4,377.68189718
2026-01-15 01:00:00,96655.4,97066.6,96266.6,96448.7,490.08869171
2026-01-15 02:00:00,96448.8,96799.9,96000.1,96331.0,269.53082078
2026-01-15 03:00:00,96333.0,96533.3,95777.4,95991.0,435.52696305
2026-01-15 04:00:00,95990.6,96400.1,95819.1,96318.0,205.80187016
2026-01-15 05:00:00,96318.0,96533.3,95999.9,96449.1,272.13748465
2026-01-15 06:00:00,96443.7,96799.9,96000.0,96318.1,2849.21261829
2026-01-15 07:00:00,96246.1,96799.9,96080.1,96621.7,577.97694589
2026-01-15 08:00:00,96634.6,96799.9,96266.6,96351.3,291.26082284
2026-01-15 09:00:00,96529.7,97239.4,96300.0,97032.9,841.94113277
2026-01-15 10:00:00,97037.0,97071.3,96533.3,96814.5,193.72128664
2026-01-15 11:00:00,96815.1,97066.6,96533.3,96599.1,231.60998322
2026-01-15 12:00:00,96597.1,97066.6,96532.3,96998.9,3160.70691784
2026-01-15 13:00:00,96987.1,97066.6,96588.1,96860.0,158.03866403
2026-01-15 14:00:00,96860.0,97200.1,95600.1,96068.0,781.75532318
2026-01-15 15:00:00,96055.8,96739.2,95290.7,96739.2,1114.64077549
2026-01-15 16:00:00,96726.6,96933.3,96266.6,96729.5,1091.67658692
2026-01-15 17:00:00,96729.1,97214.6,96294.9,96620.9,653.05226084
2026-01-15 18:00:00,96621.0,96799.9,95733.3,95840.1,402.39973269
2026-01-15 19:00:00,95841.2,95999.9,95200.1,95513.3,418.29358591
2026-01-15 20:00:00,95511.7,95733.3,95000.0,95242.7,260.51003084
2026-01-15 21:00:00,95251.1,95717.7,95000.0,95591.6,165.90406358
2026-01-15 22:00:00,95591.7,95866.1,95349.3,95592.5,172.79686132
2026-01-15 23:00:00,95590.8,95999.9,95321.3,95606.3,248.21236579
2026-01-16 00:00:00,95607.0,95999.9,95466.6,95628.9,210.98840834
2026-01-16 01:00:00,95631.0,95999.9,95349.3,95672.6,170.54629283
2026-01-16 02:00:00,95672.9,95733.3,95200.1,95505.9,303.71519974
2026-01-16 03:00:00,95506.0,95733.3,95233.3,95356.0,355.60498021
2026-01-16 04:00:00,95356.0,95600.1,95160.1,95277.9,991.70809506
2026-01-16 05:00:00,95277.8,95733.3,95000.0,95674.4,364.97967022
2026-01-16 06:00:00,95674.4,96000.1,95466.6,95677.1,229.63982161
2026-01-16 07:00:00,95677.1,95677.1,95677.1,95677.1,0.0
2026-01-16 08:00:00,95677.1,95999.9,95576.9,95667.7,38.71545764
2026-01-16 09:00:00,95668.0,95999.9,95466.6,95618.2,225.02725952
2026-01-16 10:00:00,95618.2,95955.0,95200.1,95320.7,182.01822563
2026-01-16 11:00:00,95320.7,95580.8,95199.9,95431.5,265.921755
2026-01-16 12:00:00,95431.5,95600.1,95199.9,95449.0,266.57910047
2026-01-16 13:00:00,95449.9,95733.3,95200.1,95454.0,237.88539329
2026-01-16 14:00:00,95454.0,95824.1,95199.9,95200.1,639.10210971
2026-01-16 15:00:00,95200.1,95680.0,94304.0,94589.3,1784.05753089
2026-01-16 16:00:00,94589.3,95000.0,94400.1,94877.8,354.87079125
2026-01-16 17:00:00,94877.8,95135.1,94464.4,95084.5,380.82809536
2026-01-16 18:00:00,95084.5,95349.3,94818.6,95016.3,329.35247461
2026-01-16 19:00:00,95016.1,95459.7,94842.2,95007.4,162.21703197
2026-01-16 20:00:00,95007.4,95557.6,94666.6,95556.3,295.37513715
2026-01-16 21:00:00,95557.8,95599.9,95199.9,95522.6,87.48393973
2026-01-16 22:00:00,95522.6,95576.9,95199.9,95523.1,54.5129344
2026-01-16 23:00:00,95523.1,95600.1,95199.9,95560.4,91.20921897
2026-01-17 00:00:00,95560.4,95641.6,95321.3,95465.1,64.29431917
2026-01-17 01:00:00,95465.1,95717.7,95200.1,95387.7,115.40541819
2026-01-17 02:00:00,95387.0,95572.7,95199.9,95354.1,92.46683946
2026-01-17 03:00:00,95354.0,95600.1,95199.9,95369.1,115.65457371
2026-01-17 04:00:00,95369.1,95370.6,95000.0,95296.6,65.32145055
2026-01-17 05:00:00,95303.0,95466.6,94933.3,95317.9,133.09544576
2026-01-17 06:00:00,95317.9,95466.6,94933.3,95236.1,94.03824721
2026-01-17 07:00:00,95236.1,95349.3,94933.3,95101.1,188.02713677
2026-01-17 08:00:00,95101.2,95466.6,94933.3,95244.6,315.624414
2026-01-17 09:00:00,95244.6,95360.0,94800.1,95257.2,159.09728539
2026-01-17 10:00:00,95257.3,95294.9,94933.3,95116.2,67.48633638
2026-01-17 11:00:00,95116.2,95353.5,94933.3,95318.9,175.52269568
2026-01-17 12:00:00,95318.9,95466.6,94933.3,95253.0,121.60332128
2026-01-17 13:00:00,95253.0,95466.6,94933.3,95433.0,782.18639743
2026-01-17 14:00:00,95433.0,95600.1,95135.1,95472.1,1760.88005177
2026-01-17 15:00:00,95472.0,95909.0,95311.0,95571.0,337.00767148
2026-01-17 16:00:00,95571.0,95733.3,95201.0,95312.0,533.63014589
2026-01-17 17:00:00,95311.5,95733.3,95201.0,95364.0,619.00147998
2026-01-17 18:00:00,95364.1,95733.3,95201.0,95433.4,210.43479524
2026-01-17 19:00:00,95433.5,95650.1,95201.0,95295.5,170.16450986
2026-01-17 20:00:00,95295.5,95717.7,95201.0,95374.1,413.71252058
2026-01-17 21:00:00,95374.1,95572.7,95201.0,95314.2,28.40559469
2026-01-17 22:00:00,95314.9,95360.0,95000.0,95173.9,218.1340511
2026-01-17 23:00:00,95174.0,95428.5,95000.0,95154.0,60.77864366
2026-01-18 00:00:00,95154.0,95321.3,94933.3,95118.0,59.67850036
2026-01-18 01:00:00,95118.0,95463.8,94837.9,95084.7,327.38591072
2026-01-18 02:00:00,95250.0,95270.2,94800.1,95027.6,1092.20452915
2026-01-18 03:00:00,95027.6,95288.8,94666.6,95191.1,1026.14892368
2026-01-18 04:00:00,95191.1,95466.6,94933.3,95099.1,96.64080882
2026-01-18 05:00:00,95099.1,95333.3,94933.3,95196.5,137.62559975
2026-01-18 06:00:00,95196.5,95250.0,94933.3,95180.0,93.4243822
2026-01-18 07:00:00,95180.0,95220.3,94933.3,95036.1,60.17577784
2026-01-18 08:00:00,95036.1,95549.5,94824.0,95183.4,238.26426012
2026-01-18 09:00:00,95183.4,95466.6,94933.3,95275.1,185.96065523
2026-01-18 10:00:00,95275.1,95466.6,94933.3,95176.0,170.13551966
2026-01-18 11:00:00,95176.0,95466.6,94933.3,95166.0,88.98094988
2026-01-18 12:00:00,95165.9,95418.6,94933.3,95112.1,80.60915928
2026-01-18 13:00:00,95112.1,95466.6,94818.6,95155.4,203.88443191
2026-01-18 14:00:00,95155.0,95466.6,94933.3,94962.8,147.81872872
2026-01-18 15:00:00,94962.8,95199.9,94846.4,95114.0,242.58460071
2026-01-18 16:00:00,95114.0,95199.9,94800.1,95024.9,555.65654543
2026-01-18 17:00:00,95024.9,95466.6,94867.4,95270.4,183.6781619
2026-01-18 18:00:00,95270.4,95513.1,94933.3,95437.8,199.26499764
2026-01-18 19:00:00,95437.8,95600.1,95199.9,95378.1,131.78864294
2026-01-18 20:00:00,95378.0,95580.8,95199.9,95307.1,169.56541981
2026-01-18 21:00:00,95307.1,95450.0,95199.9,95432.0,103.53238191
2026-01-18 22:00:00,95432.0,95572.7,95199.9,95496.0,137.29693768
2026-01-18 23:00:00,95496.0,95500.0,93600.1,93674.1,17146.26664927
2026-01-19 00:00:00,93674.1,93760.0,92167.1,92720.1,13411.17354437
2026-01-19 01:00:00,92720.1,93200.1,92200.0,92584.2,3049.53237431
2026-01-19 02:00:00,92584.8,92712.7,92266.6,92570.0,127.56305546
2026-01-19 03:00:00,92570.0,92799.9,92305.0,92693.5,1361.80411981
2026-01-19 04:00:00,92693.4,93066.6,92305.0,92673.9,187.49087819
2026-01-19 05:00:00,92698.3,93023.5,92500.0,92513.2,294.1064293
2026-01-19 06:00:00,92513.2,92799.9,92305.0,92581.1,227.3726695
2026-01-19 07:00:00,92581.2,92857.1,92200.0,92834.2,523.07932345
2026-01-19 08:00:00,92834.2,93410.0,92556.3,93267.2,307.31032136
2026-01-19 09:00:00,93259.0,93598.7,92800.1,93047.1,341.41215627
2026-01-19 10:00:00,93047.1,93333.3,92684.2,93059.9,356.72389785
2026-01-19 11:00:00,93059.9,93599.9,92807.0,93190.1,290.06058612
2026-01-19 12:00:00,93190.1,93333.3,92807.7,93064.1,319.22021188
2026-01-19 13:00:00,93064.0,93200.1,92558.7,93025.3,1634.50812548
2026-01-19 14:00:00,93028.1,93363.1,92558.7,92813.9,1096.70239662
2026-01-19 15:00:00,92813.9,93200.1,92558.7,93063.1,380.04469592
2026-01-19 16:00:00,93063.1,93400.0,92807.7,93299.0,834.68639461
2026-01-19 17:00:00,93299.0,93600.1,93066.6,93232.1,1457.7471973
2026-01-19 18:00:00,93232.1,93280.0,92712.7,93054.1,305.38764354
2026-01-19 19:00:00,93054.1,93333.3,92800.1,93104.8,165.85927151
2026-01-19 20:00:00,93104.1,93333.3,92807.7,93133.4,107.44149909
2026-01-19 21:00:00,93135.5,93339.9,92807.7,93004.1,166.89500757
2026-01-19 22:00:00,93004.1,93101.6,92533.3,92565.2,501.57699979
2026-01-19 23:00:00,92565.2,92807.7,92097.0,92628.0,1338.5377588
2026-01-20 00:00:00,92628.0,92946.1,92320.0,92715.1,263.40785448
2026-01-20 01:00:00,92715.1,92974.2,92311.0,92715.8,233.57438859
2026-01-20 02:00:00,92716.2,92750.0,92317.1,92554.3,168.34336075
2026-01-20 03:00:00,92554.3,92799.9,92266.6,92446.6,134.60697672
2026-01-20 04:00:00,92446.4,92533.3,92023.6,92069.6,143.70501368
2026-01-20 05:00:00,92069.6,92081.8,91200.1,91631.9,641.79104639
2026-01-20 06:00:00,91632.0,91887.2,90800.0,90939.9,988.95760941
2026-01-20 07:00:00,90939.9,91466.6,90800.0,91188.3,537.19658027
2026-01-20 08:00:00,91188.3,91299.5,90666.6,91119.1,767.84194265
2026-01-20 09:00:00,91119.1,91199.9,90704.3,91044.3,395.06288337
2026-01-20 10:00:00,91044.4,91360.0,90843.3,91265.2,237.61441162
2026-01-20 11:00:00,91265.4,91466.6,91050.0,91226.7,212.9817827
2026-01-20 12:00:00,91227.0,91466.6,91048.2,91282.0,138.42584221
2026-01-20 13:00:00,91281.9,91466.6,90771.0,90953.5,1060.41918088
2026-01-20 14:00:00,90953.5,91335.8,90000.0,90508.1,4660.95982321
2026-01-20 15:00:00,90533.6,90933.3,89333.3,90399.9,12398.98203815
2026-01-20 16:00:00,90540.5,90999.9,89866.6,90163.1,3373.72917068
2026-01-20 17:00:00,90163.1,90544.0,89333.3,89775.4,726.94824367
2026-01-20 18:00:00,89776.9,90000.1,89333.3,89486.5,871.18461607
2026-01-20 19:00:00,89486.5,89866.6,89269.1,89728.1,602.75937787
2026-01-20 20:00:00,89728.1,89872.4,89333.3,89731.1,4267.0356688
2026-01-20 21:00:00,89731.2,89866.6,89333.3,89473.5,148.77697687
2026-01-20 22:00:00,89473.5,89645.5,87490.8,88495.2,1553.42425907
2026-01-20 23:00:00,88495.1,88753.3,87879.5,88419.0,87871.41169019
2026-01-21 00:00:00,88419.0,89044.7,88266.6,88915.9,114583.30233176
2026-01-21 01:00:00,88916.0,89218.6,88607.3,89013.8,215.51840497
2026-01-21 02:00:00,89013.8,89536.7,88799.9,89040.0,461.16504742
2026-01-21 03:00:00,89040.0,89596.0,88888.0,89431.2,219.00500696
2026-01-21 04:00:00,89431.2,89621.9,89084.3,89440.7,183.80341292
2026-01-21 05:00:00,89441.0,90133.3,89333.3,89951.0,346.57885814
2026-01-21 06:00:00,89951.0,89952.3,89395.0,89644.0,332.97076969
2026-01-21 07:00:00,89645.1,89866.6,89066.6,89223.4,436.99213227
2026-01-21 08:00:00,89223.1,89536.7,89000.0,89199.0,313.77427765
2026-01-21 09:00:00,89199.0,89599.9,88896.1,89103.9,413.7382933
2026-01-21 10:00:00,89104.0,89599.9,89066.6,89247.5,183.85424536
2026-01-21 11:00:00,89247.5,89578.3,88708.7,88788.0,17837.35734257
2026-01-21 12:00:00,88788.1,88855.0,88116.2,88734.1,181225.11176545
2026-01-21 13:00:00,88734.0,89066.6,88494.5,88673.9,768.42725428
2026-01-21 14:00:00,88672.9,89973.3,88552.9,89799.8,123047.08403014
2026-01-21 15:00:00,89800.0,90666.6,89671.4,90279.5,192177.62588545
2026-01-21 16:00:00,90279.4,90360.0,87521.9,87595.4,1691.62285918
2026-01-21 17:00:00,87595.4,88506.0,86933.3,87933.3,2097.0601861
2026-01-21 18:00:00,87934.8,88640.0,87595.8,88482.1,564.9645296
2026-01-21 19:00:00,88482.1,90420.3,88266.6,90358.0,867.29171585
2026-01-21 20:00:00,90358.0,90399.9,89439.9,90180.1,644.72799988
2026-01-21 21:00:00,90180.1,90399.9,89866.6,90242.3,241.12667895
2026-01-21 22:00:00,90242.4,90399.9,89600.1,89767.1,285.17093591
2026-01-21 23:00:00,89767.1,90208.0,89360.4,89456.1,1214.9984312
2026-01-22 00:00:00,89456.1,90130.4,89333.3,89905.7,368.21118801
2026-01-22 01:00:00,89905.8,90200.2,89671.4,90110.9,1025.02133625
2026-01-22 02:00:00,90109.9,90399.9,89785.1,89941.3,290.64755182
2026-01-22 03:00:00,89941.4,90360.0,89600.1,89889.5,1255.56211862
2026-01-22 04:00:00,89889.4,90130.4,89600.1,89994.7,35187.40018567
2026-01-22 05:00:00,89994.7,90133.3,89599.9,90021.4,113737.74979793
2026-01-22 06:00:00,90021.7,90202.6,89750.0,90165.1,226971.34497148
2026-01-22 07:00:00,90165.1,90500.0,89628.5,89802.7,2090.27114752
2026-01-22 08:00:00,89802.7,90133.3,89671.4,89910.0,158.50865981
2026-01-22 09:00:00,89910.1,90133.3,89750.0,89854.5,208.50098936
2026-01-22 10:00:00,89854.5,90133.3,89750.0,90078.5,321.35912038
2026-01-22 11:00:00,90075.7,90197.0,89866.6,89942.7,582.30991301
2026-01-22 12:00:00,89942.7,90250.0,89866.6,90019.1,203.32867084
2026-01-22 13:00:00,90019.1,90333.2,89352.2,89611.0,482.52000548
2026-01-22 14:00:00,89610.0,89694.5,89063.7,89102.9,7110.36353569
2026-01-22 15:00:00,89099.9,89441.8,88193.5,89005.9,4542.62474026
2026-01-22 16:00:00,89005.9,89319.0,88640.0,89055.1,549.60863687
2026-01-22 17:00:00,89054.8,89612.5,88800.1,89552.8,1006.52778112
2026-01-22 18:00:00,89552.7,89866.6,89307.6,89334.1,198.07326885
2026-01-22 19:00:00,89334.0,89920.0,89066.6,89781.1,351.5025293
2026-01-22 20:00:00,89781.2,90000.1,89333.3,89393.9,193.5418083
2026-01-22 21:00:00,89393.9,89769.2,89227.4,89263.9,1110.53442834
2026-01-22 22:00:00,89263.8,89599.9,89112.6,89347.0,109.24304013
2026-01-22 23:00:00,89347.6,89599.9,89066.6,89560.1,119.8701228
2026-01-23 00:00:00,89560.1,89727.2,89250.0,89526.1,132.93998642
2026-01-23 01:00:00,89526.0,89943.1,89333.3,89940.0,186.40218398
2026-01-23 02:00:00,89940.0,90000.1,89599.9,89673.0,122.35032826
2026-01-23 03:00:00,89672.9,90133.3,89599.9,89927.1,153.87343921
2026-01-23 04:00:00,89927.2,90133.3,89687.5,89973.0,14409.64714441
2026-01-23 05:00:00,89973.0,90096.6,89333.3,89620.4,182.59930314
2026-01-23 06:00:00,89620.4,89866.6,89333.3,89510.9,6404.43779095
2026-01-23 07:00:00,89511.0,89866.6,89333.3,89558.9,926.13635224
2026-01-23 08:00:00,89558.9,89779.9,89148.0,89219.1,41179.02567546
2026-01-23 09:00:00,89219.1,89530.8,89066.6,89185.5,7897.48087667
2026-01-23 10:00:00,89190.0,89536.7,88897.1,89282.6,11062.10002097
2026-01-23 11:00:00,89282.6,89371.9,89001.0,89209.8,6748.41276769
2026-01-23 12:00:00,89209.8,89536.7,89102.1,89264.1,12134.51177899
2026-01-23 13:00:00,89264.1,89599.9,89212.3,89352.2,12098.15293364
2026-01-23 14:00:00,89352.2,89716.1,89066.6,89267.4,12813.55792279
2026-01-23 15:00:00,89270.0,89866.6,88900.0,89754.9,16016.38930483
2026-01-23 16:00:00,89754.9,90500.0,89501.9,90125.2,3395.62553644
2026-01-23 17:00:00,90123.1,91200.1,89986.1,90612.0,2152.72368683
2026-01-23 18:00:00,90612.1,91177.8,90461.9,90901.7,3241.84144313
2026-01-23 19:00:00,90903.4,91120.0,90300.0,90461.5,21418.10105518
2026-01-23 20:00:00,90341.4,90560.0,89915.5,89926.0,24038.74726531
2026-01-23 21:00:00,89926.1,90144.2,89546.5,89734.2,31374.41480012
2026-01-23 22:00:00,89572.1,89866.6,89499.2,89637.9,3177.9586544
2026-01-23 23:00:00,89637.9,89866.6,89493.7,89608.1,1459.23371852
2026-01-24 00:00:00,89608.1,89866.6,89453.1,89463.8,12759.19367213
2026-01-24 01:00:00,89468.3,89872.4,89451.1,89551.7,918.07588537
2026-01-24 02:00:00,89551.5,89866.6,89451.5,89706.0,143.23989352
2026-01-24 03:00:00,89706.5,90133.3,89597.3,89903.9,1545.45851008
2026-01-24 04:00:00,89905.3,90133.3,89746.0,89840.0,4435.25144763
2026-01-24 05:00:00,89840.0,90133.3,89750.0,89781.8,1620.45747834
2026-01-24 06:00:00,89782.2,90133.3,89643.0,89655.0,17570.85122566
2026-01-24 07:00:00,89655.0,90000.1,89591.6,89988.2,29559.69213276
2026-01-24 08:00:00,89988.2,90028.8,89609.0,89665.0,6469.21410698
2026-01-24 09:00:00,89665.0,89905.4,89600.1,89613.0,3577.11943623
2026-01-24 10:00:00,89615.8,90035.6,89600.1,89627.1,6476.66709518
2026-01-24 11:00:00,89627.5,90050.0,89587.9,89594.4,7529.45355703
2026-01-24 12:00:00,89594.4,89866.6,89536.7,89539.1,10401.65100414
2026-01-24 13:00:00,89539.1,89866.6,89529.1,89546.8,1959.41617939
2026-01-24 14:00:00,89546.8,89866.6,89453.1,89457.4,5444.1246407
2026-01-24 15:00:00,89457.4,89866.6,89296.8,89302.0,19933.43817042
2026-01-24 16:00:00,89302.0,89599.9,89180.9,89281.1,19133.39892322
2026-01-24 17:00:00,89281.1,89599.9,89181.1,89402.4,243.16987315
2026-01-24 18:00:00,89402.5,90321.1,89181.1,89920.1,13660.79365937
2026-01-24 19:00:00,89921.6,90240.0,89687.5,89759.6,12133.90880988
2026-01-24 20:00:00,89759.6,90000.0,89383.6,89387.6,12780.15049334
2026-01-24 21:00:00,89387.6,89599.9,89276.7,89392.0,8125.46632633
2026-01-24 22:00:00,89391.8,89599.9,89285.0,89439.6,70.67292723
2026-01-24 23:00:00,89439.6,89599.9,89256.3,89261.1,1814.26596576
2026-01-25 00:00:00,89321.8,89599.9,89191.4,89316.8,5873.72204957
2026-01-25 01:00:00,89317.0,89599.9,89146.9,89180.0,4707.29144949
2026-01-25 02:00:00,89179.3,89580.0,89142.0,89142.0,1660.96521293
2026-01-25 03:00:00,89142.0,89384.6,88851.8,88960.0,26789.01591676
2026-01-25 04:00:00,88960.5,89333.3,88902.3,89002.1,631.28530056
2026-01-25 05:00:00,89002.1,89333.3,88875.1,88991.9,5627.92156435
2026-01-25 06:00:00,88991.9,89066.6,88676.0,88843.5,11665.11702279
2026-01-25 07:00:00,88843.1,89066.6,88574.4,88702.7,1026.14267733
2026-01-25 08:00:00,88705.5,89066.6,88294.1,88303.1,23999.96032206
2026-01-25 09:00:00,88303.1,88731.7,88266.6,88404.1,1691.62448369
2026-01-25 10:00:00,88404.1,89000.0,88266.6,88773.1,5809.25885853
2026-01-25 11:00:00,88783.1,89066.6,88571.4,88575.0,17673.57179346
2026-01-25 12:00:00,88575.0,89000.0,88491.4,88796.2,5401.95188596
2026-01-25 13:00:00,88796.5,89097.6,88533.3,88926.1,581.24741784
2026-01-25 14:00:00,88926.1,89082.6,88640.0,88704.2,3567.50770495
2026-01-25 15:00:00,88704.2,88982.8,88461.3,88464.7,17752.78973386
2026-01-25 16:00:00,88462.6,88799.9,87997.1,88088.8,28048.52821499
2026-01-25 17:00:00,88087.1,88400.1,87835.1,87949.8,30465.11026913
2026-01-25 18:00:00,87950.9,88266.6,87200.1,87420.0,17841.16169627
2026-01-25 19:00:00,87420.5,87600.1,86000.0,86503.3,12467.27739358
2026-01-25 20:00:00,86503.3,86720.0,86139.7,86666.6,1223.63435804
2026-01-25 21:00:00,86666.6,87104.7,86399.9,86570.9,359.92046232
2026-01-25 22:00:00,86571.0,86683.8,86204.5,86541.1,713.19554402
2026-01-25 23:00:00,86541.1,86800.1,86000.1,86676.6,528.81483532
2026-01-26 00:00:00,86678.3,87199.9,86457.9,86846.5,1685.86255324
2026-01-26 01:00:00,86847.1,87999.9,86813.4,87700.1,11169.70123386
2026-01-26 02:00:00,87701.5,87999.9,87469.4,87767.2,35088.10539476
2026-01-26 03:00:00,87767.2,87840.0,87000.0,87273.7,23589.88833395
2026-01-26 04:00:00,87273.7,87975.0,87000.0,87729.0,763.45324999
2026-01-26 05:00:00,87729.0,87943.8,87466.6,87812.9,189.77528913
2026-01-26 06:00:00,87812.9,88138.4,87510.5,87934.9,681.89129306
2026-01-26 07:00:00,87934.9,88230.0,87605.0,87878.7,240.81294055
2026-01-26 08:00:00,87878.7,88494.5,87733.3,87973.0,290.12194179
2026-01-26 09:00:00,87973.1,88230.7,87600.3,87660.9,55111.09782301
2026-01-26 10:00:00,87660.5,87999.9,87639.1,87893.6,131.51920219
2026-01-26 11:00:00,87893.6,87999.9,87639.1,87858.0,201.14782067
2026-01-26 12:00:00,87858.1,88193.5,87680.0,87800.0,212.18837287
2026-01-26 13:00:00,87800.0,88233.1,87638.2,87962.5,7709.91774376
2026-01-26 14:00:00,87962.5,88533.3,87589.2,88194.2,34936.68418616
2026-01-26 15:00:00,88192.0,88863.9,87530.0,87648.7,16360.51237113
2026-01-26 16:00:00,87643.1,87999.9,87196.1,87618.7,6046.50393856
2026-01-26 17:00:00,87618.5,87892.5,87000.0,87698.1,630.6972272
2026-01-26 18:00:00,87698.1,88412.1,87466.6,88408.7,485.99768507
2026-01-26 19:00:00,88408.9,88635.9,87892.5,88017.6,236.90573071
2026-01-26 20:00:00,88017.6,88266.6,87500.0,87636.5,126.44119205
2026-01-26 21:00:00,87658.0,88299.4,87490.8,88078.4,244.64431773
2026-01-26 22:00:00,88074.7,88294.2,87840.0,88146.4,92.13846658
2026-01-26 23:00:00,88145.9,88695.9,87999.9,88348.9,1997.67555071
2026-01-27 00:00:00,88348.0,88533.3,88000.1,88348.0,181.16347273
2026-01-27 01:00:00,88348.5,88717.9,88000.1,88557.2,1816.8007549
2026-01-27 02:00:00,88557.2,89066.6,88294.2,88831.0,496.95481042
2026-01-27 03:00:00,88818.6,89066.6,88266.6,88782.2,338.01864683
2026-01-27 04:00:00,88784.0,89066.6,88400.1,88583.9,325.32343525
2026-01-27 05:00:00,88583.0,88770.7,88266.6,88459.9,220.74335512
2026-01-27 06:00:00,88460.0,88717.9,88111.4,88320.0,137.95072545
2026-01-27 07:00:00,88281.9,88750.0,88170.0,88324.1,913.28995546
2026-01-27 08:00:00,88322.7,88692.2,88000.1,88175.5,397.8568517
2026-01-27 09:00:00,88176.2,88266.6,87832.6,87895.7,6447.30872728
2026-01-27 10:00:00,87895.7,88233.1,87733.3,87733.3,669.07750302
2026-01-27 11:00:00,87790.6,88294.2,87733.3,88003.5,277.60885667
2026-01-27 12:00:00,88003.5,88266.6,87733.3,87985.3,192.48513316
2026-01-27 13:00:00,87985.3,88266.6,87646.2,87978.0,167.88780938
2026-01-27 14:00:00,87979.8,88498.7,87604.3,87735.1,406.55069059
2026-01-27 15:00:00,87736.8,88050.0,87555.0,88043.0,5002.35313659
2026-01-27 16:00:00,88041.5,88800.1,87835.1,88639.0,8470.22983881
2026-01-27 17:00:00,88639.3,88710.7,87400.0,87557.3,716.57538123
2026-01-27 18:00:00,87556.0,88400.1,87400.0,88289.0,298.43942329
2026-01-27 19:00:00,88288.9,88591.0,87999.9,88413.8,302.16667447
2026-01-27 20:00:00,88415.0,89476.9,88266.6,89402.7,1912.52118056
2026-01-27 21:00:00,89403.2,89599.9,89015.7,89081.5,228.7690552
2026-01-27 22:00:00,89081.4,89440.0,89000.0,89246.5,102.67434665
2026-01-27 23:00:00,89244.9,89571.4,89066.6,89252.1,1582.10160048
2026-01-28 00:00:00,89251.8,89476.9,89066.6,89474.0,157.73270387
2026-01-28 01:00:00,89474.0,89499.2,89066.6,89398.0,138.65504147
2026-01-28 02:00:00,89400.3,89476.9,89000.0,89288.1,269.1359271
2026-01-28 03:00:00,89288.1,89319.4,88952.6,89119.3,118.69658535
2026-01-28 04:00:00,89119.3,89333.3,88800.1,88979.7,144.51288966
2026-01-28 05:00:00,88979.7,89333.3,88799.9,88800.1,174.062716
2026-01-28 06:00:00,88882.4,89500.0,88800.1,89323.5,305.99756936
2026-01-28 07:00:00,89323.3,89500.0,89066.6,89129.7,387.74033168
2026-01-28 08:00:00,89129.7,89440.0,88830.7,88925.0,403.94346143
2026-01-28 09:00:00,88925.0,89500.0,88799.9,89490.9,671.02293435
2026-01-28 10:00:00,89496.4,89681.5,89227.4,89638.5,8016.06245628
2026-01-28 11:00:00,89638.5,90133.3,89200.1,90065.7,1141.74750731
2026-01-28 12:00:00,90070.5,90258.3,89600.1,89994.9,2326.53640097
2026-01-28 13:00:00,89995.2,90500.0,89800.0,90262.4,439.36446784
2026-01-28 14:00:00,90262.3,90500.4,89333.3,89617.9,770.81082754
2026-01-28 15:00:00,89614.1,89866.6,88895.4,89481.1,609.15166582
2026-01-28 16:00:00,89481.0,89866.6,89200.1,89642.7,706.07658626
2026-01-28 17:00:00,89644.0,90485.0,89280.0,90170.1,548.19303687
2026-01-28 18:00:00,90170.1,90323.2,89369.4,89544.0,450.01759889
2026-01-28 19:00:00,89541.1,89718.0,89021.0,89399.1,521.20954772
2026-01-28 20:00:00,89397.0,89866.6,88942.9,89111.7,1560.52772978
2026-01-28 21:00:00,89141.7,89493.5,88863.9,89412.4,232.64745273
2026-01-28 22:00:00,89412.4,89599.9,89066.6,89383.3,185.46570825
2026-01-28 23:00:00,89383.3,89600.1,89131.8,89301.0,192.26380722
2026-01-29 00:00:00,89300.0,89400.0,88894.2,89143.4,109.7833605
2026-01-29 01:00:00,89144.8,89255.5,88550.1,88603.1,267.62482177
2026-01-29 02:00:00,88603.1,88799.9,87733.3,87904.6,427.01565241
2026-01-29 03:00:00,87905.4,88266.6,87733.3,88061.0,194.88607075
2026-01-29 04:00:00,88061.0,88342.4,87809.5,88318.0,515.84153641
2026-01-29 05:00:00,88317.8,88421.0,87999.9,88187.0,112.00279825
2026-01-29 06:00:00,88184.0,88400.1,87999.9,88317.0,114.92301133
2026-01-29 07:00:00,88317.0,88533.3,87999.9,88353.0,298.55139142
2026-01-29 08:00:00,88353.0,88507.7,87858.8,87858.8,377.35674858
2026-01-29 09:00:00,87937.6,88266.6,87733.3,87881.0,275.86514887
2026-01-29 10:00:00,87880.3,88266.6,87733.3,87947.1,211.81208076
2026-01-29 11:00:00,87947.3,88181.3,87745.0,87831.2,11395.74705023
2026-01-29 12:00:00,87831.2,88266.6,87745.0,88114.0,292.22429068
2026-01-29 13:00:00,88113.2,88240.0,87767.4,88045.9,302.72440938
2026-01-29 14:00:00,88045.5,88266.6,87514.1,87514.1,3272.68864281
2026-01-29 15:00:00,87525.9,87538.0,85200.1,85597.7,211880.71606729
2026-01-29 16:00:00,85598.7,85600.0,85066.6,85598.6,347094.41093576
2026-01-29 17:00:00,85598.6,85923.1,84863.9,85002.6,100055.48135559
2026-01-29 18:00:00,85005.0,85300.0,83484.9,83484.9,68216.20508419
2026-01-29 19:00:00,83484.9,84537.8,83443.5,84018.5,7286.44535577
2026-01-29 20:00:00,84017.4,84408.1,83850.4,84212.7,3632.4696977
2026-01-29 21:00:00,84209.5,84650.0,83880.5,84527.8,197.64960096
2026-01-29 22:00:00,84521.6,85069.8,84116.5,84883.2,41959.31569404
2026-01-29 23:00:00,84889.6,85534.2,84450.0,85195.0,108641.29265917
2026-01-30 00:00:00,85195.0,85440.0,84950.0,85032.5,236338.02266612
2026-01-30 01:00:00,85032.5,85032.5,81908.8,82479.1,201579.19914491
2026-01-30 02:00:00,82479.1,82800.1,81333.3,82160.0,14001.61104918
2026-01-30 03:00:00,82160.0,82807.0,81965.7,82681.3,18861.78531783
2026-01-30 04:00:00,82681.3,83600.1,82681.2,82933.3,13447.16426485
2026-01-30 05:00:00,82934.0,83863.9,82900.2,83679.3,110496.74036425
2026-01-30 06:00:00,83679.4,83679.4,82880.0,83338.4,224327.97325896
2026-01-30 07:00:00,83338.6,83600.1,82599.9,83555.3,246093.73306318
2026-01-30 08:00:00,83555.3,83679.1,83193.1,83454.1,81108.6434169
2026-01-30 09:00:00,83455.9,83556.9,82508.0,83162.4,75919.11576246
2026-01-30 10:00:00,83162.5,83600.1,82900.0,83441.1,77234.34642248
2026-01-30 11:00:00,83441.1,83620.1,83360.0,83521.6,70057.14858942
2026-01-30 12:00:00,83521.7,83521.8,82740.0,82799.2,113616.68302147
2026-01-30 13:00:00,82797.1,83055.0,82640.0,82744.0,32338.14477481
2026-01-30 14:00:00,82744.0,83979.0,82736.7,83094.0,11938.82932872
2026-01-30 15:00:00,83099.3,83650.0,82643.7,82890.5,16913.86201354
2026-01-30 16:00:00,82882.1,83650.0,82625.0,83149.6,8057.63352985
2026-01-30 17:00:00,83149.7,83583.3,82693.3,82944.2,9431.11393954
2026-01-30 18:00:00,82943.4,84108.1,82238.3,83945.7,23578.07497588
2026-01-30 19:00:00,83945.1,84858.2,83814.1,84249.6,556.04853761
2026-01-30 20:00:00,84242.5,84706.0,83671.7,83906.0,176140.27635616
2026-01-30 21:00:00,83909.0,84630.8,83670.6,84288.3,154.6823667
2026-01-30 22:00:00,84287.8,84400.1,83663.4,84222.2,105.37208849
2026-01-30 23:00:00,84222.2,84288.0,83706.2,84253.3,171.3354055
2026-01-31 00:00:00,84253.3,84400.1,83650.0,84073.1,146.10854702
2026-01-31 01:00:00,84073.3,84304.4,83661.6,84011.0,179.34723855
2026-01-31 02:00:00,84011.0,84368.0,83437.4,84124.1,339.50767637
2026-01-31 03:00:00,84124.2,84480.0,83984.7,84013.1,143.62339036
2026-01-31 04:00:00,84013.1,84307.8,83812.6,83991.9,96.48025849
2026-01-31 05:00:00,83991.4,84307.8,83600.1,83750.0,154.35452316
2026-01-31 06:00:00,83827.9,84307.8,83500.0,83787.2,201.64200877
2026-01-31 07:00:00,83787.2,84000.1,83230.0,83552.0,226.35874538
2026-01-31 08:00:00,83552.0,83948.5,82692.4,83085.0,267164.33662153
2026-01-31 09:00:00,83085.4,83520.0,82880.0,83112.6,804580.59823959
2026-01-31 10:00:00,83116.7,83523.5,82800.1,83173.6,943410.67010035
2026-01-31 11:00:00,83173.6,83339.8,82699.8,83024.0,299759.80901023
2026-01-31 12:00:00,83024.1,83200.1,82699.8,82773.0,907.04224688
2026-01-31 13:00:00,82773.0,83300.0,82450.0,82775.0,1619.08295341
2026-01-31 14:00:00,82775.0,82997.2,80500.0,81488.0,28040.13180133
2026-01-31 15:00:00,81487.9,81920.0,80937.5,81301.9,656.00772145
2026-01-31 16:00:00,81302.0,81911.1,80001.0,80361.0,1843.81425523
2026-01-31 17:00:00,80360.9,80800.1,78001.0,78891.0,8683.24650962
2026-01-31 18:00:00,78891.0,79130.1,75370.3,78027.0,2916.63021498
2026-01-31 19:00:00,78034.7,78550.0,77187.5,77757.2,2260.96385277
2026-01-31 20:00:00,77756.3,78192.1,76985.9,78031.5,432.41300248
2026-01-31 21:00:00,77989.1,78652.9,77142.8,78270.1,285.3097978
2026-01-31 22:00:00,78297.0,78528.0,77718.6,78165.6,156.60798824
2026-01-31 23:00:00,78163.0,79242.3,77887.8,78731.0,18091.90182623
2026-02-01 00:00:00,78739.3,79500.0,78650.0,78896.2,476.99158939
2026-02-01 01:00:00,78896.2,79057.6,78000.0,78520.7,195997.09677499
2026-02-01 02:00:00,78519.8,79170.4,78067.1,78902.1,631145.95265305
2026-02-01 03:00:00,78902.1,79122.6,78364.4,78865.1,373266.88139306
2026-02-01 04:00:00,78862.9,79228.4,78444.3,78969.0,465380.41980245
2026-02-01 05:00:00,78969.0,79242.3,78185.1,78611.4,280982.80117207
2026-02-01 06:00:00,78611.4,78988.5,78300.0,78847.3,328967.46032626
2026-02-01 07:00:00,78848.0,79137.9,78612.1,78804.3,341102.67464825
2026-02-01 08:00:00,78804.5,79156.6,78700.0,78803.0,398504.64685398
2026-02-01 09:00:00,78803.1,79657.1,78801.4,79594.6,174975.63262344
2026-02-01 10:00:00,79596.6,79779.0,78924.2,78937.4,159502.55541389
2026-02-01 11:00:00,78937.6,79481.4,78935.2,79449.9,227967.81176348
2026-02-01 12:00:00,79449.9,79481.4,78989.6,79199.6,208417.72199847
2026-02-01 13:00:00,79199.6,79375.0,78206.1,78321.1,41993.54947555
2026-02-01 14:00:00,78328.7,78614.9,77142.8,78213.2,8516.71093264
2026-02-01 15:00:00,78213.2,78264.0,76600.0,77592.0,3594.76749711
2026-02-01 16:00:00,77599.8,77990.8,76890.0,77495.3,7442.46653497
2026-02-01 17:00:00,77495.1,78000.0,77121.1,77758.4,372.29870274
2026-02-01 18:00:00,77758.4,78565.5,77423.7,77967.5,731.75731372
2026-02-01 19:00:00,78037.2,78200.0,77000.0,77177.9,194.64879608
2026-02-01 20:00:00,77177.8,77726.5,76600.0,77112.0,5425.10940269
2026-02-01 21:00:00,77111.3,77233.7,76400.0,76544.7,316.42826073
2026-02-01 22:00:00,76535.7,77757.0,76400.0,77260.7,179.81732698
2026-02-01 23:00:00,77256.9,77593.4,75666.0,76977.9,1205.37164845
2026-02-02 00:00:00,76977.9,78181.2,76562.5,77684.0,2797.27234041
2026-02-02 01:00:00,77684.0,77969.6,76650.0,77529.0,9103.7105434
2026-02-02 02:00:00,77529.0,77598.1,76453.9,76500.0,2651.56850704
2026-02-02 03:00:00,76500.1,76850.0,74446.9,76304.9,4820.80823112
2026-02-02 04:00:00,76305.0,76696.9,75250.0,75889.0,6730.46773707
2026-02-02 05:00:00,75891.0,76000.0,74800.0,75496.0,16639.43812096
2026-02-02 06:00:00,75496.1,76701.7,74905.0,76530.2,592.74772044
2026-02-02 07:00:00,76541.0,76962.0,76199.9,76651.9,1104.36362317
2026-02-02 08:00:00,76650.9,77331.7,76370.0,76870.0,469.16365496
2026-02-02 09:00:00,76870.0,77927.1,76503.1,77708.8,133925.63279249
2026-02-02 10:00:00,77710.8,78016.0,77334.7,77504.6,75025.2427831
2026-02-02 11:00:00,77503.9,78113.8,77470.1,77760.7,13002.29532443
2026-02-02 12:00:00,77761.0,78400.0,77685.1,77986.0,972.39614653
2026-02-02 13:00:00,77986.0,78387.9,77814.1,78227.1,1939.63513617
2026-02-02 14:00:00,78225.1,78888.0,77741.9,77841.0,9416.51060781
2026-02-02 15:00:00,77840.6,79300.3,77644.2,78840.5,7607.36499414
2026-02-02 16:00:00,78840.1,79411.7,78465.1,78633.0,198988.18856309
2026-02-02 17:00:00,78632.9,79307.4,78607.1,78986.2,43329.24223122
2026-02-02 18:00:00,78986.0,79130.4,78369.0,78568.0,4906.02000709
2026-02-02 19:00:00,78567.1,78800.0,78292.5,78340.0,1822.44127798
2026-02-02 20:00:00,78337.9,78880.0,77969.6,77998.4,5840.04480018
2026-02-02 21:00:00,78006.9,78800.0,77945.4,78531.2,279.26265837
2026-02-02 22:00:00,78533.1,78928.6,78214.2,78802.2,653.7786314
2026-02-02 23:00:00,78802.2,79062.5,78400.0,78623.9,1105.12912361
2026-02-03 00:00:00,78680.3,79380.1,78437.5,79075.1,6567.25844472
2026-02-03 01:00:00,79075.1,79205.7,78550.0,79018.9,2914.51473722
2026-02-03 02:00:00,79018.1,79100.0,77971.0,77997.5,15361.65540078
2026-02-03 03:00:00,77998.2,78900.0,77775.5,78748.7,2124.13597301
2026-02-03 04:00:00,78750.8,79026.6,78250.9,78805.5,213.65314052
2026-02-03 05:00:00,78805.5,78840.5,78047.3,78244.7,150.77222618
2026-02-03 06:00:00,78244.9,78818.0,77791.8,78595.3,743.17626334
2026-02-03 07:00:00,78595.0,79216.1,78462.6,78873.8,4128.32040004
2026-02-03 08:00:00,78825.7,79130.4,78462.0,78746.8,5080.74614274
2026-02-03 09:00:00,78746.9,79200.0,77981.0,78400.1,7864.24335386
2026-02-03 10:00:00,78400.1,78880.0,78069.0,78117.0,6131.3774984
2026-02-03 11:00:00,78115.2,78666.4,77840.0,78081.0,2869.48566524
2026-02-03 12:00:00,78081.0,78694.3,78004.9,78330.0,1537.59566338
2026-02-03 13:00:00,78330.0,78800.0,78215.1,78305.1,2905.01372017
2026-02-03 14:00:00,78305.1,78700.0,77610.0,77668.5,10138.31908623
2026-02-03 15:00:00,77673.2,78261.1,77178.1,78134.1,9015.66743342
2026-02-03 16:00:00,78134.0,78162.6,76521.7,76533.9,14020.82497585
2026-02-03 17:00:00,76552.1,76750.0,74926.8,74937.5,48086.10483193
2026-02-03 18:00:00,74942.0,75301.2,73200.0,73359.6,20924.15073898
2026-02-03 19:00:00,73365.0,75672.3,73100.0,75127.5,5893.7374927
2026-02-03 20:00:00,75142.1,76660.0,75006.4,76477.7,881.09620412
2026-02-03 21:00:00,76476.6,77000.0,75980.0,76242.3,271.435562
2026-02-03 22:00:00,76243.0,76500.0,75300.0,75720.0,240.48416073
2026-02-03 23:00:00,75720.3,76200.0,75300.0,75779.0,276.04011569
2026-02-04 00:00:00,75778.1,76339.5,75300.0,75922.1,297.92593123
2026-02-04 01:00:00,75922.1,76818.1,75922.1,76437.1,589.65547636
2026-02-04 02:00:00,76437.1,76925.6,76272.6,76335.7,2647.22960642
2026-02-04 03:00:00,76397.7,77000.0,76250.0,76707.1,1925.79454825
2026-02-04 04:00:00,76707.1,77058.8,76595.7,76941.8,3171.33584939
2026-02-04 05:00:00,76940.0,77251.3,76260.0,76794.2,8491.53494042
2026-02-04 06:00:00,76817.1,77251.3,76516.5,77004.7,4874.36761924
2026-02-04 07:00:00,77078.8,77158.6,76435.0,77000.0,10122.36832417
2026-02-04 08:00:00,76999.9,77000.0,76107.4,76585.1,7981.21644131
2026-02-04 09:00:00,76585.1,76670.0,76025.0,76123.5,7993.71598582
2026-02-04 10:00:00,76123.5,76660.0,75980.0,76304.1,3188.45839058
2026-02-04 11:00:00,76304.1,76392.8,75714.2,76076.7,7248.16004007
2026-02-04 12:00:00,76076.7,76400.0,76022.0,76179.0,3946.16408725
2026-02-04 13:00:00,76179.1,76392.8,74960.0,74974.1,17385.63398006
2026-02-04 14:00:00,74976.4,75687.5,74620.0,74620.0,15819.16192739
2026-02-04 15:00:00,74621.7,75324.9,74000.0,74071.1,15683.71783385
2026-02-04 16:00:00,74143.6,74280.0,73110.0,73640.5,11587.15107061
2026-02-04 17:00:00,73642.0,73853.7,72298.3,72585.0,20652.53840876
2026-02-04 18:00:00,72585.0,74280.0,72298.3,73498.9,7159.15708311
2026-02-04 19:00:00,73498.9,74250.0,73145.0,73925.0,6072.15504352
2026-02-04 20:00:00,73926.0,74280.0,73435.3,73520.1,8497.39596153
2026-02-04 21:00:00,73519.1,73940.0,72427.1,72813.0,11590.50388763
2026-02-04 22:00:00,72809.2,73694.6,72100.0,72589.2,10951.85529441
2026-02-04 23:00:00,72586.3,73600.0,72494.0,73176.7,2613.84071036
2026-02-05 00:00:00,73176.7,73600.0,72800.0,72866.7,11678.88217129
2026-02-05 01:00:00,72863.8,73600.0,72133.3,72444.8,9704.57117171
2026-02-05 02:00:00,72451.2,72841.0,71893.5,72000.0,48435.35801503
2026-02-05 03:00:00,72001.6,72375.0,71750.0,71787.3,197694.31924062
2026-02-05 04:00:00,71796.6,71900.0,70754.0,70882.6,28056.17558831
2026-02-05 05:00:00,70886.1,71220.0,70325.0,70730.1,9001.8439004
2026-02-05 06:00:00,70733.6,71066.6,70490.0,70951.2,19663.70166158
2026-02-05 07:00:00,70951.2,71594.2,70795.0,70876.1,5175.43000621
2026-02-05 08:00:00,70876.1,71560.0,70771.8,71054.6,1688.70171176
2026-02-05 09:00:00,71055.0,72240.0,70880.0,71590.7,116826.44874268
2026-02-05 10:00:00,71595.9,71900.0,70808.0,70862.8,14278.91548703
2026-02-05 11:00:00,70858.1,71063.8,70282.9,70325.5,91091.2443343
2026-02-05 12:00:00,70326.7,70600.0,69285.7,69568.6,28607.70447355
2026-02-05 13:00:00,69569.0,69850.0,69309.0,69692.3,12575.43731156
2026-02-05 14:00:00,69691.8,70880.0,69500.0,69500.0,113177.72183094
2026-02-05 15:00:00,69518.2,69860.0,66914.8,67671.8,32426.50219461
2026-02-05 16:00:00,67747.6,68680.0,67040.1,68311.7,6986.10776539
2026-02-05 17:00:00,68311.1,68510.6,66500.0,66689.0,27099.37818244
2026-02-05 18:00:00,66690.5,67000.0,65424.7,66350.5,9472.74275246
2026-02-05 19:00:00,66350.5,66595.7,65227.3,65262.0,11099.47609079
2026-02-05 20:00:00,65263.0,65712.2,62938.0,63776.0,53390.7749175
2026-02-05 21:00:00,63771.0,64746.6,63061.1,63226.9,14963.45385032
2026-02-05 22:00:00,63226.7,64528.1,62820.9,63931.4,9598.20719225
2026-02-05 23:00:00,63952.8,64960.0,62810.4,62915.5,12463.51845773
2026-02-06 00:00:00,62914.9,63834.9,60373.3,63497.4,13483.12889637
2026-02-06 01:00:00,63502.2,65957.4,63502.2,65708.7,7272.91926093
2026-02-06 02:00:00,65710.0,66000.0,64453.0,65492.9,85071.8694557
2026-02-06 03:00:00,65492.9,65780.0,64420.0,64737.3,143872.72560482
2026-02-06 04:00:00,64739.6,65640.0,64553.3,65162.0,145269.06999016
2026-02-06 05:00:00,65193.9,66956.5,65165.1,66948.8,137057.87693995
2026-02-06 06:00:00,66948.8,67246.3,64981.1,65637.3,183096.77899788
2026-02-06 07:00:00,65637.3,65806.6,64872.4,64872.4,224198.30198181
2026-02-06 08:00:00,64872.4,65788.2,64750.0,64893.7,162898.30536355
2026-02-06 09:00:00,64893.7,66276.5,64846.1,65882.7,53902.455234
2026-02-06 10:00:00,65992.2,66276.5,65714.2,65957.5,78038.36771513
2026-02-06 11:00:00,65958.4,67269.9,65780.0,67264.6,216620.60139791
2026-02-06 12:00:00,67269.9,67270.5,66747.9,67223.8,230507.86714977
2026-02-06 13:00:00,67225.0,68243.2,67100.2,67951.8,228630.35419483
2026-02-06 14:00:00,67951.8,69264.2,67197.6,68762.2,230461.05252076
2026-02-06 15:00:00,68823.6,69860.0,68445.0,69190.6,230931.72837631
2026-02-06 16:00:00,69286.0,70880.0,68975.0,70550.8,228395.59930783
2026-02-06 17:00:00,70559.7,72055.0,70200.0,71524.6,226764.62234014
2026-02-06 18:00:00,71524.6,71524.6,70000.0,70435.3,138273.89120339
2026-02-06 19:00:00,70435.3,71538.2,70294.1,71365.1,157544.94962626
2026-02-06 20:00:00,71429.0,71521.7,70013.7,70013.7,23838.97674887
2026-02-06 21:00:00,70014.1,70503.3,69868.4,70353.0,3495.07825401
2026-02-06 22:00:00,70363.3,71607.5,70180.1,71353.0,11066.12794817
2026-02-06 23:00:00,71346.2,71900.0,70540.0,70573.0,14496.03905817
2026-02-07 00:00:00,70571.5,70725.0,69719.8,69954.9,14442.70549791
2026-02-07 01:00:00,69954.9,70800.0,69770.5,70480.7,4093.18141815
2026-02-07 02:00:00,70480.7,70880.0,70156.0,70357.1,4506.1612314
2026-02-07 03:00:00,70357.1,71172.9,70173.3,70910.0,1080.05257172
2026-02-07 04:00:00,70914.1,71702.1,70618.3,70767.7,10518.67286882
2026-02-07 05:00:00,70760.8,71181.8,69966.2,70161.6,6852.12902594
2026-02-07 06:00:00,70161.6,70540.0,68781.1,68798.9,10040.26990389
2026-02-07 07:00:00,68818.8,69150.0,67480.0,68109.3,18645.30059837
2026-02-07 08:00:00,68109.1,68840.0,67826.0,68503.6,5026.34105386
2026-02-07 09:00:00,68507.0,68829.7,67913.0,68151.5,13377.00832187
2026-02-07 10:00:00,68151.5,68334.9,67638.0,67999.8,9131.62992824
2026-02-07 11:00:00,67999.8,68160.0,67638.0,67984.9,9747.05554631
2026-02-07 12:00:00,67984.9,69999.9,67872.3,69024.5,16037.03030094
2026-02-07 13:00:00,69029.5,69520.0,68837.9,69100.0,7024.85097742
2026-02-07 14:00:00,69100.0,69275.3,68445.0,68645.4,9219.69204655
2026-02-07 15:00:00,68650.0,70106.3,68500.0,69816.4,212940.09433521
2026-02-07 16:00:00,69838.5,70200.0,69519.4,69712.3,341452.28988392
2026-02-07 17:00:00,69712.3,70025.0,69180.0,69844.0,413391.12228755
2026-02-07 18:00:00,69844.0,70171.4,69565.2,70001.4,368761.54441267
2026-02-07 19:00:00,70001.4,70200.0,69855.0,69948.3,370871.4654709
2026-02-07 20:00:00,69984.8,70185.5,69823.1,69953.9,315737.73385535
2026-02-07 21:00:00,70101.8,70250.0,69855.0,69953.6,419462.4943864
2026-02-07 22:00:00,70032.0,70200.0,69800.0,69929.9,546084.6789207
2026-02-07 23:00:00,70000.3,70063.0,69400.0,69993.6,374647.81265722
2026-02-08 00:00:00,69993.6,70060.6,69500.0,69747.2,477277.68846786
2026-02-08 01:00:00,69748.7,70080.0,69655.2,69967.2,415768.21410073
2026-02-08 02:00:00,70060.6,70106.3,69750.0,69985.0,508197.34012939
2026-02-08 03:00:00,70016.2,70021.4,69695.0,69695.0,443646.43463389
2026-02-08 04:00:00,69758.7,70001.0,69565.2,69980.7,484964.19897184
2026-02-08 05:00:00,69990.8,70055.4,69739.1,69915.5,352738.31706396
2026-02-08 06:00:00,69915.5,70049.0,69598.6,70017.4,359249.13274047
2026-02-08 07:00:00,70017.4,70073.5,69833.3,69997.1,162551.41769385
2026-02-08 08:00:00,70013.0,70800.0,69844.2,70657.7,225664.29408891
2026-02-08 09:00:00,70659.8,70880.0,70127.9,70208.0,8288.97610272
2026-02-08 10:00:00,70272.1,70540.0,70026.7,70270.0,5409.06544392
2026-02-08 11:00:00,70270.0,71220.0,70216.1,70988.0,3330.3121486
2026-02-08 12:00:00,70989.0,71317.8,70749.2,71242.3,10689.36224765
2026-02-08 13:00:00,71242.3,71560.0,70981.5,71512.6,3601.02954786
2026-02-08 14:00:00,71513.0,71560.0,71107.2,71245.9,6511.57139165
2026-02-08 15:00:00,71255.8,71560.0,70818.1,71181.6,10163.03443675
2026-02-08 16:00:00,71181.1,71484.6,70332.6,70419.9,13302.5182145
2026-02-08 17:00:00,70419.1,70880.0,70376.6,70794.0,6362.5475475
2026-02-08 18:00:00,70793.0,71412.7,70752.2,71145.1,1780.7753938
2026-02-08 19:00:00,71145.1,71560.0,70972.1,71426.0,457.68689283
2026-02-08 20:00:00,71426.0,71487.3,70724.6,70846.1,8144.89420119
2026-02-08 21:00:00,70846.2,71198.4,70552.4,70705.3,3225.62388695
2026-02-08 22:00:00,70705.2,71197.5,70572.9,71063.0,93.80528435
2026-02-08 23:00:00,71065.5,72335.4,70080.0,70332.9,17220.13921516
2026-02-09 00:00:00,70332.1,70779.6,70172.7,70505.5,1638.69188986
2026-02-09 01:00:00,70500.0,71000.0,70082.5,70367.0,11962.90013289
2026-02-09 02:00:00,70367.0,71000.0,70221.6,70630.0,2332.53720432
2026-02-09 03:00:00,70630.0,71443.0,70603.3,71332.8,660.86056983
2026-02-09 04:00:00,71305.4,71458.3,70923.6,70996.9,136978.66800086
2026-02-09 05:00:00,70996.8,71220.0,70805.6,71052.3,82114.08067902
2026-02-09 06:00:00,71052.3,71220.0,70306.8,70669.3,4323.03163702
2026-02-09 07:00:00,70665.3,71063.8,70310.0,70421.0,555.20715066
2026-02-09 08:00:00,70423.9,70744.6,69344.0,69885.0,229812.05177991
2026-02-09 09:00:00,69886.0,70200.0,69516.4,69630.5,451958.97361311
2026-02-09 10:00:00,69629.0,69860.0,68457.7,68739.5,507593.12649364
2026-02-09 11:00:00,68740.0,69646.6,68592.2,68934.5,514041.37176546
2026-02-09 12:00:00,68935.1,69516.4,68840.0,69145.9,322485.6551214
2026-02-09 13:00:00,69146.0,69520.0,68602.4,68602.4,31473.66639843
2026-02-09 14:00:00,68602.0,69860.0,68229.6,69319.7,1396.00718654
2026-02-09 15:00:00,69272.0,69868.7,69016.7,69580.8,476.81460614
2026-02-09 16:00:00,69563.0,70461.2,69089.4,70089.1,589.77090041
2026-02-09 17:00:00,70089.1,71054.2,69860.0,70616.7,813.55235883
2026-02-09 18:00:00,70618.0,71012.1,70049.0,70424.3,575.77916071
2026-02-09 19:00:00,70424.3,71200.0,70111.1,70965.0,554.40160873
2026-02-09 20:00:00,70966.1,71200.0,70425.5,70756.0,319.9136581
2026-02-09 21:00:00,70756.1,70813.0,69787.2,70404.0,493.89966511
2026-02-09 22:00:00,70403.9,70744.6,70200.0,70379.6,228.60883986
2026-02-09 23:00:00,70379.6,70590.0,70049.0,70136.5,205.39171647
2026-02-10 00:00:00,70141.0,70425.5,69520.0,69829.7,419.61441177
2026-02-10 01:00:00,69825.1,70533.3,69562.1,70493.4,693.89220662
2026-02-10 02:00:00,70492.0,70540.0,69868.7,70107.0,204.20181306
2026-02-10 03:00:00,70111.0,70176.1,69180.0,69515.7,365.97089472
2026-02-10 04:00:00,69515.6,70171.4,69370.6,69837.3,290.28044473
2026-02-10 05:00:00,69837.3,70049.0,69180.0,69455.1,290.31027916
2026-02-10 06:00:00,69455.1,69516.4,68695.0,68917.2,401.63458846
2026-02-10 07:00:00,68917.3,69241.6,68705.0,68840.0,335.11088396
2026-02-10 08:00:00,68940.7,69250.0,68630.2,69141.0,133.22856688
2026-02-10 09:00:00,69135.1,69520.0,68840.0,69153.6,226.53067262
2026-02-10 10:00:00,69153.7,69474.8,68840.0,68924.5,170.98881487
2026-02-10 11:00:00,68920.5,69180.0,68430.8,68537.1,483.57340526
2026-02-10 12:00:00,68537.0,68840.0,68400.0,68639.6,125.14607957
2026-02-10 13:00:00,68639.6,69180.0,68354.0,69030.2,212.84902179
2026-02-10 14:00:00,69019.3,69580.0,67857.1,68454.4,1367.52373894
2026-02-10 15:00:00,68453.0,69720.3,68160.0,69287.0,4845.69237846
2026-02-10 16:00:00,69288.2,69860.0,68840.0,69505.9,6174.03472733
2026-02-10 17:00:00,69510.6,69999.9,69180.0,69922.7,259.71706608
2026-02-10 18:00:00,69922.8,69964.7,68601.6,68909.1,27210.91692231
2026-02-10 19:00:00,68906.6,69414.0,68601.6,69067.8,2399.99081175
2026-02-10 20:00:00,69068.8,69274.9,68601.6,68749.0,2068.95743199
2026-02-10 21:00:00,68761.0,69106.6,68273.8,68660.5,1045.32946472
2026-02-10 22:00:00,68660.0,68938.3,68433.2,68714.0,910.43710719
2026-02-10 23:00:00,68707.2,69089.4,68500.0,68842.9,359.31367171
2026-02-11 00:00:00,68843.0,69243.0,68619.1,69196.3,222.26919387
2026-02-11 01:00:00,69193.3,69468.0,68840.0,68978.6,158.45301037
2026-02-11 02:00:00,68984.1,69166.6,68500.0,68500.0,228.32114418
2026-02-11 03:00:00,68639.6,68900.5,67820.0,68189.0,2297.13967274
2026-02-11 04:00:00,68187.7,68400.0,67234.0,67582.1,1070.3484872
2026-02-11 05:00:00,67582.8,67820.0,67234.0,67406.9,741.75274583
2026-02-11 06:00:00,67406.9,67769.7,66500.0,66800.6,724.93647435
2026-02-11 07:00:00,66800.1,67480.0,66460.0,67040.1,282.56330239
2026-02-11 08:00:00,67039.6,67320.8,66800.0,66991.3,576.19150003
2026-02-11 09:00:00,66991.2,67140.0,66603.6,66877.0,201.29581812
2026-02-11 10:00:00,66877.7,67140.0,66270.1,66537.0,302.76020153
2026-02-11 11:00:00,66540.0,67140.0,66376.8,67068.8,1504.08713134
2026-02-11 12:00:00,67069.5,67480.0,66824.1,67135.8,6859.96662017
2026-02-11 13:00:00,67145.3,67680.0,66800.0,67455.0,601.72370083
2026-02-11 14:00:00,67455.0,68761.6,66429.7,66582.9,1619.36470714
2026-02-11 15:00:00,66585.0,66975.9,65714.2,66522.1,38982.57142393
2026-02-11 16:00:00,66522.1,67445.4,65792.3,66039.1,7868.71609425
2026-02-11 17:00:00,66039.1,67140.0,65780.0,66522.1,33212.12391124
2026-02-11 18:00:00,66522.1,67480.0,66127.9,67276.8,1046.06717684
2026-02-11 19:00:00,67276.8,67872.3,67000.0,67588.1,798.72503412
2026-02-11 20:00:00,67588.1,67820.0,67140.0,67547.2,808.22054011
2026-02-11 21:00:00,67547.2,68500.0,67234.0,67808.1,653.16755606
2026-02-11 22:00:00,67809.0,67877.4,67179.0,67420.5,288.58828648
2026-02-11 23:00:00,67421.0,67559.0,66789.0,67092.0,467.30088601
2026-02-12 00:00:00,67080.1,67699.0,66890.7,67461.9,377.3267589
2026-02-12 01:00:00,67462.0,68047.1,67244.6,67694.1,264.85943944
2026-02-12 02:00:00,67693.0,67936.7,67326.8,67437.9,13637.76780627
2026-02-12 03:00:00,67436.0,67820.0,67177.9,67588.1,189.05390868
2026-02-12 04:00:00,67588.1,67820.0,67000.0,67021.1,331.98640829
2026-02-12 05:00:00,67021.1,67437.9,66665.5,67137.0,1092.52625103
2026-02-12 06:00:00,67139.7,67480.0,66800.0,67098.7,276.85860015
2026-02-12 07:00:00,67098.7,67480.0,66800.0,67212.3,320.80379172
2026-02-12 08:00:00,67212.3,67333.0,66803.3,67140.9,214.19636107
2026-02-12 09:00:00,67140.0,67758.6,66803.3,67554.7,341.33030073
2026-02-12 10:00:00,67554.0,68160.0,67234.0,67828.9,491.94054949
2026-02-12 11:00:00,67828.5,68323.9,67516.7,68082.9,1606.9151687
2026-02-12 12:00:00,68077.7,68177.6,67480.0,67666.6,2526.31263957
2026-02-12 13:00:00,67666.6,68389.8,67351.7,68160.1,6639.1463972
2026-02-12 14:00:00,68158.8,68405.7,67311.6,67596.6,1397.36233036
2026-02-12 15:00:00,67577.0,67996.5,66914.8,67133.0,6513.01545743
2026-02-12 16:00:00,67125.0,67500.0,65500.0,65858.2,16613.84742002
2026-02-12 17:00:00,65858.2,66444.4,65294.1,65406.4,8746.51681098
2026-02-12 18:00:00,65410.1,65825.0,64795.4,65587.4,1133.51797895
2026-02-12 19:00:00,65595.0,66170.2,65000.0,65783.0,775.52920177
2026-02-12 20:00:00,65787.0,66276.5,65221.6,65410.4,719.61396617
2026-02-12 21:00:00,65429.8,66222.2,65319.1,65828.0,621.12322908
2026-02-12 22:00:00,65845.6,66644.7,65638.2,66505.8,16506.9614584
2026-02-12 23:00:00,66524.9,66525.0,66150.0,66269.0,11926.23479149
2026-02-13 00:00:00,66269.0,66525.0,65624.2,65914.1,6372.70618105
2026-02-13 01:00:00,65912.4,66803.3,65732.6,66452.0,3017.29261442
2026-02-13 02:00:00,66452.0,66860.2,66058.2,66664.0,720.83378677
2026-02-13 03:00:00,66663.5,67000.0,66276.5,66557.2,683.24181996
2026-02-13 04:00:00,66556.9,66823.4,66226.5,66335.0,2161.8667687
2026-02-13 05:00:00,66335.0,66603.6,66000.0,66185.0,198.67483757
2026-02-13 06:00:00,66185.0,66603.6,65788.6,66371.0,241.63498819
2026-02-13 07:00:00,66370.1,66605.6,66052.0,66215.8,317.23786815
2026-02-13 08:00:00,66219.4,66800.0,66000.0,66699.0,378.6772604
2026-02-13 09:00:00,66699.0,67177.9,66429.7,66964.1,313.64942843
2026-02-13 10:00:00,66964.1,67116.0,66666.6,66981.0,174.609566
2026-02-13 11:00:00,66981.0,67308.4,66601.0,67177.0,385.54246139
2026-02-13 12:00:00,67177.1,67389.8,66764.7,67085.0,1692.33792775
2026-02-13 13:00:00,67082.1,67666.6,66914.8,67273.4,3449.05438906
2026-02-13 14:00:00,67273.5,68039.2,66866.7,67730.7,2030.23174157
2026-02-13 15:00:00,67738.0,69300.0,67556.8,68688.0,868.57536343
2026-02-13 16:00:00,68688.0,69439.5,68480.9,68957.9,10797.58637574
2026-02-13 17:00:00,68957.9,69500.0,68613.4,69041.0,36938.99719741
2026-02-13 18:00:00,69041.0,69562.1,68703.0,69127.6,988.52940534
2026-02-13 19:00:00,69130.0,69332.4,68665.4,68959.4,252.43403532
2026-02-13 20:00:00,68939.8,69200.0,68510.6,68788.5,229.34384662
2026-02-13 21:00:00,68779.0,69153.1,68503.8,68907.0,2264.91497934
2026-02-13 22:00:00,68904.3,69148.9,68500.0,68999.0,85.06534031
2026-02-13 23:00:00,68999.0,69148.9,68625.0,68850.0,79.23764113
2026-02-14 00:00:00,68850.5,69153.1,68595.3,69030.0,215.08318159
2026-02-14 01:00:00,69070.4,69340.0,68665.4,68963.5,306.24637026
2026-02-14 02:00:00,68963.5,69148.9,68537.4,68876.0,171.49747733
2026-02-14 03:00:00,68876.0,69309.3,68510.6,68977.8,5006.89797376
2026-02-14 04:00:00,68976.8,69227.7,68500.0,68790.1,129.33953847
2026-02-14 05:00:00,68790.1,69187.7,68450.0,68772.1,255.79975487
2026-02-14 06:00:00,68775.0,69178.4,68450.0,68937.2,326.31391523
2026-02-14 07:00:00,68937.2,69335.1,68613.4,69208.7,1612.43227664
2026-02-14 08:00:00,69208.7,69999.9,69096.4,69747.2,4082.57837553
2026-02-14 09:00:00,69747.2,70049.0,69420.1,69712.1,260.15902274
2026-02-14 10:00:00,69712.1,69999.0,69285.7,69670.2,182.61418747
2026-02-14 11:00:00,69670.2,70744.6,69580.0,70511.1,992.81791577
2026-02-14 12:00:00,70511.0,70623.2,69519.3,69637.5,263.67300429
2026-02-14 13:00:00,69634.5,69930.6,69004.3,69473.6,51499.57052222
2026-02-14 14:00:00,69473.6,70106.3,69148.9,69710.6,272.03350665
2026-02-14 15:00:00,69711.2,70150.0,69468.0,69790.2,353.57598653
2026-02-14 16:00:00,69792.9,70106.3,69187.7,69762.8,291.86650955
2026-02-14 17:00:00,69762.8,70159.4,69460.0,69742.5,425.51624312
2026-02-14 18:00:00,69740.6,70106.3,69474.5,69774.7,192.24425135
2026-02-14 19:00:00,69774.7,69982.9,69468.0,69871.7,114.04199705
2026-02-14 20:00:00,69872.7,70136.3,69565.2,70025.1,102.59721401
2026-02-14 21:00:00,70025.1,70250.0,69494.4,69936.2,116.1884991
2026-02-14 22:00:00,69935.9,70312.5,69770.5,69969.0,276.86337961
2026-02-14 23:00:00,69968.9,70144.9,69618.2,69822.3,71.09821229
2026-02-15 00:00:00,69821.8,69999.9,69567.2,69781.0,307.84144015
2026-02-15 01:00:00,69779.9,70165.2,69334.9,69713.0,456.83593596
2026-02-15 02:00:00,69713.0,69761.9,69089.4,69489.0,209.87134699
2026-02-15 03:00:00,69484.4,69990.0,69216.9,69951.1,438.87402685
2026-02-15 04:00:00,69953.0,70631.5,69868.7,70186.0,431.83479314
2026-02-15 05:00:00,70185.9,70656.8,69971.2,70265.0,239.62974436
2026-02-15 06:00:00,70267.1,70740.0,70049.0,70399.8,127.29385432
2026-02-15 07:00:00,70399.8,71000.0,70106.3,70824.1,2480.10188479
2026-02-15 08:00:00,70823.1,71104.2,70000.0,70437.0,9000.83031803
2026-02-15 09:00:00,70437.0,70800.0,70191.0,70418.1,9025.45503653
2026-02-15 10:00:00,70418.1,70572.9,70191.0,70425.9,9741.04285033
2026-02-15 11:00:00,70425.9,70528.6,70191.0,70295.0,23450.81827915
2026-02-15 12:00:00,70294.1,70712.2,69317.0,69323.0,878.75429616
2026-02-15 13:00:00,69323.0,69787.2,68706.5,68934.1,318.34308414
2026-02-15 14:00:00,68934.1,69435.8,68703.0,69171.0,208.16467711
2026-02-15 15:00:00,69171.2,69468.0,68706.5,69095.4,356.38232996
2026-02-15 16:00:00,69096.0,69375.0,68613.4,69043.7,5928.97380538
2026-02-15 17:00:00,69043.7,69253.5,68250.0,68637.5,127136.85895664
2026-02-15 18:00:00,68637.5,68888.8,68266.9,68450.0,584.89583975
2026-02-15 19:00:00,68450.0,68562.5,67884.1,68295.0,5569.2697447
2026-02-15 20:00:00,68294.8,68706.5,68000.0,68450.2,120.49512997
2026-02-15 21:00:00,68451.4,68971.1,68414.9,68854.4,89.51881547
2026-02-15 22:00:00,68851.2,69253.5,68510.6,68989.2,143.43569197
2026-02-15 23:00:00,68996.5,69089.4,68168.2,68837.9,376.44724131
2026-02-16 00:00:00,68838.2,69200.5,68510.6,68849.0,42088.65874755
2026-02-16 01:00:00,68849.0,69071.2,68405.7,68635.0,139.82356815
2026-02-16 02:00:00,68634.9,68900.5,68253.7,68329.0,38329.62518067
2026-02-16 03:00:00,68339.0,68706.5,67936.7,68426.9,162.01123339
2026-02-16 04:00:00,68426.5,69168.4,68273.8,68872.4,261.4025983
2026-02-16 05:00:00,68871.0,68902.4,68087.0,68387.1,162.06973704
2026-02-16 06:00:00,68387.0,68636.9,68117.6,68456.8,144.17369605
2026-02-16 07:00:00,68451.8,68829.7,68191.4,68593.3,204.40817132
2026-02-16 08:00:00,68592.5,69071.2,68315.7,68766.0,115.48535769
2026-02-16 09:00:00,68765.8,69089.4,68508.5,68994.9,156.96627733
2026-02-16 10:00:00,68994.4,69111.9,68688.0,68797.4,109.7787577
2026-02-16 11:00:00,68797.4,69093.1,68312.2,68818.1,576.93774744
2026-02-16 12:00:00,68813.9,69855.0,68717.8,69751.9,375.87931461
2026-02-16 13:00:00,69761.8,70106.3,68159.5,68403.8,693.94122503
2026-02-16 14:00:00,68402.1,68800.0,68124.9,68428.3,278.07807875
2026-02-16 15:00:00,68427.8,68619.1,67234.0,67536.0,21070.80122576
2026-02-16 16:00:00,67535.1,67977.2,67512.3,67893.7,5327.72322698
2026-02-16 17:00:00,67892.1,68341.8,67605.1,67950.8,215.53834557
2026-02-16 18:00:00,67948.5,68295.3,67612.5,67863.0,159.00090957
2026-02-16 19:00:00,67861.8,68326.3,67652.5,67916.5,132.29602653
2026-02-16 20:00:00,67915.2,68550.0,67794.8,68526.0,174.5588893
2026-02-16 21:00:00,68525.6,68934.8,68132.5,68864.7,163.34172638
2026-02-16 22:00:00,68863.1,68892.0,68500.0,68591.3,293.25200317
2026-02-16 23:00:00,68592.1,68983.8,68510.6,68893.7,90.16226589
2026-02-17 00:00:00,68895.1,69071.2,68578.9,68884.9,161.26808185
2026-02-17 01:00:00,68884.9,69153.0,68566.5,68620.0,96.86321427
2026-02-17 02:00:00,68613.2,69253.5,68400.0,68836.1,149.5211944
2026-02-17 03:00:00,68836.0,69071.2,68326.3,68476.1,120.41289718
2026-02-17 04:00:00,68476.1,68895.1,68080.0,68486.2,282.74853872
2026-02-17 05:00:00,68486.2,68744.0,67826.0,68242.0,17224.33193167
2026-02-17 06:00:00,68242.0,68659.8,67972.9,68405.9,219.88793249
2026-02-17 07:00:00,68405.9,68665.4,68000.0,68383.1,314.12291555
2026-02-17 08:00:00,68387.0,68740.0,68000.0,68178.9,202.51138478
2026-02-17 09:00:00,68178.3,68318.8,67752.1,68127.0,175.145864
2026-02-17 10:00:00,68125.6,68334.9,67700.0,67847.9,151.41582756
2026-02-17 11:00:00,67847.9,68159.5,67612.5,67857.3,148.78064872
2026-02-17 12:00:00,67855.1,68326.3,67688.1,67920.8,214.36081041
2026-02-17 13:00:00,67920.8,68400.0,67685.6,68142.8,167.62640686
2026-02-17 14:00:00,68142.6,68342.9,66536.8,66874.5,363.48032007
2026-02-17 15:00:00,66880.0,67430.1,66595.7,67386.3,374.46058017
2026-02-17 16:00:00,67398.0,68150.0,67070.3,67517.4,2543.65909947
2026-02-17 17:00:00,67520.0,67794.8,66883.1,67241.2,181.49601457
2026-02-17 18:00:00,67241.2,68213.3,67065.5,68096.0,179.38731225
2026-02-17 19:00:00,68093.8,68295.9,67664.6,67805.7,134.24074837
2026-02-17 20:00:00,67801.0,67936.7,67445.4,67811.8,74.51354783
2026-02-17 21:00:00,67810.8,67936.7,67247.8,67680.0,80.02598948
2026-02-17 22:00:00,67680.0,67977.2,67363.6,67533.4,150.65352894
2026-02-17 23:00:00,67531.2,67620.0,67235.2,67511.9,117.49451424
2026-02-18 00:00:00,67509.0,67936.7,67100.0,67297.0,159.84861251
2026-02-18 01:00:00,67297.9,67536.2,66857.3,67163.4,173.6134794
2026-02-18 02:00:00,67163.4,67500.9,67001.0,67334.9,204.35234283
2026-02-18 03:00:00,67335.0,67700.0,67120.9,67626.3,237.64703779
2026-02-18 04:00:00,67627.6,67902.3,67430.1,67823.0,117.69528155
2026-02-18 05:00:00,67824.0,68000.0,67445.4,67643.0,150.96724133
2026-02-18 06:00:00,67643.0,68272.7,67601.0,67844.0,158.78073807
2026-02-18 07:00:00,67844.0,68334.9,67600.0,68113.1,146.12550286
2026-02-18 08:00:00,68113.1,68500.0,67875.0,68129.1,161.25949458
2026-02-18 09:00:00,68129.1,68461.5,67872.3,68156.1,154.55602438
2026-02-18 10:00:00,68156.1,68341.8,67612.5,67800.3,112.17416408
2026-02-18 11:00:00,67800.8,67809.2,67065.5,67372.7,154.15246146
2026-02-18 12:00:00,67374.0,67872.3,67200.0,67467.8,323.92449855
2026-02-18 13:00:00,67468.6,67850.0,67018.0,67241.0,342.57732798
2026-02-18 14:00:00,67241.0,67465.0,66603.6,67223.0,418.18294062
2026-02-18 15:00:00,67223.6,68341.5,67177.9,67695.9,264.32332431
2026-02-18 16:00:00,67695.9,67725.0,66914.8,67143.3,231.82051132
2026-02-18 17:00:00,67143.8,67556.8,66803.3,67180.9,394.40242007
2026-02-18 18:00:00,67182.2,67229.7,66153.8,66373.7,258.12858863
2026-02-18 19:00:00,66372.7,66616.9,65789.1,66181.3,372.19029336
2026-02-18 20:00:00,66181.4,66700.8,65988.0,66274.5,153.8916638
2026-02-18 21:00:00,66275.6,66595.7,66111.1,66340.1,84.68153525
2026-02-18 22:00:00,66340.5,66666.6,66153.8,66405.4,488.49315782
2026-02-18 23:00:00,66405.4,66803.3,66058.2,66472.0,145.78195677
2026-02-19 00:00:00,66465.5,66617.0,66276.5,66450.1,13596.9926397
2026-02-19 01:00:00,66450.1,67065.5,66429.7,66865.7,104.16084544
2026-02-19 02:00:00,66865.7,67189.8,66531.5,66842.0,274.6946791
2026-02-19 03:00:00,66842.1,67065.5,66603.6,66980.1,105.03081965
2026-02-19 04:00:00,66980.9,67177.9,66661.7,66809.8,205.94779976
2026-02-19 05:00:00,66809.8,67107.6,66490.9,66878.0,872.32813246
2026-02-19 06:00:00,66878.0,67412.9,66700.8,67154.0,163.93471808
2026-02-19 07:00:00,67154.1,67459.2,66883.1,67214.1,129.8257892
2026-02-19 08:00:00,67209.8,67445.4,66800.0,66964.8,222.10474043
2026-02-19 09:00:00,66970.2,67231.8,66699.2,66849.0,168.13077216
2026-02-19 10:00:00,66849.0,67200.0,66603.6,66848.7,491.16487959
2026-02-19 11:00:00,66848.7,67179.0,66429.7,66507.7,142.79516911
2026-02-19 12:00:00,66508.8,66803.3,66316.5,66528.3,3458.33248446
2026-02-19 13:00:00,66528.3,66883.1,65750.0,66113.8,3821.70561739
2026-02-19 14:00:00,66113.9,66666.0,65900.0,66428.7,15238.99831687
2026-02-19 15:00:00,66428.7,66752.6,66000.0,66407.1,1043.84848021
2026-02-19 16:00:00,66407.1,66761.8,65959.7,66300.9,3100.05834383
2026-02-19 17:00:00,66301.6,67107.0,66153.8,66375.5,190.80274339
2026-02-19 18:00:00,66376.6,67180.5,66199.9,67043.3,11166.32316539
2026-02-19 19:00:00,67037.0,67234.0,66666.6,67054.3,115.64181891
2026-02-19 20:00:00,67054.3,67300.0,66803.3,67124.2,109.917254
2026-02-19 21:00:00,67124.2,67234.0,66754.2,66925.3,61.65307585
2026-02-19 22:00:00,66925.3,67072.0,66595.7,66917.7,70.20104673
2026-02-19 23:00:00,66917.0,67058.8,66603.6,66999.9,228.6501079
2026-02-20 00:00:00,66999.9,67529.3,66779.6,67228.3,185.30668584
2026-02-20 01:00:00,67228.3,67553.1,66914.8,67282.1,155.86057097
2026-02-20 02:00:00,67282.1,67556.8,66914.8,67242.6,123.85624036
2026-02-20 03:00:00,67242.6,67635.0,66914.8,67364.4,214.81609673
2026-02-20 04:00:00,67362.0,67635.0,67031.2,67263.0,140.29253469
2026-02-20 05:00:00,67262.3,68191.4,67175.0,67787.1,164.08439121
2026-02-20 06:00:00,67787.1,67936.7,67516.7,67839.8,117.14582526
2026-02-20 07:00:00,67839.8,68159.5,67465.0,67823.7,165.83539679
2026-02-20 08:00:00,67823.7,68039.2,67600.0,67884.4,87.65718736
2026-02-20 09:00:00,67884.4,68496.3,67859.6,68212.9,483.64250162
2026-02-20 10:00:00,68212.9,68510.6,67794.2,67945.9,266.0269241
2026-02-20 11:00:00,67946.0,68115.9,67247.8,67328.7,205.07590623
2026-02-20 12:00:00,67328.7,67664.6,66999.0,67543.9,6631.46494645
2026-02-20 13:00:00,67543.9,67546.3,66424.6,66817.0,2412.12894743
2026-02-20 14:00:00,66816.0,67305.1,66666.6,67071.8,282.01999712
2026-02-20 15:00:00,67077.0,68076.0,66563.9,67582.0,1770.39937405
2026-02-20 16:00:00,67579.3,67977.2,67134.6,67794.0,276.3201023
2026-02-20 17:00:00,67795.9,68000.0,66824.1,67614.8,287.05304778
2026-02-20 18:00:00,67614.8,68000.0,67381.8,67930.0,227.73434989
2026-02-20 19:00:00,67930.0,68000.0,67445.4,67645.0,124.90900035
2026-02-20 20:00:00,67645.4,68079.7,67411.7,67754.1,220.95954821
2026-02-20 21:00:00,67753.0,68079.7,67430.1,67824.0,128.38991439
2026-02-20 22:00:00,67824.0,68200.0,67465.0,68084.6,112.18892882
2026-02-20 23:00:00,68080.1,68273.8,67752.1,68014.1,125.61677921
2026-02-21 00:00:00,68014.1,68166.6,67670.0,67837.7,85.03080189
2026-02-21 01:00:00,67837.7,68318.8,67788.4,67954.2,68.39205343
2026-02-21 02:00:00,67954.7,68159.5,67612.5,68003.6,158.69766043
2026-02-21 03:00:00,68003.6,68003.8,67426.1,67673.9,142.9869443
2026-02-21 04:00:00,67673.9,67906.1,67500.0,67822.1,105.51251688
2026-02-21 05:00:00,67822.1,68008.0,67534.6,67860.8,184.09378039
2026-02-21 06:00:00,67860.8,68117.6,67740.3,67796.1,1506.83620497
2026-02-21 07:00:00,67796.1,68118.0,67600.0,67859.6,176.82788324
2026-02-21 08:00:00,67859.0,68080.8,67612.5,68053.1,119.63617835
2026-02-21 09:00:00,68053.1,68350.0,67794.8,68141.4,200.30281372
2026-02-21 10:00:00,68142.0,68500.0,67872.3,68216.6,261.87623333
2026-02-21 11:00:00,68216.0,68500.0,67872.3,68092.9,303.04694823
2026-02-21 12:00:00,68092.9,68400.0,67627.4,68209.1,284.08097395
2026-02-21 13:00:00,68209.1,68500.0,67872.3,68257.5,190.30515561
2026-02-21 14:00:00,68257.4,68622.0,68000.0,68446.9,2027.55283898
2026-02-21 15:00:00,68447.0,68888.8,68200.0,68615.6,321.98466172
2026-02-21 16:00:00,68615.1,68661.5,68000.0,68328.1,917.47265928
2026-02-21 17:00:00,68333.4,68500.0,67892.6,68444.7,252.46221227
2026-02-21 18:00:00,68443.0,68829.7,68159.5,68580.5,173.88124101
2026-02-21 19:00:00,68580.6,68855.1,68304.8,68550.0,108.02267763
2026-02-21 20:00:00,68554.5,68800.5,68220.4,68222.1,10479.04118504
2026-02-21 21:00:00,68222.0,68491.4,68159.5,68393.0,2433.13543276
2026-02-21 22:00:00,68393.0,68500.0,67853.3,67975.9,110.18101603
2026-02-21 23:00:00,67976.0,68159.5,67853.3,67998.8,49.01608771
2026-02-22 00:00:00,67979.0,68273.8,67700.0,67948.0,154.89590049
2026-02-22 01:00:00,67948.0,68304.8,67700.0,68159.5,134.18331663
2026-02-22 02:00:00,68159.5,68341.8,67794.8,67914.9,189.22555556
2026-02-22 03:00:00,67914.9,68191.4,67700.0,68048.0,124.27789947
2026-02-22 04:00:00,68048.5,68150.0,67752.1,67985.2,72.59981351
2026-02-22 05:00:00,67985.2,68252.6,67700.0,67984.3,1034.54455408
2026-02-22 06:00:00,67984.3,68341.8,67826.0,68046.0,1281.50738448
2026-02-22 07:00:00,68045.9,68191.4,67700.0,68008.9,112.06959834
2026-02-22 08:00:00,68008.9,68222.9,67700.0,67957.9,159.65798577
2026-02-22 09:00:00,67958.0,68334.9,67700.0,68061.2,294.44910154
2026-02-22 10:00:00,68061.3,68416.6,67863.3,68132.1,145.11251063
2026-02-22 11:00:00,68132.5,68461.5,67903.8,68217.1,115.28465368
2026-02-22 12:00:00,68217.1,68341.8,67700.0,67933.6,183.20763095
2026-02-22 13:00:00,67933.6,68159.5,67510.6,67654.0,159.5888848
2026-02-22 14:00:00,67653.9,67977.2,67142.8,67445.1,217.81672136
2026-02-22 15:00:00,67445.1,67894.7,67078.1,67691.3,343.85174125
2026-02-22 16:00:00,67691.3,67859.6,67234.0,67631.0,123.35954824
2026-02-22 17:00:00,67631.9,67936.7,67065.5,67380.8,271.0025222
2026-02-22 18:00:00,67381.9,67698.0,67065.5,67419.0,201.07243312
2026-02-22 19:00:00,67416.1,67612.5,67238.3,67425.7,67.10541995
2026-02-22 20:00:00,67425.7,67700.0,67065.5,67398.0,120.5000946
2026-02-22 21:00:00,67398.0,67700.0,67246.3,67606.1,43.53246187
2026-02-22 22:00:00,67606.1,67750.0,67333.3,67666.6,49.01864733
2026-02-22 23:00:00,67666.6,67725.1,67363.6,67637.1,75.39707521
2026-02-23 00:00:00,67637.1,67872.3,66705.8,66735.0,241.97427021
2026-02-23 01:00:00,66735.0,66814.5,64131.8,64429.7,16207.94557484
2026-02-23 02:00:00,64429.6,64955.0,64131.8,64786.0,329.50694166
2026-02-23 03:00:00,64786.0,65242.1,64512.8,64935.1,544.46461723
2026-02-23 04:00:00,64935.1,65283.6,64600.0,64812.2,11241.98639383
2026-02-23 05:00:00,64812.2,65321.4,64695.1,65066.6,292.24060894
2026-02-23 06:00:00,65066.6,66000.0,64960.2,65758.3,277.82057889
2026-02-23 07:00:00,65758.3,66040.4,65531.9,65959.8,206.03109322
2026-02-23 08:00:00,65959.0,66170.2,65319.1,65677.0,341.09032546
2026-02-23 09:00:00,65676.8,66460.7,65424.5,66410.5,286.0980804
2026-02-23 10:00:00,66410.5,66603.6,65957.4,66323.0,557.19066344
2026-02-23 11:00:00,66323.0,66683.7,65837.0,66211.8,1520.46058539
2026-02-23 12:00:00,66211.8,66753.0,65744.6,66280.0,711.62601074
2026-02-23 13:00:00,66279.0,66603.6,66000.0,66133.0,839.418821
2026-02-23 14:00:00,66133.8,66519.4,65556.0,65924.8,317.00511142
2026-02-23 15:00:00,65924.5,66226.5,65531.9,65658.1,246.27417915
2026-02-23 16:00:00,65658.1,65797.1,65059.8,65356.4,592.07164654
2026-02-23 17:00:00,65366.0,65626.9,64014.8,64801.4,1624.73594563
2026-02-23 18:00:00,64807.8,65200.0,64584.2,64627.8,410.37839344
2026-02-23 19:00:00,64628.0,64880.9,63947.3,64290.1,359.97252186
2026-02-23 20:00:00,64290.1,64593.8,63680.0,64477.9,391.66659826
2026-02-23 21:00:00,64475.8,64927.5,64244.1,64584.7,323.54019878
2026-02-23 22:00:00,64584.7,65048.9,64555.6,64727.9,67.57926942
2026-02-23 23:00:00,64727.9,64999.9,64338.9,64658.1,98.72238293
2026-02-24 00:00:00,64658.1,65168.0,64537.4,64944.0,148.29265509
2026-02-24 01:00:00,64943.8,65000.0,63402.3,64161.4,396.85609131
2026-02-24 02:00:00,64161.0,64592.8,63829.7,64114.6,315.02967002
2026-02-24 03:00:00,64111.0,64306.7,63355.4,63593.0,349.6594732
2026-02-24 04:00:00,63593.0,63649.9,62598.0,63381.1,6903.37971884
2026-02-24 05:00:00,63381.1,63601.1,62500.0,63104.1,11683.46670453
2026-02-24 06:00:00,63104.1,63510.5,62869.4,63081.2,629.5264774
2026-02-24 07:00:00,63082.0,63515.1,62871.1,63207.0,321.18027163
2026-02-24 08:00:00,63205.3,63681.5,62871.7,63390.1,9301.32611967
2026-02-24 09:00:00,63390.0,63601.1,62765.9,63250.5,4101.51900122
2026-02-24 10:00:00,63250.0,63445.3,62884.6,63282.1,286.99246957
2026-02-24 11:00:00,63282.1,63418.8,62806.7,63226.0,362.5265034
2026-02-24 12:00:00,63226.1,63515.1,62818.1,62971.1,249.04371646
2026-02-24 13:00:00,62969.8,63191.4,62318.8,62906.1,368.22319906
2026-02-24 14:00:00,62906.1,63828.1,62689.4,63455.0,760.37788762
2026-02-24 15:00:00,63454.1,64025.2,63236.4,63972.4,461.97777858
2026-02-24 16:00:00,63972.4,64420.1,63515.1,64267.6,697.14946497
2026-02-24 17:00:00,64267.6,64695.1,64042.5,64358.3,687878.50807919
2026-02-24 18:00:00,64358.3,64700.0,64330.4,64477.9,477682.19509313
2026-02-24 19:00:00,64468.9,64760.7,64364.5,64482.0,601539.42366581
2026-02-24 20:00:00,64471.6,64695.1,64374.3,64458.4,240691.21729512
2026-02-24 21:00:00,64468.7,64468.7,63847.7,64039.1,23893.31211432
2026-02-24 22:00:00,64039.1,64468.0,63875.8,64116.1,4455.71051651
2026-02-24 23:00:00,64120.0,64333.3,63849.0,64057.6,7096.74650297
2026-02-25 00:00:00,64057.6,64313.7,63851.0,64218.3,253.3197384
2026-02-25 01:00:00,64218.3,66316.5,64019.6,65896.9,774.04176337
2026-02-25 02:00:00,65896.8,66349.1,65600.0,65880.1,421.15251319
2026-02-25 03:00:00,65880.1,65971.5,65200.0,65397.8,558.16105599
2026-02-25 04:00:00,65397.8,65721.5,65106.3,65465.9,209.9691208
2026-02-25 05:00:00,65466.2,65531.9,64729.7,64882.8,223.87636804
2026-02-25 06:00:00,64882.8,65210.4,64680.8,64896.1,196.10379395
2026-02-25 07:00:00,64896.1,65402.0,64680.8,65027.0,370.89639645
2026-02-25 08:00:00,65027.0,65714.2,64695.1,65527.9,266.33779588
2026-02-25 09:00:00,65527.0,65809.4,65203.8,65553.8,339.86214966
2026-02-25 10:00:00,65554.1,65786.8,65055.1,65393.0,383.9139351
2026-02-25 11:00:00,65393.8,65500.0,65033.9,65422.1,5699.40267712
2026-02-25 12:00:00,65423.1,66500.0,65329.9,66500.0,101058.40266706
2026-02-25 13:00:00,66500.0,66900.0,66020.4,66236.0,77857.26393382
2026-02-25 14:00:00,66236.0,66999.9,66058.2,66969.0,598.46249087
2026-02-25 15:00:00,66966.0,67647.0,66730.9,67405.9,24617.03374561
2026-02-25 16:00:00,67403.1,68334.9,67179.0,68290.7,6607.67622278
2026-02-25 17:00:00,68291.6,69218.0,68000.0,68676.0,692.27333389
2026-02-25 18:00:00,68676.0,69580.3,68334.9,69328.0,907.78067743
2026-02-25 19:00:00,69328.0,69405.0,68706.5,69031.7,1993.80216241
2026-02-25 20:00:00,69031.7,69415.1,68642.6,69146.7,24814.33309524
2026-02-25 21:00:00,69146.7,69901.6,68784.0,68919.8,16469.19790708
2026-02-25 22:00:00,68917.1,69309.3,68084.3,68464.1,38429.26707875
2026-02-25 23:00:00,68464.1,68693.6,67612.5,67990.0,23659.82866209
2026-02-26 00:00:00,67990.0,68534.8,67727.2,68352.0,337.02470247
2026-02-26 01:00:00,68339.1,68706.5,67936.7,68251.5,296.60381575
2026-02-26 02:00:00,68251.5,68400.0,67799.2,68255.7,19329.34061721
2026-02-26 03:00:00,68255.7,68564.7,67908.7,68217.1,179.0726092
2026-02-26 04:00:00,68217.1,68912.7,68159.5,68573.5,398.28381576
2026-02-26 05:00:00,68570.0,68769.3,67963.6,68454.0,567.77362996
2026-02-26 06:00:00,68453.5,68625.0,67999.9,68180.4,199.64575799
2026-02-26 07:00:00,68180.4,68365.0,67817.5,67827.3,14624.91768559
2026-02-26 08:00:00,67827.3,68233.9,67819.2,67952.0,19446.37439396
2026-02-26 09:00:00,67952.0,68695.6,67925.0,68581.0,1890.56225645
2026-02-26 10:00:00,68581.0,68744.0,68039.2,68300.1,642.30765141
2026-02-26 11:00:00,68300.1,68625.0,68024.6,68042.5,184.87745935
2026-02-26 12:00:00,68042.5,68348.5,67992.5,68177.3,42466.89940524
2026-02-26 13:00:00,68177.3,68326.3,67868.7,67906.1,13986.39094839
2026-02-26 14:00:00,67906.1,68326.3,67287.4,67699.4,45023.24652119
2026-02-26 15:00:00,67697.1,67794.8,66808.5,67380.0,49899.66478643
2026-02-26 16:00:00,67380.0,67737.8,66550.0,66645.8,49980.93479254
2026-02-26 17:00:00,66640.0,67107.6,66562.6,66836.1,262.82653484
2026-02-26 18:00:00,66830.4,67430.1,66562.6,67307.5,282.06808401
2026-02-26 19:00:00,67307.5,67872.3,67292.8,67594.8,18001.29362727
2026-02-26 20:00:00,67594.8,67888.0,67292.4,67413.1,40479.15368524
2026-02-26 21:00:00,67415.9,67708.1,67155.6,67462.8,14131.87962659
2026-02-26 22:00:00,67463.8,67659.5,67234.0,67571.0,109.08435135
2026-02-26 23:00:00,67570.9,67888.0,67155.6,67483.0,384.1505257
2026-02-27 00:00:00,67483.0,67553.0,67038.8,67224.0,9559.75558327
2026-02-27 01:00:00,67223.3,67465.0,66887.7,67349.7,10314.61916451
2026-02-27 02:00:00,67349.7,67724.2,67115.3,67262.0,195.03395654
2026-02-27 03:00:00,67261.8,67708.1,67010.1,67596.4,209.0582557
2026-02-27 04:00:00,67596.3,68254.8,67446.8,67738.5,13873.57776585
2026-02-27 05:00:00,67740.0,68159.5,67670.8,67716.5,28484.33459401
2026-02-27 06:00:00,67716.5,68000.0,67523.9,67652.5,18688.06476728
2026-02-27 07:00:00,67651.9,67936.7,67463.5,67682.0,14907.73353396
2026-02-27 08:00:00,67681.5,68233.9,67620.0,67921.6,259.57051977
2026-02-27 09:00:00,67917.2,68233.9,67295.0,67477.0,11239.3069962
2026-02-27 10:00:00,67477.0,67545.4,66595.7,66613.8,53810.64267346
2026-02-27 11:00:00,66613.9,66890.7,65982.4,66125.9,52181.39674887
2026-02-27 12:00:00,66126.0,66316.5,65751.3,65932.2,22537.83489034
2026-02-27 13:00:00,65932.2,66362.2,65670.5,66279.1,9703.06905478
2026-02-27 14:00:00,66279.0,66518.5,65714.2,65899.7,9679.63131329
2026-02-27 15:00:00,65892.3,66400.0,65780.4,66103.0,357.43671843
2026-02-27 16:00:00,66100.6,66369.0,65471.0,65476.7,46164.83107195
2026-02-27 17:00:00,65477.7,65880.4,65134.7,65707.8,48267.7896063
2026-02-27 18:00:00,65708.8,66000.0,65236.1,65320.4,296.46046913
2026-02-27 19:00:00,65318.4,65531.9,65138.8,65397.5,161.32068035
2026-02-27 20:00:00,65397.5,65789.1,65242.1,65598.0,242.19244201
2026-02-27 21:00:00,65598.0,65789.1,65321.4,65529.5,113.52567971
2026-02-27 22:00:00,65529.5,65718.5,65090.4,65651.0,2336.74779057
2026-02-27 23:00:00,65650.1,66153.8,65455.2,65873.2,189.73700389
2026-02-28 00:00:00,65873.2,66086.9,65688.7,65942.6,93.5450572
2026-02-28 01:00:00,65942.6,66129.0,65606.8,65788.6,147.84053567
2026-02-28 02:00:00,65781.2,66015.5,65600.0,65960.5,104.23576081
2026-02-28 03:00:00,65960.5,66053.7,65659.7,65795.4,450.30093964
2026-02-28 04:00:00,65794.5,66000.0,65413.8,65663.5,208.03056879
2026-02-28 05:00:00,65663.5,65843.4,65319.1,65588.4,123.11778554
2026-02-28 06:00:00,65588.1,65606.8,63145.2,63220.3,112804.433314
2026-02-28 07:00:00,63219.7,64555.3,63121.2,63924.7,21377.93227016
2026-02-28 08:00:00,64037.0,64116.5,63357.5,63479.0,638.18222403
2026-02-28 09:00:00,63478.4,63965.8,63357.5,63660.0,8635.83307679
2026-02-28 10:00:00,63653.0,64231.5,63484.4,64004.4,4167.75121552
2026-02-28 11:00:00,64004.4,64412.1,63768.1,63840.2,331.69496121
2026-02-28 12:00:00,63839.7,64333.3,63723.6,64012.0,351.71435427
2026-02-28 13:00:00,64013.6,65211.5,63829.7,65113.3,21129.98403227
2026-02-28 14:00:00,65110.2,65531.9,64255.3,64428.7,755.98801416
2026-02-28 15:00:00,64432.8,65059.8,64119.8,64837.1,480.87684688
2026-02-28 16:00:00,64837.0,65194.7,64572.3,65094.4,391.30864208
2026-02-28 17:00:00,65094.4,65476.7,64680.8,65442.2,263.77725953
2026-02-28 18:00:00,65442.5,66202.8,65142.3,65910.9,278.77199483
2026-02-28 19:00:00,65907.6,66647.1,65481.4,66353.0,481.56756088
2026-02-28 20:00:00,66353.9,67179.0,66086.9,66956.3,388.02442151
2026-02-28 21:00:00,66950.5,67014.7,66185.1,66723.0,212.14860852
2026-02-28 22:00:00,66723.0,67739.6,66409.9,67113.1,289.55273236
2026-02-28 23:00:00,67120.0,67211.0,66544.5,66972.0,183.37610067
2026-03-01 00:00:00,66969.1,67115.3,66376.8,66794.5,294.11873756
2026-03-01 01:00:00,66789.1,67763.1,66012.6,67344.1,298.43059554
2026-03-01 02:00:00,67343.5,68171.0,67334.1,67622.2,17062.79299494
2026-03-01 03:00:00,67645.3,67925.8,67400.0,67505.0,22448.75204613
2026-03-01 04:00:00,67504.1,67892.6,67091.0,67346.8,28142.02289912
2026-03-01 05:00:00,67344.0,67682.1,67091.0,67295.2,303.18967117
2026-03-01 06:00:00,67295.2,67430.1,66813.1,66924.0,43918.46267051
2026-03-01 07:00:00,66923.7,67247.8,66780.0,67140.0,16005.54152658
2026-03-01 08:00:00,67139.5,67430.1,66484.0,66559.6,14591.65616757
2026-03-01 09:00:00,66559.6,66808.5,66260.8,66411.7,26488.97082715
2026-03-01 10:00:00,66412.0,66826.1,66265.7,66465.6,2590.17916855
2026-03-01 11:00:00,66467.5,66913.4,66271.7,66468.6,206.35129998
2026-03-01 12:00:00,66468.6,66808.5,66250.5,66250.6,2164.11468479
2026-03-01 13:00:00,66296.2,67314.8,66153.8,66944.5,6277.27297404
2026-03-01 14:00:00,66944.5,67300.5,66595.7,66873.6,636.36002932
2026-03-01 15:00:00,66870.6,67247.8,66603.6,66820.6,278.40377043
2026-03-01 16:00:00,66842.0,67328.6,65931.0,66132.0,9393.05340237
2026-03-01 17:00:00,66140.0,66429.7,65752.0,65983.9,47876.8007413
2026-03-01 18:00:00,65983.9,66643.8,65945.8,66318.6,31649.42872224
2026-03-01 19:00:00,66318.6,66595.7,65816.7,65960.5,39730.38390601
2026-03-01 20:00:00,65960.1,66153.8,65107.5,65290.1,61311.48672255
2026-03-01 21:00:00,65290.4,65971.5,65282.5,65669.7,267.94005774
2026-03-01 22:00:00,65669.7,66382.9,65083.7,65261.6,5961.87014346
2026-03-01 23:00:00,65262.9,66086.9,65167.3,65769.8,263.49910425
2026-03-02 00:00:00,65771.3,66885.5,65666.6,66514.1,422.89611247
2026-03-02 01:00:00,66516.1,67065.5,66262.5,66533.9,360.46062639
2026-03-02 02:00:00,66533.9,66824.1,65880.5,66279.5,333.0745457
2026-03-02 03:00:00,66283.6,67179.0,66058.2,66820.0,420.31448472
2026-03-02 04:00:00,66821.9,67142.8,66544.5,66855.8,147.78414902
2026-03-02 05:00:00,66855.8,67000.0,66400.8,66731.5,212.57885219
2026-03-02 06:00:00,66731.5,66890.7,65957.4,66207.1,301.14436388
2026-03-02 07:00:00,66206.5,66207.0,65531.9,66002.4,207.73783366
2026-03-02 08:00:00,66006.2,66429.7,65625.0,66286.2,236.79891711
2026-03-02 09:00:00,66287.4,66705.0,66052.6,66173.6,228.0097748
2026-03-02 10:00:00,66171.5,66544.5,65971.5,66320.0,196.08565429
2026-03-02 11:00:00,66320.0,66595.7,65981.2,66371.2,179.50691032
2026-03-02 12:00:00,66364.0,66690.7,65880.5,65970.0,216.7163006
2026-03-02 13:00:00,65969.4,66153.8,65373.0,65448.6,38416.00230294
2026-03-02 14:00:00,65449.1,67247.8,65319.1,67168.4,15475.76602762
2026-03-02 15:00:00,67169.3,69600.0,66890.7,69114.0,1337.20047779
2026-03-02 16:00:00,69114.0,70059.8,68813.5,69435.3,51018.93466679
2026-03-02 17:00:00,69435.3,69761.9,68804.1,69189.4,21524.55799371
2026-03-02 18:00:00,69192.9,69309.3,68741.7,68878.4,2565.87715785
2026-03-02 19:00:00,68878.5,69210.5,68613.4,68958.2,14411.04092864
2026-03-02 20:00:00,68960.0,69487.9,68580.6,69117.9,3014.97981192
2026-03-02 21:00:00,69117.6,69516.4,69000.0,69402.2,10484.28428281
2026-03-02 22:00:00,69406.5,69532.7,69154.4,69430.7,4103.70990571
2026-03-02 23:00:00,69434.5,69574.4,68748.0,68830.6,34056.85185547
2026-03-03 00:00:00,68832.2,69187.7,68673.4,69084.1,17246.0573764
2026-03-03 01:00:00,69082.5,69474.8,68743.9,68754.0,17500.55568591
2026-03-03 02:00:00,68754.0,68942.8,68318.4,68511.5,34335.8541864
2026-03-03 03:00:00,68510.9,68765.0,68246.5,68369.5,8033.42303118
2026-03-03 04:00:00,68371.5,68617.0,68050.0,68123.5,30318.87621461
2026-03-03 05:00:00,68123.1,68613.4,67854.0,67951.2,23866.86640488
2026-03-03 06:00:00,67951.0,68297.8,67805.9,68105.2,36387.69640949
2026-03-03 07:00:00,68103.9,68480.9,67892.6,68167.1,368.22581934
2026-03-03 08:00:00,68168.6,68355.5,66903.0,66999.5,77997.50331575
2026-03-03 09:00:00,67000.0,67340.4,66410.2,66654.6,26725.88546134
2026-03-03 10:00:00,66653.1,67031.2,66445.0,66861.0,562.42528057
2026-03-03 11:00:00,66859.0,67266.4,66666.6,67035.5,295.61883089
2026-03-03 12:00:00,67031.5,67968.7,67031.2,67389.5,443.0738098
2026-03-03 13:00:00,67389.5,67555.0,66504.4,66929.5,302.18642883
2026-03-03 14:00:00,66927.8,67569.5,66324.8,66572.4,11232.25773614
2026-03-03 15:00:00,66572.4,67859.6,66396.8,67722.3,758.09215753
2026-03-03 16:00:00,67722.2,69000.0,67438.8,68162.9,893.62070013
2026-03-03 17:00:00,68162.9,68576.9,67632.4,68314.5,421.34839572
2026-03-03 18:00:00,68313.3,68921.6,67925.8,68629.0,273.41523623
2026-03-03 19:00:00,68629.7,69002.5,68297.8,68431.2,378.81193497
2026-03-03 20:00:00,68431.9,68625.0,68000.0,68255.7,249.02820791
2026-03-03 21:00:00,68256.4,68401.5,67800.0,68021.7,140.20944873
2026-03-03 22:00:00,68019.5,68705.8,67892.6,68316.0,243.23737206
2026-03-03 23:00:00,68314.1,68936.1,68000.0,68331.9,137.85059678
2026-03-04 00:00:00,68331.9,68454.5,67858.7,68100.8,141.4892209
2026-03-04 01:00:00,68099.3,68896.0,67850.0,68381.2,210.71425249
2026-03-04 02:00:00,68393.7,68524.2,67925.8,68320.0,245.79685962
2026-03-04 03:00:00,68319.6,68513.5,67405.0,67729.1,274.2256858
2026-03-04 04:00:00,67729.2,67961.5,67472.2,67788.4,20941.63201828
2026-03-04 05:00:00,67789.0,68592.5,67556.8,68205.5,307.77492046
2026-03-04 06:00:00,68205.5,68800.0,67769.3,68507.6,344.85635567
2026-03-04 07:00:00,68507.6,69574.4,68115.9,69491.5,30860.33641061
2026-03-04 08:00:00,69490.9,71111.1,69172.5,71020.0,61411.92525885
2026-03-04 09:00:00,71022.6,72058.8,70734.9,71465.6,241482.52632778
2026-03-04 10:00:00,71516.2,71980.4,71207.3,71330.8,31466.98101635
2026-03-04 11:00:00,71328.5,71500.0,70940.0,71111.4,53531.96739543
2026-03-04 12:00:00,71111.1,71700.0,70600.0,71351.9,46354.6970252
2026-03-04 13:00:00,71348.2,71662.1,70966.1,71365.0,253.34738059
2026-03-04 14:00:00,71365.0,72642.5,71259.2,71610.6,36518.7384563
2026-03-04 15:00:00,71611.3,73760.5,71520.8,73392.0,1454.97129342
2026-03-04 16:00:00,73391.9,73629.6,72425.7,73306.8,579.04039307
2026-03-04 17:00:00,73291.5,74000.0,72765.9,73225.4,8045.15746688
2026-03-04 18:00:00,73225.4,73723.4,72949.6,73689.8,3654.37280757
2026-03-04 19:00:00,73694.0,74176.6,73513.4,73620.5,34061.3686272
2026-03-04 20:00:00,73618.3,73800.0,73082.6,73082.6,45963.41517655
2026-03-04 21:00:00,73109.1,73500.0,72900.2,73306.6,42048.28390448
2026-03-04 22:00:00,73304.9,73629.6,72637.8,72709.4,54655.84072186
2026-03-04 23:00:00,72710.1,73082.6,72325.8,72675.1,20777.5697746
2026-03-05 00:00:00,72678.5,73150.0,72463.7,72763.7,190.04267371
2026-03-05 01:00:00,72763.7,73415.4,72325.8,72540.8,214.5531871
2026-03-05 02:00:00,72535.5,73110.6,72325.8,72508.4,352.66634586
2026-03-05 03:00:00,72507.8,72834.8,72325.8,72500.0,843.32536995
2026-03-05 04:00:00,72500.0,73085.1,72325.8,72822.1,217.61407961
2026-03-05 05:00:00,72822.1,72921.0,72292.5,72414.8,11462.96876008
2026-03-05 06:00:00,72414.8,72829.8,72044.5,72555.0,22368.06577693
2026-03-05 07:00:00,72555.8,72900.2,71800.0,72058.0,14833.20465506
2026-03-05 08:00:00,72063.0,72375.0,71773.1,72341.0,3066.24935204
2026-03-05 09:00:00,72341.9,73043.4,72058.8,72606.2,12022.16071191
2026-03-05 10:00:00,72606.1,73781.5,72453.6,73395.9,384.37820031
2026-03-05 11:00:00,73393.4,73723.4,72765.9,72927.6,470.3572804
2026-03-05 12:00:00,72927.6,73264.9,72453.6,72889.0,430.61111459
2026-03-05 13:00:00,72889.0,73082.6,72206.7,72463.1,35422.6495155
2026-03-05 14:00:00,72470.8,72838.3,72000.0,72602.7,15516.16972823
2026-03-05 15:00:00,72602.7,72765.9,71173.2,71638.4,56677.60573635
2026-03-05 16:00:00,71638.7,71750.0,70806.2,71311.9,30453.67164455
2026-03-05 17:00:00,71309.8,71607.5,70655.5,70709.5,16574.90883436
2026-03-05 18:00:00,70705.1,71220.0,70656.7,71000.0,409.39955699
2026-03-05 19:00:00,71001.5,71594.2,70894.5,70917.7,30785.67463265
2026-03-05 20:00:00,70917.7,71600.1,70874.4,71248.2,4137.67998971
2026-03-05 21:00:00,71245.4,71623.9,71015.1,71137.3,244.40692446
2026-03-05 22:00:00,71128.9,71484.6,71000.0,71223.5,3818.4651668
2026-03-05 23:00:00,71223.5,71382.5,70791.0,70882.0,31934.11612879
2026-03-06 00:00:00,70879.1,71200.0,70793.8,70988.2,19940.75675256
2026-03-06 01:00:00,70988.0,71304.3,70412.5,71259.3,26542.96246467
2026-03-06 02:00:00,71259.3,71600.0,70910.4,71250.8,357.18579958
2026-03-06 03:00:00,71250.8,71607.5,70800.0,71081.0,310.36688355
2026-03-06 04:00:00,71081.1,71294.1,70368.4,70614.8,12568.88113042
2026-03-06 05:00:00,70622.6,70999.9,70146.9,70442.4,35237.10357891
2026-03-06 06:00:00,70442.5,70851.0,70163.9,70605.3,536.68624647
2026-03-06 07:00:00,70605.4,71223.5,70344.8,71063.0,346.25818263
2026-03-06 08:00:00,71062.8,71250.0,70588.2,70780.0,519.70511212
2026-03-06 09:00:00,70780.1,70894.5,70214.0,70566.1,348.6659507
2026-03-06 10:00:00,70566.1,70892.4,70400.0,70540.2,179.6785353
2026-03-06 11:00:00,70540.7,70658.8,70194.0,70219.9,60069.32437849
2026-03-06 12:00:00,70218.6,70529.9,69500.0,69929.9,48498.04109463
2026-03-06 13:00:00,69929.7,70412.5,69252.1,69252.1,50665.3944692
2026-03-06 14:00:00,69269.4,69341.1,68211.7,68418.4,68310.22169124
2026-03-06 15:00:00,68418.4,69187.7,68300.0,68504.2,988.69965911
2026-03-06 16:00:00,68492.2,68900.0,68213.3,68448.0,690.51917669
2026-03-06 17:00:00,68446.3,68889.8,67756.0,67954.6,36932.91680244
2026-03-06 18:00:00,67954.6,68588.2,67951.1,68180.1,528.82896005
2026-03-06 19:00:00,68180.1,68690.1,67989.5,68133.2,484.24814939
2026-03-06 20:00:00,68125.4,68399.9,67756.0,68110.8,1308.1405305
2026-03-06 21:00:00,68110.8,68399.9,67932.2,68295.9,24946.80701097
2026-03-06 22:00:00,68295.9,68588.2,67996.2,68322.1,330.47991489
2026-03-06 23:00:00,68322.1,68576.9,68100.0,68117.1,131.91442698
2026-03-07 00:00:00,68117.0,68399.9,67996.2,68281.2,174.81800328
2026-03-07 01:00:00,68281.2,68474.5,68023.5,68270.9,134.52305198
2026-03-07 02:00:00,68259.4,68399.9,68023.5,68346.0,5727.20125437
2026-03-07 03:00:00,68345.9,68541.6,68058.0,68100.3,170.13769899
2026-03-07 04:00:00,68100.8,68297.8,67843.0,68064.3,12144.27188959
2026-03-07 05:00:00,68064.1,68211.7,67861.4,68008.0,16385.68474054
2026-03-07 06:00:00,68023.1,68159.5,67647.0,67684.0,22986.69541771
2026-03-07 07:00:00,67684.0,68039.2,67498.9,67855.1,74897.48034052
2026-03-07 08:00:00,67855.1,68285.7,67498.9,67808.0,405.54535127
2026-03-07 09:00:00,67808.0,68201.1,67612.5,68005.0,191.8678911
2026-03-07 10:00:00,68004.1,68275.0,67794.8,67883.5,26135.50681943
2026-03-07 11:00:00,67884.0,68300.0,67860.9,68003.7,5190.50091796
2026-03-07 12:00:00,68003.7,68334.9,67861.8,67987.1,35099.89933805
2026-03-07 13:00:00,67987.1,68341.8,67860.0,67927.4,12440.360981
2026-03-07 14:00:00,67927.1,68178.0,67620.6,68018.0,28031.45945554
2026-03-07 15:00:00,68020.0,68243.6,67779.8,67881.0,41295.70955104
2026-03-07 16:00:00,67881.0,68066.7,67727.9,67793.2,11655.83806496
2026-03-07 17:00:00,67792.5,67964.9,67770.0,67787.3,11443.03508947
2026-03-07 18:00:00,67787.3,67966.1,67501.2,67566.2,21455.64370687
2026-03-07 19:00:00,67566.2,67800.0,66978.3,67082.4,45671.00248757
2026-03-07 20:00:00,67081.8,67713.6,66999.3,67392.0,226.71453451
2026-03-07 21:00:00,67392.0,67796.6,67098.0,67452.0,169.11755326
2026-03-07 22:00:00,67451.9,67600.0,67102.5,67264.4,13888.46774373
2026-03-07 23:00:00,67262.9,67516.7,67189.0,67263.1,21889.51163185
2026-03-08 00:00:00,67263.1,67688.1,67181.8,67191.0,7801.34013631
2026-03-08 01:00:00,67191.0,67514.7,67095.8,67303.0,16463.23421694
2026-03-08 02:00:00,67302.4,67430.1,66917.9,66922.1,12501.35541678
2026-03-08 03:00:00,66928.8,67247.8,66879.0,67010.5,3851.61289231
2026-03-08 04:00:00,67010.2,67324.8,66609.4,66637.0,22923.12218026
2026-03-08 05:00:00,66637.0,67500.0,66627.8,67150.2,6351.8576818
2026-03-08 06:00:00,67150.2,67445.4,67041.1,67165.3,11544.67942457
2026-03-08 07:00:00,67164.0,67612.5,67052.9,67332.0,182.7537552
2026-03-08 08:00:00,67315.4,67659.5,67052.9,67534.5,290.93027978
2026-03-08 09:00:00,67536.1,67978.7,67222.0,67693.0,398.81771895
2026-03-08 10:00:00,67693.0,68273.8,67595.6,67898.5,498.39124592
2026-03-08 11:00:00,67900.3,67917.8,67177.9,67516.0,1107.24885826
2026-03-08 12:00:00,67516.0,67892.6,66925.5,67314.2,5205.54849046
2026-03-08 13:00:00,67314.2,67541.6,66850.4,67234.1,3797.91868234
2026-03-08 14:00:00,67234.1,67595.6,66960.1,67340.1,242.46806164
2026-03-08 15:00:00,67339.1,67612.5,66857.8,67210.0,400.07715708
2026-03-08 16:00:00,67208.0,67516.7,66818.6,66866.2,3536.37037976
2026-03-08 17:00:00,66866.3,67364.2,66803.5,67051.0,3099.74656706
2026-03-08 18:00:00,67051.4,67238.3,66753.6,66826.9,38474.51642351
2026-03-08 19:00:00,66826.9,67465.0,66778.0,67333.1,7046.17358021
2026-03-08 20:00:00,67333.1,67536.2,66953.1,67221.4,246.16532214
2026-03-08 21:00:00,67221.5,67430.1,66787.8,67010.1,12951.19576748
2026-03-08 22:00:00,67012.0,67058.2,65639.0,66239.2,66623.05433486
2026-03-08 23:00:00,66239.2,66702.1,65744.6,65974.0,4352.55268141
2026-03-09 00:00:00,65974.0,66800.0,65900.0,66375.0,28638.97349796
2026-03-09 01:00:00,66375.0,66695.3,65908.2,66198.9,392.92581185
2026-03-09 02:00:00,66193.7,66881.5,65908.2,66538.4,565.07470925
2026-03-09 03:00:00,66538.5,67659.5,66442.0,67204.5,5038.28862881
2026-03-09 04:00:00,67204.5,67661.9,66949.1,67129.0,417.44652971
2026-03-09 05:00:00,67131.0,68249.8,66977.4,67913.8,368.75513362
2026-03-09 06:00:00,67913.8,68066.7,67247.0,67270.0,427.9334698
2026-03-09 07:00:00,67270.8,67565.4,66881.5,67554.0,339.88799353
2026-03-09 08:00:00,67554.0,67922.8,67200.0,67811.8,436.20111019
2026-03-09 09:00:00,67811.8,68477.0,67541.6,67965.0,2588.32629438
2026-03-09 10:00:00,67963.9,68214.2,67557.9,67602.1,23014.48060138
2026-03-09 11:00:00,67602.1,67888.0,67356.4,67757.5,21479.93578503
2026-03-09 12:00:00,67757.5,68477.0,67500.0,68166.4,272.6887387
2026-03-09 13:00:00,68155.7,69275.7,68000.0,68971.6,821.03686592
2026-03-09 14:00:00,68971.6,69500.0,68613.4,69145.9,459.27258248
2026-03-09 15:00:00,69145.1,69435.8,68684.6,68865.7,29083.82005501
2026-03-09 16:00:00,68865.7,69255.3,68676.4,68960.4,17811.6313986
2026-03-09 17:00:00,68958.4,69254.8,68305.0,68605.5,25411.44654422
2026-03-09 18:00:00,68605.5,68828.8,68253.9,68354.2,29284.44750498
2026-03-09 19:00:00,68354.2,69500.0,68334.5,68985.8,4225.94894013
2026-03-09 20:00:00,68985.8,69187.7,68750.0,68962.3,9205.07467268
2026-03-09 21:00:00,68962.3,69255.3,68743.2,68919.5,4317.1090305
2026-03-09 22:00:00,68919.5,69255.3,68603.3,68636.1,18129.03711786
2026-03-09 23:00:00,68636.1,68936.1,68383.9,68423.3,40030.77805264
2026-03-10 00:00:00,68423.3,69500.0,68383.9,69157.9,358.18012513
2026-03-10 01:00:00,69158.0,69385.0,68703.2,69263.1,369.73383474
2026-03-10 02:00:00,69255.2,70580.6,68900.5,70279.3,20263.37410002
2026-03-10 03:00:00,70276.2,70531.9,69430.0,69430.1,60446.5283522
2026-03-10 04:00:00,69430.1,70123.4,69430.0,70072.6,336.06425446
2026-03-10 05:00:00,70072.6,70485.0,69800.5,69971.4,324.52920714
2026-03-10 06:00:00,69968.6,70212.7,69618.2,69915.0,417.13605048
2026-03-10 07:00:00,69913.0,70550.0,69800.5,70397.1,15133.70999417
2026-03-10 08:00:00,70397.1,71076.9,70378.8,70679.0,3057.149388
2026-03-10 09:00:00,70679.9,71320.6,70551.9,71057.6,711.9032223
2026-03-10 10:00:00,71057.6,71204.8,70400.2,70770.0,496.79669134
2026-03-10 11:00:00,70770.0,71026.6,70400.2,70750.0,1772.77749897
2026-03-10 12:00:00,70750.0,70833.3,70336.1,70519.8,42588.87463049
2026-03-10 13:00:00,70520.1,70957.1,69760.5,69925.0,27902.88314951
2026-03-10 14:00:00,69925.0,71607.5,69318.0,71473.3,26137.22532317
2026-03-10 15:00:00,71473.3,71988.6,70910.4,71344.0,56676.0832643
2026-03-10 16:00:00,71344.0,71607.5,70938.6,71268.9,57202.65191254
2026-03-10 17:00:00,71268.1,71500.0,70550.0,70870.6,36821.47011309
2026-03-10 18:00:00,70870.6,70966.1,69930.6,70250.1,45857.5972044
2026-03-10 19:00:00,70101.8,70500.0,69770.2,70041.1,24391.21876918
2026-03-10 20:00:00,70041.0,70374.8,69930.6,70235.3,165.69714623
2026-03-10 21:00:00,70236.6,70400.6,69600.0,69758.0,13311.38657702
2026-03-10 22:00:00,69758.0,70055.8,69472.9,69704.0,9669.11013247
2026-03-10 23:00:00,69704.0,70272.7,69474.8,69949.9,186.63600643
2026-03-11 00:00:00,69949.9,70403.1,69750.0,70035.1,221.3024734
2026-03-11 01:00:00,70037.1,70212.7,69739.8,70067.9,194.79656318
2026-03-11 02:00:00,70068.0,70347.5,69516.4,69817.0,233.79235707
2026-03-11 03:00:00,69817.0,70000.0,69473.8,69552.0,3599.7063559
2026-03-11 04:00:00,69552.0,70286.0,69500.0,70131.1,910.9382114
2026-03-11 05:00:00,70131.1,70434.7,69498.0,69511.9,15793.42039783
2026-03-11 06:00:00,69511.9,70000.0,69499.6,69950.6,180.71296062
2026-03-11 07:00:00,69950.6,70031.1,69499.6,69658.9,222.9891477
2026-03-11 08:00:00,69658.0,69855.0,69499.6,69649.0,262.0356032
2026-03-11 09:00:00,69649.0,69894.0,69399.6,69470.3,17033.12347565
2026-03-11 10:00:00,69470.3,70344.8,69399.6,69603.9,2073.41468495
2026-03-11 11:00:00,69603.9,70000.0,69200.0,69334.0,23462.72572541
2026-03-11 12:00:00,69334.0,69761.9,69025.0,69357.1,19901.01584803
2026-03-11 13:00:00,69357.1,71104.2,69038.4,70179.0,978.09496784
2026-03-11 14:00:00,70179.0,70950.9,69982.9,70573.2,1177.8393882
2026-03-11 15:00:00,70572.5,70785.9,69723.5,70159.4,846.80856843
2026-03-11 16:00:00,70159.4,70966.6,69992.2,70569.8,530.98150661
2026-03-11 17:00:00,70576.6,71352.4,70347.5,70789.0,11865.18050444
2026-03-11 18:00:00,70786.6,71096.7,70430.1,70625.4,8528.23226242
2026-03-11 19:00:00,70625.4,70894.5,70387.1,70641.6,3834.88394441
2026-03-11 20:00:00,70641.6,70724.6,70390.9,70633.0,568.12235127
2026-03-11 21:00:00,70632.9,70938.6,70390.9,70735.7,352.71579546
2026-03-11 22:00:00,70735.7,71026.6,70265.1,70369.4,12735.79308889
2026-03-11 23:00:00,70369.4,70800.6,70147.4,70195.0,11287.22713806
2026-03-12 00:00:00,70194.8,70509.9,70141.7,70222.4,1951.25900183
2026-03-12 01:00:00,70222.5,70250.0,69761.9,69828.1,25091.38936041
2026-03-12 02:00:00,69828.1,70165.2,69230.2,69281.2,50377.65960854
2026-03-12 03:00:00,69280.1,69800.5,69230.2,69455.8,399.57087113
2026-03-12 04:00:00,69455.8,69800.0,69230.2,69368.6,317.0734429
2026-03-12 05:00:00,69368.6,69687.5,69220.8,69479.0,970.48531783
2026-03-12 06:00:00,69479.0,69788.3,69253.5,69498.8,336.99906253
2026-03-12 07:00:00,69499.9,70000.4,69275.3,69830.1,425.95706485
2026-03-12 08:00:00,69829.2,70168.4,69600.0,69907.9,427.21093872
2026-03-12 09:00:00,69907.9,70382.7,69529.4,69948.7,394.7311482
2026-03-12 10:00:00,69949.0,70663.3,69574.4,70413.5,337.72632573
2026-03-12 11:00:00,70413.8,70789.4,70100.0,70431.5,626.15088621
2026-03-12 12:00:00,70431.4,70700.0,70100.0,70387.3,396.24158494
2026-03-12 13:00:00,70387.3,70531.9,69687.5,69971.4,596.18638378
2026-03-12 14:00:00,69971.5,70650.0,69339.7,69590.9,933.17283332
2026-03-12 15:00:00,69590.9,70697.8,69300.0,70329.8,1006.58395395
2026-03-12 16:00:00,70329.8,70694.5,69919.4,70212.7,936.30740335
2026-03-12 17:00:00,70212.7,70652.1,70049.0,70213.6,526.35814656
2026-03-12 18:00:00,70216.2,70509.9,69620.2,69826.6,428.56005595
2026-03-12 19:00:00,69825.0,70557.5,69723.5,70439.4,264.69176183
2026-03-12 20:00:00,70439.4,70712.2,70124.9,70164.8,222.49624803
2026-03-12 21:00:00,70164.8,70529.9,70000.0,70287.6,115.46734266
2026-03-12 22:00:00,70287.7,70529.9,69982.9,70178.2,142.02949758
2026-03-12 23:00:00,70178.2,70800.0,70049.0,70525.1,295.39812017
2026-03-13 00:00:00,70525.1,72103.1,70370.0,71479.8,37609.64854695
2026-03-13 01:00:00,71479.9,71771.7,71253.5,71667.6,43592.00315106
2026-03-13 02:00:00,71667.6,71699.0,71088.4,71143.1,115220.48591141
2026-03-13 03:00:00,71143.4,71587.6,71019.1,71403.1,27398.89791684
2026-03-13 04:00:00,71403.1,71587.6,71255.9,71537.8,38551.50600287
2026-03-13 05:00:00,71537.8,71685.4,71241.7,71551.0,106502.10727714
2026-03-13 06:00:00,71550.7,71685.4,71026.6,71346.0,28837.87011497
2026-03-13 07:00:00,71346.0,71685.4,70973.0,71615.0,1915.72406364
2026-03-13 08:00:00,71613.1,72109.2,71200.0,71827.7,27401.11554825
2026-03-13 09:00:00,71827.7,72127.6,71435.2,72007.6,759.78794487
2026-03-13 10:00:00,72007.2,72717.9,71844.4,72461.0,1394.85765197
2026-03-13 11:00:00,72462.3,72765.9,71808.5,71813.6,2652.39944545
2026-03-13 12:00:00,71813.6,72756.4,71813.6,72326.0,18449.18947751
2026-03-13 13:00:00,72335.4,73467.3,72222.4,73214.4,13540.70879021
2026-03-13 14:00:00,73213.1,73836.5,72127.6,72156.3,25334.04049958
2026-03-13 15:00:00,72156.2,72640.0,71489.3,71807.4,11462.52865099
2026-03-13 16:00:00,71695.6,72000.0,71014.4,71734.0,13785.08497592
2026-03-13 17:00:00,71719.7,72200.0,70800.0,71035.8,5228.96408656
2026-03-13 18:00:00,71037.9,71285.0,70678.5,71045.5,3403.40609118
2026-03-13 19:00:00,71046.8,71285.8,70713.5,71142.8,2680.38038187
2026-03-13 20:00:00,71142.8,71484.6,70851.0,71050.9,2245.30616766
2026-03-13 21:00:00,71063.0,71520.0,70800.0,70941.2,1591.30068296
2026-03-13 22:00:00,70946.3,71197.5,70380.3,70743.0,1515.00416781
2026-03-13 23:00:00,70743.1,71111.0,70337.2,70931.8,2753.3741222
2026-03-14 00:00:00,70931.8,70964.4,70145.4,70371.1,4327.9773641
2026-03-14 01:00:00,70373.1,70910.4,70317.9,70699.0,2791.49640972
2026-03-14 02:00:00,70706.1,70896.7,70217.3,70730.1,2108.50668775
2026-03-14 03:00:00,70718.9,71350.3,70519.5,70977.8,2914.48180009
2026-03-14 04:00:00,70981.1,71304.3,70667.3,71043.4,2655.86402439
2026-03-14 05:00:00,71043.4,71133.2,70531.9,70752.3,3556.56167412
2026-03-14 06:00:00,70764.4,70976.0,70100.1,70500.5,1766.8451687
2026-03-14 07:00:00,70499.7,70724.6,70159.9,70487.3,2158.04403527
2026-03-14 08:00:00,70487.3,70836.9,70146.7,70330.4,7299.58573502
2026-03-14 09:00:00,70330.5,70712.2,70137.7,70150.0,3405.17308841
2026-03-14 10:00:00,70183.8,70623.2,70100.0,70477.0,2500.70451209
2026-03-14 11:00:00,70477.7,70749.9,70165.2,70638.7,5840.00208599
2026-03-14 12:00:00,70638.7,70833.3,70388.8,70697.1,3109.32041254
2026-03-14 13:00:00,70700.3,70925.2,70388.8,70678.1,5296.67336388
2026-03-14 14:00:00,70691.2,70902.1,70269.7,70404.8,2816.09329592
2026-03-14 15:00:00,70404.8,70800.0,70166.6,70406.3,5862.80098432
2026-03-14 16:00:00,70412.8,70700.0,70192.3,70609.4,5253.42281943
2026-03-14 17:00:00,70609.4,70833.3,70264.4,70472.9,7567.35389277
2026-03-14 18:00:00,70473.0,70800.0,70200.0,70529.6,6940.64156259
2026-03-14 19:00:00,70529.7,70833.3,70388.8,70590.5,28973.32841475
2026-03-14 20:00:00,70596.9,70833.3,70480.0,70618.7,4432.80039827
2026-03-14 21:00:00,70672.5,70833.3,70477.0,70663.6,3725.92081636
2026-03-14 22:00:00,70663.3,70800.0,70388.8,70581.5,3376.79255644
2026-03-14 23:00:00,70588.4,71200.0,70389.1,71077.9,3565.98785008
2026-03-15 00:00:00,71068.4,71153.8,70671.4,70898.7,6029.52075665
2026-03-15 01:00:00,70869.8,71055.5,70611.1,70881.5,2947.04361397
2026-03-15 02:00:00,70891.0,71623.9,70712.2,71277.7,5071.4402507
2026-03-15 03:00:00,71347.3,71498.0,71050.0,71256.8,4890.52781796
2026-03-15 04:00:00,71256.9,71647.3,71055.5,71366.7,3095.8765172
2026-03-15 05:00:00,71419.6,71879.0,71227.5,71393.3,8587.70070602
2026-03-15 06:00:00,71385.0,71627.6,71183.6,71401.6,5549.3907614
2026-03-15 07:00:00,71408.0,71657.8,71066.6,71287.7,4838.34430179
2026-03-15 08:00:00,71299.7,71622.9,71227.5,71608.9,3816.87401391
2026-03-15 09:00:00,71611.9,71944.4,71427.6,71659.4,4209.25894206
2026-03-15 10:00:00,71666.2,71944.4,71489.3,71625.6,5782.00558815
2026-03-15 11:00:00,71625.6,71852.0,71427.6,71727.2,7501.18401402
2026-03-15 12:00:00,71727.7,71800.0,71250.0,71560.2,18877.32898963
2026-03-15 13:00:00,71574.0,71722.2,71055.5,71351.3,6715.56512949
2026-03-15 14:00:00,71344.0,71722.2,71076.9,71443.6,3317.34387249
2026-03-15 15:00:00,71442.6,71722.2,71198.4,71452.6,3216.30597618
2026-03-15 16:00:00,71434.2,71587.4,71055.5,71316.2,4564.26094049
2026-03-15 17:00:00,71317.4,71906.2,71055.5,71664.3,5168.38892152
2026-03-15 18:00:00,71664.3,71940.0,71200.0,71317.7,6734.81452002
2026-03-15 19:00:00,71325.1,71539.1,71055.5,71456.7,3553.67120433
2026-03-15 20:00:00,71456.0,71940.0,71259.2,71616.4,6431.6295024
2026-03-15 21:00:00,71615.0,72200.0,71277.7,72100.2,3851.93553852
2026-03-15 22:00:00,72100.2,72909.9,71607.5,72720.1,12206.39226489
2026-03-15 23:00:00,72666.1,73290.0,72165.9,72486.7,12669.51958284
2026-03-16 00:00:00,72486.6,73000.0,72166.6,72436.8,10197.69044254
2026-03-16 01:00:00,72423.7,72779.6,72166.6,72655.4,11047.55669023
2026-03-16 02:00:00,72658.3,72833.2,72166.6,72499.9,5730.58179825
2026-03-16 03:00:00,72358.1,74000.0,72127.6,73380.5,14295.97650593
2026-03-16 04:00:00,73380.1,74500.0,73269.2,73749.7,10623.82844603
2026-03-16 05:00:00,73782.2,74292.4,73451.3,74016.0,21811.90641731
2026-03-16 06:00:00,74016.0,74203.5,73294.1,73702.4,29009.05292532
2026-03-16 07:00:00,73720.6,73930.5,73210.6,73445.0,10207.05868307
2026-03-16 08:00:00,73450.0,73797.8,72833.2,72953.8,21694.87388974
2026-03-16 09:00:00,72953.8,73499.8,72833.2,73093.9,23205.7320621
2026-03-16 10:00:00,73094.0,73875.0,73055.4,73635.6,14874.72744451
2026-03-16 11:00:00,73592.6,73926.1,73277.6,73552.3,13106.62657109
2026-03-16 12:00:00,73552.1,74042.5,73357.1,73861.2,16040.71565032
2026-03-16 13:00:00,73861.2,74500.0,73571.4,73958.6,51720.18665208
2026-03-16 14:00:00,73958.6,74440.9,73000.0,73410.9,145627.28964969
2026-03-16 15:00:00,73410.9,74000.0,73177.0,73266.1,66828.67326351
2026-03-16 16:00:00,73264.1,74000.0,73142.8,73649.0,41135.46796178
2026-03-16 17:00:00,73600.5,74072.6,73571.4,73997.1,24401.14836293
2026-03-16 18:00:00,73966.6,74391.0,73571.4,73875.2,53100.19632755
2026-03-16 19:00:00,73902.1,74465.7,73785.7,73977.7,17158.43829903
2026-03-16 20:00:00,73970.1,74255.0,73800.0,74139.1,12085.7147842
2026-03-16 21:00:00,74139.8,74815.7,73900.0,74398.0,52308.1226201
2026-03-16 22:00:00,74398.0,75054.2,74200.0,74619.8,15056.5046111
2026-03-16 23:00:00,74684.9,74915.7,74200.0,74740.2,20394.21177193
2026-03-17 00:00:00,74740.2,75719.6,74510.0,75214.0,54459.99225278
2026-03-17 01:00:00,75214.1,76123.5,74901.0,75608.5,31930.88261392
2026-03-17 02:00:00,75611.6,75800.0,74887.9,75150.4,12813.83150761
2026-03-17 03:00:00,75117.6,75391.1,74200.0,74467.0,1739.94676884
2026-03-17 04:00:00,74467.1,74695.1,73900.0,74241.3,3684.18428795
2026-03-17 05:00:00,74130.3,74500.0,73820.0,74050.1,21751.82025302
2026-03-17 06:00:00,74049.3,74292.4,73900.0,73900.0,4392.27442831
2026-03-17 07:00:00,73900.0,74658.6,73900.0,74246.0,4500.95545313
2026-03-17 08:00:00,74246.0,74658.6,73966.0,74195.4,808.66435581
2026-03-17 09:00:00,74195.5,74518.0,73847.5,73943.1,8946.91008874
2026-03-17 10:00:00,73943.1,74000.0,73571.4,73733.5,16012.47044374
2026-03-17 11:00:00,73734.0,74211.7,73661.0,74035.5,1245.51039627
2026-03-17 12:00:00,74035.5,74292.4,73672.7,73751.9,55192.88231691
2026-03-17 13:00:00,73751.9,74200.0,73436.0,73617.0,110855.22961906
2026-03-17 14:00:00,73621.5,74416.9,73502.0,74381.8,71801.54815744
2026-03-17 15:00:00,74381.8,74905.9,73657.0,73919.6,32582.83017493
2026-03-17 16:00:00,73919.6,74350.0,73785.7,74147.9,7982.39443706
2026-03-17 17:00:00,74155.5,74560.0,74000.0,74524.9,18798.46196169
2026-03-17 18:00:00,74524.9,74790.0,74342.8,74486.8,33937.40233257
2026-03-17 19:00:00,74486.8,74873.1,74412.3,74521.0,1015.85953868
2026-03-17 20:00:00,74521.0,74723.6,74292.4,74516.0,673.57141544
2026-03-17 21:00:00,74515.6,75000.0,74358.9,74689.3,7839.4597649
2026-03-17 22:00:00,74689.3,74776.0,73936.0,74305.7,1650.88808024
2026-03-17 23:00:00,74310.0,74399.5,73875.0,73905.0,587.02759379
2026-03-18 00:00:00,73905.0,74062.5,73542.0,73866.0,26184.82569658
2026-03-18 01:00:00,73864.8,74207.2,73542.0,73939.9,2995.50079044
2026-03-18 02:00:00,73939.9,74434.9,73725.8,74177.0,15766.60060586
2026-03-18 03:00:00,74177.0,74658.6,73926.1,74290.2,22141.00128018
2026-03-18 04:00:00,74422.6,74489.8,73926.1,74163.9,6035.58974278
2026-03-18 05:00:00,74170.0,74471.1,73820.9,73955.9,1309.55866522
2026-03-18 06:00:00,73955.9,74361.7,73812.6,73951.2,584.58472441
2026-03-18 07:00:00,73951.2,74176.6,73600.5,73889.8,1298.36386696
2026-03-18 08:00:00,73889.8,74176.6,73629.6,74045.3,2801.57534324
2026-03-18 09:00:00,74045.3,74303.1,73653.8,74179.2,24832.27966003
2026-03-18 10:00:00,74179.2,74465.7,73809.5,73938.9,2539.16600158
2026-03-18 11:00:00,73939.0,74190.4,72765.9,72948.3,77910.2794269
2026-03-18 12:00:00,72948.3,72980.8,72277.0,72357.3,64770.53300403
2026-03-18 13:00:00,72357.3,72666.6,71978.2,72131.1,77899.4612551
2026-03-18 14:00:00,72127.0,72218.6,71153.8,71182.9,109018.70794839
2026-03-18 15:00:00,71203.9,71722.2,70800.0,71479.6,151327.59636251
2026-03-18 16:00:00,71465.0,71617.0,71040.2,71318.8,129739.7171499
2026-03-18 17:00:00,71318.8,71748.4,71201.0,71593.0,74141.2076234
2026-03-18 18:00:00,71592.3,71999.9,70958.4,71103.7,142832.66659911
2026-03-18 19:00:00,71103.7,71482.0,71000.0,71072.2,91771.50093033
2026-03-18 20:00:00,71072.2,71321.3,70502.0,71234.5,173279.96152306
2026-03-18 21:00:00,71226.0,71417.1,71166.6,71277.8,18215.22121781
2026-03-18 22:00:00,71270.0,71273.1,70947.2,71155.9,7216.0569367
2026-03-18 23:00:00,71153.8,71366.2,71066.1,71254.2,10909.77492872
2026-03-19 00:00:00,71252.8,71322.1,70982.4,71013.8,132742.48844751
2026-03-19 01:00:00,71009.6,71188.6,70958.1,71127.7,20979.64390097
2026-03-19 02:00:00,71124.1,71260.0,70913.8,71063.0,15060.49950208
2026-03-19 03:00:00,71060.5,71612.9,71060.5,71215.5,54111.53935767
2026-03-19 04:00:00,71214.5,71216.1,70658.0,70830.2,17812.22179619
2026-03-19 05:00:00,70827.0,70914.7,70676.6,70835.0,14466.25698864
2026-03-19 06:00:00,70832.2,70948.7,70510.4,70585.1,19444.23337958
2026-03-19 07:00:00,70585.1,70654.1,69487.7,70203.0,89427.43630423
2026-03-19 08:00:00,70203.0,70300.0,69897.6,69996.0,50046.99237551
2026-03-19 09:00:00,69996.0,70532.8,69900.0,70512.0,11957.88020629
2026-03-19 10:00:00,70505.1,70531.9,70000.0,70117.4,476.92584023
2026-03-19 11:00:00,70118.9,70388.8,69914.0,69955.1,76989.82377562
2026-03-19 12:00:00,69955.1,70137.7,69100.0,69290.0,35763.95569771
2026-03-19 13:00:00,69291.4,70076.9,69100.0,69881.6,11791.77288185
2026-03-19 14:00:00,69881.6,70050.6,69100.0,69485.5,167567.81254119
2026-03-19 15:00:00,69485.5,69875.0,69080.0,69409.1,112112.4479419
2026-03-19 16:00:00,69409.1,69722.2,69165.1,69457.0,861.37657143
2026-03-19 17:00:00,69457.0,69882.3,69102.0,69854.0,37506.65783753
2026-03-19 18:00:00,69854.0,69944.4,69499.9,69820.9,512.48967872
2026-03-19 19:00:00,69820.9,70560.0,69679.0,70185.7,54841.76831584
2026-03-19 20:00:00,70204.3,70600.0,70166.6,70486.1,97063.3241583
2026-03-19 21:00:00,70486.1,70740.0,70262.3,70415.7,30382.29674797
2026-03-19 22:00:00,70415.6,70580.0,69956.0,70182.0,4227.50616492
2026-03-19 23:00:00,70181.0,70284.6,69722.2,69916.8,1723.1365215
2026-03-20 00:00:00,69923.8,70388.8,69722.2,70326.0,541.02027805
2026-03-20 01:00:00,70312.0,70600.0,70142.8,70404.2,14628.94477893
2026-03-20 02:00:00,70409.0,70600.0,69944.4,70377.7,429.71204018
2026-03-20 03:00:00,70377.7,70784.0,70166.6,70734.0,105253.82543057
2026-03-20 04:00:00,70734.0,70956.0,70388.8,70782.0,30904.98131999
2026-03-20 05:00:00,70782.0,70956.0,70307.8,70598.0,14560.8266324
2026-03-20 06:00:00,70599.5,70700.0,70165.2,70466.0,473.86679419
2026-03-20 07:00:00,70468.0,70910.4,69999.9,70855.0,54417.88258315
2026-03-20 08:00:00,70855.0,71362.5,70611.1,71044.0,16490.59287682
2026-03-20 09:00:00,71039.2,71277.7,70388.8,70588.0,1343.30442559
2026-03-20 10:00:00,70588.8,70833.3,70207.2,70617.0,754.65542119
2026-03-20 11:00:00,70617.1,70833.3,70302.4,70485.9,795.45884627
2026-03-20 12:00:00,70485.6,70683.5,70211.2,70346.2,991.19734529
2026-03-20 13:00:00,70339.7,70611.1,69800.5,69872.0,153889.93096919
2026-03-20 14:00:00,69871.2,70267.0,69600.0,69740.0,132546.34459905
2026-03-20 15:00:00,69742.9,70166.6,69474.8,69870.7,102077.98084533
2026-03-20 16:00:00,69870.7,70138.1,69630.0,69830.5,55508.80675356
2026-03-20 17:00:00,69830.5,70016.7,69440.0,69976.7,82409.46324413
2026-03-20 18:00:00,70002.7,70166.6,69531.3,69769.1,7606.72488209
2026-03-20 19:00:00,69771.1,70263.8,69671.7,70164.4,6690.97277569
2026-03-20 20:00:00,70176.6,70270.0,69760.4,70062.5,30591.72545972
2026-03-20 21:00:00,70062.6,70650.0,69953.8,70553.2,44700.29204324
2026-03-20 22:00:00,70554.7,70976.0,70424.5,70780.9,2911.38054212
2026-03-20 23:00:00,70778.3,70996.3,70388.8,70511.3,451.11836877
2026-03-21 00:00:00,70511.3,70830.0,70388.8,70686.0,122959.37768244
2026-03-21 01:00:00,70686.0,70760.0,70347.5,70484.3,40221.62340124
2026-03-21 02:00:00,70472.0,70740.0,70390.0,70732.2,141338.15584877
2026-03-21 03:00:00,70732.3,70740.0,70470.0,70672.4,121088.44701236
2026-03-21 04:00:00,70672.4,70830.0,70480.0,70641.1,115993.15850611
2026-03-21 05:00:00,70641.1,70810.0,70480.0,70714.0,20928.33116228
2026-03-21 06:00:00,70706.0,70830.0,70480.0,70777.0,62976.35461469
2026-03-21 07:00:00,70777.2,70950.0,70480.0,70712.0,6782.83220635
2026-03-21 08:00:00,70712.1,70966.1,70480.0,70595.4,1207.75880677
2026-03-21 09:00:00,70595.5,70800.0,70480.0,70659.2,1045.2458243
2026-03-21 10:00:00,70659.2,70700.0,70306.7,70593.9,2226.94309104
2026-03-21 11:00:00,70607.2,70690.0,70390.0,70646.5,91.3343551
2026-03-21 12:00:00,70646.6,70833.3,70400.0,70712.3,281.80782202
2026-03-21 13:00:00,70712.4,70833.3,70400.0,70733.6,282.41222529
2026-03-21 14:00:00,70733.6,71277.7,70400.0,70614.0,2075.48820596
2026-03-21 15:00:00,70619.9,70833.3,70400.0,70633.6,984.34954181
2026-03-21 16:00:00,70630.2,70833.3,70250.0,70312.5,9723.55075818
2026-03-21 17:00:00,70312.5,70611.1,70210.0,70317.9,3484.56460744
2026-03-21 18:00:00,70317.8,70611.1,70230.0,70400.3,157.13582363
2026-03-21 19:00:00,70402.1,70630.0,70230.0,70400.0,399.35678582
2026-03-21 20:00:00,70400.1,70611.1,70230.0,70457.7,31849.40259122
2026-03-21 21:00:00,70462.3,70610.0,70230.0,70360.2,66512.35625238
2026-03-21 22:00:00,70355.0,70610.0,70230.0,70292.0,55365.46205157
2026-03-21 23:00:00,70292.0,70439.1,68577.1,68920.0,311666.76180248
2026-03-22 00:00:00,68921.0,69153.0,68300.0,68945.1,83307.5953414
2026-03-22 01:00:00,68952.1,69102.4,68779.8,68962.9,21128.00074186
2026-03-22 02:00:00,68962.9,69500.0,68942.2,69274.1,33987.20062412
2026-03-22 03:00:00,69277.0,69649.6,69130.0,69350.0,7696.28642824
2026-03-22 04:00:00,69345.7,69722.2,69216.8,69358.7,24515.69648925
2026-03-22 05:00:00,69370.8,69499.9,69130.0,69149.0,39811.61629095
2026-03-22 06:00:00,69149.1,69499.9,69060.0,69163.5,2166.22036217
2026-03-22 07:00:00,69163.5,69499.9,68888.0,68923.1,34990.40689504
2026-03-22 08:00:00,68923.0,69038.4,68600.0,68808.0,93987.72222426
2026-03-22 09:00:00,68810.1,68998.0,68639.0,68822.0,90892.36941636
2026-03-22 10:00:00,68822.1,69144.1,68600.0,68652.0,236390.67744084
2026-03-22 11:00:00,68651.2,68936.1,68066.4,68223.0,146801.37631987
2026-03-22 12:00:00,68222.1,68798.9,68190.0,68657.1,1616.70551772
2026-03-22 13:00:00,68655.4,69165.1,68432.6,68693.1,49346.10675105
2026-03-22 14:00:00,68693.2,69165.1,68524.2,68610.0,2383.23063038
2026-03-22 15:00:00,68709.8,69071.2,68610.0,68854.7,540.35227789
2026-03-22 16:00:00,68844.0,69165.1,68600.0,68799.5,218.39269136
2026-03-22 17:00:00,68799.1,69141.5,68600.0,68674.1,271.92597548
2026-03-22 18:00:00,68671.0,69018.6,68318.0,68618.7,29447.13718059
2026-03-22 19:00:00,68617.1,68798.9,68100.0,68207.0,199.40984915
2026-03-22 20:00:00,68205.0,68499.9,68100.0,68180.3,1131.72156818
2026-03-22 21:00:00,68173.1,68480.9,67340.4,67897.4,80052.26266331
2026-03-22 22:00:00,67898.3,68418.2,67562.7,68322.2,144.15522962
2026-03-22 23:00:00,68330.0,68470.5,67788.4,67867.6,165.76380924
2026-03-23 00:00:00,67865.4,68159.8,67445.4,67674.2,192.38937821
2026-03-23 01:00:00,67676.8,68250.7,67500.0,67917.8,490.1379496
2026-03-23 02:00:00,67909.5,68395.0,67700.1,68329.9,481.07924489
2026-03-23 03:00:00,68320.0,68750.0,68066.4,68082.9,176.61669683
2026-03-23 04:00:00,68086.8,68600.0,67975.4,68540.1,253.17412085
2026-03-23 05:00:00,68546.0,69038.4,68400.0,68902.3,236.48248164
2026-03-23 06:00:00,68905.5,68936.1,67676.6,67879.0,32777.89496242
2026-03-23 07:00:00,67879.1,68519.4,67513.1,68365.6,49243.40806074
2026-03-23 08:00:00,68332.0,68798.9,68177.6,68442.3,780.00770897
2026-03-23 09:00:00,68434.2,68666.0,67794.8,68336.0,313.0189655
2026-03-23 10:00:00,68336.3,68713.0,67977.2,68547.0,231.45122086
2026-03-23 11:00:00,68542.0,71476.0,68428.3,70108.0,4609.60795348
2026-03-23 12:00:00,70131.3,70880.0,69666.6,70743.0,1729.911469
2026-03-23 13:00:00,70743.1,71487.3,70564.7,71487.3,3100.69665475
2026-03-23 14:00:00,71488.0,71808.5,71055.5,71466.0,2438.91187761
2026-03-23 15:00:00,71450.9,71692.0,69999.9,70122.6,973.38417
2026-03-23 16:00:00,70133.0,70833.3,70000.0,70554.9,825.2267563
2026-03-23 17:00:00,70562.0,71115.0,70347.5,71081.7,555.22504913
2026-03-23 18:00:00,71081.4,71277.7,70833.3,71153.8,32856.44656245
2026-03-23 19:00:00,71153.8,71259.2,70630.0,70696.8,433.58638006
2026-03-23 20:00:00,70688.9,70996.3,70509.9,70908.6,388.34625556
2026-03-23 21:00:00,70910.0,71055.5,70611.1,70881.8,237.05167108
2026-03-23 22:00:00,70852.8,70894.5,70388.8,70778.9,201.49770508
2026-03-23 23:00:00,70779.0,70996.3,70388.8,70900.0,173.31467439
2026-03-24 00:00:00,70900.1,71094.8,70388.8,70687.0,411.8475459
2026-03-24 01:00:00,70682.1,71055.5,70263.8,70513.0,1051.20905021
2026-03-24 02:00:00,70515.0,70833.3,70263.8,70465.9,484.38233818
2026-03-24 03:00:00,70459.7,70611.1,70263.8,70548.7,161.35333613
2026-03-24 04:00:00,70549.7,70775.0,70262.8,70375.0,264.03646913
2026-03-24 05:00:00,70378.7,70611.1,70001.0,70285.9,700.90750368
2026-03-24 06:00:00,70288.0,70576.9,70166.6,70542.0,115.30705116
2026-03-24 07:00:00,70541.6,71399.0,70347.5,71285.7,4371.46639032
2026-03-24 08:00:00,71293.4,71380.3,70833.3,70991.5,399.55130764
2026-03-24 09:00:00,70967.1,71366.6,70833.3,71324.1,287.36473827
2026-03-24 10:00:00,71324.0,71484.6,71055.5,71270.4,251.84882887
2026-03-24 11:00:00,71271.3,71452.9,70833.3,71152.8,484.35876489
2026-03-24 12:00:00,71152.8,71277.7,70833.3,70960.1,533.5469455
2026-03-24 13:00:00,70962.0,71134.6,69944.4,70106.1,988.71611524
2026-03-24 14:00:00,70108.7,70464.0,69500.0,69862.8,1471.96124674
2026-03-24 15:00:00,69873.6,70263.8,69722.2,69871.1,966.93520932
2026-03-24 16:00:00,69874.0,70165.2,69344.7,69478.6,769.72449253
2026-03-24 17:00:00,69480.1,69615.3,68800.0,69234.1,447.22785142
2026-03-24 18:00:00,69240.0,69750.0,69055.3,69432.0,493.58454059
2026-03-24 19:00:00,69431.1,69722.2,69277.6,69364.2,132.42386567
2026-03-24 20:00:00,69368.2,70336.1,69277.6,70087.8,587.14657601
2026-03-24 21:00:00,70093.0,70391.3,69743.7,70334.8,927.80392828
2026-03-24 22:00:00,70334.7,70611.1,70000.0,70346.1,467.86177432
2026-03-24 23:00:00,70315.0,70833.3,70264.1,70558.6,289.53167403
2026-03-25 00:00:00,70557.5,71055.5,70388.8,70840.7,353.96983217
2026-03-25 01:00:00,70838.1,70976.9,70611.1,70703.8,114.73947441
2026-03-25 02:00:00,70682.9,70833.3,70388.8,70530.0,543.90739545
2026-03-25 03:00:00,70533.6,70833.3,70388.8,70720.7,237.71463729
2026-03-25 04:00:00,70720.9,70974.0,70529.9,70974.0,152.53788835
2026-03-25 05:00:00,70974.0,71362.5,70769.2,71119.7,339.06100472
2026-03-25 06:00:00,71119.8,71277.7,70833.3,70994.0,272.89482058
2026-03-25 07:00:00,70986.1,71277.7,70833.3,70928.9,148.99777408
2026-03-25 08:00:00,70931.3,71500.0,70789.4,71245.4,455.79775017
2026-03-25 09:00:00,71241.5,71500.0,71055.5,71338.9,373.5829084
2026-03-25 10:00:00,71339.6,71600.0,71062.1,71496.4,254.73296634
2026-03-25 11:00:00,71499.5,72000.0,71300.0,71672.6,1481.7736513
2026-03-25 12:00:00,71677.4,71925.5,71076.9,71718.2,10403.08859713
2026-03-25 13:00:00,71728.5,71955.1,71500.0,71576.3,750.74836117
2026-03-25 14:00:00,71576.7,71667.8,71259.2,71330.1,819.04020176
2026-03-25 15:00:00,71326.2,71326.2,70572.9,70837.2,1070.73293573
2026-03-25 16:00:00,70836.4,71700.0,70712.2,71336.6,633.79825763
2026-03-25 17:00:00,71319.9,71500.0,70712.2,70779.8,391.33747642
2026-03-25 18:00:00,70779.9,71277.7,70700.0,70816.7,401.26657342
2026-03-25 19:00:00,70816.8,71156.4,70730.1,70875.0,247.7350998
2026-03-25 20:00:00,70880.2,71076.9,70630.0,71003.4,184.59313662
2026-03-25 21:00:00,71003.4,71266.3,70833.3,71031.3,67.92868703
2026-03-25 22:00:00,71031.3,71500.0,70894.5,71376.8,179.32891591
2026-03-25 23:00:00,71374.1,71500.0,71055.5,71335.0,144.50923681
2026-03-26 00:00:00,71335.0,71500.0,71055.5,71302.5,149.82293236
2026-03-26 01:00:00,71303.4,71619.9,71055.5,71264.9,257.95738255
2026-03-26 02:00:00,71250.1,71484.6,70630.0,70923.3,328.44553472
2026-03-26 03:00:00,70895.3,71055.5,70630.0,70892.6,112.24495728
2026-03-26 04:00:00,70904.6,71055.5,70630.0,70772.6,154.89491005
2026-03-26 05:00:00,70772.6,70961.5,69987.4,70023.0,324.23695872
2026-03-26 06:00:00,70023.0,70250.0,69912.5,70096.3,347.83816207
2026-03-26 07:00:00,70150.0,70388.8,69897.6,70291.6,268.4185921
2026-03-26 08:00:00,70290.9,70291.6,69722.2,70030.1,401.85293322
2026-03-26 09:00:00,70030.1,70166.6,69333.3,69593.8,387.18248041
2026-03-26 10:00:00,69627.5,69722.2,69277.6,69508.9,181.43327943
2026-03-26 11:00:00,69518.7,69722.2,69071.2,69280.9,351.38781505
2026-03-26 12:00:00,69282.0,69499.9,69055.3,69438.4,173.37483128
2026-03-26 13:00:00,69438.4,69926.7,69194.0,69644.0,1153.73776494
2026-03-26 14:00:00,69648.5,69949.8,69277.6,69486.4,218.61133125
2026-03-26 15:00:00,69492.0,69523.0,68617.0,69086.6,529.71748402
2026-03-26 16:00:00,69090.9,69230.6,68613.4,68934.0,190.01327744
2026-03-26 17:00:00,68933.2,69176.4,68448.9,68482.0,203.61709768
2026-03-26 18:00:00,68488.0,68780.0,68100.0,68273.8,368.03848179
2026-03-26 19:00:00,68314.3,68772.8,68157.8,68523.2,191.02450273
2026-03-26 20:00:00,68523.2,69423.0,68205.3,69013.0,749.97199018
2026-03-26 21:00:00,69014.7,69426.2,68798.9,68938.4,78.33947735
2026-03-26 22:00:00,68929.0,69165.1,68571.4,68888.6,142.61357478
2026-03-26 23:00:00,68892.0,69165.1,68613.4,68827.1,236.43356318
2026-03-27 00:00:00,68827.2,69000.0,68530.9,68790.9,228.8407682
2026-03-27 01:00:00,68785.1,69390.1,68550.6,69050.5,362.16742708
2026-03-27 02:00:00,69062.4,69271.2,68760.4,68909.0,142.40543138
2026-03-27 03:00:00,68909.0,69007.8,68600.0,68770.1,90.95427445
2026-03-27 04:00:00,68770.2,69000.0,68250.0,68607.0,137.6894588
2026-03-27 05:00:00,68623.0,69202.1,68432.6,69181.6,189.2377543
2026-03-27 06:00:00,69181.6,69499.9,68798.9,69303.1,197.0992334
2026-03-27 07:00:00,69303.1,69531.3,69286.0,69531.3,77.04282207
2026-03-27 08:00:00,69531.3,69826.1,69286.0,69813.6,157.17059264
2026-03-27 09:00:00,69813.6,69949.8,69499.9,69949.8,127.22521908
2026-03-27 10:00:00,69949.8,70928.0,69531.3,70892.5,1104.82566573
2026-03-27 11:00:00,70892.5,70892.9,66235.2,66703.0,62356.26052648
2026-03-27 12:00:00,66703.1,67117.5,66377.0,66610.1,1633.20683999
2026-03-27 13:00:00,66610.1,66769.2,65869.0,66167.0,2432.99242078
2026-03-27 14:00:00,66168.0,66372.7,65600.0,66189.9,2802.09123131
2026-03-27 15:00:00,66194.8,66624.3,65869.0,66106.8,2947.58017806
2026-03-27 16:00:00,66102.1,66235.2,65647.0,65980.1,2426.94547353
2026-03-27 17:00:00,65980.1,66336.1,65587.3,65636.3,12570.39883074
2026-03-27 18:00:00,65635.3,66084.7,65424.5,65841.0,2855.78153241
2026-03-27 19:00:00,65840.1,66291.3,65580.9,66041.9,3572.26108675
2026-03-27 20:00:00,66040.0,66234.5,65602.5,66017.4,1514.83170763
2026-03-27 21:00:00,66022.9,66300.0,65766.1,66079.8,1231.58362265
2026-03-27 22:00:00,66084.7,66089.4,65880.5,66028.0,497.63447216
2026-03-27 23:00:00,66028.0,66409.9,65974.9,66402.2,655.76790397
2026-03-28 00:00:00,66403.8,66603.6,66069.3,66432.0,1777.42553406
2026-03-28 01:00:00,66433.1,66498.2,65834.1,66178.0,943.38124243
2026-03-28 02:00:00,66181.7,66260.5,65705.8,66054.7,629.4411349
2026-03-28 03:00:00,66055.0,66244.8,65960.0,66235.3,593.83423732
2026-03-28 04:00:00,66235.4,66302.7,65983.8,66278.0,492.24225743
2026-03-28 05:00:00,66280.3,66382.0,65928.5,66347.1,697.64862396
2026-03-28 06:00:00,66346.0,66498.1,66153.8,66393.1,659.40236749
2026-03-28 07:00:00,66392.7,66576.8,66153.8,66569.3,847.71648085
2026-03-28 08:00:00,66570.2,66600.0,66336.1,66411.9,534.77324699
2026-03-28 09:00:00,66412.4,66470.4,66250.0,66310.9,417.52091907
2026-03-28 10:00:00,66310.9,66451.9,66075.4,66223.0,856.02994192
2026-03-28 11:00:00,66223.1,66357.7,66200.0,66349.0,535.19872248
2026-03-28 12:00:00,66337.3,66603.6,66000.0,66454.2,462.50179823
2026-03-28 13:00:00,66454.3,67200.0,66336.1,66848.6,2231.89971554
2026-03-28 14:00:00,66849.3,67031.2,66603.6,66745.9,1141.64661745
2026-03-28 15:00:00,66745.6,67438.3,66617.0,67018.1,1400.80687153
2026-03-28 16:00:00,67020.0,67340.4,66702.1,66935.1,1099.80292741
2026-03-28 17:00:00,66932.0,66997.7,66632.8,66844.4,833.50657318
2026-03-28 18:00:00,66844.4,67058.0,66617.0,66916.1,635.91723594
2026-03-28 19:00:00,66916.0,66961.7,66702.1,66907.9,411.13070552
2026-03-28 20:00:00,66916.7,67031.2,66702.1,66939.0,628.98432002
2026-03-28 21:00:00,66923.5,66956.5,66602.1,66685.0,623.58219957
2026-03-28 22:00:00,66684.9,66791.1,66581.2,66754.9,514.03763738
2026-03-28 23:00:00,66754.6,66759.2,66222.1,66378.8,878.21965529
2026-03-29 00:00:00,66377.0,66500.0,66180.9,66487.0,1055.24333176
2026-03-29 01:00:00,66483.6,66621.6,66202.8,66568.0,658.60580193
2026-03-29 02:00:00,66568.0,66845.0,66336.1,66809.7,1247.06927545
2026-03-29 03:00:00,66809.8,67092.7,66500.0,66904.6,1408.20881132
2026-03-29 04:00:00,66907.0,66937.0,66529.4,66741.0,529.67540217
2026-03-29 05:00:00,66741.0,66817.7,66316.5,66783.0,1620.12661226
2026-03-29 06:00:00,66776.4,66890.7,66484.0,66742.0,909.20640879
2026-03-29 07:00:00,66742.2,66751.8,66382.9,66674.9,858.11833802
2026-03-29 08:00:00,66675.0,66775.0,66332.5,66724.0,696.86428907
2026-03-29 09:00:00,66724.1,66881.8,66289.5,66628.0,699.32788751
2026-03-29 10:00:00,66627.1,66744.9,66350.0,66508.0,843.14492216
2026-03-29 11:00:00,66508.0,67151.1,66300.0,66811.1,1349.44112684
2026-03-29 12:00:00,66807.9,66879.0,66458.3,66842.9,641.31230045
2026-03-29 13:00:00,66843.0,66862.3,66289.5,66571.4,1139.60460989
2026-03-29 14:00:00,66573.0,66900.0,66336.1,66593.9,2116.35566817
2026-03-29 15:00:00,66594.0,66714.4,66100.0,66520.0,844.09355058
2026-03-29 16:00:00,66526.2,66750.0,66316.5,66496.1,907.38283091
2026-03-29 17:00:00,66496.8,66537.0,65999.9,66386.0,1095.90840152
2026-03-29 18:00:00,66386.1,66517.2,66153.8,66428.1,613.08971694
2026-03-29 19:00:00,66428.1,66491.1,66172.4,66350.9,651.84182774
2026-03-29 20:00:00,66350.9,66782.1,66250.0,66610.9,646.84355546
2026-03-29 21:00:00,66611.0,66756.8,66394.0,66711.2,454.04506345
2026-03-29 22:00:00,66706.5,66706.5,64994.9,65848.0,2683.61519062
2026-03-29 23:00:00,65857.9,66320.0,65584.2,66003.9,2768.6731368
2026-03-30 00:00:00,66019.5,66945.7,65602.5,66276.9,3447.49552689
2026-03-30 01:00:00,66277.0,66883.4,66277.0,66635.3,3185.71908012
2026-03-30 02:00:00,66645.5,67425.9,66442.0,67117.9,4118.61802827
2026-03-30 03:00:00,67116.1,67363.4,66875.0,67168.2,1796.64565226
2026-03-30 04:00:00,67168.2,67647.0,66879.0,67622.4,2090.58491888
2026-03-30 05:00:00,67618.1,67763.1,67220.0,67492.1,1664.82830796
2026-03-30 06:00:00,67492.1,67588.0,67000.0,67300.0,1542.44104434
2026-03-30 07:00:00,67301.1,67623.5,67000.0,67623.5,1613.16372466
2026-03-30 08:00:00,67623.7,67925.7,67458.3,67608.6,1033.9741298
2026-03-30 09:00:00,67669.1,67690.5,67220.0,67513.4,891.81281216
2026-03-30 10:00:00,67509.6,67528.7,67061.5,67494.7,663.80014214
2026-03-30 11:00:00,67502.0,67904.3,67328.3,67677.8,1172.9949824
2026-03-30 12:00:00,67678.2,68100.0,67499.9,67897.9,941.53770006
2026-03-30 13:00:00,67893.2,68203.5,67452.6,67527.5,2229.18916514
2026-03-30 14:00:00,67531.0,67849.6,67065.5,67803.6,2937.58200028
2026-03-30 15:00:00,67802.4,67875.0,67200.0,67623.9,2549.11337106
2026-03-30 16:00:00,67624.0,67650.1,67040.0,67366.3,2501.61867641
2026-03-30 17:00:00,67367.2,67568.4,66661.9,66831.8,2448.55156635
2026-03-30 18:00:00,66834.3,66930.6,66500.0,66664.5,1941.81612539
2026-03-30 19:00:00,66661.8,66676.4,66238.8,66552.5,2261.24374291
2026-03-30 20:00:00,66554.4,66692.5,66400.0,66662.4,1008.30240718
2026-03-30 21:00:00,66662.4,66999.8,66517.2,66811.4,1015.59287596
2026-03-30 22:00:00,66809.7,66999.9,66500.0,66784.3,1468.025488
2026-03-30 23:00:00,66784.3,66803.4,66422.0,66797.1,1080.08763058
2026-03-31 00:00:00,66798.1,67302.8,66334.4,67204.8,1737.84939217
2026-03-31 01:00:00,67205.8,68390.9,67000.0,67942.5,2991.08504545
2026-03-31 02:00:00,67956.1,68099.3,67620.0,67954.6,1527.66072382
2026-03-31 03:00:00,67955.5,68035.4,67610.6,67704.9,1667.40421135
2026-03-31 04:00:00,67708.2,67861.8,67342.8,67554.0,1461.1732812
2026-03-31 05:00:00,67543.6,67799.8,67150.3,67688.3,1542.65020855
2026-03-31 06:00:00,67692.5,67718.9,67340.4,67505.9,900.1882084
2026-03-31 07:00:00,67505.5,67535.4,67094.5,67372.9,1312.59949045
2026-03-31 08:00:00,67373.0,67499.9,66684.1,66798.4,1282.33189768
2026-03-31 09:00:00,66771.5,66935.8,66012.6,66118.9,2261.76725958
2026-03-31 10:00:00,66132.0,66500.0,66009.2,66365.9,1403.70826849
2026-03-31 11:00:00,66363.5,66954.7,66242.9,66689.9,2695.36006913
2026-03-31 12:00:00,66692.1,67021.2,66357.3,66656.0,995.06389977
2026-03-31 13:00:00,66655.6,67409.6,66632.0,67290.3,1559.01523838
2026-03-31 14:00:00,67295.6,67760.6,66428.5,66581.5,2646.52167324
2026-03-31 15:00:00,66582.4,67286.9,66523.6,66724.8,2267.72930474
2026-03-31 16:00:00,66733.1,68020.0,66702.1,67672.8,2722.69432512
2026-03-31 17:00:00,67674.0,68744.0,67413.7,67518.8,3033.78153985
2026-03-31 18:00:00,67527.2,67956.9,67430.1,67848.9,1747.85364483
2026-03-31 19:00:00,67848.9,68028.7,67589.4,67856.1,2865.80721765
2026-03-31 20:00:00,67856.1,68264.0,67839.2,68263.9,641.97584292
2026-03-31 21:00:00,68263.9,68405.1,67892.4,68274.6,617.05649375
2026-03-31 22:00:00,68272.0,68433.2,67689.8,68164.7,677.78620069
2026-03-31 23:00:00,68173.3,68366.8,68076.9,68276.5,485.11394031
2026-04-01 00:00:00,68278.5,68320.5,67652.5,68320.5,809.20310205
2026-04-01 01:00:00,68320.9,68356.3,67659.5,67810.4,788.51774576
2026-04-01 02:00:00,67811.0,67978.7,67533.7,67663.4,858.39984711
2026-04-01 03:00:00,67663.3,68230.0,67602.9,68165.5,481.94579399
2026-04-01 04:00:00,68160.6,68452.2,67921.1,68297.2,599.23138981
2026-04-01 05:00:00,68306.8,68888.8,68120.4,68455.0,1228.391654
2026-04-01 06:00:00,68455.0,69230.2,68454.1,69103.0,1335.01768213
2026-04-01 07:00:00,69105.0,69282.0,68617.0,68693.7,1483.31659256
2026-04-01 08:00:00,68694.2,68850.1,68372.0,68660.9,870.12685304
2026-04-01 09:00:00,68661.0,68773.5,68357.2,68524.8,692.25412447
2026-04-01 10:00:00,68524.8,68774.4,68325.8,68326.3,90.30912018
2026-04-01 11:00:00,68333.3,68688.0,67988.5,68013.0,357.63002163
2026-04-01 12:00:00,68025.4,68027.0,67702.1,67854.7,159.60758012
2026-04-01 13:00:00,67854.7,67884.0,67322.5,67499.0,103.89874144
2026-04-01 14:00:00,67499.0,67978.7,67378.3,67893.4,42.54543993
2026-04-01 15:00:00,67893.4,68148.2,67758.6,68134.4,78.39546717
2026-04-01 16:00:00,68134.4,68148.2,67926.2,68126.1,69.21110903
2026-04-01 17:00:00,68126.1,68148.3,67612.5,67723.5,60.46114882
2026-04-01 18:00:00,67723.6,67794.8,67365.0,67430.1,69.93614784
2026-04-01 19:00:00,67552.1,67612.5,67365.0,67466.2,20.61908581
2026-04-01 20:00:00,67466.2,67486.4,67284.2,67483.6,31.69186675
2026-04-01 21:00:00,67483.6,67638.8,67483.6,67587.6,17.18196776
2026-04-01 22:00:00,67587.6,67845.9,67430.1,67520.0,31.2971907
2026-04-01 23:00:00,67520.0,67520.0,67340.4,67418.4,10.61227523
2026-04-02 00:00:00,67418.4,67794.8,67400.0,67760.5,40.19851707
2026-04-02 01:00:00,67760.5,67794.8,66868.8,67031.0,127.56202171
2026-04-02 02:00:00,67031.0,67034.0,66153.2,66169.0,88.51837435
2026-04-02 03:00:00,66169.0,66336.0,66029.4,66061.8,116.26220048
2026-04-02 04:00:00,66061.8,66336.0,66000.0,66328.1,85.79032305
2026-04-02 05:00:00,66336.0,66336.0,65880.5,65914.7,40.96430931
2026-04-02 06:00:00,65914.7,66632.6,65914.5,66600.0,197.93032383
2026-04-02 07:00:00,66600.0,66824.1,66439.7,66646.7,117.21566565
2026-04-02 08:00:00,66646.7,66749.6,66346.1,66436.6,163.89555388
2026-04-02 09:00:00,66442.9,66749.6,66425.0,66443.6,86.49597306
2026-04-02 10:00:00,66443.6,66749.6,66425.0,66455.6,129.08307375
2026-04-02 11:00:00,66460.5,66500.0,66153.8,66212.6,19438.72226047
2026-04-02 12:00:00,66212.7,66316.5,65940.1,66042.8,1254.13039873
2026-04-02 13:00:00,66047.5,66203.3,65471.3,65660.9,4777.61166494
2026-04-02 14:00:00,65660.9,65683.2,65558.3,65683.2,55.37880274
2026-04-02 15:00:00,65683.2,65690.0,65683.2,65690.0,55.07384117
2026-04-02 16:00:00,65690.0,66600.0,65690.0,66478.8,764.73343403
2026-04-02 17:00:00,66478.8,66518.5,66017.6,66018.0,40.5514736
2026-04-02 18:00:00,66018.4,66066.1,65971.5,65993.2,6.18742494
2026-04-02 19:00:00,65993.2,66114.5,65993.2,66114.5,4.02491427
2026-04-02 20:00:00,66114.5,66202.8,66114.5,66202.8,1.87842496
2026-04-02 21:00:00,66202.8,66202.8,66100.7,66202.8,4.68207193
2026-04-02 22:00:00,66202.8,66242.5,66200.0,66242.5,0.79990226
2026-04-02 23:00:00,66242.5,66242.5,66191.4,66191.4,2.30918199
2026-04-03 00:00:00,66191.4,66229.6,66063.7,66077.1,15.7064493
2026-04-03 01:00:00,66077.1,66086.3,65876.2,65988.0,14.06152985
2026-04-03 02:00:00,65988.0,65988.0,65789.1,65965.3,15.98677308
2026-04-03 03:00:00,65965.3,66518.5,65938.9,66326.4,143.96763994
2026-04-03 04:00:00,66326.5,66434.3,66136.7,66319.7,27.6043647
2026-04-03 05:00:00,66319.8,66519.2,66078.2,66240.6,28.64810286
2026-04-03 06:00:00,66240.6,66289.5,65971.5,66157.7,25.39147283
2026-04-03 07:00:00,66157.7,66599.9,66150.0,66586.3,69.48297756
2026-04-03 08:00:00,66586.4,66599.9,66235.7,66272.5,28.55531297
2026-04-03 09:00:00,66272.5,66400.0,66232.9,66233.6,176.51758765
2026-04-03 10:00:00,66233.6,66498.3,66202.8,66351.8,126.9717881
2026-04-03 11:00:00,66362.7,66523.6,66338.5,66470.4,50.74356318
2026-04-03 12:00:00,66470.4,66632.8,66325.2,66433.1,92.61984503
2026-04-03 13:00:00,66433.1,66676.1,66250.0,66264.6,104.60412057
2026-04-03 14:00:00,66264.7,66512.9,66134.4,66214.7,25.21845954
2026-04-03 15:00:00,66214.7,66293.8,66177.2,66228.7,114.71284064
2026-04-03 16:00:00,66199.4,66599.9,66175.5,66326.0,52.3967684
2026-04-03 17:00:00,66326.0,66890.7,66176.3,66403.6,128.34238583
2026-04-03 18:00:00,66403.7,66518.5,66153.8,66252.8,47.84497105
2026-04-03 19:00:00,66252.9,66588.3,66124.5,66146.9,48.19657619
2026-04-03 20:00:00,66146.9,66206.0,66146.9,66205.9,21.34699381
2026-04-03 21:00:00,66206.0,67091.3,66200.0,67000.0,188.3566367
2026-04-03 22:00:00,67000.1,67125.0,66730.7,66874.4,34.25629746
2026-04-03 23:00:00,66874.4,67021.2,66318.8,66330.0,62.93852518
2026-04-04 00:00:00,66330.0,66702.1,66250.0,66440.6,47.98293611
2026-04-04 01:00:00,66440.6,66538.4,66171.8,66171.8,18.95506972
2026-04-04 02:00:00,66180.6,66180.6,66147.6,66166.3,7.77366811
2026-04-04 03:00:00,66166.3,66170.5,66161.6,66167.5,2.38554166
2026-04-04 04:00:00,66167.5,66177.1,66141.5,66141.7,8.37695603
2026-04-04 05:00:00,66141.7,66177.1,66141.7,66177.1,8.55339705
2026-04-04 06:00:00,66177.1,66194.0,66177.1,66194.0,21.78951849
2026-04-04 07:00:00,66194.0,66194.0,66194.0,66194.0,9.39164222
2026-04-04 08:00:00,66194.0,66294.2,66194.0,66269.6,28.58124793
2026-04-04 09:00:00,66269.6,66294.2,66265.5,66294.2,13.33745591
2026-04-04 10:00:00,66294.2,67098.8,66255.4,67098.7,281.17047431
2026-04-04 11:00:00,67098.8,67133.3,67011.2,67116.8,57.41367758
2026-04-04 12:00:00,67116.9,67153.6,67011.2,67096.9,74.74067956
2026-04-04 13:00:00,67094.5,67200.0,67011.2,67179.5,54.31333275
2026-04-04 14:00:00,67179.5,67179.6,67011.2,67100.0,121.63820625
2026-04-04 15:00:00,67100.0,67100.0,66643.5,66661.0,53.24170645
2026-04-04 16:00:00,66661.0,66791.6,66658.3,66781.6,8.22292448
2026-04-04 17:00:00,66781.6,66781.6,66626.1,66686.4,5.95902579
2026-04-04 18:00:00,66675.1,66699.9,66603.6,66613.6,6.04513594
2026-04-04 19:00:00,66613.6,66624.0,66602.2,66610.3,4.42452034
2026-04-04 20:00:00,66613.6,66613.6,66519.4,66532.7,9.18870891
2026-04-04 21:00:00,66532.7,66586.0,66532.7,66586.0,7.71662452
2026-04-04 22:00:00,66586.0,66592.7,66586.0,66592.7,3.91843724
2026-04-04 23:00:00,66592.7,66607.2,66587.4,66607.2,4.26463084
2026-04-05 00:00:00,66607.2,66607.2,66500.4,66509.2,16.31510098
2026-04-05 01:00:00,66509.3,66555.6,66409.9,66424.6,36.58565705
2026-04-05 02:00:00,66424.6,66424.6,66316.5,66383.1,19.3778272
2026-04-05 03:00:00,66383.1,66406.1,66383.1,66406.1,4.79270937
2026-04-05 04:00:00,66406.1,66409.8,66401.0,66409.8,1.8796989
2026-04-05 05:00:00,66409.8,66409.8,66244.4,66244.4,15.29587867
2026-04-05 06:00:00,66244.4,66244.4,65982.6,66124.0,92.34075525
2026-04-05 07:00:00,66124.0,66216.0,66056.5,66093.5,13.57663764
2026-04-05 08:00:00,66093.5,66256.5,66093.5,66228.8,70.38398987
2026-04-05 09:00:00,66228.8,66265.8,66228.8,66265.8,11.29965289
2026-04-05 10:00:00,66265.8,66321.2,66265.8,66321.2,4.78143227
2026-04-05 11:00:00,66321.2,66322.3,66306.1,66306.7,2.72343832
2026-04-05 12:00:00,66306.7,66306.7,66021.5,66021.5,29.98728658
2026-04-05 13:00:00,66021.5,66252.4,66021.5,66157.1,61.78606308
2026-04-05 14:00:00,66157.1,66157.1,66157.0,66157.1,4.66957751
2026-04-05 15:00:00,66157.1,66157.1,66157.1,66157.1,10.35104814
2026-04-05 16:00:00,66157.1,66157.1,66157.1,66157.1,4.06054791
2026-04-05 17:00:00,66157.1,67400.0,66157.1,67372.1,504.27484554
2026-04-05 18:00:00,67372.5,67451.3,67095.0,67407.2,208.94517601
2026-04-05 19:00:00,67410.0,67545.9,67000.0,67364.6,178.25567789
2026-04-05 20:00:00,67364.8,67697.9,67073.3,67651.5,138.29989881
2026-04-05 21:00:00,67651.5,67671.8,67177.9,67546.8,226.19718397
2026-04-05 22:00:00,67546.6,68368.5,67215.2,68337.3,1049.88573817
2026-04-05 23:00:00,68362.2,69121.7,68159.5,69023.7,6215.54661512
2026-04-06 00:00:00,69024.4,69574.4,68942.2,69078.8,3277.60507105
2026-04-06 01:00:00,69084.0,69136.4,68833.0,68833.0,1904.09150173
2026-04-06 02:00:00,68833.0,69042.2,68833.0,69041.9,43.20157849
2026-04-06 03:00:00,69042.0,69043.4,68833.0,68931.2,77.04661522
2026-04-06 04:00:00,68931.3,69197.3,68833.0,69137.0,103.34237439
2026-04-06 05:00:00,69145.8,69189.0,68942.2,69131.4,35.74597227
2026-04-06 06:00:00,69131.4,69160.2,68613.4,68751.2,100.30979117
2026-04-06 07:00:00,68613.4,68885.5,68326.3,68561.6,91.04428327
2026-04-06 08:00:00,68702.0,68737.5,68466.6,68482.6,19.61168691
2026-04-06 09:00:00,68482.6,68888.8,68482.6,68888.8,36.71734641
2026-04-06 10:00:00,68888.8,68936.1,68888.8,68936.1,4.50721533
2026-04-06 11:00:00,68936.1,68998.4,68885.0,68893.7,23.42869124
2026-04-06 12:00:00,68893.7,68955.9,68636.3,68644.2,45.38063335
2026-04-06 13:00:00,68644.2,68745.6,68561.6,68611.5,27.46381635
2026-04-06 14:00:00,68611.5,68891.2,68561.6,68891.2,44.50905069
2026-04-06 15:00:00,68891.2,68900.5,68891.0,68900.5,4.24094556
2026-04-06 16:00:00,68900.5,68955.9,68900.5,68955.9,18.83240415
2026-04-06 17:00:00,68955.9,68955.9,68660.0,68732.6,22.17731045
2026-04-06 18:00:00,68732.6,68955.9,68732.6,68955.9,44.6161234
2026-04-06 19:00:00,68955.9,68955.9,68895.0,68919.8,2.17668051
2026-04-06 20:00:00,68919.8,68955.9,68919.8,68955.9,1.25225832
2026-04-06 21:00:00,68955.9,68955.9,68752.1,68773.1,2.93655378
2026-04-06 22:00:00,68773.1,68775.3,68326.3,68499.8,58.49590472
2026-04-06 23:00:00,68499.9,68499.9,67966.3,68130.0,65.33623105
2026-04-07 00:00:00,68130.0,68134.0,68052.9,68109.1,4.46206763
2026-04-07 01:00:00,68109.1,68134.0,67877.8,68029.9,42.21766414
2026-04-07 02:00:00,68029.9,68030.0,67788.4,67941.2,53.73134214
2026-04-07 03:00:00,67941.2,67942.4,67941.2,67942.4,27.7769024
2026-04-07 04:00:00,67942.4,68448.1,67872.7,68448.1,142.78639094
2026-04-07 05:00:00,68448.2,68466.6,67934.0,67934.7,117.96495775
2026-04-07 06:00:00,67934.7,68040.5,67794.8,67884.6,22.7062912
2026-04-07 07:00:00,67884.6,68040.5,67857.3,67954.1,40.88624146
2026-04-07 08:00:00,67967.7,68040.5,67949.2,68040.5,18.1351104
2026-04-07 09:00:00,68040.5,68074.3,68040.5,68074.3,9.75868476
2026-04-07 10:00:00,68074.3,68074.3,67668.6,67668.6,55.22510342
2026-04-07 11:00:00,67692.0,67692.3,67596.9,67600.0,60.60198108
2026-04-07 12:00:00,67600.0,67600.0,67406.2,67600.0,45.37688623
2026-04-07 13:00:00,67600.0,67696.6,67521.7,67562.1,74.07783335
2026-04-07 14:00:00,67560.0,67562.3,67087.7,67189.0,124.87120936
2026-04-07 15:00:00,67189.9,68159.5,67061.5,68159.4,336.85548954
2026-04-07 16:00:00,68159.4,68300.0,68100.0,68280.0,115.0491343
2026-04-07 17:00:00,68280.0,68494.9,68280.0,68494.7,81.88943772
2026-04-07 18:00:00,68494.8,68494.9,68200.0,68439.7,112.58602523
2026-04-07 19:00:00,68441.6,68780.0,68350.0,68687.9,123.23280806
2026-04-07 20:00:00,68687.9,68733.3,68686.6,68729.0,25.22562242
2026-04-07 21:00:00,68729.0,69000.0,68727.9,69000.0,70.59827353
2026-04-07 22:00:00,69000.0,69055.3,69000.0,69055.3,91.20792855
2026-04-07 23:00:00,69055.3,69277.6,69055.3,69277.6,132.61495172
2026-04-08 00:00:00,69277.6,69398.5,69277.6,69398.5,32.15514401
2026-04-08 01:00:00,69398.8,69499.9,69398.8,69499.9,65.55381755
2026-04-08 02:00:00,69499.9,69499.9,69499.9,69499.9,27.42306019
2026-04-08 03:00:00,69499.9,69722.2,69499.9,69722.2,31.94977984
2026-04-08 04:00:00,69722.2,69722.2,69722.2,69722.2,29.84754243
2026-04-08 05:00:00,69722.2,69752.3,69722.2,69752.3,54.16894451
2026-04-08 06:00:00,69752.3,69882.7,69752.3,69882.7,6.72165941
2026-04-08 07:00:00,69883.3,69951.3,69883.3,69951.3,85.7002529
2026-04-08 08:00:00,69951.3,70166.6,69951.3,70166.6,113.12872813
2026-04-08 09:00:00,70166.6,70212.7,70166.6,70212.7,18.00816626
2026-04-08 10:00:00,70212.7,70756.8,70212.7,70756.8,164.06628975
2026-04-08 11:00:00,70756.8,70833.3,70696.4,70833.3,61.6598257
2026-04-08 12:00:00,70833.3,70833.3,70833.3,70833.3,32.13416989
2026-04-08 13:00:00,70833.3,70877.3,70800.0,70806.9,76.25460112
2026-04-08 14:00:00,70806.9,70807.6,70166.6,70337.4,179.14191385
2026-04-08 15:00:00,70349.2,70469.9,70200.0,70465.6,65.27274986
2026-04-08 16:00:00,70465.6,70700.0,70465.6,70652.5,73.03821642
2026-04-08 17:00:00,70652.5,70833.3,70652.5,70833.3,85.47101937
2026-04-08 18:00:00,70833.3,70833.3,70384.6,70428.2,60.75955623
2026-04-08 19:00:00,70385.9,70580.1,70347.5,70430.0,24.44217642
2026-04-08 20:00:00,70430.0,70685.0,70430.0,70675.0,32.20949877
2026-04-08 21:00:00,70679.0,70699.0,70649.9,70699.0,12.49911105
2026-04-08 22:00:00,70699.0,70710.0,70384.6,70389.1,12.88665927
2026-04-08 23:00:00,70389.1,70389.1,70265.1,70267.6,48.28856631
2026-04-09 00:00:00,70267.6,70389.1,70166.6,70378.7,50.72557594
2026-04-09 01:00:00,70380.7,70410.0,69944.4,70215.4,320.76738954
2026-04-09 02:00:00,70215.4,70398.2,70123.4,70398.2,37.97345415
2026-04-09 03:00:00,70389.1,70605.3,70166.6,70222.6,52.82271638
2026-04-09 04:00:00,70222.6,70250.3,70166.6,70189.6,46.39793226
2026-04-09 05:00:00,70193.7,70300.0,70166.6,70296.2,58.47832189
2026-04-09 06:00:00,70296.2,70302.2,70166.6,70302.2,24.86330499
2026-04-09 07:00:00,70302.2,71099.9,70302.2,70974.0,685.4190794
2026-04-09 08:00:00,70972.5,71352.5,70757.5,71244.2,363.49468418
2026-04-09 09:00:00,71250.0,71547.5,70641.1,71536.9,1056.54985361
2026-04-09 10:00:00,71535.9,71538.9,71240.4,71281.9,246.11810907
2026-04-09 11:00:00,71277.7,71349.0,70946.1,71155.6,201.64394426
2026-04-09 12:00:00,71154.0,71315.2,70942.8,71282.5,229.99762258
2026-04-09 13:00:00,71272.3,71342.1,70611.1,70803.1,255.871919
2026-04-09 14:00:00,70805.5,71233.3,70463.1,71124.4,379.22856225
2026-04-09 15:00:00,71123.1,72388.8,70851.0,72142.6,1098.22428576
2026-04-09 16:00:00,72144.5,72398.2,71722.2,72076.3,492.24489316
2026-04-09 17:00:00,72076.3,72611.0,71967.2,72342.5,620.2179229
2026-04-09 18:00:00,72343.8,72375.4,71722.2,71877.9,366.80593236
2026-04-09 19:00:00,71879.0,72388.8,71722.2,72109.2,259.83403411
2026-04-09 20:00:00,72123.3,72446.2,71944.4,72416.3,158.74369235
2026-04-09 21:00:00,72412.1,72692.3,72133.4,72267.1,493.59303895
2026-04-09 22:00:00,72267.1,73052.3,71950.0,71950.0,576.20338201
2026-04-09 23:00:00,71968.1,72035.9,71500.0,71794.2,263.88616282
2026-04-10 00:00:00,71786.9,72058.8,71500.0,71968.5,183.02858991
2026-04-10 01:00:00,71973.8,72388.8,71623.9,72159.0,478.43119898
2026-04-10 02:00:00,72164.1,72388.8,71920.0,71956.9,203.85663172
2026-04-10 03:00:00,71962.2,72166.6,71722.2,71873.8,177.13742305
2026-04-10 04:00:00,71875.0,72208.7,71722.2,72128.9,369.8992687
2026-04-10 05:00:00,72123.9,72388.8,71944.4,72129.0,114.29011603
2026-04-10 06:00:00,72128.9,72388.8,71767.0,71808.8,341.61618395
2026-04-10 07:00:00,71808.9,71988.6,71277.7,71480.4,263.73520741
2026-04-10 08:00:00,71485.5,71771.7,71277.7,71600.8,165.9258469
2026-04-10 09:00:00,71610.3,71928.1,71500.0,71790.4,179.01117951
2026-04-10 10:00:00,71789.9,71944.4,71500.0,71904.0,149.49868726
2026-04-10 11:00:00,71904.5,72388.8,71623.9,72118.5,450.08939069
2026-04-10 12:00:00,72118.4,72535.6,71944.4,72244.0,321.46360491
2026-04-10 13:00:00,72255.4,72431.0,71835.7,72300.5,590.7820991
2026-04-10 14:00:00,72303.7,73211.7,72170.9,72905.4,706.55459216
2026-04-10 15:00:00,72900.4,73280.0,72353.2,72434.2,951.10072167
2026-04-10 16:00:00,72437.7,73076.9,72300.0,72996.7,683.61238186
2026-04-10 17:00:00,72996.7,73277.6,72704.2,73125.5,544.13603525
2026-04-10 18:00:00,73123.0,73277.6,72833.2,73102.6,244.8676603
2026-04-10 19:00:00,73104.6,73277.6,72668.0,73251.3,334.20695478
2026-04-10 20:00:00,73249.4,73447.2,73026.3,73363.2,331.01805093
2026-04-10 21:00:00,73363.2,73499.8,72833.2,73197.3,237.93890216
2026-04-10 22:00:00,73194.7,73277.6,72750.0,72873.3,143.39600178
2026-04-10 23:00:00,72869.9,73055.4,72717.9,72943.4,93.73417117
2026-04-11 00:00:00,72957.4,73055.4,72611.0,72832.6,148.81966871
2026-04-11 01:00:00,72832.6,73026.3,72611.0,72933.3,140.7174128
2026-04-11 02:00:00,72932.6,73264.9,72622.9,73018.0,1048.33260768
2026-04-11 03:00:00,73018.0,73277.6,72800.0,72875.3,322.99490801
2026-04-11 04:00:00,72872.5,73055.4,72611.0,72811.6,240.1389091
2026-04-11 05:00:00,72811.7,73055.4,72611.0,72724.2,196.94836403
2026-04-11 06:00:00,72723.2,73000.0,72611.0,72769.3,77.63299769
2026-04-11 07:00:00,72771.9,72833.2,72388.8,72744.3,427.2093971
2026-04-11 08:00:00,72745.0,72833.2,72388.8,72679.2,218.35431979
2026-04-11 09:00:00,72677.4,72900.2,72431.0,72889.0,181.29403423
2026-04-11 10:00:00,72889.8,73017.8,72611.0,72848.0,117.88642472
2026-04-11 11:00:00,72851.4,72939.2,72611.0,72901.8,172.37900637
2026-04-11 12:00:00,72919.0,73055.4,72692.3,72928.5,186.54943364
2026-04-11 13:00:00,72935.5,72959.1,72388.8,72661.9,143.52011764
2026-04-11 14:00:00,72661.2,72833.2,72431.0,72713.4,112.7997576
2026-04-11 15:00:00,72708.9,73026.3,72400.0,72870.4,359.92209515
2026-04-11 16:00:00,72863.0,73213.5,72611.0,73043.2,351.35016446
2026-04-11 17:00:00,73043.2,73264.9,72833.2,73109.3,176.00709526
2026-04-11 18:00:00,73102.4,73682.4,72833.2,73552.1,715.00823813
2026-04-11 19:00:00,73561.3,73794.6,73284.5,73690.5,307.52858557
2026-04-11 20:00:00,73691.3,73723.4,73076.9,73299.6,145.41338955
2026-04-11 21:00:00,73294.4,73558.5,73055.4,73415.1,213.25759315
2026-04-11 22:00:00,73432.5,73629.6,73132.0,73385.2,144.9557868
2026-04-11 23:00:00,73379.7,73387.9,72887.3,73045.2,175.50707992
2026-04-12 00:00:00,73053.6,73277.6,72833.2,73207.3,174.03893276
2026-04-12 01:00:00,73090.5,73264.9,71309.7,71644.8,726.9670438
2026-04-12 02:00:00,71648.6,72089.8,71355.8,71760.2,714.56528954
2026-04-12 03:00:00,71761.7,71900.9,71500.0,71610.0,135.41445192
2026-04-12 04:00:00,71601.9,71835.7,71277.7,71479.7,233.19153045
2026-04-12 05:00:00,71470.4,71944.4,71277.7,71701.5,281.10036133
2026-04-12 06:00:00,71702.9,71933.2,71500.0,71649.1,191.38753072
2026-04-12 07:00:00,71651.2,71906.4,71500.0,71686.1,204.80006314
2026-04-12 08:00:00,71671.1,71911.4,71440.0,71627.7,190.69129405
2026-04-12 09:00:00,71626.1,71722.2,71351.2,71537.5,95.34281904
2026-04-12 10:00:00,71534.8,71681.6,71349.3,71451.4,93.07906586
2026-04-12 11:00:00,71451.5,71767.0,71277.7,71472.4,371.54940935
2026-04-12 12:00:00,71471.4,71722.2,71055.5,71111.6,341.96278083
2026-04-12 13:00:00,71104.6,71277.7,70833.3,70891.9,242.7022401
2026-04-12 14:00:00,70884.9,71240.4,70645.1,70741.0,391.7801006
2026-04-12 15:00:00,70745.3,71055.5,70611.1,70886.9,138.4275316
2026-04-12 16:00:00,70887.0,71198.4,70611.1,70932.8,485.32193772
2026-04-12 17:00:00,70933.1,71200.0,70671.4,71147.0,220.11719443
2026-04-12 18:00:00,71148.9,71277.7,70833.3,71137.0,282.50168992
2026-04-12 19:00:00,71137.1,71277.7,70843.3,71093.1,232.31308108
2026-04-12 20:00:00,71091.1,71441.5,70833.3,71342.4,178.21566932
2026-04-12 21:00:00,71342.1,71500.0,71055.5,71367.3,115.14240412
2026-04-12 22:00:00,71369.6,71384.6,70531.9,70910.4,644.99383424
2026-04-12 23:00:00,70908.7,70938.6,70388.8,70740.7,141.93551682
2026-04-13 00:00:00,70743.2,71239.4,70529.9,71171.3,297.66434194
2026-04-13 01:00:00,71172.3,71240.4,70851.0,71199.3,69.35558686
2026-04-13 02:00:00,71194.1,71277.7,70894.5,71084.4,190.69580107
2026-04-13 03:00:00,71089.2,71277.7,70833.3,70999.9,144.99139376
2026-04-13 04:00:00,70982.0,71239.4,70833.3,70896.4,162.81098801
2026-04-13 05:00:00,70899.9,71175.0,70611.1,70888.3,261.98382464
2026-04-13 06:00:00,70888.9,71170.2,70666.6,71022.2,213.86145113
2026-04-13 07:00:00,71028.2,71175.0,70611.1,70823.8,327.65917844
2026-04-13 08:00:00,70824.5,71055.5,70388.8,70690.7,342.28902565
2026-04-13 09:00:00,70686.8,71055.5,70576.9,70791.7,376.30217019
2026-04-13 10:00:00,70795.1,71055.5,70388.8,70740.1,241.81530924
2026-04-13 11:00:00,70751.9,71055.5,70611.1,70939.3,243.14489348
2026-04-13 12:00:00,70928.9,71222.9,70611.1,71074.6,401.40390394
2026-04-13 13:00:00,71074.6,71722.2,70792.5,71653.1,1192.04981418
2026-04-13 14:00:00,71655.4,72387.0,71277.7,72387.0,821.45323029
2026-04-13 15:00:00,72387.3,72584.0,71500.0,71858.2,741.95968137
2026-04-13 16:00:00,71868.0,72431.0,71538.1,72208.7,655.21599339
2026-04-13 17:00:00,72208.7,72611.0,71944.4,72139.1,496.4785313
2026-04-13 18:00:00,72144.5,72456.4,71944.4,72426.6,213.70053559
2026-04-13 19:00:00,72426.7,73494.4,72166.6,73326.3,728.15444224
2026-04-13 20:00:00,73337.3,73447.2,72887.3,73151.1,218.97322906
2026-04-13 21:00:00,73151.2,73499.8,72900.2,73188.2,336.9411799
2026-04-13 22:00:00,73179.3,74714.2,73076.9,74625.4,501.60166898
2026-04-13 23:00:00,74636.5,74880.2,74130.1,74444.4,297.47871783
2026-04-14 00:00:00,74418.2,74541.3,74038.4,74167.0,243.26031739
2026-04-14 01:00:00,74153.5,74523.0,73994.3,74387.1,221.47812745
2026-04-14 02:00:00,74379.8,74793.8,73933.7,74337.7,736.96555195
2026-04-14 03:00:00,74331.7,74541.3,73964.0,74445.3,211.28668847
2026-04-14 04:00:00,74441.6,74693.9,74065.6,74394.2,310.41685292
2026-04-14 05:00:00,74397.0,74678.8,73994.3,74211.7,223.39315153
2026-04-14 06:00:00,74211.8,74564.0,73937.5,74533.1,165.65068238
2026-04-14 07:00:00,74527.7,74799.9,74216.9,74549.6,343.72400659
2026-04-14 08:00:00,74552.8,74960.0,74201.6,74752.2,367.71255021
2026-04-14 09:00:00,74752.3,74903.5,74277.1,74507.6,434.52316353
2026-04-14 10:00:00,74507.7,74866.3,74166.6,74348.4,254.21226543
2026-04-14 11:00:00,74348.5,74514.6,74062.0,74376.9,189.28372287
2026-04-14 12:00:00,74377.8,74514.6,73934.2,74465.7,340.54378471
2026-04-14 13:00:00,74462.7,75681.6,74233.5,75527.6,940.36485031
2026-04-14 14:00:00,75524.4,76304.3,74807.6,75267.6,1044.86557649
2026-04-14 15:00:00,75244.0,75576.9,74514.6,75324.9,719.04716273
2026-04-14 16:00:00,75324.9,75810.7,74523.6,74651.3,406.36662663
2026-04-14 17:00:00,74654.1,74943.1,74230.7,74743.3,479.73791139
2026-04-14 18:00:00,74742.2,74999.9,73802.8,74094.2,404.81211532
2026-04-14 19:00:00,74094.3,74482.5,73846.1,74220.5,307.82696894
2026-04-14 20:00:00,74219.6,74568.5,73846.1,74093.8,406.19280576
2026-04-14 21:00:00,74101.9,74514.6,73811.9,74269.8,220.81623163
2026-04-14 22:00:00,74274.9,74364.2,73811.4,74028.3,290.66812919
2026-04-14 23:00:00,74023.9,74423.0,73781.5,74150.3,198.15819332
2026-04-15 00:00:00,74148.8,74800.0,73994.3,74569.8,219.81437181
2026-04-15 01:00:00,74570.5,74812.2,74247.4,74610.9,451.5780291
2026-04-15 02:00:00,74610.9,74752.0,74000.0,74326.7,170.43377728
2026-04-15 03:00:00,74326.8,74514.6,74068.6,74354.6,175.0048069
2026-04-15 04:00:00,74346.7,74589.0,74027.6,74166.6,327.2524963
2026-04-15 05:00:00,74311.4,74573.8,73749.5,74023.4,176.77209265
2026-04-15 06:00:00,74025.7,74250.0,73593.6,73891.8,283.52359576
2026-04-15 07:00:00,73892.5,74068.6,73451.3,73740.9,393.00236273
2026-04-15 08:00:00,73742.9,74250.0,73494.4,74120.1,228.67601728
2026-04-15 09:00:00,74120.2,74305.3,73621.6,74015.5,292.86229041
2026-04-15 10:00:00,74013.6,74381.5,73656.5,73851.8,223.69643798
2026-04-15 11:00:00,73862.9,74247.2,73652.9,74200.0,406.05524931
2026-04-15 12:00:00,74200.0,74599.9,73809.9,74272.7,572.90659143
2026-04-15 13:00:00,74272.8,74666.9,73652.9,74057.0,420.43567502
2026-04-15 14:00:00,74057.0,74535.0,73781.5,74138.7,502.57936175
2026-04-15 15:00:00,74142.3,74444.4,73367.3,73847.9,429.19190784
2026-04-15 16:00:00,73846.2,74480.2,73621.6,73950.0,433.87862418
2026-04-15 17:00:00,73947.6,74355.8,73660.3,74121.6,257.6282536
2026-04-15 18:00:00,74135.0,74750.0,73980.0,74391.2,443.0937849
2026-04-15 19:00:00,74391.3,75407.5,74279.7,75024.4,268.6148187
2026-04-15 20:00:00,75019.4,75192.3,74347.9,74841.7,230.82819937
2026-04-15 21:00:00,74839.5,75000.0,74358.9,74742.0,107.92072127
2026-04-15 22:00:00,74742.0,75384.6,74666.6,74956.7,171.2487209
2026-04-15 23:00:00,74961.0,75109.9,74514.6,74805.2,186.45937318
2026-04-16 00:00:00,74812.5,74901.4,74363.6,74803.9,175.99894835
2026-04-16 01:00:00,74804.2,74905.9,74323.7,74646.7,149.00065194
2026-04-16 02:00:00,74647.3,75267.6,74514.6,74879.6,213.59022073
2026-04-16 03:00:00,74883.5,75289.3,74642.9,74886.5,231.58772321
2026-04-16 04:00:00,74886.5,75252.4,74530.0,74937.3,292.07955266
2026-04-16 05:00:00,74938.0,75270.6,74615.3,75038.7,233.01739277
2026-04-16 06:00:00,75038.8,75320.3,74651.1,75028.3,185.65926439
2026-04-16 07:00:00,75028.7,75084.5,74630.5,74695.8,114.66207338
2026-04-16 08:00:00,74701.3,75000.0,74400.0,74673.6,316.99019707
2026-04-16 09:00:00,74673.7,74999.9,74423.0,74600.0,178.69478771
2026-04-16 10:00:00,74597.7,74718.3,74216.9,74307.9,184.56321351
2026-04-16 11:00:00,74315.6,74642.9,74000.0,74574.7,289.17416329
2026-04-16 12:00:00,74580.8,75065.4,74454.5,74633.9,252.65367035
2026-04-16 13:00:00,74633.9,75109.9,73360.5,73792.4,442.3462259
2026-04-16 14:00:00,73792.4,74215.3,73361.2,73979.1,406.36653245
2026-04-16 15:00:00,73978.0,74865.1,73800.0,74694.3,357.9750789
2026-04-16 16:00:00,74701.5,75000.0,74062.0,74177.7,389.39623703
2026-04-16 17:00:00,74177.7,74600.0,73781.5,74344.4,418.36888889
2026-04-16 18:00:00,74340.0,75109.9,74216.9,75033.1,264.20007669
2026-04-16 19:00:00,75033.1,75497.8,74740.7,75356.9,461.22179622
2026-04-16 20:00:00,75347.0,75662.5,74880.2,75220.6,478.09021582
2026-04-16 21:00:00,75223.8,75278.3,74721.6,74928.0,215.47719818
2026-04-16 22:00:00,74936.4,75121.0,74812.2,74878.0,59.94209193
2026-04-16 23:00:00,74876.7,75289.3,74812.2,75146.9,157.7881743
2026-04-17 00:00:00,75147.0,75270.6,74762.4,74940.4,140.8642747
2026-04-17 01:00:00,74940.4,75031.6,74514.6,74749.5,194.50330929
2026-04-17 02:00:00,74744.9,75007.8,74514.6,74699.9,218.79096782
2026-04-17 03:00:00,74700.0,75572.0,74541.3,75572.0,169.89673738
2026-04-17 04:00:00,75572.0,75583.3,75572.0,75572.0,29.3747026
2026-04-17 05:00:00,75572.0,75572.0,75572.0,75572.0,74.26516693
2026-04-17 06:00:00,75572.0,75602.2,75000.0,75572.8,119.47870388
2026-04-17 07:00:00,75602.0,75750.0,75572.8,75671.6,58.03816733
2026-04-17 08:00:00,75699.8,75873.3,75555.5,75762.9,1665.39638581
2026-04-17 09:00:00,75772.0,76727.5,75543.0,76537.1,483140.30936319
2026-04-17 10:00:00,76537.1,76614.7,75311.6,76018.2,1308193.87367605
2026-04-17 11:00:00,76018.2,76160.6,75139.9,75588.2,532471.73009728
2026-04-17 12:00:00,75588.3,76281.6,75407.5,76281.6,5042.68136115
2026-04-17 13:00:00,76281.6,77743.7,76191.4,77337.7,316714.01253128
2026-04-17 14:00:00,77340.0,78216.3,76875.0,77881.9,838.34742034
2026-04-17 15:00:00,77884.6,78086.4,77163.4,77772.1,324.45680204
2026-04-17 16:00:00,77781.3,78490.9,77491.1,77853.5,479.0167076
2026-04-17 17:00:00,77855.9,78086.4,76939.8,77516.5,342.05938525
2026-04-17 18:00:00,77516.0,77692.3,76849.5,77158.4,281.33610725
2026-04-17 19:00:00,77154.8,77745.6,76756.2,77440.3,321.44629087
2026-04-17 20:00:00,77402.6,77703.7,77000.0,77349.0,93.64292716
2026-04-17 21:00:00,77363.3,77512.8,77115.0,77462.9,45.15619863
2026-04-17 22:00:00,77441.3,77512.8,77193.4,77297.6,52.98172121
2026-04-17 23:00:00,77299.3,77491.1,76698.2,77073.6,148.06347053
2026-04-18 00:00:00,77073.6,77543.5,76810.8,77159.0,439.09142399
2026-04-18 01:00:00,77159.0,77379.5,76914.8,77223.6,247.39953906
2026-04-18 02:00:00,77215.6,77625.0,76893.6,77277.6,130.45623631
2026-04-18 03:00:00,77289.4,77504.8,76895.8,77000.0,241.21386922
2026-04-18 04:00:00,77000.0,77334.7,76682.9,77142.5,684.06964387
2026-04-18 05:00:00,77109.0,77522.5,76923.0,77137.2,166.59260654
2026-04-18 06:00:00,77135.3,77438.2,76750.0,77124.2,194.79018719
2026-04-18 07:00:00,77125.1,77334.7,76666.0,76978.2,118.53866272
2026-04-18 08:00:00,76986.6,77352.9,76421.5,76738.8,414.82442872
2026-04-18 09:00:00,76738.9,76999.9,76300.5,76602.3,430.61396799
2026-04-18 10:00:00,76602.3,76602.3,76000.0,76190.3,155.34852292
2026-04-18 11:00:00,76193.7,76598.1,75781.1,76050.0,21214.80125387
2026-04-18 12:00:00,76050.1,77005.5,75817.6,76800.0,552750.16738979
2026-04-18 13:00:00,76800.0,76968.4,75707.3,76125.1,617177.90111804
2026-04-18 14:00:00,76125.2,76598.1,75889.0,76263.7,312.45411027
2026-04-18 15:00:00,76263.7,76600.0,75904.2,76171.6,322.16566849
2026-04-18 16:00:00,76171.7,76365.6,75705.2,75984.5,332.67128324
2026-04-18 17:00:00,75943.4,76273.7,75628.5,75828.8,311.41576471
2026-04-18 18:00:00,75828.9,76117.5,75192.3,75653.1,468.41989824
2026-04-18 19:00:00,75653.2,75936.5,75270.6,75653.6,149.74756847
2026-04-18 20:00:00,75649.7,76002.8,75431.5,75816.9,232.5305599
2026-04-18 21:00:00,75749.9,76033.6,75407.5,75807.1,181.71214011
2026-04-18 22:00:00,75816.6,76000.0,75452.9,75813.0,101.46268603
2026-04-18 23:00:00,75813.0,76002.8,75635.3,75699.1,52.44095197
2026-04-19 00:00:00,75699.1,75967.2,75384.6,75673.7,109.06526415
2026-04-19 01:00:00,75673.8,75810.7,75450.7,75626.6,50.87968316
2026-04-19 02:00:00,75626.7,75838.7,75407.5,75500.5,100.85655905
2026-04-19 03:00:00,75501.1,75705.2,75307.6,75516.6,102.90591769
2026-04-19 04:00:00,75516.6,75858.9,75289.3,75600.0,200.45685527
2026-04-19 05:00:00,75600.0,75692.7,75315.2,75548.0,366.31210007
2026-04-19 06:00:00,75548.0,75635.3,75121.9,75394.6,105.69625003
2026-04-19 07:00:00,75394.6,75579.7,74812.2,75243.8,343.32714714
2026-04-19 08:00:00,75235.1,75521.0,74998.3,75250.9,234.55525626
2026-04-19 09:00:00,75253.9,75576.9,74434.7,75020.8,1753.55892507
2026-04-19 10:00:00,75021.6,75407.5,74797.4,75224.2,189.62204817
2026-04-19 11:00:00,75224.3,75817.6,74901.4,75599.0,181.34212664
2026-04-19 12:00:00,75601.1,75892.3,75240.3,75572.4,207.0750654
2026-04-19 13:00:00,75572.5,76300.5,75439.2,75897.2,195.45453093
2026-04-19 14:00:00,75930.4,76327.5,75500.0,76028.2,280.14692218
2026-04-19 15:00:00,76028.3,76428.5,75407.5,75825.0,3537.51009711
2026-04-19 16:00:00,75851.1,75961.5,75315.2,75392.3,408.9289337
2026-04-19 17:00:00,75392.0,75584.1,74778.8,74793.0,618.26656874
2026-04-19 18:00:00,74793.0,75000.0,74486.8,74778.7,266.78747303
2026-04-19 19:00:00,74781.5,75072.1,74514.6,74976.6,246.93857532
2026-04-19 20:00:00,74965.9,75000.0,74485.5,74630.9,86.76768332
2026-04-19 21:00:00,74635.9,74930.0,74341.4,74424.4,172.1064478
2026-04-19 22:00:00,74424.6,74544.4,73621.6,74045.6,358.59848483
2026-04-19 23:00:00,74045.0,74192.3,73600.0,73795.0,328.07431809
2026-04-20 00:00:00,73804.8,74357.8,73644.8,74223.7,137.71846449
2026-04-20 01:00:00,74357.8,74778.8,74169.0,74604.0,192.89195656
2026-04-20 02:00:00,74597.6,74778.8,74299.2,74408.0,377.74159575
2026-04-20 03:00:00,74408.0,75201.6,74222.5,74630.0,2935.09526758
2026-04-20 04:00:00,74630.7,74778.8,74277.1,74566.1,90.69003654
2026-04-20 05:00:00,74566.1,74567.4,73919.3,74281.2,230.2183241
2026-04-20 06:00:00,74274.9,74960.0,73994.3,74780.0,402.45287911
2026-04-20 07:00:00,74786.8,75452.9,74514.6,74829.4,1535.40256644
2026-04-20 08:00:00,74831.2,75132.9,74485.5,75132.9,300.85086861
2026-04-20 09:00:00,75132.9,75365.3,74714.7,75056.3,1957.54075323
2026-04-20 10:00:00,75056.4,75439.2,74901.4,75000.0,239.76235997
2026-04-20 11:00:00,75026.5,75289.3,74812.2,75000.0,222.03496222
2026-04-20 12:00:00,75000.0,75636.0,74905.9,75284.6,314.12572542
2026-04-20 13:00:00,75284.6,75407.5,74345.2,75267.1,1400.42816011
2026-04-20 14:00:00,75267.2,75658.6,74812.2,75041.0,379.51400513
2026-04-20 15:00:00,75041.3,75727.1,74778.8,75710.9,287.25534341
2026-04-20 16:00:00,75710.9,75728.4,75192.3,75348.1,170.95763271
2026-04-20 17:00:00,75348.2,75951.9,75217.1,75903.5,235.42009825
2026-04-20 18:00:00,75903.6,76448.3,75658.6,76411.7,1858.92968815
2026-04-20 19:00:00,76411.8,76538.4,76002.8,76286.9,212.34566445
2026-04-20 20:00:00,76299.1,76538.4,75951.9,76269.6,75.62459521
2026-04-20 21:00:00,76269.7,76400.0,75711.6,75952.3,89.57422668
2026-04-20 22:00:00,75952.3,76245.1,75729.4,75975.7,59.9583884
2026-04-20 23:00:00,75972.0,76059.1,75450.7,75846.3,176.454837
2026-04-21 00:00:00,75846.6,76243.2,75443.9,76097.0,215.22194241
2026-04-21 01:00:00,76103.7,76245.1,75417.7,75924.0,939.03495089
2026-04-21 02:00:00,75924.1,76000.0,75541.8,75590.6,111.2655885
2026-04-21 03:00:00,75590.6,75951.9,75365.3,75711.3,165.79825985
2026-04-21 04:00:00,75711.4,75951.9,75431.4,75822.0,192.46750737
2026-04-21 05:00:00,75822.1,75999.9,75520.0,75816.3,413.93218299
2026-04-21 06:00:00,75816.4,76245.1,75658.6,75979.0,201.15425184
2026-04-21 07:00:00,75979.0,76300.5,75658.6,76079.8,211.22213994
2026-04-21 08:00:00,76079.9,76792.9,75951.9,76506.1,170.09842999
2026-04-21 09:00:00,76505.7,76600.0,76000.0,76358.2,356.4119699
2026-04-21 10:00:00,76359.5,76878.0,76132.6,76742.5,263.34580494
2026-04-21 11:00:00,76749.4,76831.7,76245.1,76449.4,445.86044521
2026-04-21 12:00:00,76450.8,76730.7,75705.2,76018.5,218.24916526
2026-04-21 13:00:00,76018.6,76245.1,75504.2,75700.0,389.32581337
2026-04-21 14:00:00,75700.0,76538.4,75634.6,75686.3,452.57595302
2026-04-21 15:00:00,75679.5,76002.8,75450.9,75839.3,273.55857152
2026-04-21 16:00:00,75839.4,76245.1,75536.2,75792.7,364.00641731
2026-04-21 17:00:00,75782.5,75918.2,75088.3,75556.4,367.89396787
2026-04-21 18:00:00,75556.4,75769.2,75312.4,75613.9,134.69711781
2026-04-21 19:00:00,75611.1,75918.2,74800.0,75022.4,341.29542694
2026-04-21 20:00:00,75028.1,75918.2,74905.9,75723.4,264.17270318
2026-04-21 21:00:00,75769.2,75791.3,75407.5,75541.1,70.4849438
2026-04-21 22:00:00,75541.2,75729.4,75109.9,75638.6,287.22128921
2026-04-21 23:00:00,75640.1,76427.7,75452.9,76329.6,245.16515974
2026-04-22 00:00:00,76329.7,76538.4,76107.4,76255.1,83.10224858
2026-04-22 01:00:00,76250.1,76553.0,75951.9,76307.9,137.26284959
2026-04-22 02:00:00,76301.1,77647.6,76017.3,77609.3,469.63439314
2026-04-22 03:00:00,77605.3,77711.5,77124.9,77526.3,241.66062541
2026-04-22 04:00:00,77526.3,77788.7,77124.9,77307.6,244.72994241
2026-04-22 05:00:00,77480.6,78439.0,77257.6,77987.8,659.84856983
2026-04-22 06:00:00,77987.8,78298.0,77654.6,78004.0,350.59448758
2026-04-22 07:00:00,78004.1,78126.1,77692.3,77995.1,163.48174399
2026-04-22 08:00:00,78010.0,78333.3,77801.1,78016.1,100.43453754
2026-04-22 09:00:00,78056.5,78250.0,77735.3,77982.2,71.37991795
2026-04-22 10:00:00,78000.0,78086.4,77711.5,77877.7,50.13303068
2026-04-22 11:00:00,77877.7,78086.4,77499.9,77664.8,54.34825381
2026-04-22 12:00:00,77664.8,77918.2,77418.2,77460.0,104.25533924
2026-04-22 13:00:00,77460.0,78300.0,77418.3,78076.9,171.68883659
2026-04-22 14:00:00,78076.9,78300.0,77792.9,78156.0,106.11875154
2026-04-22 15:00:00,78156.0,78519.6,78109.2,78491.6,260.89850986
2026-04-22 16:00:00,78489.6,78519.6,77924.0,78088.3,94.18350048
2026-04-22 17:00:00,78053.2,78375.0,77977.2,78071.5,45.57846808
2026-04-22 18:00:00,78071.5,78144.3,78060.7,78144.3,29.07154516
2026-04-22 19:00:00,78144.3,78309.0,77947.3,78057.4,49.54444459
2026-04-22 20:00:00,78079.0,78079.0,77627.5,77627.5,46.7758
2026-04-22 21:00:00,77627.5,77662.3,77627.5,77662.3,31.06028224
2026-04-22 22:00:00,77662.3,77971.5,77662.3,77762.0,20.61423168
2026-04-22 23:00:00,77762.0,77775.9,77376.6,77395.7,30.07582127
2026-04-23 00:00:00,77395.7,77971.5,76813.4,77608.2,171.97066878
2026-04-23 01:00:00,77608.2,78400.0,77283.0,78200.0,117.27369539
2026-04-23 02:00:00,78243.4,78464.2,77750.0,77932.5,251.86443651
2026-04-23 03:00:00,77932.5,78100.4,77200.0,77351.8,172.06754559
2026-04-23 04:00:00,77351.8,77716.8,76999.9,77069.3,81.19359729
2026-04-23 05:00:00,77069.3,77299.7,77032.9,77214.0,95.83113095
2026-04-23 06:00:00,77214.0,78339.5,77214.0,78203.6,467.08214191
2026-04-23 07:00:00,78203.6,78377.7,77743.7,78046.0,144.56090385
2026-04-23 08:00:00,78046.1,78337.9,77698.1,77853.1,134.89254309
2026-04-23 09:00:00,77853.1,77900.0,77403.3,77654.1,103.93520267
2026-04-23 10:00:00,77654.0,77765.9,77073.1,77407.7,146.39842944
2026-04-23 11:00:00,77407.8,77801.1,77039.9,77698.3,200.81396283
2026-04-23 12:00:00,77698.3,77896.0,77250.0,77881.0,232.80120188
2026-04-23 13:00:00,77864.4,78009.2,77154.6,77534.7,216.2206681
2026-04-23 14:00:00,77535.6,78205.9,77234.9,78181.1,223.36275022
2026-04-23 15:00:00,78184.5,78921.4,77911.4,78377.2,387.01157813
2026-04-23 16:00:00,78377.1,78662.5,78033.2,78094.5,437.27225918
2026-04-23 17:00:00,78091.6,78228.5,76880.0,77771.0,379.82574233
2026-04-23 18:00:00,77771.0,78342.1,77512.8,77722.1,131.7800321
2026-04-23 19:00:00,77751.9,77893.2,77522.5,77715.5,68.55723634
2026-04-23 20:00:00,77715.5,78120.0,77522.1,77881.7,45.76327829
2026-04-23 21:00:00,77881.8,78070.7,77658.5,77880.1,66.83136097
2026-04-23 22:00:00,77880.9,78375.4,77488.8,78227.6,252.67516038
2026-04-23 23:00:00,78227.6,78375.4,77839.2,78250.4,238.48960257
2026-04-24 00:00:00,78250.5,78518.8,78075.0,78411.7,99.32110622
2026-04-24 01:00:00,78413.9,78462.4,77884.6,78430.9,201.41453729
2026-04-24 02:00:00,78432.4,78750.0,78057.5,78125.7,311.36106561
2026-04-24 03:00:00,78125.7,78500.0,77499.9,77739.7,110.86967308
2026-04-24 04:00:00,77736.1,77891.8,77244.1,77653.5,172.04693863
2026-04-24 05:00:00,77665.3,78053.1,77307.6,77946.3,115.81784856
2026-04-24 06:00:00,77946.4,78178.9,77522.5,77789.7,110.98822748
2026-04-24 07:00:00,77789.8,77972.0,77463.4,77638.5,116.53303861
2026-04-24 08:00:00,77638.6,78182.8,77250.0,77785.8,191.33290814
2026-04-24 09:00:00,77785.9,77853.6,77290.3,77527.9,71.12206816
2026-04-24 10:00:00,77538.3,77861.9,77290.3,77750.3,118.83105398
2026-04-24 11:00:00,77749.1,78375.0,77666.6,78234.7,164.85059555
2026-04-24 12:00:00,78234.8,78490.3,77884.6,78268.5,87.84861164
2026-04-24 13:00:00,78269.2,78456.3,77884.6,78102.2,134.93740138
2026-04-24 14:00:00,78099.6,78269.2,77636.4,78035.4,181.97867885
2026-04-24 15:00:00,78035.4,78216.3,77500.0,78056.6,103.35404477
2026-04-24 16:00:00,78043.7,78110.7,77475.0,77786.3,247.18768836
2026-04-24 17:00:00,77778.6,77881.0,77250.0,77664.1,115.64279406
2026-04-24 18:00:00,77684.1,77948.8,77226.9,77626.3,122.153521
2026-04-24 19:00:00,77615.9,77853.6,77228.4,77628.5,82.78401142
2026-04-24 20:00:00,77629.4,77840.7,77261.5,77716.7,75.22040489
2026-04-24 21:00:00,77719.9,77977.2,77192.3,77537.8,549.26549529
2026-04-24 22:00:00,77537.6,77705.0,77197.6,77315.0,49.61547079
2026-04-24 23:00:00,77316.3,77434.7,77064.6,77410.4,80.16106614
2026-04-25 00:00:00,77410.6,77483.8,77115.3,77443.1,21.02130848
2026-04-25 01:00:00,77443.2,77718.6,77115.3,77533.9,58.35809786
2026-04-25 02:00:00,77530.1,77736.8,77268.2,77600.0,99.95304424
2026-04-25 03:00:00,77600.5,77905.8,77307.6,77421.8,225.3749026
2026-04-25 04:00:00,77534.1,77874.5,77307.6,77614.1,77.21597316
2026-04-25 05:00:00,77614.1,77750.5,77313.4,77516.4,79.55839665
2026-04-25 06:00:00,77516.4,77911.4,77300.0,77503.9,164.3031103
2026-04-25 07:00:00,77500.1,77636.1,77200.0,77506.3,143.13420862
2026-04-25 08:00:00,77518.6,77680.0,77329.3,77635.1,93.14665682
2026-04-25 09:00:00,77635.2,77770.1,77250.0,77707.3,98.18007301
2026-04-25 10:00:00,77707.3,77913.6,77415.3,77784.1,262.0120329
2026-04-25 11:00:00,77784.1,77913.6,77482.0,77674.5,84.44645515
2026-04-25 12:00:00,77674.5,77800.0,77396.3,77562.3,40.29612127
2026-04-25 13:00:00,77550.0,77743.7,77333.3,77680.2,38.53993575
2026-04-25 14:00:00,77680.2,77900.0,77400.0,77654.6,159.55390863
2026-04-25 15:00:00,77654.7,77950.0,77307.6,77332.0,127.0936674
2026-04-25 16:00:00,77332.0,77697.8,77073.1,77404.2,157.72698601
2026-04-25 17:00:00,77404.3,77512.8,76999.9,77250.0,147.00503673
2026-04-25 18:00:00,77250.1,77440.0,77050.3,77323.9,82.50535602
2026-04-25 19:00:00,77297.3,77651.5,77050.3,77324.9,95.18791916
2026-04-25 20:00:00,77324.9,77712.1,77100.0,77472.0,76.43841708
2026-04-25 21:00:00,77472.0,77603.1,77257.6,77522.1,38.43192512
2026-04-25 22:00:00,77522.4,77643.6,77307.6,77565.6,29.08702599
2026-04-25 23:00:00,77560.6,77689.5,77307.6,77619.4,45.33554873
2026-04-26 00:00:00,77619.5,77689.5,77266.1,77487.5,29.12511072
2026-04-26 01:00:00,77487.5,77735.3,77115.3,77450.0,186.82773801
2026-04-26 02:00:00,77450.0,77692.3,77259.7,77510.4,55.55290414
2026-04-26 03:00:00,77510.5,77539.2,77200.0,77389.1,37.89206712
2026-04-26 04:00:00,77389.1,77958.8,77114.1,77764.8,80.17039033
2026-04-26 05:00:00,77771.6,78186.9,77482.0,77980.2,86.47923448
2026-04-26 06:00:00,77980.3,78305.0,77653.2,78000.7,77.58543788
2026-04-26 07:00:00,78000.8,78129.4,77884.6,78094.4,133.38524359
2026-04-26 08:00:00,78100.4,78437.5,77884.6,78030.4,95.06062311
2026-04-26 09:00:00,78030.0,78395.8,77913.6,78003.7,155.9948984
2026-04-26 10:00:00,78003.8,78269.2,77712.1,77994.9,63.74725996
2026-04-26 11:00:00,77995.0,78152.8,77800.0,78086.7,51.22753982
2026-04-26 12:00:00,78086.7,78335.8,77743.7,77816.3,186.93375658
2026-04-26 13:00:00,77814.5,78152.8,77734.9,77959.2,114.11934927
2026-04-26 14:00:00,77963.4,78168.7,77800.0,78084.4,70.29052399
2026-04-26 15:00:00,78084.4,78310.0,77692.3,78044.9,223.54531624
2026-04-26 16:00:00,78045.0,78345.3,77734.9,77936.2,154.04002206
2026-04-26 17:00:00,77930.0,78337.9,77636.1,77913.6,133.94130008
2026-04-26 18:00:00,78015.3,78345.3,77860.0,78283.3,79.35173551
2026-04-26 19:00:00,78273.4,78497.8,78000.0,78222.3,372.99837201
2026-04-26 20:00:00,78222.4,78372.0,78100.4,78198.0,136.72892126
2026-04-26 21:00:00,78198.0,78903.2,77840.5,78398.7,103.15055091
2026-04-26 22:00:00,78411.2,78833.3,78010.5,78341.6,75.85213463
2026-04-26 23:00:00,78321.4,78885.2,78026.2,78639.1,106.10105396
2026-04-27 00:00:00,78649.0,79500.0,78345.3,79240.3,150.82280016
2026-04-27 01:00:00,79248.3,79555.9,78750.2,79277.6,115.37793501
2026-04-27 02:00:00,79277.7,79306.6,78797.6,79142.9,89.00342959
2026-04-27 03:00:00,79119.7,79500.0,78858.2,79098.7,134.69237868
2026-04-27 04:00:00,79098.7,79463.2,78877.8,78917.9,97.23495698
2026-04-27 05:00:00,78923.3,78999.9,77541.1,77793.4,205.31573212
2026-04-27 06:00:00,77793.3,78000.0,77433.5,77710.6,143.39936269
2026-04-27 07:00:00,77701.2,77800.0,77407.3,77625.1,79.98428191
2026-04-27 08:00:00,77611.1,78000.0,77402.6,77864.4,123.08453426
2026-04-27 09:00:00,77864.4,78000.0,77692.3,77902.4,1641.00532624
2026-04-27 10:00:00,77900.1,77977.8,77415.5,77857.8,137.24364876
2026-04-27 11:00:00,77855.0,77886.8,77394.8,77847.0,84.9717095
2026-04-27 12:00:00,77847.0,77983.8,77263.4,77663.7,198.09924739
2026-04-27 13:00:00,77663.8,77986.4,77480.0,77747.7,93.81565626
2026-04-27 14:00:00,77754.1,78269.2,77600.0,77802.6,128.00961614
2026-04-27 15:00:00,77807.8,77895.3,76449.9,76792.0,343.21805303
2026-04-27 16:00:00,76790.3,76859.3,76402.8,76617.8,150.42432016
2026-04-27 17:00:00,76617.8,76925.5,76500.0,76749.9,88.14934551
2026-04-27 18:00:00,76741.7,77127.6,76307.2,76832.6,238.61653546
2026-04-27 19:00:00,76833.2,77050.3,76401.1,76887.5,266.36508453
2026-04-27 20:00:00,76887.5,77071.5,76618.7,76964.7,61.70511992
2026-04-27 21:00:00,76965.3,77100.0,76538.4,76785.0,79.34568199
2026-04-27 22:00:00,76785.0,77285.3,76516.5,77051.3,93.91387114
2026-04-27 23:00:00,77062.5,77445.2,76750.0,77371.3,94.01577804
2026-04-28 00:00:00,77371.3,77507.9,77050.3,77390.2,91.42228835
2026-04-28 01:00:00,77390.1,77440.0,76994.3,77087.6,52.5287299
2026-04-28 02:00:00,77089.2,77331.5,76609.3,76905.5,87.8466394
2026-04-28 03:00:00,76889.7,76914.8,76413.7,76823.5,164.71019624
2026-04-28 04:00:00,76811.5,76944.5,76607.7,76886.9,60.57046409
2026-04-28 05:00:00,76886.9,77142.8,76569.5,76890.0,177.85741743
2026-04-28 06:00:00,76886.0,77235.8,76376.6,76609.3,129.68822809
2026-04-28 07:00:00,76703.8,76924.8,76254.5,76878.6,203.86803214
2026-04-28 08:00:00,76879.6,76995.5,76065.7,76856.2,904.68271729
2026-04-28 09:00:00,76860.3,76913.7,76170.0,76602.0,396.71450863
2026-04-28 10:00:00,76596.6,76833.6,76170.2,76612.6,159.3610148
2026-04-28 11:00:00,76612.6,76730.7,76000.0,76230.4,176.97283004
2026-04-28 12:00:00,76230.5,76485.9,75971.2,76353.0,195.39898457
2026-04-28 13:00:00,76378.4,76485.9,75791.7,76203.4,228.12962161
2026-04-28 14:00:00,76191.8,76222.7,75431.5,75944.7,699.40190237
2026-04-28 15:00:00,75944.7,76150.0,75642.0,76058.7,136.14606247
2026-04-28 16:00:00,76066.0,76363.6,75718.9,76130.2,152.94274746
2026-04-28 17:00:00,76130.2,76327.5,75698.3,76190.1,240.93155598
2026-04-28 18:00:00,76190.1,76573.1,75961.5,76238.5,102.62830149
2026-04-28 19:00:00,76246.7,76456.6,76000.0,76323.4,142.39498121
2026-04-28 20:00:00,76333.8,76487.8,76153.8,76477.8,36.74309468
2026-04-28 21:00:00,76473.5,76500.0,76000.0,76349.1,53.22801202
2026-04-28 22:00:00,76363.3,76487.8,76155.0,76249.0,30.45020247
2026-04-28 23:00:00,76249.1,76395.7,76000.0,76348.6,48.10143315
2026-04-29 00:00:00,76342.2,76574.7,76117.5,76506.9,50.96724322
2026-04-29 01:00:00,76508.4,76648.9,76153.8,76563.7,108.72373527
2026-04-29 02:00:00,76572.1,76770.6,76316.9,76520.0,76.84718716
2026-04-29 03:00:00,76519.4,77266.1,76346.1,76992.4,180.27478033
2026-04-29 04:00:00,76990.3,77400.0,76640.0,77264.5,182.69008938
2026-04-29 05:00:00,77261.5,77482.0,76875.0,77281.0,180.66027901
2026-04-29 06:00:00,77288.5,77346.3,76715.5,77022.7,183.80360491
2026-04-29 07:00:00,77024.6,77200.0,76746.1,77041.9,61.06604811
2026-04-29 08:00:00,77041.9,77257.6,76747.6,77040.0,185.93402829
2026-04-29 09:00:00,77037.0,77784.0,76618.7,77643.4,113.52317893
2026-04-29 10:00:00,77641.3,78000.0,77305.1,77631.5,145.7837051
2026-04-29 11:00:00,77617.8,77981.5,77166.7,77595.4,103.59074278
2026-04-29 12:00:00,77594.8,77654.6,76666.6,77152.4,183.3855318
2026-04-29 13:00:00,77144.9,77375.0,76205.3,76788.2,125.2701507
2026-04-29 14:00:00,76786.3,77000.0,76200.0,76572.3,273.73878262
2026-04-29 15:00:00,76572.3,76800.0,75519.6,75904.2,146.02799582
2026-04-29 16:00:00,75904.3,76125.0,75431.5,75800.7,153.260485
2026-04-29 17:00:00,75800.8,76192.9,75506.3,76171.1,183.09874385
2026-04-29 18:00:00,76169.0,76208.5,74678.8,75499.4,297.12563441
2026-04-29 19:00:00,75508.2,75709.0,75045.4,75563.8,155.38377639
2026-04-29 20:00:00,75562.3,75848.5,75200.0,75677.1,49.93487203
2026-04-29 21:00:00,75677.1,76042.4,75431.5,75935.8,30.59077889
2026-04-29 22:00:00,75932.4,76025.9,75573.9,75931.6,40.76586024
2026-04-29 23:00:00,75924.8,76000.0,75450.0,75780.8,40.18273402
2026-04-30 00:00:00,75784.4,76356.3,75450.7,76265.9,65.35595465
2026-04-30 01:00:00,76265.9,76630.1,75906.4,76232.5,56.41176618
2026-04-30 02:00:00,76232.9,76418.3,75375.0,75739.4,65.91260782
2026-04-30 03:00:00,75708.8,75996.5,75385.1,75932.0,219.35147253
2026-04-30 04:00:00,75933.3,75969.9,75145.5,75503.5,70.41243756
2026-04-30 05:00:00,75495.1,76307.1,75199.9,75750.0,339.76515677
2026-04-30 06:00:00,75600.1,76020.4,75224.7,75759.8,173.53581101
2026-04-30 07:00:00,75757.4,76507.9,75520.0,76172.9,248.48309284
2026-04-30 08:00:00,76174.6,76442.3,75674.9,76064.0,148.27570882
2026-04-30 09:00:00,76070.5,76340.1,75716.2,75984.5,72.77582274
2026-04-30 10:00:00,75984.5,76191.7,75641.9,76044.4,279.22668961
2026-04-30 11:00:00,76030.1,76326.5,75633.8,76064.2,128.91425757
2026-04-30 12:00:00,76064.8,76656.4,75816.9,76296.7,129.93044069
2026-04-30 13:00:00,76296.7,76642.0,76039.7,76447.9,151.38217681
2026-04-30 14:00:00,76410.2,76685.8,75885.0,76299.0,195.67132537
2026-04-30 15:00:00,76298.9,76839.3,76095.2,76465.8,161.11399833
2026-04-30 16:00:00,76465.8,76785.7,75974.8,76268.4,110.3883454
2026-04-30 17:00:00,76261.1,76607.7,75759.2,76244.5,121.723945
2026-04-30 18:00:00,76240.9,76470.1,75885.0,76342.2,171.79005463
2026-04-30 19:00:00,76342.3,76513.3,76038.9,76418.1,61.07038178
2026-04-30 20:00:00,76418.2,76892.3,76076.9,76493.1,129.41760485
2026-04-30 21:00:00,76493.1,76540.2,76102.3,76247.7,75.94411319
2026-04-30 22:00:00,76243.8,76597.1,76000.0,76242.0,63.36594754
2026-04-30 23:00:00,76243.5,76689.1,76191.7,76342.5,67.9679359
2026-05-01 00:00:00,76344.9,76689.1,76294.3,76426.6,60.1997519
2026-05-01 01:00:00,76456.2,76800.0,76222.4,76683.9,78.18425596
2026-05-01 02:00:00,76689.3,77019.2,76342.4,76601.9,344.25814336
2026-05-01 03:00:00,76602.0,77464.5,76341.0,77132.1,545.53593926
2026-05-01 04:00:00,77130.6,77250.5,76808.5,77045.4,159.79017375
2026-05-01 05:00:00,77045.4,77300.0,76684.1,77163.7,192.91448559
2026-05-01 06:00:00,77163.8,77186.4,76808.5,77020.0,66.65510307
2026-05-01 07:00:00,77055.5,77473.0,76689.1,77127.5,92.75269842
2026-05-01 08:00:00,77127.5,77788.9,76783.0,77373.2,147.95317143
2026-05-01 09:00:00,77373.3,77395.2,76989.4,77274.4,101.25318743
2026-05-01 10:00:00,77274.5,77735.3,76962.0,77305.3,135.58202039
2026-05-01 11:00:00,77300.2,77600.0,77020.6,77470.0,156.72412245
2026-05-01 12:00:00,77470.0,78218.8,77109.8,77893.8,302.75627199
2026-05-01 13:00:00,77893.3,78944.2,77891.7,78726.2,360.19073199
2026-05-01 14:00:00,78728.0,78854.5,77765.9,78367.0,339.35598295
2026-05-01 15:00:00,78360.9,78907.0,77729.2,78482.5,459.44316499
2026-05-01 16:00:00,78482.5,78689.5,77874.6,78212.2,241.31804718
2026-05-01 17:00:00,78212.2,78600.0,77874.6,78556.5,149.26341924
2026-05-01 18:00:00,78556.5,78907.9,78261.8,78428.7,103.10354123
2026-05-01 19:00:00,78428.7,78777.7,78100.4,78354.4,108.11657335
2026-05-01 20:00:00,78359.9,78436.2,77759.3,77878.3,62.51086617
2026-05-01 21:00:00,77874.3,78196.3,77676.0,78196.3,114.13373407
2026-05-01 22:00:00,78200.0,78449.4,77907.8,78150.2,95.98782069
2026-05-01 23:00:00,78151.8,78234.2,77765.9,78234.2,51.5738836
2026-05-02 00:00:00,78234.5,78386.1,77920.0,78344.9,41.40998019
2026-05-02 01:00:00,78345.0,78600.0,78084.6,78337.3,63.90700469
2026-05-02 02:00:00,78341.3,78489.9,78253.6,78356.0,49.75919846
2026-05-02 03:00:00,78356.0,78782.1,77978.8,78420.5,316.00192142
2026-05-02 04:00:00,78420.5,78448.9,77862.6,78182.3,84.23968345
2026-05-02 05:00:00,78179.6,78239.7,77862.6,78180.3,106.87927084
2026-05-02 06:00:00,78180.3,78562.9,77862.6,78323.9,78.84561576
2026-05-02 07:00:00,78323.9,78518.8,77920.0,78197.9,125.23265656
2026-05-02 08:00:00,78212.7,78449.4,77798.6,78308.5,156.46738831
2026-05-02 09:00:00,78309.0,78449.4,78000.0,78293.8,112.42277065
2026-05-02 10:00:00,78295.5,78400.0,77978.8,78251.6,84.43567916
2026-05-02 11:00:00,78251.7,78309.2,77800.0,78149.3,54.51118356
2026-05-02 12:00:00,78149.4,78597.4,77800.0,78213.9,80.03904485
2026-05-02 13:00:00,78213.9,78429.4,77960.1,78371.9,192.49722329
2026-05-02 14:00:00,78372.0,78500.0,78181.8,78425.0,211.41019152
2026-05-02 15:00:00,78427.5,78800.0,78050.5,78485.0,102.95511469
2026-05-02 16:00:00,78490.7,78800.0,78243.7,78455.0,103.19148364
2026-05-02 17:00:00,78455.0,78571.4,78053.1,78395.0,85.57507496
2026-05-02 18:00:00,78395.0,78562.9,78126.1,78464.5,59.97724587
2026-05-02 19:00:00,78464.5,78523.4,78166.6,78484.1,155.26600137
2026-05-02 20:00:00,78485.2,78562.9,78126.1,78456.0,43.90551729
2026-05-02 21:00:00,78456.0,79190.4,78381.5,78729.8,186.82462704
2026-05-02 22:00:00,78729.8,78874.2,78620.8,78837.6,42.52122741
2026-05-02 23:00:00,78837.6,78984.8,78562.9,78693.0,60.4043062
2026-05-03 00:00:00,78693.0,78880.0,78449.4,78549.0,43.15813732
2026-05-03 01:00:00,78549.0,78654.6,78124.9,78251.4,75.10232595
2026-05-03 02:00:00,78242.6,78425.0,77887.8,78167.9,64.46027038
2026-05-03 03:00:00,78168.0,78450.9,78061.9,78204.0,81.40590374
2026-05-03 04:00:00,78205.0,78250.0,77862.6,78168.0,89.37916111
2026-05-03 05:00:00,78168.0,78260.9,77755.3,78245.7,207.06665652
2026-05-03 06:00:00,78245.7,78562.9,77800.0,78279.3,116.08039393
2026-05-03 07:00:00,78279.3,78740.8,77785.5,78354.0,433.20483677
2026-05-03 08:00:00,78354.0,78518.8,78063.5,78387.0,71.61959758
2026-05-03 09:00:00,78381.5,78609.3,78085.1,78531.8,72.00476882
2026-05-03 10:00:00,78531.9,78847.5,78053.1,78411.1,168.74720594
2026-05-03 11:00:00,78411.2,78838.6,78156.1,78651.5,99.71191112
2026-05-03 12:00:00,78655.3,79000.0,78479.2,78753.5,104.39779458
2026-05-03 13:00:00,78753.5,79120.3,78146.8,78667.3,516.44048022
2026-05-03 14:00:00,78666.0,79036.2,78518.8,78745.0,210.10761446
2026-05-03 15:00:00,78744.0,79041.4,78600.0,78669.0,114.17113437
2026-05-03 16:00:00,78669.0,78783.8,78449.4,78662.0,101.26510297
2026-05-03 17:00:00,78662.0,78929.8,78562.9,78735.0,61.52455538
2026-05-03 18:00:00,78735.0,78765.8,78300.0,78744.1,94.66155071
2026-05-03 19:00:00,78744.1,78857.0,78563.2,78768.3,66.33722537
2026-05-03 20:00:00,78768.3,79251.2,78465.7,78912.9,160.27525476
2026-05-03 21:00:00,78915.0,79407.8,78600.0,78838.4,71.18767746
2026-05-03 22:00:00,78838.5,79450.5,78619.3,79181.0,144.54377872
2026-05-03 23:00:00,79177.0,79295.5,78200.0,78572.0,194.83534146
2026-05-04 00:00:00,78576.3,78619.3,78126.1,78557.0,130.85519377
2026-05-04 01:00:00,78549.2,80224.1,78307.6,79756.6,277.74904782
2026-05-04 02:00:00,79774.3,80796.6,79361.7,80172.3,721.42740263
2026-05-04 03:00:00,80172.3,80815.1,79670.2,80312.3,342.51989643
2026-05-04 04:00:00,80316.7,81000.0,79974.1,80332.9,298.69828004
2026-05-04 05:00:00,80337.6,80486.5,79708.8,80028.1,177.13769895
2026-05-04 06:00:00,80028.1,80147.2,79262.8,79870.0,246.13912466
2026-05-04 07:00:00,79870.0,80109.5,79400.0,79695.2,150.25497335
2026-05-04 08:00:00,79695.4,80098.0,79441.6,79699.9,109.22737616
2026-05-04 09:00:00,79700.9,80132.1,79533.7,79841.9,162.15200433
2026-05-04 10:00:00,79835.6,79876.0,78200.0,78942.0,294.41548312
2026-05-04 11:00:00,78941.2,79259.3,78554.3,78790.0,172.37610447
2026-05-04 12:00:00,78790.0,79350.8,78594.0,78861.3,187.56849139
2026-05-04 13:00:00,78862.8,79231.2,78158.8,78787.0,333.57202255
2026-05-04 14:00:00,78787.0,80538.2,78332.1,80216.5,357.63638762
2026-05-04 15:00:00,80215.7,80600.0,79322.9,80033.4,378.23946979
2026-05-04 16:00:00,80033.5,80403.2,79623.0,80056.7,162.22457492
2026-05-04 17:00:00,80016.0,81111.4,79963.6,80386.4,377.38100447
2026-05-04 18:00:00,80386.5,80607.6,79867.8,80115.2,75.09703119
2026-05-04 19:00:00,80115.3,80349.0,79623.0,80045.5,72.24456262
2026-05-04 20:00:00,80050.9,80200.0,79623.0,79933.9,46.97796741
2026-05-04 21:00:00,79933.9,80685.7,79807.6,80259.6,60.46963521
2026-05-04 22:00:00,80259.6,80538.4,80047.8,80075.4,58.46961712
2026-05-04 23:00:00,80068.2,80254.4,79623.0,79850.7,94.81157823
2026-05-05 00:00:00,79865.0,80493.7,79794.4,80177.3,90.49768709
2026-05-05 01:00:00,80176.1,80532.6,80079.2,80345.5,82.426247
2026-05-05 02:00:00,80345.6,81300.0,80102.0,80549.2,151.81061407
2026-05-05 03:00:00,80557.5,81488.5,80209.8,80889.4,223.98216123
2026-05-05 04:00:00,80889.4,81340.0,80600.0,80700.0,120.14587415
2026-05-05 05:00:00,80700.0,81718.0,80246.3,80962.8,338.91255384
2026-05-05 06:00:00,80962.8,81253.8,80508.9,80979.0,183.57766045
2026-05-05 07:00:00,80979.0,81204.8,80606.4,80860.6,132.79404759
2026-05-05 08:00:00,80856.0,81166.2,80600.0,80816.9,115.46150793
2026-05-05 09:00:00,80818.8,81005.3,80396.4,80586.2,126.73637762
2026-05-05 10:00:00,80586.2,81005.3,80527.8,80821.9,192.13164984
2026-05-05 11:00:00,80830.7,81404.3,80407.0,81020.3,354.47766785
2026-05-05 12:00:00,81020.7,81460.6,80660.7,81281.5,181.1537271
2026-05-05 13:00:00,81271.6,81922.7,81061.5,81342.8,451.1920147
2026-05-05 14:00:00,81342.6,81803.2,80823.5,81328.6,342.0224155
2026-05-05 15:00:00,81328.6,82002.6,81189.4,81525.9,246.67316715
2026-05-05 16:00:00,81529.3,81728.2,80560.0,81290.0,346.08603636
2026-05-05 17:00:00,81290.2,81732.5,81000.0,81275.3,307.44341851
2026-05-05 18:00:00,81273.5,81891.5,81204.8,81520.0,96.88355713
2026-05-05 19:00:00,81507.3,81730.7,81182.4,81605.0,68.51579411
2026-05-05 20:00:00,81606.7,81803.2,81404.3,81645.0,80.05696145
2026-05-05 21:00:00,81645.0,82143.3,81204.8,81432.9,106.63191957
2026-05-05 22:00:00,81408.3,81732.5,80826.7,81121.2,113.96883104
2026-05-05 23:00:00,81113.5,81400.0,80606.4,80912.8,89.57531611
2026-05-06 00:00:00,80911.3,81261.9,80650.0,81030.2,113.92267434
2026-05-06 01:00:00,81030.1,81718.0,80805.9,81434.0,107.52004875
2026-05-06 02:00:00,81434.0,81603.7,80916.9,81362.4,162.3672099
2026-05-06 03:00:00,81372.0,81803.2,81179.6,81581.9,186.08503429
2026-05-06 04:00:00,81581.9,81800.0,81000.0,81341.8,173.06287619
2026-05-06 05:00:00,81349.2,81404.3,81000.0,81324.4,143.22997108
2026-05-06 06:00:00,81324.4,81935.2,81000.0,81483.3,163.6490092
2026-05-06 07:00:00,81479.5,81803.2,81204.8,81369.3,87.86366088
2026-05-06 08:00:00,81365.0,82351.2,81100.0,81944.4,505.81330177
2026-05-06 09:00:00,81945.0,82430.4,81400.0,81999.0,284.9469231
2026-05-06 10:00:00,81999.7,82775.3,81750.0,82296.2,324.43553813
2026-05-06 11:00:00,82291.8,83183.9,82002.6,82520.7,639.13106165
2026-05-06 12:00:00,82524.7,82815.7,82002.6,82229.0,237.78265552
2026-05-06 13:00:00,82229.1,82556.2,81323.7,81694.3,337.4191942
2026-05-06 14:00:00,81682.4,82002.6,81000.0,81533.4,391.05984108
2026-05-06 15:00:00,81524.3,82143.3,81301.3,81704.9,324.70152286
2026-05-06 16:00:00,81702.1,82202.1,81323.7,81620.4,262.90925482
2026-05-06 17:00:00,81620.4,81806.4,81189.4,81452.6,174.57406582
2026-05-06 18:00:00,81452.7,81803.2,81000.0,81005.3,178.88271355
2026-05-06 19:00:00,81167.5,81517.3,81005.3,81456.9,95.0919004
2026-05-06 20:00:00,81456.9,81697.0,81204.8,81427.4,52.60004208
2026-05-06 21:00:00,81428.5,81620.9,81280.0,81531.7,44.59971937
2026-05-06 22:00:00,81546.7,81620.9,81242.6,81347.4,57.40136423
2026-05-06 23:00:00,81342.9,81520.0,80800.0,81450.0,119.45256169
2026-05-07 00:00:00,81440.3,81500.0,80805.9,81024.9,143.0736276
2026-05-07 01:00:00,81020.1,81504.2,80750.0,81180.9,119.66752165
2026-05-07 02:00:00,81171.5,81404.3,80750.0,81125.9,252.24687657
2026-05-07 03:00:00,81125.9,81400.0,80805.9,80838.2,122.65838339
2026-05-07 04:00:00,80838.2,81189.4,80583.9,80984.1,127.39969638
2026-05-07 05:00:00,80984.2,81499.4,80805.9,81084.0,242.0784755
2026-05-07 06:00:00,81084.0,81500.0,80750.0,81437.9,180.08508872
2026-05-07 07:00:00,81442.4,81910.2,81153.8,81520.0,235.90564717
2026-05-07 08:00:00,81519.9,81750.0,81204.8,81227.5,106.69701306
2026-05-07 09:00:00,81228.0,81323.7,80557.6,80937.7,192.60303894
2026-05-07 10:00:00,80933.6,81250.0,80250.0,80860.3,217.25812556
2026-05-07 11:00:00,80861.2,81280.0,80500.0,80869.5,140.16428436
2026-05-07 12:00:00,80869.3,81387.0,80800.0,81159.7,106.3161011
2026-05-07 13:00:00,81159.7,81221.6,80207.5,80510.2,173.99978074
2026-05-07 14:00:00,80506.6,80702.6,79676.9,80175.7,347.03168874
2026-05-07 15:00:00,80175.8,80407.0,79676.9,79893.4,278.49301817
2026-05-07 16:00:00,79893.5,80300.0,79571.4,79872.1,276.53286335
2026-05-07 17:00:00,79804.0,80141.5,79400.0,80101.6,400.62211982
2026-05-07 18:00:00,80103.9,80499.8,79808.6,80213.9,152.51982641
2026-05-07 19:00:00,80214.0,80555.5,79609.1,80139.7,86.90345323
2026-05-07 20:00:00,80051.4,80600.0,79808.6,79887.1,93.30860375
2026-05-07 21:00:00,79887.1,80017.7,79603.5,79730.1,60.48472569
2026-05-07 22:00:00,79730.2,80000.0,79500.0,79923.8,92.25543473
2026-05-07 23:00:00,79923.9,80200.0,79708.8,80008.1,81.89610263
2026-05-08 00:00:00,80034.5,80411.4,79666.6,79839.0,202.98920443
2026-05-08 01:00:00,79839.0,80008.0,79400.0,79743.8,79.0316431
2026-05-08 02:00:00,79744.6,79824.6,79157.7,79481.9,145.39084987
2026-05-08 03:00:00,79478.8,79867.8,79010.7,79568.6,208.97371905
2026-05-08 04:00:00,79569.3,79870.4,79389.7,79661.7,55.60245238
2026-05-08 05:00:00,79661.7,79824.6,79400.0,79600.0,151.93546725
2026-05-08 06:00:00,79600.1,80004.2,79400.0,79529.0,122.08255834
2026-05-08 07:00:00,79523.5,79965.9,79200.0,79700.9,155.30998046
2026-05-08 08:00:00,79687.1,80296.0,79475.0,79889.9,159.58031146
2026-05-08 09:00:00,79891.8,80111.1,79708.8,79899.4,80.00916873
2026-05-08 10:00:00,79870.8,80270.3,79708.3,80214.8,82.43347587
2026-05-08 11:00:00,80214.8,80600.0,80000.0,80231.3,137.58490201
2026-05-08 12:00:00,80231.3,80555.5,79790.0,80038.5,245.71140805
2026-05-08 13:00:00,80033.9,80207.5,79549.6,79622.1,168.40850223
2026-05-08 14:00:00,79648.0,80424.4,79609.1,80149.0,125.33294779
2026-05-08 15:00:00,80151.3,80244.3,79609.1,80150.4,125.41706037
2026-05-08 16:00:00,80150.4,80407.0,79666.6,79801.1,230.09419688
2026-05-08 17:00:00,79804.1,80333.3,79603.5,80000.5,184.1282444
2026-05-08 18:00:00,80065.3,80347.8,79966.3,80088.7,65.12647721
2026-05-08 19:00:00,80088.6,80512.2,79833.3,80184.7,115.05035361
2026-05-08 20:00:00,80184.8,80407.0,80000.0,80144.3,58.14064723
2026-05-08 21:00:00,80144.3,80293.3,79888.0,80260.6,26.4768482
2026-05-08 22:00:00,80260.6,80600.0,80082.3,80281.2,108.43957063
2026-05-08 23:00:00,80281.2,80510.2,79800.0,80196.5,71.82275122
2026-05-09 00:00:00,80196.5,80400.0,79888.8,80240.9,29.50428484
2026-05-09 01:00:00,80240.9,80800.0,80008.0,80320.1,96.67472859
2026-05-09 02:00:00,80320.1,80500.0,80132.1,80414.3,69.53845682
2026-05-09 03:00:00,80412.0,80555.5,80207.5,80392.0,39.89408675
2026-05-09 04:00:00,80392.0,80660.7,80222.2,80389.9,124.09744693
2026-05-09 05:00:00,80389.8,80600.0,80008.0,80381.4,101.11678551
2026-05-09 06:00:00,80381.4,80606.4,80000.0,80261.4,100.26273186
2026-05-09 07:00:00,80261.4,80660.7,79854.4,80229.0,186.67366136
2026-05-09 08:00:00,80228.7,80606.4,80199.9,80416.0,70.02590762
2026-05-09 09:00:00,80416.0,80600.0,80109.5,80244.2,89.4679192
2026-05-09 10:00:00,80244.2,80606.4,79888.8,80267.1,164.28557632
2026-05-09 11:00:00,80267.2,80606.4,80008.0,80368.9,106.62617236
2026-05-09 12:00:00,80343.6,80630.9,79852.4,80405.9,411.2827637
2026-05-09 13:00:00,80405.9,80805.9,80109.5,80396.6,124.02907863
2026-05-09 14:00:00,80396.7,80660.7,80008.0,80331.6,111.80792066
2026-05-09 15:00:00,80329.4,80888.8,80003.1,80522.6,600.70053889
2026-05-09 16:00:00,80522.6,80999.9,80128.7,80623.2,138.68804194
2026-05-09 17:00:00,80623.2,81005.3,80600.0,80812.7,75.10993611
2026-05-09 18:00:00,80812.8,81325.0,80192.3,80915.5,1281.29722082
2026-05-09 19:00:00,80915.6,81199.9,80500.0,80910.0,109.09588731
2026-05-09 20:00:00,80937.3,81005.3,80500.0,80803.5,112.46889278
2026-05-09 21:00:00,80803.3,80897.4,80606.4,80783.6,30.27879102
2026-05-09 22:00:00,80783.6,81005.3,80585.7,80768.5,41.62129999
2026-05-09 23:00:00,80768.6,80868.7,80333.3,80689.7,97.26594529
2026-05-10 00:00:00,80675.7,80999.9,80333.3,80658.5,92.48645793
2026-05-10 01:00:00,80673.3,80805.9,80406.0,80677.3,36.33176985
2026-05-10 02:00:00,80677.2,80800.0,80448.1,80775.2,35.11335271
2026-05-10 03:00:00,80777.7,80916.9,80606.4,80779.5,82.28679537
2026-05-10 04:00:00,80775.6,81204.8,80396.4,80771.9,290.0639468
2026-05-10 05:00:00,80756.8,81129.9,80600.0,80697.2,140.86658942
2026-05-10 06:00:00,80697.3,80897.4,80208.5,80735.3,268.17956477
2026-05-10 07:00:00,80735.4,80999.9,80718.1,80727.5,49.8277456
2026-05-10 08:00:00,80727.5,81000.0,80662.0,80834.2,60.76149061
2026-05-10 09:00:00,80834.2,81000.0,80571.8,80807.0,71.94731985
2026-05-10 10:00:00,80807.0,81000.0,80564.4,80884.0,82.64707332
2026-05-10 11:00:00,80872.4,81222.2,80745.6,80836.9,53.4077975
2026-05-10 12:00:00,80829.3,81233.0,80448.4,80938.4,263.14652516
2026-05-10 13:00:00,80940.7,81233.0,80600.0,80973.8,157.88893088
2026-05-10 14:00:00,80973.9,81005.3,80600.0,80970.1,130.78673058
2026-05-10 15:00:00,80984.0,81499.4,80600.0,81426.2,322.34193489
2026-05-10 16:00:00,81413.5,81500.0,81111.1,81375.5,104.00561127
2026-05-10 17:00:00,81375.5,81603.7,81111.1,81479.5,129.87497753
2026-05-10 18:00:00,81479.5,81803.2,80999.9,81275.3,185.33143617
2026-05-10 19:00:00,81275.2,81803.2,80749.7,81430.3,360.13138271
2026-05-10 20:00:00,81428.2,81460.5,80008.0,80733.3,140.55316394
2026-05-10 21:00:00,80733.3,81222.2,80407.0,80726.5,211.7778672
2026-05-10 22:00:00,80716.5,82175.0,80666.8,82034.7,101.43951353
2026-05-10 23:00:00,82048.3,82600.0,81800.0,82200.0,150.51904385
2026-05-11 00:00:00,82213.9,82366.8,81222.2,81481.7,134.52606614
2026-05-11 01:00:00,81463.5,82002.6,81096.0,81505.1,160.17174193
2026-05-11 02:00:00,81505.1,81803.2,81000.0,81173.0,94.4017553
2026-05-11 03:00:00,81175.3,81312.4,80343.5,80739.1,164.44010822
2026-05-11 04:00:00,80739.8,81005.3,80286.8,80833.0,142.4800262
2026-05-11 05:00:00,80820.0,81222.2,80512.2,80849.1,172.92928438
2026-05-11 06:00:00,80848.3,81404.3,80606.4,80835.3,129.25339981
2026-05-11 07:00:00,80835.3,80950.0,80428.5,80751.0,140.07207124
2026-05-11 08:00:00,80751.1,81000.0,80407.0,80777.9,193.14739461
2026-05-11 09:00:00,80768.0,81005.3,80528.8,80960.1,119.37195307
2026-05-11 10:00:00,80960.1,81491.2,80805.9,80941.0,155.02341113
2026-05-11 11:00:00,80940.9,81545.3,80753.7,81195.5,197.56805975
2026-05-11 12:00:00,81196.7,81500.0,80805.9,81050.0,150.93513953
2026-05-11 13:00:00,81056.8,81603.7,80670.3,81067.2,145.01647286
2026-05-11 14:00:00,81067.1,81250.6,80081.9,80955.2,505.2561674
2026-05-11 15:00:00,80972.1,81603.7,80512.2,81447.5,154.19707564
2026-05-11 16:00:00,81450.1,82202.1,81204.8,81582.9,239.28576843
2026-05-11 17:00:00,81582.9,82348.7,81057.7,81934.5,169.9815325
2026-05-11 18:00:00,81934.6,82401.6,81600.0,81860.3,141.46585282
2026-05-11 19:00:00,81860.4,82401.6,81500.0,81957.3,569.18468681
2026-05-11 20:00:00,81957.8,82316.7,81333.8,81816.4,319.57588622
2026-05-11 21:00:00,81816.4,82202.1,80910.7,81817.9,1222.39801217
2026-05-11 22:00:00,81819.1,82239.4,81404.3,81826.6,132.59198515
2026-05-11 23:00:00,81826.6,81888.8,81603.7,81741.3,30.03208451
2026-05-12 00:00:00,81741.4,81888.8,81222.2,81550.0,214.16974749
2026-05-12 01:00:00,81550.1,82000.5,80606.4,81200.0,203.98284603
2026-05-12 02:00:00,81200.0,81400.0,80916.9,81240.0,69.21539891
2026-05-12 03:00:00,81240.0,81240.0,80600.0,81035.3,14.62101157
2026-05-12 04:00:00,80820.0,81199.9,80407.0,81000.0,42.40794493
2026-05-12 05:00:00,80958.0,81323.7,80634.9,80888.8,30.15356673
2026-05-12 06:00:00,80817.1,81189.4,80280.0,80755.8,54.30408086
2026-05-12 07:00:00,80768.9,81207.6,80300.0,80708.6,78.99420131
2026-05-12 08:00:00,80714.2,81000.0,80070.1,80485.7,119.61560379
2026-05-12 09:00:00,80487.7,80882.3,80165.6,80839.6,87.19634793
2026-05-12 10:00:00,80839.1,81070.0,80407.0,80662.2,195.02752491
2026-05-12 11:00:00,80662.5,81005.3,80450.5,80781.2,245.39252103
2026-05-12 12:00:00,80787.9,81005.3,80600.0,80883.0,235.94674234
2026-05-12 13:00:00,80883.1,81243.9,80398.4,80469.4,388.3949079
2026-05-12 14:00:00,80463.3,80888.8,80207.5,80533.9,484.78048175
2026-05-12 15:00:00,80534.3,80916.1,80000.0,80330.2,596.24802853
2026-05-12 16:00:00,80331.0,80427.0,79708.8,79989.1,424.98657993
2026-05-12 17:00:00,79990.5,80606.4,79808.6,80512.2,305.18859714
2026-05-12 18:00:00,80512.3,80999.9,79926.3,80663.2,745.8882536
2026-05-12 19:00:00,80663.2,81005.3,80343.6,80835.2,254.97778773
2026-05-12 20:00:00,80827.6,81023.6,80500.0,80687.6,119.22916213
2026-05-12 21:00:00,80687.7,81040.0,80258.4,80576.5,272.5116078
2026-05-12 22:00:00,80576.6,81005.3,80407.0,80642.1,153.50047353
2026-05-12 23:00:00,80642.2,81000.0,80200.0,80492.1,176.36501668
2026-05-13 00:00:00,80492.8,80865.8,80250.0,80710.4,189.02740465
2026-05-13 01:00:00,80710.4,81189.4,80555.5,80995.4,181.92930629
2026-05-13 02:00:00,80995.5,81453.7,80600.0,81044.8,236.94718098
2026-05-13 03:00:00,81053.1,81400.0,80660.7,81254.3,140.41345176
2026-05-13 04:00:00,81254.5,81619.9,80809.6,81220.6,209.32083427
2026-05-13 05:00:00,81225.2,81621.6,80606.4,81022.1,226.70738046
2026-05-13 06:00:00,81022.1,81419.2,80600.0,80982.0,322.13092786
2026-05-13 07:00:00,80982.1,81400.0,80550.0,81021.3,261.87256398
2026-05-13 08:00:00,81020.9,81461.5,80777.7,81193.8,385.98042805
2026-05-13 09:00:00,81193.7,81621.6,81005.3,81288.9,313.06439815
2026-05-13 10:00:00,81288.9,81589.5,80575.5,80805.9,238.07061971
2026-05-13 11:00:00,80805.1,81005.3,80434.7,80500.1,198.64913167
2026-05-13 12:00:00,80500.1,80620.9,79823.2,80210.2,411.17592143
2026-05-13 13:00:00,80207.5,80575.5,79574.0,79664.7,502.3507918
2026-05-13 14:00:00,79658.6,80008.0,79338.0,79760.4,808.27475364
2026-05-13 15:00:00,79760.5,79859.1,78811.3,78835.1,505.43488091
2026-05-13 16:00:00,78835.1,79395.0,78490.8,79101.8,422.96719744
2026-05-13 17:00:00,79105.3,79666.7,78976.9,79509.9,220.96131272
2026-05-13 18:00:00,79513.7,80000.0,79167.9,79593.7,296.55024266
2026-05-13 19:00:00,79598.6,79790.0,79210.2,79642.4,265.35286969
2026-05-13 20:00:00,79642.4,80000.0,79409.7,79708.6,207.19034235
2026-05-13 21:00:00,79708.6,79782.6,79260.0,79403.6,284.71537201
2026-05-13 22:00:00,79403.7,79503.3,79010.7,79430.0,193.28465526
2026-05-13 23:00:00,79430.1,79491.1,79074.8,79320.4,222.9308736
2026-05-14 00:00:00,79320.5,79808.6,79210.2,79626.7,303.19061343
2026-05-14 01:00:00,79626.8,80000.0,79409.7,79595.0,208.23888544
2026-05-14 02:00:00,79595.3,80026.9,79157.7,79409.7,222.92844052
2026-05-14 03:00:00,79393.0,79808.6,78999.9,79491.1,116.03259959
2026-05-14 04:00:00,79491.1,79592.5,79012.7,79444.9,75.58378728
2026-05-14 05:00:00,79448.9,80000.0,79025.9,79831.9,91.59730442
2026-05-14 06:00:00,79832.0,80200.0,79603.5,79826.2,71.83473725
2026-05-14 07:00:00,79829.3,80320.7,79716.6,79800.0,70.19514126
2026-05-14 08:00:00,79940.6,80333.3,79708.8,79816.1,86.70035233
2026-05-14 09:00:00,79816.1,80207.5,79582.2,79637.3,82.96299214
2026-05-14 10:00:00,79637.4,80109.5,79106.7,79106.7,122.83892036
2026-05-14 11:00:00,79106.0,79609.1,78878.2,79260.0,1110.12179336
2026-05-14 12:00:00,79250.5,79787.6,79222.2,79768.0,515.52316943
2026-05-14 13:00:00,79768.8,80111.1,79609.1,79707.3,1429.67559028
2026-05-14 14:00:00,79875.1,81280.0,79567.3,80963.1,1569.8610014
2026-05-14 15:00:00,80964.0,81421.1,80805.9,81308.4,619.66469151
2026-05-14 16:00:00,81292.0,81962.4,81005.3,81882.9,812.54199738
2026-05-14 17:00:00,81880.5,82134.7,81051.6,81663.0,944.67277388
2026-05-14 18:00:00,81671.2,82200.0,81190.0,81586.2,796.94826798
2026-05-14 19:00:00,81581.1,81718.0,81046.0,81408.4,329.97911935
2026-05-14 20:00:00,81419.6,81888.8,81164.6,81387.7,347.61871854
2026-05-14 21:00:00,81420.7,81533.0,81204.8,81390.4,251.71929905
2026-05-14 22:00:00,81390.4,81728.2,81088.2,81457.5,389.08924886
2026-05-14 23:00:00,81457.5,81457.6,81046.0,81084.9,331.78031286
2026-05-15 00:00:00,81084.9,81718.0,81043.5,81510.7,458.85140006
2026-05-15 01:00:00,81518.6,81938.7,81091.7,81126.0,601.85139271
2026-05-15 02:00:00,81125.9,81432.7,80736.7,81295.3,561.7783581
2026-05-15 03:00:00,81295.3,81404.3,80918.3,81056.8,416.84639078
2026-05-15 04:00:00,81059.9,81091.8,80704.5,80704.5,197.69525493
2026-05-15 05:00:00,80722.5,80878.5,80207.5,80372.2,558.50490223
2026-05-15 06:00:00,80358.4,80805.9,80207.5,80593.7,281.65774141
2026-05-15 07:00:00,80581.1,81019.9,80407.0,80812.6,451.89905342
2026-05-15 08:00:00,80818.0,81040.0,80666.9,80666.9,55.6857486
2026-05-15 09:00:00,80667.0,80777.5,80370.0,80489.2,222.52582895
2026-05-15 10:00:00,80489.2,81005.3,80396.4,80719.2,383.3847251
2026-05-15 11:00:00,80718.3,80805.9,80512.2,80624.9,326.31132498
2026-05-15 12:00:00,80624.9,80800.0,80295.1,80388.5,289.37765167
2026-05-15 13:00:00,80390.1,80615.0,78632.4,78750.8,2333.93034813
2026-05-15 14:00:00,78749.9,79400.0,78611.8,79161.6,768.66266226
2026-05-15 15:00:00,79158.5,79608.5,79021.1,79155.6,470.26363959
2026-05-15 16:00:00,79160.4,79546.7,78999.9,79299.4,438.26636171
2026-05-15 17:00:00,79299.4,79509.2,79074.8,79463.8,254.51326087
2026-05-15 18:00:00,79465.2,79696.9,79000.0,79302.0,294.12416726
2026-05-15 19:00:00,79289.5,79400.0,78752.5,79143.9,748.59568359
2026-05-15 20:00:00,79144.0,79360.0,78913.5,79127.2,181.25325265
2026-05-15 21:00:00,79126.1,79199.9,78811.3,78977.0,216.09196933
2026-05-15 22:00:00,78977.0,79152.9,78811.3,79118.2,55.00824873
2026-05-15 23:00:00,79118.2,79164.4,78824.2,79106.9,106.90155616
2026-05-16 00:00:00,79116.9,79232.1,78877.5,79108.8,135.92460829
2026-05-16 01:00:00,79111.2,79222.2,78723.4,79200.0,254.23963388
2026-05-16 02:00:00,79163.1,79400.0,79076.0,79150.3,1907.27420418
2026-05-16 03:00:00,79154.2,79444.4,78810.5,79106.4,193.91065399
2026-05-16 04:00:00,79086.1,79163.9,78611.8,79039.4,179.1854452
2026-05-16 05:00:00,79039.5,79163.6,78811.3,79029.0,110.71746951
2026-05-16 06:00:00,79033.3,79409.7,78458.2,78642.8,1027.69323415
2026-05-16 07:00:00,78650.0,78802.2,78020.6,78401.9,593.3874988
2026-05-16 08:00:00,78386.3,78600.0,78212.9,78418.4,276.86213118
2026-05-16 09:00:00,78406.8,78436.4,77753.3,78096.9,601.91922996
2026-05-16 10:00:00,78087.6,78350.1,77600.0,77974.0,740.39202134
2026-05-16 11:00:00,77974.0,78212.9,77814.0,78088.9,286.88273031
2026-05-16 12:00:00,78089.5,78400.0,77800.0,78011.7,225.58761261
2026-05-16 13:00:00,78014.4,78027.1,77644.2,78027.1,150.23341027
2026-05-16 14:00:00,78027.5,78412.3,77888.8,78139.9,274.12194285
2026-05-16 15:00:00,78140.5,78401.1,77823.9,78239.0,330.00429504
2026-05-16 16:00:00,78237.2,78600.0,77814.0,78200.0,450.94696817
2026-05-16 17:00:00,78205.0,78333.3,77888.8,78218.6,130.79144096
2026-05-16 18:00:00,78204.3,78332.6,77900.0,78235.5,141.77966767
2026-05-16 19:00:00,78235.6,78312.0,78206.4,78261.4,86.5763774
2026-05-16 20:00:00,78261.4,78333.3,78199.3,78257.2,73.83891576
2026-05-16 21:00:00,78253.9,78313.9,78013.4,78270.1,92.08124591
2026-05-16 22:00:00,78270.2,78307.2,78013.4,78181.4,44.65302055
2026-05-16 23:00:00,78181.5,78277.0,77858.7,78013.4,102.60099756
2026-05-17 00:00:00,78140.2,78365.3,77626.9,77937.5,184.36177844
2026-05-17 01:00:00,77938.6,78126.1,77444.4,77739.1,308.95298226
2026-05-17 02:00:00,77737.2,77930.7,77614.5,77901.6,137.5346387
2026-05-17 03:00:00,77896.1,78082.8,77633.7,78020.8,160.26674902
2026-05-17 04:00:00,78018.7,78206.2,77758.9,78166.0,154.08534924
2026-05-17 05:00:00,78156.1,78365.0,78013.4,78122.9,160.48394326
2026-05-17 06:00:00,78122.9,78377.8,77800.0,78108.8,261.31225302
2026-05-17 07:00:00,78108.9,78248.5,77777.1,78183.7,207.37170084
2026-05-17 08:00:00,78183.7,78313.1,77814.0,78097.7,309.42324331
2026-05-17 09:00:00,78097.8,78304.3,78013.4,78252.8,520.62454882
2026-05-17 10:00:00,78253.0,78582.4,78166.6,78469.3,268.67390991
2026-05-17 11:00:00,78473.9,78611.8,78124.9,78413.5,184.69490777
2026-05-17 12:00:00,78412.7,78549.6,78228.9,78359.9,136.91478384
2026-05-17 13:00:00,78360.0,78436.5,78017.6,78208.7,205.8211506
2026-05-17 14:00:00,78208.8,78400.0,77800.0,78043.3,278.07783779
2026-05-17 15:00:00,78043.3,78162.1,77735.3,78041.8,345.9510002
2026-05-17 16:00:00,78041.8,78172.8,77814.0,78035.4,165.34487263
2026-05-17 17:00:00,78034.8,78095.1,77614.5,78088.9,235.94925759
2026-05-17 18:00:00,78089.0,78412.3,77814.0,78274.9,237.48414574
2026-05-17 19:00:00,78271.6,78486.8,77851.4,78425.1,431.62371826
2026-05-17 20:00:00,78412.6,78577.8,78255.6,78279.8,130.60235699
2026-05-17 21:00:00,78274.3,78518.8,78000.0,78402.9,261.54710708
2026-05-17 22:00:00,78500.0,78500.0,77735.3,77998.6,242.31124631
2026-05-17 23:00:00,77998.6,78061.2,76355.4,77445.1,1745.92301946
2026-05-18 00:00:00,77461.6,77499.9,76816.7,77205.5,723.23840782
2026-05-18 01:00:00,77207.0,77296.6,76617.2,77117.8,512.59812035
2026-05-18 02:00:00,77123.3,77400.0,76617.2,76837.5,308.44274409
2026-05-18 03:00:00,76838.5,77173.9,76575.4,76930.9,475.43357588
2026-05-18 04:00:00,76930.9,77182.7,76775.8,77041.6,439.36043182
2026-05-18 05:00:00,77041.7,77182.7,76803.1,76900.7,284.41624633
2026-05-18 06:00:00,76916.6,76992.7,76327.4,76908.6,3089.8530489
2026-05-18 07:00:00,76915.7,77093.7,76614.0,77086.4,338.03173463
2026-05-18 08:00:00,77086.4,77182.7,76803.1,77031.5,213.06390892
2026-05-18 09:00:00,77031.5,77054.6,76816.7,76933.8,95.71039712
2026-05-18 10:00:00,76933.8,76973.5,76614.0,76769.1,229.96407571
2026-05-18 11:00:00,76768.6,77399.9,76614.0,77286.3,466.97164678
2026-05-18 12:00:00,77286.3,77791.6,77214.0,77639.3,998.64057295
2026-05-18 13:00:00,77642.3,77753.3,76613.9,76929.6,2402.88237821
2026-05-18 14:00:00,76929.7,76992.7,76237.0,76386.9,516.72113387
2026-05-18 15:00:00,76397.0,76500.0,76018.8,76407.5,462.44684216
2026-05-18 16:00:00,76413.7,76696.0,76200.0,76418.9,533.24438598
2026-05-18 17:00:00,76421.9,76803.1,76380.4,76715.2,214.03307434
2026-05-18 18:00:00,76715.3,76720.0,76104.8,76260.0,319.03475988
2026-05-18 19:00:00,76367.8,76999.9,76254.2,76927.4,1416.37103778
2026-05-18 20:00:00,76928.1,77215.6,76803.1,76917.9,201.60070514
2026-05-18 21:00:00,76916.4,77189.1,76691.9,77106.2,296.09595147
2026-05-18 22:00:00,77106.1,77291.0,76816.7,77082.8,166.87561792
2026-05-18 23:00:00,77081.5,77182.7,76803.1,77006.8,77.94884692
2026-05-19 00:00:00,77007.5,77415.0,76803.1,77140.5,380.6916804
2026-05-19 01:00:00,77140.6,77373.3,76617.2,76669.3,216.49450114
2026-05-19 02:00:00,76669.3,77182.7,76425.2,76618.0,428.11836617
2026-05-19 03:00:00,76618.0,76873.0,76425.2,76786.9,138.96485318
2026-05-19 04:00:00,76788.3,76959.7,76613.9,76922.4,69.84191627
2026-05-19 05:00:00,76922.7,77182.7,76613.9,76912.1,184.81058168
2026-05-19 06:00:00,76912.1,77182.7,76803.1,77067.8,82.56931078
2026-05-19 07:00:00,77023.1,77373.3,76816.7,77223.1,170.44027608
2026-05-19 08:00:00,77225.1,77373.3,76823.6,77051.3,242.18751
2026-05-19 09:00:00,77053.6,77373.3,76613.9,76820.0,281.83989567
2026-05-19 10:00:00,76820.2,77101.7,76574.7,77033.2,385.63834276
2026-05-19 11:00:00,77036.0,77182.7,76621.7,76714.2,423.74075537
2026-05-19 12:00:00,76713.5,76992.7,76617.2,76938.9,156.73067393
2026-05-19 13:00:00,76939.9,77127.6,76555.5,76869.6,437.34083287
2026-05-19 14:00:00,76871.1,77156.3,76049.2,76400.7,1367.38078318
2026-05-19 15:00:00,76401.4,76803.1,76111.1,76511.7,1101.73662225
2026-05-19 16:00:00,76515.2,76926.4,76237.0,76899.1,216.16235224
2026-05-19 17:00:00,76898.6,77182.7,76436.6,76851.2,837.04883674
2026-05-19 18:00:00,76851.1,77182.7,76600.0,76802.8,615.0977289
2026-05-19 19:00:00,76802.5,77182.7,76613.9,76820.4,206.95108521
2026-05-19 20:00:00,76820.8,77173.9,76613.9,77021.4,91.76351214
2026-05-19 21:00:00,77020.3,77366.6,76803.1,77025.0,172.99272852
2026-05-19 22:00:00,76982.2,77025.0,76613.9,76714.9,167.91430484
2026-05-19 23:00:00,76713.0,77182.7,76672.5,76836.0,149.53605819
2026-05-20 00:00:00,76838.0,76999.9,76425.2,76655.3,198.57151992
2026-05-20 01:00:00,76762.3,76992.7,76530.0,76818.0,162.45605944
2026-05-20 02:00:00,76818.6,76992.7,76425.2,76688.1,158.33736553
2026-05-20 03:00:00,76688.2,76827.8,76425.2,76719.7,185.46473112
2026-05-20 04:00:00,76720.9,76992.7,76613.9,76779.5,74.39734392
2026-05-20 05:00:00,76778.1,77564.2,76613.9,77200.1,313.48117506
2026-05-20 06:00:00,77197.9,77412.3,76999.9,77405.2,387.23533873
2026-05-20 07:00:00,77407.4,77564.2,77182.7,77275.2,173.44626743
2026-05-20 08:00:00,77275.5,77666.6,77177.6,77452.5,209.99876393
2026-05-20 09:00:00,77452.5,77614.5,77182.7,77479.1,159.08398876
2026-05-20 10:00:00,77480.6,77755.6,77300.0,77447.4,117.9170066
2026-05-20 11:00:00,77507.5,77755.6,77215.6,77373.0,268.00055184
2026-05-20 12:00:00,77378.8,77733.0,77210.1,77620.9,134.6948426
2026-05-20 13:00:00,77621.2,77654.3,76935.0,77206.7,1799.35016995
2026-05-20 14:00:00,77209.6,77564.2,76804.8,77461.7,389.51791744
2026-05-20 15:00:00,77454.1,77854.5,77182.7,77456.2,501.65524822
2026-05-20 16:00:00,77458.2,77614.5,77000.0,77344.6,227.14093461
2026-05-20 17:00:00,77335.7,77755.6,77000.0,77573.4,959.25368133
2026-05-20 18:00:00,77569.6,77800.0,77182.7,77309.2,136.88177825
2026-05-20 19:00:00,77415.0,77710.8,77182.7,77664.4,169.48600189
2026-05-20 20:00:00,77675.3,77796.7,77373.3,77727.5,159.83503806
2026-05-20 21:00:00,77796.7,77840.5,77502.0,77502.0,90.22021368
2026-05-20 22:00:00,77502.0,77549.3,77220.3,77499.2,589.43635012
2026-05-20 23:00:00,77499.4,77564.2,77299.8,77534.7,58.90835804
2026-05-21 00:00:00,77550.3,78063.6,77307.6,77961.8,324.89144149
2026-05-21 01:00:00,77959.6,78169.1,77755.6,77875.5,346.54208537
2026-05-21 02:00:00,77863.1,78187.5,77755.6,77965.0,172.989662
2026-05-21 03:00:00,77956.2,78139.9,77755.6,78081.9,139.75168585
2026-05-21 04:00:00,78075.7,78332.7,77947.5,78041.0,113.50390149
2026-05-21 05:00:00,78042.1,78332.7,77644.2,77829.6,143.3314007
2026-05-21 06:00:00,77829.6,77947.5,77531.1,77622.6,366.06947456
2026-05-21 07:00:00,77622.7,77922.0,77400.0,77894.1,147.70094986
2026-05-21 08:00:00,77894.0,78200.0,77650.6,77922.2,390.15958486
2026-05-21 09:00:00,77921.0,78139.9,77585.9,77637.4,598.01065
2026-05-21 10:00:00,77634.1,77947.5,77182.7,77230.0,264.62712765
2026-05-21 11:00:00,77204.9,77400.0,76992.7,77196.2,269.22012549
2026-05-21 12:00:00,77195.6,77404.4,76992.7,77287.8,406.67092019
2026-05-21 13:00:00,77285.5,77492.7,76617.2,77131.6,852.89967568
2026-05-21 14:00:00,77131.0,77373.3,76777.7,76981.3,434.83748882
2026-05-21 15:00:00,76982.0,77407.2,76803.1,77262.3,285.79755343
2026-05-21 16:00:00,77262.8,77564.2,76992.7,76992.7,1772.58188421
2026-05-21 17:00:00,77129.8,78139.9,76824.7,77869.6,1208.72147682
2026-05-21 18:00:00,77871.2,78000.0,77215.6,77369.5,221.31115179
2026-05-21 19:00:00,77390.2,77799.9,77215.6,77682.8,204.95234204
2026-05-21 20:00:00,77683.3,77840.1,77564.2,77702.8,136.59510967
2026-05-21 21:00:00,77702.0,77947.5,77564.2,77672.2,165.2855748
2026-05-21 22:00:00,77672.9,77800.0,77444.4,77624.0,35.11803447
2026-05-21 23:00:00,77624.5,77755.6,77373.3,77619.5,135.25954403
2026-05-22 00:00:00,77619.6,77755.6,77368.4,77376.4,88.2170277
2026-05-22 01:00:00,77377.4,77671.2,77182.7,77620.2,169.7005069
2026-05-22 02:00:00,77621.4,77755.6,77415.0,77675.9,86.13940249
2026-05-22 03:00:00,77675.7,77947.5,77564.2,77772.7,146.52041453
2026-05-22 04:00:00,77772.8,77947.5,77564.2,77660.4,64.31937589
2026-05-22 05:00:00,77660.1,77947.5,77463.7,77490.0,102.05494086
2026-05-22 06:00:00,77489.6,77746.5,77067.1,77428.7,346.66318502
2026-05-22 07:00:00,77429.2,77564.2,77182.7,77398.3,69.49262662
2026-05-22 08:00:00,77400.2,77564.2,77182.7,77278.7,89.15748803
2026-05-22 09:00:00,77277.3,77564.2,77182.7,77311.7,99.24458953
2026-05-22 10:00:00,77311.7,77564.2,77182.7,77326.3,165.1491097
2026-05-22 11:00:00,77326.2,77564.2,77182.7,77438.3,97.7752014
2026-05-22 12:00:00,77438.7,77735.3,77239.0,77536.0,100.14112311
2026-05-22 13:00:00,77529.4,77710.1,77000.0,77288.6,156.22797197
2026-05-22 14:00:00,77285.9,77373.3,76617.2,76778.4,256.95324872
2026-05-22 15:00:00,76775.9,77030.0,76574.7,76797.5,319.76730591
2026-05-22 16:00:00,76797.4,77176.4,76613.9,76951.3,178.51625573
2026-05-22 17:00:00,76951.4,77373.3,76696.0,76757.4,468.98573864
2026-05-22 18:00:00,76756.9,76992.7,76049.2,76538.4,980.21786068
2026-05-22 19:00:00,76535.8,76600.0,75666.6,75864.2,689.32136175
2026-05-22 20:00:00,75864.5,76080.1,75675.1,75985.4,272.09103472
2026-05-22 21:00:00,75985.1,76237.0,75861.9,75979.8,64.24652226
2026-05-22 22:00:00,75979.1,76049.2,75488.7,75733.9,1317.3731232
2026-05-22 23:00:00,75734.3,76049.2,75302.8,75536.5,850.44683866
2026-05-23 00:00:00,75538.5,75675.1,75117.3,75365.0,331.34232461
2026-05-23 01:00:00,75365.0,75675.1,75117.3,75494.4,1427.04784338
2026-05-23 02:00:00,75494.8,75675.1,75302.8,75573.7,1429.91360662
2026-05-23 03:00:00,75573.0,75675.1,75302.8,75639.0,58.87995778
2026-05-23 04:00:00,75638.9,75649.7,75302.8,75537.0,262.21732963
2026-05-23 05:00:00,75538.4,75675.1,75302.8,75483.5,76.81020685
2026-05-23 06:00:00,75484.3,75675.1,75300.0,75399.6,141.21095954
2026-05-23 07:00:00,75400.4,75651.0,74196.8,74618.0,1220.11229929
2026-05-23 08:00:00,74618.0,74800.0,74333.3,74679.1,320.34416183
2026-05-23 09:00:00,74680.4,74822.1,74380.0,74631.4,148.28902766
2026-05-23 10:00:00,74659.5,74932.3,74499.9,74713.7,377.53769739
2026-05-23 11:00:00,74713.9,74932.3,74555.5,74795.1,248.54257792
2026-05-23 12:00:00,74795.7,74932.3,74563.6,74761.7,117.91571204
2026-05-23 13:00:00,74761.9,75278.3,74718.3,75214.8,190.31184632
2026-05-23 14:00:00,75216.2,75688.4,74932.3,75538.9,296.54288852
2026-05-23 15:00:00,75538.9,75819.4,75302.8,75520.4,419.77241486
2026-05-23 16:00:00,75521.6,75675.1,75302.8,75441.9,131.3276533
2026-05-23 17:00:00,75434.8,75675.1,75117.3,75486.2,232.43645746
2026-05-23 18:00:00,75486.3,76237.0,75302.8,75853.2,641.10859125
2026-05-23 19:00:00,75853.7,76049.2,75675.1,75986.1,76.73952711
2026-05-23 20:00:00,75986.2,77610.1,75861.9,77289.8,2035.29432738
2026-05-23 21:00:00,77294.8,77564.2,76425.2,76816.4,1402.7824417
2026-05-23 22:00:00,76816.1,76992.7,76384.0,76589.0,378.6665533
2026-05-23 23:00:00,76589.0,76806.6,76425.2,76748.2,171.42279363
2026-05-24 00:00:00,76748.0,76992.7,76613.9,76837.3,42.87024697
2026-05-24 01:00:00,76838.3,77000.0,76613.9,76894.6,113.13641036
2026-05-24 02:00:00,76893.5,77182.7,76425.2,76817.2,589.02485771
2026-05-24 03:00:00,76818.2,77016.1,76613.9,76782.9,184.95515295
2026-05-24 04:00:00,76739.0,76992.7,76613.9,76777.0,71.17472815
2026-05-24 05:00:00,76776.0,76992.7,76431.7,76811.4,169.98524053
2026-05-24 06:00:00,76813.3,77444.5,76613.9,76989.4,472.91274366
2026-05-24 07:00:00,76990.5,77182.7,76720.0,76794.3,356.22488681
2026-05-24 08:00:00,76795.0,76992.7,76417.7,76828.4,312.22674656
2026-05-24 09:00:00,76828.6,77041.5,76617.2,77021.0,128.00914113
2026-05-24 10:00:00,77021.7,77571.4,76803.1,77191.0,606.29632146
2026-05-24 11:00:00,77190.1,77373.3,76992.7,77305.8,111.02501766
2026-05-24 12:00:00,77317.7,77373.3,76992.7,77116.6,405.35076216
2026-05-24 13:00:00,77116.4,77215.6,76613.9,76792.4,195.35357225
2026-05-24 14:00:00,76801.8,76992.7,76200.0,76462.9,403.20925338
2026-05-24 15:00:00,76464.3,76617.2,76110.1,76377.6,344.13524861
2026-05-24 16:00:00,76377.7,76803.1,76103.0,76672.1,453.22681889
2026-05-24 17:00:00,76675.0,76803.1,76425.2,76689.3,185.25321518
2026-05-24 18:00:00,76689.2,76803.1,76425.2,76665.9,67.89207519
2026-05-24 19:00:00,76665.6,76803.1,76425.2,76775.0,122.24030703
2026-05-24 20:00:00,76775.1,76803.1,76425.2,76665.1,43.41734926
2026-05-24 21:00:00,76665.2,76750.5,76103.0,76146.9,128.09874929
2026-05-24 22:00:00,76147.6,77145.2,76120.2,76808.5,483.96354858
2026-05-24 23:00:00,76807.8,77219.0,76687.5,77060.1,230.36333363
2026-05-25 00:00:00,77058.2,77373.3,76992.7,77188.5,120.12829335
2026-05-25 01:00:00,77188.5,77373.3,76915.3,76940.5,109.61042667
2026-05-25 02:00:00,76940.6,77488.9,76940.6,77111.9,279.01642321
2026-05-25 03:00:00,77106.0,77373.3,76992.7,77029.8,126.02508295
2026-05-25 04:00:00,77030.3,77564.2,76992.7,77394.0,151.08045717
2026-05-25 05:00:00,77395.0,77564.2,77182.7,77413.7,162.57742086
2026-05-25 06:00:00,77414.3,77755.6,77055.0,77414.2,590.44364012
2026-05-25 07:00:00,77426.2,77564.2,77182.7,77399.7,84.00550004
2026-05-25 08:00:00,77399.9,77564.2,77182.7,77488.9,743.11063471
2026-05-25 09:00:00,77456.5,77840.1,77182.7,77601.5,235.82025713
2026-05-25 10:00:00,77600.0,77755.6,77373.3,77547.0,150.35637176
2026-05-25 11:00:00,77546.0,77755.6,77248.3,77359.8,118.65091493
2026-05-25 12:00:00,77358.9,77564.2,77145.2,77364.2,156.43930602
2026-05-25 13:00:00,77362.7,77492.7,77182.7,77341.1,85.12083841
2026-05-25 14:00:00,77340.9,77800.0,77182.7,77719.0,255.43356351
2026-05-25 15:00:00,77717.9,78013.4,77492.7,77629.0,204.45744929
2026-05-25 16:00:00,77629.0,77947.5,77373.3,77739.3,193.58116106
2026-05-25 17:00:00,77739.3,77888.8,77373.3,77570.6,192.04934519
2026-05-25 18:00:00,77571.7,78000.0,77373.3,77547.5,570.84374873
2026-05-25 19:00:00,77547.5,77840.5,77224.6,77457.8,982.51288579
2026-05-25 20:00:00,77455.7,77823.9,77182.7,77283.5,322.62850622
2026-05-25 21:00:00,77284.4,77400.0,77145.2,77373.1,74.23391422
2026-05-25 22:00:00,77372.5,77452.5,76992.7,77137.1,95.9135758
2026-05-25 23:00:00,77125.4,77376.2,76960.3,77326.6,161.52008262
2026-05-26 00:00:00,77325.8,77391.3,76570.0,76796.5,349.86603457
2026-05-26 01:00:00,76789.5,76992.7,76545.4,76756.6,153.72403727
2026-05-26 02:00:00,76755.9,76992.7,76425.2,76669.7,332.31379453
2026-05-26 03:00:00,76670.1,76803.1,76442.3,76668.5,76.01018275
2026-05-26 04:00:00,76665.4,76870.0,76425.2,76750.5,122.11074425
2026-05-26 05:00:00,76750.5,77000.0,76613.9,76923.9,227.02954833
2026-05-26 06:00:00,76925.2,77182.7,76613.9,76900.0,913.86127594
2026-05-26 07:00:00,76907.5,76926.2,76425.2,76734.0,208.08847587
2026-05-26 08:00:00,76732.9,76992.7,76488.7,76726.7,111.38718402
2026-05-26 09:00:00,76726.3,76992.7,76613.9,76679.0,253.50976391
2026-05-26 10:00:00,76679.1,77623.2,76574.7,77437.3,347.26768917
2026-05-26 11:00:00,77437.1,77644.2,76992.7,77192.2,1226.65380261
2026-05-26 12:00:00,77192.0,77241.7,76803.1,77138.5,154.99870685
2026-05-26 13:00:00,77139.7,77564.2,76654.6,77220.6,524.78530375
2026-05-26 14:00:00,77229.0,78433.9,76650.3,76905.9,1712.85743421
2026-05-26 15:00:00,76905.8,77040.0,76237.0,76519.2,327.41372328
2026-05-26 16:00:00,76519.4,76964.0,76237.0,76555.7,2098.55706398
2026-05-26 17:00:00,76556.5,76647.6,75610.6,75931.9,2408.78388304
2026-05-26 18:00:00,75931.4,76333.3,75788.7,75834.6,271.87762268
2026-05-26 19:00:00,75836.2,76218.3,75806.6,76052.6,136.73286166
2026-05-26 20:00:00,76055.4,76237.0,75861.9,76107.4,85.01415968
2026-05-26 21:00:00,76107.3,76132.4,75823.3,75897.5,121.69803058
2026-05-26 22:00:00,75899.2,76049.2,75675.1,75752.5,104.28766904
2026-05-26 23:00:00,75751.6,76049.2,75675.1,75932.9,79.000287
2026-05-27 00:00:00,75933.2,76167.1,75675.1,76088.0,225.81742105
2026-05-27 01:00:00,76088.1,76170.5,75675.1,75874.9,116.2090235
2026-05-27 02:00:00,75875.6,76049.2,75675.1,75876.5,83.66172636
2026-05-27 03:00:00,75876.9,76049.2,75594.8,75675.1,206.45723683
2026-05-27 04:00:00,75673.7,75819.4,75302.8,75575.4,152.59458229
2026-05-27 05:00:00,75575.4,75737.2,75302.8,75730.8,108.24155506
2026-05-27 06:00:00,75699.5,75963.7,75488.7,75839.3,144.45457151
2026-05-27 07:00:00,75839.5,76049.2,75675.1,75994.1,105.28842563
2026-05-27 08:00:00,75995.1,76237.0,75675.1,75871.2,210.34924034
2026-05-27 09:00:00,75874.8,76049.2,75488.7,75911.5,336.98823477
2026-05-27 10:00:00,75911.7,76049.2,75675.1,75898.8,110.40916297
2026-05-27 11:00:00,75898.7,76049.2,75675.1,75767.1,137.81120455
2026-05-27 12:00:00,75767.4,76161.0,75537.0,75684.2,262.68700249
2026-05-27 13:00:00,75682.9,75861.9,74747.7,75082.2,564.19568709
2026-05-27 14:00:00,75083.2,75302.8,74747.7,75045.1,333.60991059
2026-05-27 15:00:00,75044.8,75675.1,74747.7,75336.4,495.76146099
2026-05-27 16:00:00,75335.4,75488.7,74932.3,75305.1,245.31036726
2026-05-27 17:00:00,75305.1,75488.7,74634.5,74869.3,256.61238908
2026-05-27 18:00:00,74869.4,75117.3,74563.6,75030.4,419.85385616
2026-05-27 19:00:00,75032.3,75117.3,74747.7,75062.4,64.45835323
2026-05-27 20:00:00,75067.1,75431.5,75040.0,75284.9,160.62679354
2026-05-27 21:00:00,75280.1,75488.7,74254.5,74473.9,317.64198958
2026-05-27 22:00:00,74474.8,74762.3,74260.7,74417.3,452.31456018
2026-05-27 23:00:00,74418.0,74572.1,74196.8,74491.4,259.59108629
2026-05-28 00:00:00,74451.3,74747.7,74196.8,74569.6,286.34295049
2026-05-28 01:00:00,74569.6,74747.7,74024.2,74336.7,300.90449985
2026-05-28 02:00:00,74342.9,74400.4,74018.6,74290.5,212.76300479
2026-05-28 03:00:00,74287.1,74380.0,72773.4,73266.3,645.28189965
2026-05-28 04:00:00,73266.3,73360.0,72401.9,73176.7,334.23468283
2026-05-28 05:00:00,73186.9,73300.0,72600.0,72996.0,132.01259869
2026-05-28 06:00:00,72996.1,73226.4,72608.6,73203.4,621.48861256
2026-05-28 07:00:00,73207.5,73557.6,72846.6,73513.5,3739.33185154
2026-05-28 08:00:00,73504.1,73823.1,72973.0,73315.0,137.27737813
2026-05-28 09:00:00,73327.2,73625.3,73063.6,73542.3,92.76614375
2026-05-28 10:00:00,73543.1,73846.1,73226.4,73408.4,136.67679491
2026-05-28 11:00:00,73400.6,73625.3,73222.2,73507.4,2757.08556576
2026-05-28 12:00:00,73508.9,73581.7,73187.6,73527.7,836.7886109
2026-05-28 13:00:00,73527.9,73600.0,72720.4,73019.5,359.98212229
2026-05-28 14:00:00,73023.5,73570.4,72269.9,73039.8,324.68398852
2026-05-28 15:00:00,73036.6,73259.9,72596.1,72936.8,193.07409714
2026-05-28 16:00:00,72933.0,73619.7,72753.8,73437.5,158.69135009
2026-05-28 17:00:00,73444.0,73743.6,73063.6,73551.0,141.00811931
2026-05-28 18:00:00,73550.1,73927.2,73253.5,73654.9,216.13476252
2026-05-28 19:00:00,73654.4,73933.7,73373.3,73425.7,79.50238457
2026-05-28 20:00:00,73425.5,74000.0,73111.1,73581.7,103.55490283
2026-05-28 21:00:00,73583.3,74023.6,73436.6,73829.5,75.86132921
2026-05-28 22:00:00,73829.8,73982.5,73226.4,73465.5,91.84669408
2026-05-28 23:00:00,73466.0,73727.2,73425.8,73621.9,67.35745967
2026-05-29 00:00:00,73621.9,73888.8,73441.4,73711.1,58.55690477
2026-05-29 01:00:00,73720.1,73973.5,73400.0,73596.0,118.34246737
2026-05-29 02:00:00,73589.2,73888.8,73146.8,73226.3,93.79669786
2026-05-29 03:00:00,73226.2,73454.5,73127.1,73304.1,51.10637626
2026-05-29 04:00:00,73304.3,73507.4,73026.9,73503.8,32.04271442
2026-05-29 05:00:00,73500.7,73878.1,73242.3,73708.0,182.23055793
2026-05-29 06:00:00,73701.2,74141.9,73415.5,73771.3,135.10792691
2026-05-29 07:00:00,73787.5,73824.7,73357.9,73525.9,55.38143411
2026-05-29 08:00:00,73526.2,73838.8,73344.9,73652.9,155.61067884
2026-05-29 09:00:00,73654.1,74336.3,73344.9,73738.9,302.78138419
2026-05-29 10:00:00,73739.0,74232.9,73253.5,73571.4,5681.11643984
2026-05-29 11:00:00,73630.6,74223.7,73245.4,73478.9,259.82702972
2026-05-29 12:00:00,73482.1,73805.8,72888.0,73296.7,215.1108924
2026-05-29 13:00:00,73299.3,73798.0,72568.1,73127.0,345.0706285
2026-05-29 14:00:00,73114.1,73253.5,72154.0,73093.8,584.9865755
2026-05-29 15:00:00,73093.8,74195.6,72982.4,73807.9,326.10164504
2026-05-29 16:00:00,73806.1,74169.0,73226.4,74058.0,232.31316773
2026-05-29 17:00:00,74054.4,74807.6,73563.9,73983.3,298.09199859
2026-05-29 18:00:00,73982.5,74423.1,73092.8,73370.0,180.78821742
2026-05-29 19:00:00,73373.5,73733.3,73026.9,73570.4,93.47272549
2026-05-29 20:00:00,73514.2,74024.2,73317.3,73676.2,122.7080286
2026-05-29 21:00:00,73671.2,73886.0,72998.1,73415.7,179.75029654
2026-05-29 22:00:00,73416.6,73824.7,73137.6,73483.8,81.14030815
2026-05-29 23:00:00,73483.6,73694.3,73112.6,73468.0,96.73503222
2026-05-30 00:00:00,73468.5,73955.7,73000.0,73544.8,119.86146455
2026-05-30 01:00:00,73502.3,73988.0,73109.5,73646.8,122.68964155
2026-05-30 02:00:00,73660.4,74024.2,73195.9,73788.7,152.14535952
2026-05-30 03:00:00,73788.8,73985.9,73222.2,73510.5,80.9348737
2026-05-30 04:00:00,73510.5,73824.7,73065.7,73387.4,178.58631366
2026-05-30 05:00:00,73387.0,73933.7,73000.0,73596.7,242.52625887
2026-05-30 06:00:00,73596.7,74223.7,73001.4,73574.5,229.22722105
2026-05-30 07:00:00,73573.0,74140.9,73001.4,73544.0,303.56177892
2026-05-30 08:00:00,73545.0,74024.2,73070.4,73513.5,152.36919315
2026-05-30 09:00:00,73515.7,73992.4,73100.0,73604.5,139.99796231
2026-05-30 10:00:00,73604.4,73695.6,73253.5,73651.4,71.25207249
2026-05-30 11:00:00,73651.7,73681.7,73200.0,73600.6,105.10549648
2026-05-30 12:00:00,73600.7,73805.3,73100.0,73690.6,172.91917432
2026-05-30 13:00:00,73690.6,73844.3,73425.8,73837.8,76.75970378
2026-05-30 14:00:00,73838.1,74170.7,73563.9,73928.3,254.14202754
2026-05-30 15:00:00,73928.4,74386.1,73625.3,73917.4,104.27497685
2026-05-30 16:00:00,73929.5,74500.0,73400.0,73939.1,320.96802599
2026-05-30 17:00:00,73938.6,74033.0,73666.6,74019.3,78.53161614
2026-05-30 18:00:00,74019.3,74565.2,73571.4,74045.6,234.05222555
2026-05-30 19:00:00,74045.7,74223.7,73284.3,73875.0,137.45399004
2026-05-30 20:00:00,74012.7,74333.3,73500.0,73978.3,137.49850187
2026-05-30 21:00:00,73978.3,74310.3,73399.9,73985.7,75.0279441
2026-05-30 22:00:00,73985.7,74484.6,73563.9,73873.0,120.48184289
2026-05-30 23:00:00,73872.8,74024.2,73425.8,73867.9,64.25192682
2026-05-31 00:00:00,73883.2,74038.4,73666.6,74036.4,17.31828583
2026-05-31 01:00:00,74035.6,74499.9,73878.2,74057.8,80.37539014
2026-05-31 02:00:00,74057.9,74242.3,73743.6,74082.0,61.74852079
2026-05-31 03:00:00,74091.1,74622.6,73768.9,74145.0,175.05355177
2026-05-31 04:00:00,74144.3,74555.5,73666.6,74184.7,158.20206029
2026-05-31 05:00:00,74173.5,74249.9,73599.9,74057.9,77.29844341
2026-05-31 06:00:00,74057.5,74169.0,73631.0,74057.5,105.46970129
2026-05-31 07:00:00,74057.7,74413.2,73666.6,73852.2,92.54301388
2026-05-31 08:00:00,73853.7,74111.1,73425.8,73937.4,175.95923487
2026-05-31 09:00:00,73937.4,74250.0,73452.1,73844.5,129.68183246
2026-05-31 10:00:00,73844.5,74098.7,73619.7,73899.6,61.51632921
2026-05-31 11:00:00,73899.7,74423.1,73425.8,73944.2,176.2889416
2026-05-31 12:00:00,73944.0,74320.0,73400.0,73919.6,126.61502192
2026-05-31 13:00:00,73920.0,74254.5,73538.1,73874.3,128.48043559
2026-05-31 14:00:00,73874.6,73985.9,73076.9,73601.5,162.97043445
2026-05-31 15:00:00,73601.1,73824.7,73195.9,73651.5,183.88556986
2026-05-31 16:00:00,73651.9,73853.0,73317.3,73530.0,102.35164212
2026-05-31 17:00:00,73531.1,73824.7,73266.6,73696.4,71.48835538
2026-05-31 18:00:00,73697.0,73848.3,73226.4,73616.6,64.99308493
2026-05-31 19:00:00,73613.7,73824.7,73002.2,73557.6,101.93060853
2026-05-31 20:00:00,73557.6,74305.3,73079.3,73743.2,266.31526806
2026-05-31 21:00:00,73751.0,74127.0,73259.9,73898.1,116.56252021
2026-05-31 22:00:00,73898.1,73999.9,73425.8,73943.0,35.29407498
2026-05-31 23:00:00,73943.9,74352.1,73333.3,73681.6,118.76702779
2026-06-01 00:00:00,73681.7,74090.9,73333.3,73896.7,117.77695541
2026-06-01 01:00:00,73882.8,74044.8,73026.9,73298.3,122.16998458
2026-06-01 02:00:00,73298.3,74122.8,73181.8,73788.1,137.93751253
2026-06-01 03:00:00,73788.0,74333.3,73333.3,73763.0,226.38847224
2026-06-01 04:00:00,73762.3,74024.2,73253.5,73528.6,106.7360605
2026-06-01 05:00:00,73521.3,74000.0,73115.7,73347.5,188.46477356
2026-06-01 06:00:00,73348.7,73459.1,72628.0,73136.8,151.81736504
2026-06-01 07:00:00,73138.3,73226.4,72600.0,72816.9,148.92263617
2026-06-01 08:00:00,72805.7,73238.0,72355.7,72904.6,253.11394588
2026-06-01 09:00:00,72903.5,73117.8,72250.0,72877.7,178.41291293
2026-06-01 10:00:00,72879.3,73425.8,72515.7,72753.3,99.06049092
2026-06-01 11:00:00,72753.8,72836.5,71742.5,72465.6,259.21591874
2026-06-01 12:00:00,72465.6,72600.0,71500.0,72212.3,815.46381957
2026-06-01 13:00:00,72214.4,72333.3,70873.2,71712.1,1054.55993247
2026-06-01 14:00:00,71713.1,71991.3,71231.8,71545.9,289.55299504
2026-06-01 15:00:00,71567.3,72029.6,70458.8,71130.4,1464.22636601
2026-06-01 16:00:00,71130.6,71999.9,70207.8,71564.1,1732.69607758
2026-06-01 17:00:00,71563.0,72115.3,71239.4,71654.9,215.75838234
2026-06-01 18:00:00,71654.3,72105.7,71032.3,71498.5,314.73142862
2026-06-01 19:00:00,71499.9,72173.9,71000.0,71582.2,477.5783112
2026-06-01 20:00:00,71596.0,72103.1,71231.8,71448.4,268.12354862
2026-06-01 21:00:00,71448.7,71452.9,70832.8,71069.2,67.23787187
2026-06-01 22:00:00,71036.9,72134.6,70822.6,71415.3,225.60458813
2026-06-01 23:00:00,71414.6,71630.7,71056.3,71412.0,128.85233449
2026-06-02 00:00:00,71412.0,71638.6,70902.8,71295.3,257.49421567
2026-06-02 01:00:00,71295.9,71474.8,70473.9,70670.0,130.62922135
2026-06-02 02:00:00,70670.4,70976.0,69616.3,70678.1,851.94262327
2026-06-02 03:00:00,70751.1,71400.0,70433.9,70954.7,166.41106289
2026-06-02 04:00:00,70950.6,71394.2,70600.0,70811.3,102.26211203
2026-06-02 05:00:00,70812.0,71231.8,70140.8,70271.5,198.06932374
2026-06-02 06:00:00,70270.9,70633.4,69608.9,70112.1,337.53251702
2026-06-02 07:00:00,70110.7,70568.9,69090.9,70123.7,1189.17253091
2026-06-02 08:00:00,70123.2,70451.7,69309.1,69824.4,924.44816344
2026-06-02 09:00:00,69824.4,70296.4,68991.5,69429.0,1105.87946301
2026-06-02 10:00:00,69428.6,69960.5,68888.8,69652.3,1447.51763658
2026-06-02 11:00:00,69650.2,70088.1,69171.1,69457.7,2374.6983033
2026-06-02 12:00:00,69460.6,69842.9,68466.6,69002.2,3251.76937211
2026-06-02 13:00:00,69002.3,69564.3,68214.2,68803.1,2436.93761646
2026-06-02 14:00:00,68803.0,69206.4,67155.8,68019.2,2896.0076995
2026-06-02 15:00:00,68023.3,68269.2,66737.6,67301.8,1958.16928049
2026-06-02 16:00:00,67301.8,68300.0,67000.3,67419.8,1556.29786634
2026-06-02 17:00:00,67420.2,68000.0,67180.6,67487.6,1565.75989098
2026-06-02 18:00:00,67487.2,67973.5,66751.5,67330.3,1816.42089097
2026-06-02 19:00:00,67330.2,68000.0,66063.7,67311.1,3796.34489024
2026-06-02 20:00:00,67311.2,67966.3,66651.9,67587.9,1548.72655401
2026-06-02 21:00:00,67586.6,68150.0,67325.0,67566.8,1223.2978429
2026-06-02 22:00:00,67565.1,67850.0,65910.7,66383.2,1018.23434066
2026-06-02 23:00:00,66386.7,67141.4,65733.5,66756.5,1536.97421641
2026-06-03 00:00:00,66756.5,67600.0,66599.9,66936.7,1248.52432488
2026-06-03 01:00:00,66936.7,67360.0,66350.0,66910.0,1041.78765389
2026-06-03 02:00:00,66910.1,67133.3,66478.8,66614.2,1063.63999415
2026-06-03 03:00:00,66616.5,66950.0,64826.5,65854.1,2030.27558084
2026-06-03 04:00:00,65854.0,66866.6,65746.4,66462.5,1369.79388277
2026-06-03 05:00:00,66462.5,67666.6,66295.7,67325.8,1154.59413188
2026-06-03 06:00:00,67324.7,67639.3,66651.9,66914.8,2162.21318485
2026-06-03 07:00:00,66914.8,67440.0,66632.6,67220.9,1466.35445064
2026-06-03 08:00:00,67220.9,67457.5,66741.0,67024.2,966.56365804
2026-06-03 09:00:00,67024.9,67507.2,66500.0,67068.8,1409.26433228
2026-06-03 10:00:00,67068.0,67666.6,66866.6,67294.4,1343.22919298
2026-06-03 11:00:00,67293.7,67750.0,66845.0,67062.6,1523.56231546
2026-06-03 12:00:00,67062.6,67473.6,66681.8,67077.5,1306.35938711
2026-06-03 13:00:00,67077.8,67659.9,66533.5,66902.0,1429.65762737
2026-06-03 14:00:00,66907.9,67234.0,66387.6,66865.5,1925.08970482
2026-06-03 15:00:00,66865.8,67117.9,65898.9,66080.1,1389.26728021
2026-06-03 16:00:00,66079.5,66599.9,65400.0,66066.0,1406.19976729
2026-06-03 17:00:00,66066.6,66599.9,65457.2,65969.4,1124.69096864
2026-06-03 18:00:00,65969.5,66421.7,65551.0,66035.3,1244.15523709
2026-06-03 19:00:00,66034.0,66295.7,64865.6,65466.6,1344.08451082
2026-06-03 20:00:00,65466.6,65924.2,64199.9,65003.0,2124.24858675
2026-06-03 21:00:00,65002.9,66000.0,64949.8,65752.5,450.82264032
2026-06-03 22:00:00,65771.3,65875.0,64753.7,64909.0,362.61795016
2026-06-03 23:00:00,64912.1,64977.2,63549.8,64147.7,13237.85964895
2026-06-04 00:00:00,64147.8,64733.3,62661.2,63334.1,1530.97205704
2026-06-04 01:00:00,63343.6,63549.2,61723.1,62177.4,1507.73094629
2026-06-04 02:00:00,62178.5,64036.0,60967.4,63214.4,2117.86540587
2026-06-04 03:00:00,63214.4,64999.9,62997.0,64365.6,1200.02224812
2026-06-04 04:00:00,64365.7,65150.0,63799.2,64397.8,1404.01431492
2026-06-04 05:00:00,64397.8,64831.2,63528.2,63958.1,1258.22691256
2026-06-04 06:00:00,63954.0,64902.7,63399.9,64024.7,1435.66937894
2026-06-04 07:00:00,64028.9,64199.9,63221.1,63604.6,1765.2461031
2026-06-04 08:00:00,63604.5,64050.6,61984.5,62276.7,382.0965084
2026-06-04 09:00:00,62276.7,62951.8,62112.3,62951.8,6916.82725667
2026-06-04 10:00:00,62951.8,63417.7,62807.6,63274.2,1634.46530014
2026-06-04 11:00:00,63274.3,63760.0,63274.2,63633.9,4487.25031682
2026-06-04 12:00:00,63635.2,64958.6,63280.0,63766.9,3286.49072813
2026-06-04 13:00:00,63768.4,64233.3,62866.6,64220.9,1094.276141
2026-06-04 14:00:00,64219.5,64619.2,63600.0,63949.8,1739.66879293
2026-06-04 15:00:00,63949.8,64683.5,63461.5,63892.8,1668.50299484
2026-06-04 16:00:00,63894.6,64199.9,63133.3,63566.0,2185.57685596
2026-06-04 17:00:00,63566.7,63847.0,62900.0,63536.6,2468.58663967
2026-06-04 18:00:00,63535.8,64556.9,62970.2,63817.6,2220.57249563
2026-06-04 19:00:00,63817.6,64502.4,63399.9,63626.4,2067.72980602
2026-06-04 20:00:00,63626.7,64000.0,62975.0,63635.1,2395.43386367
2026-06-04 21:00:00,63635.4,63999.9,63040.0,63286.8,2275.90071341
2026-06-04 22:00:00,63286.3,63933.3,63037.9,63748.4,1621.8442815
2026-06-04 23:00:00,63751.7,64225.0,63037.9,63887.0,3831.99527546
2026-06-05 00:00:00,63887.0,64249.3,63291.1,63424.0,1982.30213096
2026-06-05 01:00:00,63425.0,63933.3,62816.9,63375.9,1639.6052385
2026-06-05 02:00:00,63376.0,63629.5,62293.0,62615.9,1786.79896509
2026-06-05 03:00:00,62616.1,63164.5,62158.5,62731.5,1094.91287577
2026-06-05 04:00:00,62731.5,63654.1,62400.6,63623.1,972.29443614
2026-06-05 05:00:00,63618.2,63744.4,62278.4,62334.0,824.12029677
2026-06-05 06:00:00,62334.0,62844.8,60561.8,61945.1,1372.51968372
2026-06-05 07:00:00,61943.3,63290.1,61265.8,62918.9,976.28736804
2026-06-05 08:00:00,62931.6,63215.8,62278.4,62456.5,24150.62815402
2026-06-05 09:00:00,62460.2,63366.1,62333.3,62860.4,602.37498903
2026-06-05 10:00:00,62862.3,63133.3,62200.0,62490.3,466.36675922
2026-06-05 11:00:00,62538.0,62911.3,61542.6,61972.0,567.72549723
2026-06-05 12:00:00,61975.7,62531.6,61533.3,61968.8,619.3544009
2026-06-05 13:00:00,61968.4,62405.0,60378.7,60732.0,1143.58528049
2026-06-05 14:00:00,60731.2,61392.4,60168.0,60865.4,1250.59546563
2026-06-05 15:00:00,60865.4,61352.1,59704.2,60450.6,1337.57964079
2026-06-05 16:00:00,60449.7,61772.1,59466.0,61397.9,2446.24492719
2026-06-05 17:00:00,61397.8,61538.4,60253.1,60814.1,1009.72062929
2026-06-05 18:00:00,60814.2,61266.6,58788.7,59396.1,1449.25603708
2026-06-05 19:00:00,59396.0,60975.0,58971.8,60316.5,3479.6801666
2026-06-05 20:00:00,60317.6,61745.7,59893.8,61621.5,1310.84614702
2026-06-05 21:00:00,61621.5,62151.8,61266.6,61680.5,1072.80758534
2026-06-05 22:00:00,61668.5,62151.8,61107.2,61586.7,1361.42330013
2026-06-05 23:00:00,61586.8,61875.0,60294.1,61058.4,907.18412722
2026-06-06 00:00:00,61058.4,61898.7,60650.0,61272.7,1391.68161176
2026-06-06 01:00:00,61273.6,61556.9,60392.1,61062.3,1641.5781927
2026-06-06 02:00:00,61062.5,61538.4,60379.7,60943.5,1401.14186064
2026-06-06 03:00:00,60922.6,61266.6,60253.1,60687.0,1482.27740306
2026-06-06 04:00:00,60689.5,61034.4,58971.8,60099.9,1074.16960797
2026-06-06 05:00:00,60100.0,61422.7,59338.0,60948.0,1089.96541524
2026-06-06 06:00:00,60947.9,61645.5,60379.7,60792.7,1022.60753564
2026-06-06 07:00:00,60790.5,61600.0,60506.3,61008.0,1654.30928584
2026-06-06 08:00:00,61007.5,61600.1,60802.8,61176.6,2396.6371357
2026-06-06 09:00:00,61220.4,61604.7,60652.2,60977.4,1697.6879425
2026-06-06 10:00:00,60977.9,61169.0,60126.5,60607.0,1025.6882766
2026-06-06 11:00:00,60607.0,61352.1,60379.7,60809.3,1715.41638442
2026-06-06 12:00:00,60806.7,61266.6,60249.9,61032.6,1947.62162646
2026-06-06 13:00:00,61032.6,61300.0,60506.3,60801.7,1776.8915093
2026-06-06 14:00:00,60801.7,61392.4,60379.7,60800.7,1460.90519579
2026-06-06 15:00:00,60800.8,61423.8,60115.4,60778.0,1636.26003611
2026-06-06 16:00:00,60777.2,61266.6,60042.4,60778.9,1464.42241264
2026-06-06 17:00:00,60778.9,61298.0,60096.1,60582.7,1993.11375472
2026-06-06 18:00:00,60584.0,61174.0,60200.0,60637.8,1721.49311594
2026-06-06 19:00:00,60638.7,61169.0,60126.5,60600.2,1950.49328365
2026-06-06 20:00:00,60600.1,61210.3,60346.1,60716.9,2482.9286346
2026-06-06 21:00:00,60716.1,61304.3,60436.6,60749.8,2249.46164228
2026-06-06 22:00:00,60749.9,61266.6,60194.9,60607.8,2065.89485277
2026-06-06 23:00:00,60608.0,61296.2,60253.1,60885.3,2372.99337923
2026-06-07 00:00:00,60885.5,61377.4,60500.0,60782.7,2447.21312172
2026-06-07 01:00:00,60787.6,62066.6,60550.0,61479.9,1866.9754613
2026-06-07 02:00:00,61477.8,62000.0,60999.9,61500.0,2493.79586049
2026-06-07 03:00:00,61500.0,62174.8,61265.8,61700.0,3139.61624585
2026-06-07 04:00:00,61698.2,62033.4,61048.3,61886.0,2358.5961452
2026-06-07 05:00:00,61885.9,62278.4,61500.0,61745.8,2641.91336673
2026-06-07 06:00:00,61745.8,62422.9,61518.9,62107.5,2572.35426742
2026-06-07 07:00:00,62108.1,62644.6,61950.0,62400.1,2904.97747382
2026-06-07 08:00:00,62400.9,62940.0,61845.0,62853.4,2990.78035724
2026-06-07 09:00:00,62853.3,62950.0,62267.6,62537.1,2827.96159182
2026-06-07 10:00:00,62537.2,62950.0,61800.0,62380.0,4458.74593312
2026-06-07 11:00:00,62380.0,62816.9,62066.6,62630.6,3060.52703991
2026-06-07 12:00:00,62630.6,62853.0,61325.3,61907.8,2162.48141691
2026-06-07 13:00:00,61908.1,62333.3,61365.6,61705.2,2110.98323697
2026-06-07 14:00:00,61706.0,62544.1,61266.6,61911.2,2527.64367697
2026-06-07 15:00:00,61908.0,62400.0,61352.1,61901.4,2547.94331881
2026-06-07 16:00:00,62023.8,62599.9,61799.9,62080.8,2575.50318257
2026-06-07 17:00:00,62080.7,62644.8,61871.0,62159.1,12855.35538038
2026-06-07 18:00:00,62159.1,62551.9,61844.3,62030.0,3744.26143887
2026-06-07 19:00:00,62030.0,62151.8,60576.9,61182.3,2504.83993243
2026-06-07 20:00:00,61259.0,62025.3,61000.0,61871.1,2619.66445419
2026-06-07 21:00:00,61871.2,62133.2,61392.4,61751.7,1907.8541123
2026-06-07 22:00:00,61766.7,64199.9,61625.0,62873.8,1161.21260411
2026-06-07 23:00:00,62874.1,63533.3,62531.6,63332.9,1453.31216911
2026-06-08 00:00:00,63332.9,64000.0,63133.3,63635.4,1948.99409175
2026-06-08 01:00:00,63637.5,63778.9,62600.0,63218.0,2068.97492141
2026-06-08 02:00:00,63217.6,63549.2,62800.0,63126.0,2782.1461722
2026-06-08 03:00:00,63126.0,63453.2,62866.6,63135.3,3181.07644573
2026-06-08 04:00:00,63133.9,63250.0,62493.7,62693.0,2758.17087814
2026-06-08 05:00:00,62693.0,63333.3,62200.0,62764.1,2335.60222887
2026-06-08 06:00:00,62764.2,63221.1,62535.6,62928.8,2978.86059736
2026-06-08 07:00:00,62960.7,63666.6,62780.7,63289.3,2538.28418692
2026-06-08 08:00:00,63289.3,63400.0,62800.0,63037.9,2757.63584803
2026-06-08 09:00:00,63037.9,63717.1,62961.7,63376.4,2915.93419031
2026-06-08 10:00:00,63375.0,63701.9,62857.1,63149.9,4155.20695204
2026-06-08 11:00:00,63151.9,63999.9,62911.3,63475.0,3130.37113154
2026-06-08 12:00:00,63475.0,64000.0,62599.9,63816.2,2378.2209974
2026-06-08 13:00:00,63813.6,64050.6,63291.1,63754.7,2242.91454312
2026-06-08 14:00:00,63754.8,64098.5,63417.7,63966.4,2433.53626536
2026-06-08 15:00:00,63966.4,64359.7,63633.4,63766.2,2386.15264529
2026-06-08 16:00:00,63774.9,64199.9,63399.9,63525.1,2399.31488301
2026-06-08 17:00:00,63524.2,63800.0,63164.5,63547.0,2529.76750984
2026-06-08 18:00:00,63552.0,63933.3,63200.0,63471.1,2559.85532228
2026-06-08 19:00:00,63472.7,63751.0,63200.0,63372.4,3535.25921319
2026-06-08 20:00:00,63372.4,63600.0,63000.5,63492.4,3227.62888415
2026-06-08 21:00:00,63417.8,63955.3,63280.0,63722.9,4240.67440921
2026-06-08 22:00:00,63721.9,63797.4,63037.9,63447.7,4088.88434281
2026-06-08 23:00:00,63448.1,63666.6,62866.6,63091.2,3674.30156503
2026-06-09 00:00:00,63091.2,63400.0,62405.0,62561.2,1984.73618364
2026-06-09 01:00:00,62561.2,63000.0,62405.0,62764.1,2264.30753057
2026-06-09 02:00:00,62767.9,63054.4,62325.0,62744.7,2544.75262168
2026-06-09 03:00:00,62798.2,63124.8,62200.0,62874.2,3974.96020881
2026-06-09 04:00:00,62875.9,63592.6,62600.0,63246.0,3420.71802409
2026-06-09 05:00:00,63243.4,63696.9,62999.9,63220.5,4513.48367807
2026-06-09 06:00:00,63270.5,63666.5,63000.0,63164.5,6403.5389827
2026-06-09 07:00:00,63176.6,63544.3,62875.2,63197.5,5194.25025022
2026-06-09 08:00:00,63197.5,63399.9,62599.9,62670.5,3134.75588369
2026-06-09 09:00:00,62670.4,63133.3,62486.3,62719.5,4141.95561062
2026-06-09 10:00:00,62722.8,62973.5,62324.2,62784.4,4055.37888139
2026-06-09 11:00:00,62784.4,62925.0,62333.3,62709.5,5206.30800494
2026-06-09 12:00:00,62709.5,63080.3,62278.4,62558.4,4142.48487563
2026-06-09 13:00:00,62599.9,62999.9,62025.3,62273.0,2544.16723696
2026-06-09 14:00:00,62271.5,62422.9,61000.0,61541.6,2231.0508716
2026-06-09 15:00:00,61543.5,61995.9,61000.0,61138.2,1161.83526574
2026-06-09 16:00:00,61138.8,61799.9,60620.9,61410.7,1694.38270934
2026-06-09 17:00:00,61406.5,62066.6,61265.8,61695.9,2718.95961827
2026-06-09 18:00:00,61696.6,62066.6,61400.0,61791.1,3613.64286281
2026-06-09 19:00:00,61789.2,62278.4,61533.3,62100.1,2745.26709472
2026-06-09 20:00:00,62100.1,62400.0,61800.0,62167.7,3634.53950369
2026-06-09 21:00:00,62167.7,62333.3,61500.0,61761.1,4185.66589149
2026-06-09 22:00:00,61763.1,62192.9,61518.9,61719.1,3822.60264879
2026-06-09 23:00:00,61719.1,62033.4,61360.0,61645.5,3701.21467961
2026-06-10 00:00:00,61645.5,62094.2,61266.6,61915.8,5771.97962399
2026-06-10 01:00:00,61914.7,62151.8,61400.0,61708.5,3352.31562637
2026-06-10 02:00:00,61700.6,62025.3,61000.0,61305.8,2473.40820396
2026-06-10 03:00:00,61305.9,61733.1,60864.0,61377.0,4613.47873322
2026-06-10 04:00:00,61377.0,61750.0,61000.0,61293.5,4606.55378593
2026-06-10 05:00:00,61293.4,61535.2,60837.0,61356.2,4445.2794325
2026-06-10 06:00:00,61356.1,61718.3,60800.0,61467.7,5156.15591872
2026-06-10 07:00:00,61467.7,61857.7,61107.2,61686.1,4709.08285717
2026-06-10 08:00:00,61686.1,61983.0,60972.7,61260.7,3125.59950848
2026-06-10 09:00:00,61260.7,61600.0,60600.0,61332.5,3029.38455369
2026-06-10 10:00:00,61331.3,61535.2,60900.0,61383.4,4174.19423497
2026-06-10 11:00:00,61383.6,61708.4,60800.0,61028.6,3051.92202373
2026-06-10 12:00:00,61028.6,62200.0,60700.0,61577.6,3272.92783505
2026-06-10 13:00:00,61575.5,62599.9,61266.6,62147.4,2124.18754344
2026-06-10 14:00:00,62147.5,62372.7,61645.5,62196.8,1491.88335893
2026-06-10 15:00:00,62196.6,63000.0,61750.0,62640.5,1998.77996452
2026-06-10 16:00:00,62641.9,62911.3,61800.0,62030.9,2398.3491028
2026-06-10 17:00:00,62119.0,62362.2,61406.6,61981.8,2918.59803421
2026-06-10 18:00:00,61982.7,62200.0,61533.3,61885.8,2420.20614806
2026-06-10 19:00:00,61891.8,62333.2,61535.2,61943.6,3208.17445838
2026-06-10 20:00:00,61943.7,62318.7,61518.9,61807.1,3535.17763873
2026-06-10 21:00:00,61807.1,61960.3,61000.0,61354.6,4833.02855377
2026-06-10 22:00:00,61355.2,61776.0,60700.0,61375.9,4684.11797825
2026-06-10 23:00:00,61376.0,61770.9,61000.0,61470.9,8243.8544058
2026-06-11 00:00:00,61471.8,62200.0,61363.6,61823.0,743.630478
2026-06-11 01:00:00,61821.5,62531.6,61648.8,62209.0,4247.13798118
2026-06-11 02:00:00,62208.7,62598.6,61796.2,62142.9,5198.19410652
2026-06-11 03:00:00,62142.2,62793.5,61799.9,62681.4,4011.54782633
2026-06-11 04:00:00,62684.9,62995.7,62278.4,62719.2,6376.71800251
2026-06-11 05:00:00,62716.6,62929.1,62200.0,62610.3,8955.48546269
2026-06-11 06:00:00,62609.0,63164.5,62400.0,62764.2,5287.28604567
2026-06-11 07:00:00,62764.2,63037.9,62318.7,62711.2,10942.69219727
2026-06-11 08:00:00,62709.4,63133.3,62400.0,62824.7,6699.13591305
2026-06-11 09:00:00,62890.3,63290.1,62607.5,62806.4,6125.23697545
2026-06-11 10:00:00,62822.5,63291.1,62600.0,63147.2,5341.99082937
2026-06-11 11:00:00,63147.2,63417.7,62666.6,63103.1,5969.6387556
2026-06-11 12:00:00,63103.0,63400.0,62333.3,63001.0,2784.81584636
2026-06-11 13:00:00,63005.7,63390.9,62600.0,63078.2,2497.21999169
2026-06-11 14:00:00,63081.0,63333.3,62599.9,62731.1,2090.4034168
2026-06-11 15:00:00,62730.4,63200.0,62278.4,62647.0,1924.95725178
2026-06-11 16:00:00,62651.3,62784.8,62531.6,62579.0,40.91509882
2026-06-11 17:00:00,62578.1,63640.2,62276.6,63638.2,501.36568989
2026-06-11 18:00:00,63638.4,63797.4,63164.5,63458.9,506.27566269
2026-06-11 19:00:00,63458.9,64264.6,63274.0,63611.6,1813.77161242
2026-06-11 20:00:00,63612.1,63891.8,62999.9,63392.4,2256.58475455
2026-06-11 21:00:00,63392.4,63800.0,63290.1,63375.0,2433.71899333
2026-06-11 22:00:00,63448.5,63787.8,63291.1,63498.8,894.62757747
2026-06-11 23:00:00,63497.8,64000.0,63037.9,63622.3,1139.98449205
2026-06-12 00:00:00,63524.8,63924.0,63000.0,63648.8,472.07974097
2026-06-12 01:00:00,63648.6,63800.0,63037.9,63429.1,2186.10560909
2026-06-12 02:00:00,63429.1,63797.4,63278.9,63616.9,2383.38770399
2026-06-12 03:00:00,63616.9,63828.6,63210.5,63520.4,2018.51863094
2026-06-12 04:00:00,63520.0,63999.9,63291.1,63701.1,4472.56303225
2026-06-12 05:00:00,63700.9,63942.3,63133.3,63352.1,4111.12042224
2026-06-12 06:00:00,63357.8,63800.0,62625.0,62988.6,2942.95954373
2026-06-12 07:00:00,62986.3,63413.6,62659.0,63099.6,3224.77016384
2026-06-12 08:00:00,63100.6,63790.6,63000.0,63475.1,2962.06144405
2026-06-12 09:00:00,63475.1,64150.0,63221.1,63758.1,3175.07299122
2026-06-12 10:00:00,63760.2,64000.0,63399.9,63693.9,3762.56861956
2026-06-12 11:00:00,63694.0,64303.7,63269.8,63756.5,4233.28928698
2026-06-12 12:00:00,63756.5,63928.0,63278.6,63464.2,3591.09507676
2026-06-12 13:00:00,63464.2,63666.6,63000.0,63230.6,3538.94861132
2026-06-12 14:00:00,63230.6,64000.0,63081.6,63998.0,1831.77515011
2026-06-12 15:00:00,63999.0,64733.3,63555.0,63593.1,2044.26224478
2026-06-12 16:00:00,63593.1,64266.6,63417.7,63983.6,2211.89306775
2026-06-12 17:00:00,63986.9,64225.0,63440.0,63867.7,7790.68864548
2026-06-12 18:00:00,63867.7,64200.0,63200.0,63687.1,3017.02366677
2026-06-12 19:00:00,63686.5,64050.6,63399.9,63584.0,4357.28268509
2026-06-12 20:00:00,63585.8,63797.4,62821.0,63443.1,5072.57465146
2026-06-12 21:00:00,63443.8,63790.8,63000.0,63472.8,4985.13116792
2026-06-12 22:00:00,63474.7,63916.6,63231.5,63505.8,5486.71582461
2026-06-12 23:00:00,63507.1,63800.0,63200.0,63578.0,5819.69537558
2026-06-13 00:00:00,63577.7,63933.3,63399.9,63602.4,913.15839102
2026-06-13 01:00:00,63602.4,64044.0,63500.5,63836.9,3207.86740432
2026-06-13 02:00:00,63836.9,64050.6,63366.1,63569.9,6530.88990266
2026-06-13 03:00:00,63568.3,63933.3,63133.3,63527.4,3894.85316728
2026-06-13 04:00:00,63527.4,63933.3,63291.1,63481.8,5454.06568325
2026-06-13 05:00:00,63481.8,63787.4,63333.3,63585.3,5319.38786644
2026-06-13 06:00:00,63589.2,63915.4,63290.1,63728.2,7110.90659962
2026-06-13 07:00:00,63728.2,64050.6,63400.0,63843.0,7515.86933692
2026-06-13 08:00:00,63843.1,64155.2,63427.6,63670.8,5021.8929692
2026-06-13 09:00:00,63670.9,64000.0,63461.5,63738.7,6375.73198772
2026-06-13 10:00:00,63738.7,64050.6,63480.1,63841.8,6344.77619438
2026-06-13 11:00:00,63841.9,64200.0,63718.9,63967.9,7860.82911665
2026-06-13 12:00:00,63967.9,64500.0,63775.2,64133.1,8194.5954196
2026-06-13 13:00:00,64133.1,64470.8,63800.0,64066.1,2755.43740164
2026-06-13 14:00:00,64096.1,64636.3,63775.2,64221.9,7669.50442616
2026-06-13 15:00:00,64222.0,64425.0,64008.8,64302.2,6907.11621706
2026-06-13 16:00:00,64302.2,64423.0,63775.2,64036.1,5256.47681493
2026-06-13 17:00:00,64034.2,64236.6,63775.2,63975.5,6008.17053101
2026-06-13 18:00:00,63975.5,64400.0,63775.2,64158.4,6109.52939134
2026-06-13 19:00:00,64159.2,64466.6,63794.4,64299.0,4653.81994203
2026-06-13 20:00:00,64298.0,64441.5,64000.0,64160.0,7172.30999145
2026-06-13 21:00:00,64117.6,64830.9,64050.6,64469.7,5273.93482238
2026-06-13 22:00:00,64471.1,64663.4,64199.9,64460.9,9166.21615864
2026-06-13 23:00:00,64460.9,64733.3,64200.0,64355.6,14105.61008476
2026-06-14 00:00:00,64386.0,64800.0,64355.8,64566.2,198.37102972
2026-06-14 01:00:00,64565.8,64896.9,64400.0,64647.8,3765.15232397
2026-06-14 02:00:00,64577.3,64952.6,64306.4,64483.7,5719.07310904
2026-06-14 03:00:00,64430.3,64688.7,64200.0,64541.5,7688.16416765
2026-06-14 04:00:00,64541.5,64683.5,63868.0,64344.4,10090.30856621
2026-06-14 05:00:00,64339.3,64683.4,64000.0,64233.3,15077.10908558
2026-06-14 06:00:00,64233.3,64515.5,63933.3,64292.7,12494.19982888
2026-06-14 07:00:00,64292.7,64492.7,64013.3,64431.7,10460.48357706
2026-06-14 08:00:00,64431.8,64800.0,64229.5,64464.8,3558.40740808
2026-06-14 09:00:00,64464.8,64722.4,64150.0,64618.1,4044.04816257
2026-06-14 10:00:00,64618.1,64900.0,64200.0,64523.1,2376.12985362
2026-06-14 11:00:00,64523.1,64810.1,64303.7,64544.6,4241.61752882
2026-06-14 12:00:00,64543.8,64600.0,64000.0,64324.2,7015.96363143
2026-06-14 13:00:00,64324.2,64444.0,64050.6,64308.7,11047.78863874
2026-06-14 14:00:00,64195.0,64375.0,63775.2,63981.6,7543.51415538
2026-06-14 15:00:00,63980.2,64303.7,63775.2,64006.9,6047.63163084
2026-06-14 16:00:00,64023.9,64273.1,63838.2,63946.5,3993.20247285
2026-06-14 17:00:00,63946.6,64200.0,63562.8,63734.9,3460.2105154
2026-06-14 18:00:00,63734.9,64050.6,63500.0,63821.3,2123.15651396
2026-06-14 19:00:00,63821.2,64292.0,63417.7,63804.6,2923.26958085
2026-06-14 20:00:00,63804.6,64182.6,63611.0,64012.9,3721.91660235
2026-06-14 21:00:00,64013.0,65791.6,63900.0,65317.0,1781.66095843
2026-06-14 22:00:00,65317.0,65581.2,64710.5,65419.5,3836.8102769
2026-06-14 23:00:00,65419.5,65800.0,65000.0,65744.0,5279.19123546
2026-06-15 00:00:00,65745.3,66000.0,65500.0,65572.2,704.28788982
2026-06-15 01:00:00,65574.3,65733.3,65266.6,65511.9,849.85768134
2026-06-15 02:00:00,65513.6,66066.6,65330.3,65336.8,2522.37950637
2026-06-15 03:00:00,65400.6,66112.6,65206.8,65928.3,5476.9513022
2026-06-15 04:00:00,65926.9,66000.0,65500.0,65639.7,5940.38261276
2026-06-15 05:00:00,65639.7,66075.9,65443.0,65853.1,6100.67342542
2026-06-15 06:00:00,65853.3,66112.6,65480.7,65806.9,9979.53569
2026-06-15 07:00:00,65807.5,66180.0,65519.6,65675.7,6574.80428689
2026-06-15 08:00:00,65675.7,66066.6,65316.4,65664.2,4139.09422208
2026-06-15 09:00:00,65664.2,65822.7,65400.0,65597.5,3557.90586821
2026-06-15 10:00:00,65597.8,66066.6,65344.4,65927.4,3648.7055832
2026-06-15 11:00:00,65926.0,66415.1,65696.2,66143.5,3574.8606081
2026-06-15 12:00:00,66165.9,66800.0,66000.0,66570.6,3765.79023342
2026-06-15 13:00:00,66570.6,67088.6,66202.5,66448.0,2697.75866181
2026-06-15 14:00:00,66447.8,66780.3,66148.6,66590.2,5361.58073316
2026-06-15 15:00:00,66588.0,67456.4,66333.3,67204.8,4577.17755071
2026-06-15 16:00:00,67215.0,67399.9,66400.0,67156.2,10022.73737243
2026-06-15 17:00:00,67153.8,67180.6,66600.0,66857.0,549.85489224
2026-06-15 18:00:00,66857.2,67133.3,66611.0,66769.9,607.37657286
2026-06-15 19:00:00,66769.9,67088.6,66360.0,66587.7,584.13953233
2026-06-15 20:00:00,66588.3,66878.5,66387.2,66525.6,535.26571779
2026-06-15 21:00:00,66525.2,67050.0,66200.0,66372.1,484.44245543
2026-06-15 22:00:00,66372.1,66720.0,66066.6,66208.1,710.49117436
2026-06-15 23:00:00,66208.1,66517.2,66112.6,66322.1,379.05322299
2026-06-16 00:00:00,66321.7,66500.0,66000.0,66253.1,313.83891267
2026-06-16 01:00:00,66253.2,66900.3,66000.0,66352.7,550.71896544
2026-06-16 02:00:00,66352.7,66600.0,65533.3,65744.0,886.43227521
2026-06-16 03:00:00,65744.0,66329.1,65600.0,66164.1,1673.03362725
2026-06-16 04:00:00,66164.0,66364.0,65800.0,65845.0,927.64461955
2026-06-16 05:00:00,65844.6,66400.0,65653.4,66058.4,593.85924142
2026-06-16 06:00:00,66060.0,66625.0,65822.7,66440.9,612.73854481
2026-06-16 07:00:00,66440.6,66845.0,66200.0,66370.5,747.13733643
2026-06-16 08:00:00,66370.0,67000.0,66119.8,66898.1,471.86230817
2026-06-16 09:00:00,66897.9,67120.0,66473.1,66509.6,476.30894555
2026-06-16 10:00:00,66511.9,66845.0,66400.0,66512.8,376.1478537
2026-06-16 11:00:00,66513.0,66733.3,66365.5,66490.0,250.14716067
2026-06-16 12:00:00,66491.5,66826.9,66333.3,66430.8,440.84307251
2026-06-16 13:00:00,66430.8,66547.3,65941.1,66055.9,483.09003724
2026-06-16 14:00:00,66057.5,66387.6,65222.2,65662.4,616.631591
2026-06-16 15:00:00,65662.8,66000.0,65563.3,65873.2,595.30397612
2026-06-16 16:00:00,65875.0,66080.2,65551.0,65762.5,331.16453786
2026-06-16 17:00:00,65762.5,66200.0,65533.3,65981.3,458.02464355
2026-06-16 18:00:00,65981.3,66256.9,65807.6,65853.0,491.82535538
2026-06-16 19:00:00,65851.5,65999.9,65533.3,65684.0,386.69582471
2026-06-16 20:00:00,65684.0,66161.9,65569.6,65864.4,297.53362723
2026-06-16 21:00:00,65864.2,66043.6,65650.5,65778.1,147.00365204
2026-06-16 22:00:00,65778.1,66183.7,65384.6,65784.3,344.24745066
2026-06-16 23:00:00,65784.3,66000.0,65600.0,65680.0,265.12728008
2026-06-17 00:00:00,65680.3,66075.9,65680.1,65713.1,246.1783201
2026-06-17 01:00:00,65712.9,66272.7,65490.7,65938.0,379.24678015
2026-06-17 02:00:00,65938.1,66415.6,65785.4,65908.5,550.13022418
2026-06-17 03:00:00,65907.8,66100.0,65600.0,65856.5,327.82106224
2026-06-17 04:00:00,65856.5,66105.7,65731.9,65891.0,1173.62523684
2026-06-17 05:00:00,65891.1,66329.1,65569.6,65835.9,1178.93732056
2026-06-17 06:00:00,65835.9,66066.6,65509.1,65630.8,1620.46413775
2026-06-17 07:00:00,65629.8,65799.9,65255.1,65541.3,463.65120723
2026-06-17 08:00:00,65540.5,65720.0,64685.0,64927.8,621.04374991
2026-06-17 09:00:00,64927.8,65266.6,64733.3,64916.8,643.06551798
2026-06-17 10:00:00,64916.8,65266.6,64766.5,64800.0,746.18789017
2026-06-17 11:00:00,64800.0,65180.3,64492.7,64807.9,809.62392559
2026-06-17 12:00:00,64806.9,65177.7,64582.9,65044.0,652.81347963
2026-06-17 13:00:00,65044.1,65655.7,64733.3,65289.4,996.6577034
2026-06-17 14:00:00,65289.3,65750.0,64556.9,65096.9,2486.22751938
2026-06-17 15:00:00,65097.1,66000.0,64903.8,65752.8,2179.83938479
2026-06-17 16:00:00,65752.4,66455.6,65533.3,65863.5,637.1075625
2026-06-17 17:00:00,65863.5,66288.3,65600.0,65933.3,1032.12166004
2026-06-17 18:00:00,65933.3,66097.1,64824.1,65520.0,1093.28578359
2026-06-17 19:00:00,65523.8,65655.7,63879.1,64300.6,1163.35259246
2026-06-17 20:00:00,64304.9,64715.6,63875.0,64432.0,1260.84347355
2026-06-17 21:00:00,64432.1,64782.1,63942.3,64259.4,693.05020605
2026-06-17 22:00:00,64256.6,64709.6,63800.0,64296.0,1319.55608442
2026-06-17 23:00:00,64296.0,64637.5,64199.9,64507.6,1438.79557433
2026-06-18 00:00:00,64508.0,65014.0,64344.8,64460.8,427.94367296
2026-06-18 01:00:00,64460.9,65000.0,64458.9,64552.2,479.53297492
2026-06-18 02:00:00,64552.8,65189.8,64466.6,64697.0,642.0090242
2026-06-18 03:00:00,64695.8,65197.1,64200.0,64275.0,1098.35833312
2026-06-18 04:00:00,64275.0,64404.7,63797.4,63881.0,827.17359134
2026-06-18 05:00:00,63878.3,64540.0,63600.0,63995.7,1278.0987291
2026-06-18 06:00:00,63995.5,64409.5,63800.0,64054.1,641.2301913
2026-06-18 07:00:00,64054.1,64054.1,64054.1,64054.1,0.0
2026-06-18 08:00:00,64051.5,64483.8,63933.3,64402.9,156.13020607
2026-06-18 09:00:00,64402.9,64683.5,63919.8,64190.6,1785.15101587
2026-06-18 10:00:00,64191.3,64441.9,63816.6,64077.0,700.18773324
2026-06-18 11:00:00,64077.1,64449.6,63800.0,63965.5,820.71605123
2026-06-18 12:00:00,63966.7,64466.6,63900.0,64390.6,614.44755797
2026-06-18 13:00:00,64391.9,64665.1,63666.6,63989.7,1009.71745901
2026-06-18 14:00:00,63992.8,64284.5,63600.0,63818.0,1009.1035383
2026-06-18 15:00:00,63817.8,64353.8,62278.4,62369.9,2255.76751537
2026-06-18 16:00:00,62371.1,63290.1,61898.7,62690.0,4313.99107077
2026-06-18 17:00:00,62690.0,63164.5,62279.0,62603.2,1937.65622928
2026-06-18 18:00:00,62603.2,63200.0,62452.6,62705.2,1666.20405978
2026-06-18 19:00:00,62704.3,63200.0,62272.0,62941.4,1456.88358946
2026-06-18 20:00:00,62944.7,63544.3,62836.5,63090.1,1123.05507352
2026-06-18 21:00:00,63090.2,63423.7,62865.2,62966.5,1270.41552712
2026-06-18 22:00:00,62966.5,63291.1,62734.0,62883.9,993.03548054
2026-06-18 23:00:00,62886.8,63200.0,62658.2,62953.3,2030.70954979
2026-06-19 00:00:00,62953.3,63333.3,62750.0,63026.5,763.06781391
2026-06-19 01:00:00,63026.0,63400.0,62800.0,63027.8,867.26220427
2026-06-19 02:00:00,63027.8,63399.9,62850.0,63066.6,667.38672937
2026-06-19 03:00:00,63066.6,63291.1,62388.0,62776.1,1713.6851321
2026-06-19 04:00:00,62776.1,63138.9,62415.0,62453.8,1302.88688637
2026-06-19 05:00:00,62456.1,63037.9,62411.1,62742.0,1202.67551869
2026-06-19 06:00:00,62742.0,63210.0,62599.9,62900.1,1453.79688114
2026-06-19 07:00:00,62899.3,63191.3,62400.0,62638.1,2437.60889559
2026-06-19 08:00:00,62634.9,63134.0,62568.7,62598.4,1364.76850168
2026-06-19 09:00:00,62598.7,62921.0,62313.9,62439.5,1880.7294947
2026-06-19 10:00:00,62439.5,62915.3,62333.3,62530.6,1393.64213059
2026-06-19 11:00:00,62530.1,62808.3,62400.0,62630.9,3865.35921472
2026-06-19 12:00:00,62630.4,63037.9,62333.3,62828.5,1946.89169437
2026-06-19 13:00:00,62829.3,63666.6,62368.8,63210.5,1732.4751265
2026-06-19 14:00:00,63210.2,63693.7,62888.2,63210.0,1346.10059058
2026-06-19 15:00:00,63207.9,63670.8,62784.8,63218.0,1752.15792785
2026-06-19 16:00:00,63218.0,63692.9,62925.0,62978.5,1028.26469406
2026-06-19 17:00:00,62978.3,63539.8,62619.0,63201.3,1801.30373205
2026-06-19 18:00:00,63200.6,63575.0,62866.6,63109.7,1345.30451711
2026-06-19 19:00:00,63109.7,63366.6,62825.2,63024.0,1083.74627169
2026-06-19 20:00:00,63024.0,63428.5,62959.1,63251.2,840.80799806
2026-06-19 21:00:00,63251.2,63544.3,62911.3,63081.0,1614.83398738
2026-06-19 22:00:00,63080.9,63616.8,62911.3,63322.9,1468.94506352
2026-06-19 23:00:00,63323.3,63670.8,62911.3,63541.1,1106.12192502
2026-06-20 00:00:00,63541.3,64000.0,63399.9,63742.2,672.20821144
2026-06-20 01:00:00,63743.5,63933.3,63406.7,63587.4,1275.64797852
2026-06-20 02:00:00,63587.4,63800.0,63291.1,63343.5,1025.25044612
2026-06-20 03:00:00,63344.0,63750.0,63133.3,63481.6,1162.33342913
2026-06-20 04:00:00,63481.6,63928.5,63200.0,63588.8,1827.31864736
2026-06-20 05:00:00,63588.8,64199.9,63366.1,63680.7,1331.12539726
2026-06-20 06:00:00,63681.6,64050.6,63575.0,63743.2,2546.026915
2026-06-20 07:00:00,63743.0,64177.2,63400.0,63642.3,3323.19611062
2026-06-20 08:00:00,63643.7,63800.0,63290.9,63405.3,773.56836404
2026-06-20 09:00:00,63406.0,63924.0,63367.5,63736.9,1026.93228376
2026-06-20 10:00:00,63736.9,63992.0,63600.0,63681.3,593.91732727
2026-06-20 11:00:00,63681.0,64126.1,63544.3,63685.0,749.05795542
2026-06-20 12:00:00,63684.7,64000.0,63399.9,63656.9,1657.65324004
2026-06-20 13:00:00,63657.0,63828.6,63164.5,63400.7,1836.08608201
2026-06-20 14:00:00,63400.5,64090.9,63202.6,63958.7,2956.35474299
2026-06-20 15:00:00,63959.5,64453.1,63544.3,64148.6,1049.94187132
2026-06-20 16:00:00,64150.9,64400.0,63797.4,64031.9,1310.65327438
2026-06-20 17:00:00,64032.1,64466.6,63755.5,63850.3,919.16524656
2026-06-20 18:00:00,63850.3,64225.0,63666.6,63811.3,869.25404685
2026-06-20 19:00:00,63811.4,64200.0,63732.3,63942.1,2047.27812319
2026-06-20 20:00:00,63942.2,64182.6,63771.1,63930.0,2310.44959577
2026-06-20 21:00:00,63930.0,64337.3,63764.7,64018.2,1247.71103738
2026-06-20 22:00:00,64018.2,64572.3,63924.0,64270.8,1371.08838703
2026-06-20 23:00:00,64269.8,64506.3,64000.0,64293.8,3839.27476833
2026-06-21 00:00:00,64298.1,64683.5,64050.6,64297.1,587.632714
2026-06-21 01:00:00,64296.8,64620.4,64014.8,64251.4,713.03997981
2026-06-21 02:00:00,64251.9,64556.9,64106.1,64250.1,711.80685387
2026-06-21 03:00:00,64251.2,64800.0,64200.0,64427.5,981.08053851
2026-06-21 04:00:00,64427.6,64801.7,64254.6,64282.6,1243.2749496
2026-06-21 05:00:00,64283.1,64572.9,64200.0,64259.9,878.63614375
2026-06-21 06:00:00,64259.2,64556.9,64014.8,64295.5,1231.05641252
2026-06-21 07:00:00,64268.7,64556.9,64099.9,64186.5,2013.60438213
2026-06-21 08:00:00,64186.6,64430.3,63610.1,64009.3,584.86267513
2026-06-21 09:00:00,64009.4,64433.3,63924.0,64209.2,667.72392352
2026-06-21 10:00:00,64209.2,64600.0,64195.8,64377.0,869.00071781
2026-06-21 11:00:00,64380.4,64600.0,64070.1,64182.0,611.11191783
2026-06-21 12:00:00,64185.6,64400.0,63900.0,64200.1,1328.75114869
2026-06-21 13:00:00,64200.2,64367.4,63933.3,64145.0,3837.77166896
2026-06-21 14:00:00,64146.5,64300.0,63797.4,64149.3,3507.21430037
2026-06-21 15:00:00,64149.9,64400.0,63888.5,64227.4,4490.82256397
2026-06-21 16:00:00,64227.5,64425.0,63999.9,64142.4,1863.72455044
2026-06-21 17:00:00,64145.0,64433.2,63899.0,64147.6,1236.21495431
2026-06-21 18:00:00,64147.3,64400.0,63924.0,64207.4,834.68246184
2026-06-21 19:00:00,64207.5,64537.4,64088.5,64204.3,1450.21885559
2026-06-21 20:00:00,64203.5,64404.6,63670.8,63845.9,1135.0261229
2026-06-21 21:00:00,63846.7,64134.2,63485.8,63808.9,1164.37316129
2026-06-21 22:00:00,63809.0,64000.0,63573.8,63805.8,1673.66169754
2026-06-21 23:00:00,63806.2,63933.3,63200.0,63307.8,1839.66020067
2026-06-22 00:00:00,63306.6,64149.7,63306.6,63894.2,574.13612364
2026-06-22 01:00:00,63895.0,64900.0,63669.5,64602.0,729.86385379
2026-06-22 02:00:00,64600.8,64900.0,64180.9,64227.6,7701.88167323
2026-06-22 03:00:00,64243.9,64556.9,63900.0,63970.9,1374.27993994
2026-06-22 04:00:00,63971.0,64400.0,63666.6,64097.3,2974.7871516
2026-06-22 05:00:00,64093.1,64466.6,63701.9,64248.3,4004.71354162
2026-06-22 06:00:00,64249.3,64469.6,63797.4,63993.0,3499.193563
2026-06-22 07:00:00,63992.4,64647.6,63920.0,64213.0,5778.95574679
2026-06-22 08:00:00,64213.1,64484.4,63924.0,64162.7,5069.64649094
2026-06-22 09:00:00,64162.0,64430.3,63838.4,64141.6,4254.26798022
2026-06-22 10:00:00,64141.6,64455.4,63924.0,64140.3,4023.07679151
2026-06-22 11:00:00,64140.7,64900.0,63933.3,64655.9,2118.25975975
2026-06-22 12:00:00,64655.8,65400.0,64324.6,65147.5,2308.10252816
2026-06-22 13:00:00,65147.4,65800.0,64881.4,65572.3,1818.9897432
2026-06-22 14:00:00,65572.3,65696.2,64712.6,64974.2,3080.34703307
2026-06-22 15:00:00,64975.1,65443.0,64752.5,64839.9,4123.48025586
2026-06-22 16:00:00,64838.8,65050.0,64303.7,64725.1,2632.12533795
2026-06-22 17:00:00,64725.1,64999.9,64252.5,64610.6,2677.49067462
2026-06-22 18:00:00,64610.6,64897.9,64249.3,64339.0,2080.87769657
2026-06-22 19:00:00,64339.1,64683.5,64200.0,64497.5,2909.60362762
2026-06-22 20:00:00,64497.5,64888.3,64211.0,64438.4,3343.10759321
2026-06-22 21:00:00,64438.4,64683.5,63843.8,64318.7,2543.80086026
2026-06-22 22:00:00,64318.7,64556.9,63690.4,63979.0,3164.50507614
2026-06-22 23:00:00,63982.0,64199.9,63608.2,64027.8,4041.39655298
2026-06-23 00:00:00,64027.8,64366.7,63596.4,64156.5,1953.65784977
2026-06-23 01:00:00,64157.5,64375.0,63815.7,64153.1,1787.15038499
2026-06-23 02:00:00,64153.5,64497.2,63800.0,64208.0,3407.81489447
2026-06-23 03:00:00,64204.9,64464.7,63843.8,64068.7,2521.50703308
2026-06-23 04:00:00,64068.7,64568.3,63599.9,63623.0,2176.93315459
2026-06-23 05:00:00,63623.1,64000.0,63200.0,63402.2,1476.87962559
2026-06-23 06:00:00,63401.1,63732.3,62567.4,62940.2,2638.95408095
2026-06-23 07:00:00,62940.2,63370.1,62658.6,62887.1,3752.79879411
2026-06-23 08:00:00,62887.3,63037.9,61723.1,62387.6,2297.34021974
2026-06-23 09:00:00,62387.2,62722.3,62066.6,62349.1,3297.15009914
2026-06-23 10:00:00,62379.7,62800.0,62066.6,62328.2,2177.82997309
2026-06-23 11:00:00,62324.1,62914.0,62180.6,62440.3,1452.42540573
2026-06-23 12:00:00,62476.6,62792.1,62112.5,62261.2,1583.54097654
2026-06-23 13:00:00,62264.2,62866.6,61935.4,62480.1,1882.95073757
2026-06-23 14:00:00,62479.5,63020.0,62348.5,62493.2,1332.16621634
2026-06-23 15:00:00,62493.3,62800.0,62041.5,62485.8,5892.59103438
2026-06-23 16:00:00,62485.8,62960.2,62066.6,62552.0,5378.06738213
2026-06-23 17:00:00,62550.3,62911.3,62333.3,62357.1,857.23285756
2026-06-23 18:00:00,62357.6,62735.1,62000.0,62243.1,734.41527936
2026-06-23 19:00:00,62242.8,62658.6,61974.7,62412.0,850.51518715
2026-06-23 20:00:00,62412.0,62839.8,62342.5,62472.2,728.01225623
2026-06-23 21:00:00,62474.0,62888.2,62431.9,62601.0,366.86429496
2026-06-23 22:00:00,62600.9,62951.5,62512.7,62594.6,612.34333166
2026-06-23 23:00:00,62594.1,63000.0,62506.5,62731.3,735.72471335
2026-06-24 00:00:00,62731.5,63282.8,62658.6,63016.0,645.52518504
2026-06-24 01:00:00,63019.3,63398.8,62749.2,62937.9,642.41212712
2026-06-24 02:00:00,62937.9,63291.1,62612.6,62636.3,739.75754279
2026-06-24 03:00:00,62634.7,63037.9,62405.0,62733.0,598.66011057
2026-06-24 04:00:00,62735.3,63000.0,62531.6,62753.4,634.83547812
2026-06-24 05:00:00,62754.9,63200.0,62672.0,62896.2,369.04008151
2026-06-24 06:00:00,62896.2,63183.0,62600.0,62784.6,640.08637723
2026-06-24 07:00:00,62784.6,63000.0,62400.0,62654.0,485.11395547
2026-06-24 08:00:00,62654.0,63000.0,62388.2,62803.0,593.99140681
2026-06-24 09:00:00,62803.1,63073.7,62450.7,62689.0,830.10565088
2026-06-24 10:00:00,62689.0,62903.4,62409.3,62448.8,570.10513854
2026-06-24 11:00:00,62449.5,63189.8,62224.4,62922.2,1034.45418031
2026-06-24 12:00:00,62922.2,63221.1,62590.4,62621.1,869.18252433
2026-06-24 13:00:00,62622.2,62768.7,61115.6,61337.2,1790.99694304
2026-06-24 14:00:00,61337.1,61652.9,60659.3,61116.9,1500.41940361
2026-06-24 15:00:00,61116.0,61290.2,60000.0,60279.9,1480.67014366
2026-06-24 16:00:00,60284.1,60969.5,59279.2,59860.9,3112.5719432
2026-06-24 17:00:00,59860.1,60341.7,58439.2,59396.9,10114.19278323
2026-06-24 18:00:00,59396.9,60156.4,58729.4,59606.6,13852.49244065
2026-06-24 19:00:00,59606.5,60274.5,59051.0,59959.4,3133.02724588
2026-06-24 20:00:00,59959.4,61400.0,59624.2,60961.0,1601.6905836
2026-06-24 21:00:00,60961.4,61400.0,60506.3,61108.0,4323.11577721
2026-06-24 22:00:00,61108.1,61400.0,60625.0,60874.0,7360.49732709
2026-06-24 23:00:00,60873.7,61227.0,60765.3,61139.2,5143.96051664
2026-06-25 00:00:00,61085.7,61343.7,60644.0,60820.9,2489.54623456
2026-06-25 01:00:00,60820.6,61151.0,60714.2,60760.8,137.63192479
