timestamp,open,high,low,close,volume
2025-06-25 04:00:00,2444.3,2455.68,2421.01,2436.66,394514379.918871
2025-06-25 08:00:00,2436.66,2447.76,2408.9,2429.01,160422209.809953
2025-06-25 12:00:00,2428.9,2445.0,2391.2,2405.62,29016804.955252
2025-06-25 16:00:00,2405.62,2439.0,2401.71,2432.61,8052019.229547
2025-06-25 20:00:00,2432.71,2453.72,2408.22,2418.47,21376961.641013
2025-06-26 00:00:00,2418.55,2519.86,2417.1,2489.06,48399769.854273
2025-06-26 04:00:00,2489.06,2500.07,2468.04,2489.81,39756795.420708
2025-06-26 08:00:00,2489.81,2500.36,2441.71,2450.37,106226480.922493
2025-06-26 12:00:00,2450.39,2459.43,2401.42,2433.7,123518633.515405
2025-06-26 16:00:00,2433.54,2443.06,2418.32,2435.41,31775.632291
2025-06-26 20:00:00,2435.57,2457.38,2396.62,2416.14,27304.915445
2025-06-27 00:00:00,2415.41,2448.38,2383.04,2446.57,30903.727025
2025-06-27 04:00:00,2447.25,2459.31,2434.46,2441.92,22076.330309
2025-06-27 08:00:00,2441.92,2465.18,2435.72,2447.5,24227.127981
2025-06-27 12:00:00,2447.51,2456.84,2406.92,2406.93,41806339.905935
2025-06-27 16:00:00,2406.92,2423.16,2388.6,2412.5,106445847.446193
2025-06-27 20:00:00,2412.5,2429.54,2411.34,2423.11,12020878.190344
2025-06-28 00:00:00,2423.1,2423.98,2406.17,2420.91,26059.338858
2025-06-28 04:00:00,2420.91,2433.75,2413.0,2431.79,123773932.331322
2025-06-28 08:00:00,2431.85,2432.5,2419.91,2427.65,6097.716755
2025-06-28 12:00:00,2427.65,2442.02,2420.1,2435.79,14918.847315
2025-06-28 16:00:00,2436.1,2447.8,2431.46,2433.35,18886.404825
2025-06-28 20:00:00,2433.36,2442.29,2427.83,2435.77,7995.998541
2025-06-29 00:00:00,2435.96,2443.06,2425.28,2427.96,252620.145311
2025-06-29 04:00:00,2428.5,2440.0,2426.82,2439.93,6390.296771
2025-06-29 08:00:00,2439.94,2463.11,2436.99,2462.1,10952.817817
2025-06-29 12:00:00,2462.1,2463.26,2433.55,2436.91,20027.430698
2025-06-29 16:00:00,2436.64,2442.7,2429.9,2438.1,12091.806357
2025-06-29 20:00:00,2438.19,2524.61,2413.05,2500.57,60454.786254
2025-06-30 00:00:00,2500.57,2523.71,2495.75,2499.68,256678.4234
2025-06-30 04:00:00,2499.65,2505.55,2457.67,2480.87,30672.509915
2025-06-30 08:00:00,2480.87,2486.66,2445.62,2458.68,21095.144274
2025-06-30 12:00:00,2458.52,2489.13,2435.0,2474.71,70038.43166
2025-06-30 16:00:00,2474.71,2518.26,2462.09,2516.99,53369.894452
2025-06-30 20:00:00,2515.67,2521.93,2482.55,2485.3,21410.605837
2025-07-01 00:00:00,2485.3,2510.91,2477.34,2485.28,23167.092762
2025-07-01 04:00:00,2485.68,2486.07,2446.19,2464.81,31434.188584
2025-07-01 08:00:00,2465.11,2467.67,2444.03,2449.43,19119.655671
2025-07-01 12:00:00,2449.47,2456.0,2407.21,2424.35,161944.833681
2025-07-01 16:00:00,2423.7,2433.29,2402.87,2402.87,41335.788945
2025-07-01 20:00:00,2402.87,2418.5,2386.95,2405.13,22648.992613
2025-07-02 00:00:00,2405.13,2431.43,2372.64,2430.14,325383.098068
2025-07-02 04:00:00,2430.31,2453.6,2425.6,2447.03,44860.220234
2025-07-02 08:00:00,2447.23,2459.38,2441.89,2445.6,424837.467457
2025-07-02 12:00:00,2445.5,2501.77,2432.44,2499.45,696177.102791
2025-07-02 16:00:00,2499.05,2608.38,2495.34,2604.45,218606.397024
2025-07-02 20:00:00,2604.7,2618.42,2569.4,2570.42,41984.482345
2025-07-03 00:00:00,2570.35,2586.71,2535.63,2561.31,35005.292496
2025-07-03 04:00:00,2561.31,2601.2,2031.64,2578.0,248928.718437
2025-07-03 08:00:00,2578.0,2643.15,2552.34,2597.29,36402.200417
2025-07-03 12:00:00,2597.1,2650.0,2558.13,2570.41,26439.714287
2025-07-03 16:00:00,2570.4,2600.0,2547.09,2585.65,10041.431443
2025-07-03 20:00:00,2586.16,2615.73,2564.79,2591.06,15937.956771
2025-07-04 00:00:00,2591.22,2611.36,2559.52,2578.01,12848.370167
2025-07-04 04:00:00,2578.01,2595.76,2523.28,2535.01,13071.530164
2025-07-04 08:00:00,2535.34,2579.95,2520.0,2549.06,11258.927132
2025-07-04 12:00:00,2549.05,2567.16,2493.99,2500.81,26796.02945
2025-07-04 16:00:00,2500.81,2511.01,2455.07,2482.73,11815.453547
2025-07-04 20:00:00,2482.73,2523.18,2470.0,2508.07,9187.122343
2025-07-05 00:00:00,2508.07,2528.93,2450.0,2518.28,11096.612572
2025-07-05 04:00:00,2518.44,2546.1,2491.57,2521.47,8989.085714
2025-07-05 08:00:00,2521.47,2534.13,2494.49,2517.84,9481.306826
2025-07-05 12:00:00,2518.78,2539.14,2499.99,2507.68,7835.407802
2025-07-05 16:00:00,2507.88,2577.49,2449.99,2505.81,30408.767568
2025-07-05 20:00:00,2505.53,2523.18,2497.93,2516.21,3801.647936
2025-07-06 00:00:00,2516.21,2536.28,2503.0,2514.69,6089.902507
2025-07-06 04:00:00,2514.69,2539.14,2503.0,2517.6,124479.274401
2025-07-06 08:00:00,2517.79,2539.14,2500.0,2516.1,9398.047591
2025-07-06 12:00:00,2516.11,2574.67,2500.0,2558.33,181765.35936
2025-07-06 16:00:00,2558.37,2576.35,2509.9,2541.0,22908.825486
2025-07-06 20:00:00,2541.04,2625.36,2528.05,2570.7,12246.016064
2025-07-07 00:00:00,2570.68,2590.0,2544.77,2577.6,7168.25045
2025-07-07 04:00:00,2577.2,2580.6,2550.0,2578.69,6864.524939
2025-07-07 08:00:00,2577.59,2590.0,2552.5,2563.22,7088.237706
2025-07-07 12:00:00,2563.4,2581.0,2528.81,2533.74,23795.038682
2025-07-07 16:00:00,2533.75,2557.24,2512.83,2543.3,11423.598997
2025-07-07 20:00:00,2543.55,2555.72,2520.37,2542.25,7512.674016
2025-07-08 00:00:00,2542.38,2564.94,2513.0,2538.0,10540.597775
2025-07-08 04:00:00,2538.01,2584.51,2513.0,2553.51,19859.877324
2025-07-08 08:00:00,2553.51,2580.0,2526.11,2575.3,26846.834656
2025-07-08 12:00:00,2575.2,2600.0,2557.24,2564.77,16472.484976
2025-07-08 16:00:00,2564.89,2633.47,2560.0,2611.33,35231.017639
2025-07-08 20:00:00,2610.81,2625.52,2589.25,2615.18,8244.317124
2025-07-09 00:00:00,2615.17,2625.52,2540.0,2591.31,52419.423686
2025-07-09 04:00:00,2591.5,2640.29,2586.95,2624.57,13408.496759
2025-07-09 08:00:00,2624.82,2632.32,2594.23,2626.0,9651.406825
2025-07-09 12:00:00,2626.33,2680.0,2614.0,2656.7,19376.526419
2025-07-09 16:00:00,2656.7,2760.0,2641.86,2746.12,39005.463204
2025-07-09 20:00:00,2746.12,2759.55,2695.09,2746.0,237615.687923
2025-07-10 00:00:00,2746.0,2761.59,2705.62,2746.8,305351.812822
2025-07-10 04:00:00,2746.8,2761.59,2673.46,2746.06,441316.227183
2025-07-10 08:00:00,2746.06,2771.69,2719.99,2746.0,437953.878458
2025-07-10 12:00:00,2746.0,2797.14,2722.22,2766.11,30590573.054365
2025-07-10 16:00:00,2766.11,2842.28,2756.25,2816.47,37669994.854902
2025-07-10 20:00:00,2816.47,2977.6,2793.44,2958.33,4315941.002549
2025-07-11 00:00:00,2952.64,2965.94,2832.97,2902.5,452865.291686
2025-07-11 04:00:00,2904.78,2952.42,2899.0,2936.01,2067298.894594
2025-07-11 08:00:00,2936.01,2995.22,2900.6,2932.5,7949055.060972
2025-07-11 12:00:00,2932.5,2979.28,2900.0,2927.2,11761591.206089
2025-07-11 16:00:00,2932.04,2950.0,2897.82,2933.21,175593.077528
2025-07-11 20:00:00,2933.21,2964.28,2910.12,2934.26,150422.9914
2025-07-12 00:00:00,2929.0,2968.36,2910.0,2961.02,6059026.100752
2025-07-12 04:00:00,2961.03,3274.64,2800.0,2933.04,8219102.975329
2025-07-12 08:00:00,2933.04,2950.0,2863.76,2935.61,239027.067588
2025-07-12 12:00:00,2935.61,2957.05,2866.0,2916.09,104146.450891
2025-07-12 16:00:00,2916.02,2952.42,2880.0,2933.09,124393.775133
2025-07-12 20:00:00,2933.09,2939.31,2900.0,2933.67,89846.525584
2025-07-13 00:00:00,2933.67,2950.0,2882.0,2933.04,178317.987463
2025-07-13 04:00:00,2933.04,2950.0,2905.27,2935.36,215227.158263
2025-07-13 08:00:00,2935.36,2940.0,2900.06,2930.0,172575.868544
2025-07-13 12:00:00,2935.61,2940.0,2866.0,2933.9,680623.58639
2025-07-13 16:00:00,2933.9,2945.0,2866.0,2935.61,144473.134177
2025-07-13 20:00:00,2935.61,2945.0,2900.0,2933.23,130830.651972
2025-07-14 00:00:00,2933.23,2945.0,2900.0,2935.0,159069.789602
2025-07-14 04:00:00,2935.0,2989.32,2920.0,2978.54,2802877.496361
2025-07-14 08:00:00,2983.79,2988.0,2936.0,2983.86,316933.291535
2025-07-14 12:00:00,2983.86,2988.0,2936.7,2968.0,321292.911793
2025-07-14 16:00:00,2968.0,2968.0,2937.0,2959.34,429234.651591
2025-07-14 20:00:00,2959.34,2968.0,2944.01,2959.04,296692.705964
2025-07-15 00:00:00,2959.04,2967.99,2937.0,2952.3,238616.819205
2025-07-15 04:00:00,2952.01,3000.0,2235.49,2963.14,1624662.312745
2025-07-15 08:00:00,2966.0,3009.27,2851.91,2960.0,650372.032934
2025-07-15 12:00:00,2960.0,3070.28,2935.0,3031.42,248162.124939
2025-07-15 16:00:00,3025.71,3056.75,2940.0,3031.24,199567.225285
2025-07-15 20:00:00,3031.24,3050.0,2996.58,3031.24,176020.914653
2025-07-16 00:00:00,3031.24,3111.0,2996.44,3111.0,908451.336507
2025-07-16 04:00:00,3111.0,3111.0,2897.97,3111.0,402734.843762
2025-07-16 08:00:00,3111.0,3175.0,3080.0,3108.61,308242.130272
2025-07-16 12:00:00,3108.61,3373.6,2430.06,3188.0,15230287.508841
2025-07-16 16:00:00,3188.0,4285.02,3150.41,3370.77,714796.017421
2025-07-16 20:00:00,3370.77,4449.2,3320.0,3371.21,1777649.87009
2025-07-17 00:00:00,3371.39,3422.07,3240.0,3309.52,88356.514166
2025-07-17 04:00:00,3309.52,3375.0,3272.8,3304.0,377847.925756
2025-07-17 08:00:00,3304.0,3531.46,3244.88,3328.57,881206.566187
2025-07-17 12:00:00,3328.55,3420.0,3204.71,3382.35,599728.394947
2025-07-17 16:00:00,3382.35,3416.8,3295.0,3405.04,286505.298278
2025-07-17 20:00:00,3405.04,3809.25,3370.0,3476.8,1789083.58636
2025-07-18 00:00:00,3476.8,3510.4,3400.0,3510.4,264331.325346
2025-07-18 04:00:00,3510.4,3680.47,2958.0,3605.95,279594.445219
2025-07-18 08:00:00,3605.95,3647.2,2833.0,3548.5,127644.332739
2025-07-18 12:00:00,3548.49,3632.8,3134.52,3565.9,280807.260141
2025-07-18 16:00:00,3564.6,3666.93,3478.12,3551.42,22577.507213
2025-07-18 20:00:00,3551.57,3571.42,3480.0,3546.76,24794.395055
2025-07-19 00:00:00,3546.2,3561.9,3469.66,3503.2,103685.697087
2025-07-19 04:00:00,3506.3,3609.0,3424.0,3500.0,1781865.677194
2025-07-19 08:00:00,3496.0,3513.32,3375.0,3499.99,140363.16609
2025-07-19 12:00:00,3499.99,3516.16,3450.0,3500.3,130434.081044
2025-07-19 16:00:00,3500.3,3515.62,3399.99,3499.0,155380.476089
2025-07-19 20:00:00,3499.0,3512.0,3442.85,3500.0,142577.973778
2025-07-20 00:00:00,3500.0,3525.0,3460.0,3507.08,144826.445201
2025-07-20 04:00:00,3507.08,3546.74,3359.2,3507.31,128674.014762
2025-07-20 08:00:00,3507.31,3550.0,3400.0,3507.46,293018.3823
2025-07-20 12:00:00,3507.46,3545.0,3500.0,3522.27,386548.775501
2025-07-20 16:00:00,3522.27,3611.54,3475.0,3517.6,420388.898545
2025-07-20 20:00:00,3517.58,3600.0,3475.0,3512.86,429241.194872
2025-07-21 00:00:00,3512.86,3709.45,3475.0,3704.8,269306.95098
2025-07-21 04:00:00,3704.8,3796.02,3640.0,3780.0,335207.219751
2025-07-21 08:00:00,3780.0,3794.36,3625.0,3753.72,155711.694451
2025-07-21 12:00:00,3753.72,3839.86,3700.0,3750.0,217434.249393
2025-07-21 16:00:00,3750.0,3796.8,3583.0,3700.02,136573.493694
2025-07-21 20:00:00,3700.02,3725.0,3650.5,3700.0,375357.981619
2025-07-22 00:00:00,3693.58,3809.52,3571.79,3700.0,287351.804532
2025-07-22 04:00:00,3694.78,3725.0,3600.0,3650.0,229234.877798
2025-07-22 08:00:00,3650.0,3682.64,3036.34,3610.57,385658.426556
2025-07-22 12:00:00,3610.1,3625.0,3555.0,3621.42,161547.198874
2025-07-22 16:00:00,3621.42,3625.0,3555.0,3581.0,214724.170103
2025-07-22 20:00:00,3581.0,3597.05,3555.0,3580.1,148750.088961
2025-07-23 00:00:00,3580.1,3600.0,3476.0,3580.2,233266.096669
2025-07-23 04:00:00,3580.2,3619.76,3539.76,3600.83,218864.861129
2025-07-23 08:00:00,3600.83,3624.62,3500.0,3506.01,439003.702262
2025-07-23 12:00:00,3506.01,3637.47,3455.79,3506.29,546325.484771
2025-07-23 16:00:00,3506.29,3600.0,3475.0,3507.0,265482.042372
2025-07-23 20:00:00,3507.0,3529.0,3460.0,3506.0,241962.797956
2025-07-24 00:00:00,3505.0,3625.0,3505.0,3592.1,268497.535586
2025-07-24 04:00:00,3592.4,3597.39,3380.0,3506.74,203343.485868
2025-07-24 08:00:00,3506.74,3544.79,3475.0,3506.01,168061.488984
2025-07-24 12:00:00,3506.01,3711.72,3485.0,3707.5,1518270.915058
2025-07-24 16:00:00,3707.49,3748.89,3575.0,3590.0,1064012.421549
2025-07-24 20:00:00,3590.01,3734.55,3589.99,3590.01,908364.023201
2025-07-25 00:00:00,3590.0,3625.0,3587.1,3590.03,1052692.744037
2025-07-25 04:00:00,3590.0,3602.43,3485.0,3556.18,584582.88919
2025-07-25 08:00:00,3556.14,3650.0,3500.0,3552.02,477244.888451
2025-07-25 12:00:00,3552.0,3732.68,3550.0,3620.0,268591.287184
2025-07-25 16:00:00,3619.94,3657.32,3548.33,3554.28,219532.924257
2025-07-25 20:00:00,3554.28,3723.07,3552.0,3632.55,198638.54792
2025-07-26 00:00:00,3632.55,3750.0,3533.33,3739.25,197595.760839
2025-07-26 04:00:00,3739.25,3785.71,3700.0,3742.12,15647.042078
2025-07-26 08:00:00,3742.83,3789.07,3725.0,3739.76,11766.11958
2025-07-26 12:00:00,3739.76,3760.0,3699.66,3735.84,88790.77252
2025-07-26 16:00:00,3736.03,3775.0,3692.31,3750.44,32064.233014
2025-07-26 20:00:00,3750.55,3790.0,3708.79,3735.49,12824.884238
2025-07-27 00:00:00,3741.84,3800.0,3719.15,3774.18,37510.837124
2025-07-27 04:00:00,3774.18,3820.0,3733.0,3768.78,12798.178914
2025-07-27 08:00:00,3768.18,3820.0,3740.0,3816.66,41560.842576
2025-07-27 12:00:00,3815.33,3820.0,3765.0,3819.56,83003.489643
2025-07-27 16:00:00,3819.06,3900.0,3791.12,3828.54,47748.286955
2025-07-27 20:00:00,3828.54,3900.0,3811.0,3871.63,5436.044596
2025-07-28 00:00:00,3872.9,3934.82,3828.0,3879.91,11910.245314
2025-07-28 04:00:00,3879.76,3900.0,3550.0,3894.01,320500.592023
2025-07-28 08:00:00,3893.18,3990.19,3742.76,3879.2,68800.390985
2025-07-28 12:00:00,3879.25,3920.0,3719.99,3800.0,61058.732779
2025-07-28 16:00:00,3793.33,3835.09,3745.71,3796.58,49659.075391
2025-07-28 20:00:00,3797.94,3832.35,2761.69,3750.53,3418258.048293
2025-07-29 00:00:00,3750.53,3797.21,3702.71,3750.0,252941.124816
2025-07-29 04:00:00,3750.0,3757.36,2862.0,3057.92,2099326.010086
2025-07-29 08:00:00,3057.92,3875.99,3053.33,3825.47,274047.108253
2025-07-29 12:00:00,3825.47,3872.46,3724.99,3762.0,113817.05236
2025-07-29 16:00:00,3761.41,3800.0,3716.92,3765.0,72077.673504
2025-07-29 20:00:00,3765.62,3800.0,3725.0,3793.86,63773.867271
2025-07-30 00:00:00,3794.0,3850.0,3749.99,3817.38,47156.322681
2025-07-30 04:00:00,3817.38,3870.0,3754.96,3811.38,53911.212176
2025-07-30 08:00:00,3811.0,3830.0,3721.47,3757.16,17619.776297
2025-07-30 12:00:00,3758.04,3838.91,3725.0,3797.3,19904.458955
2025-07-30 16:00:00,3798.07,3834.37,3678.62,3761.36,31722.299358
2025-07-30 20:00:00,3760.24,3809.0,3742.64,3802.83,35882.494973
2025-07-31 00:00:00,3802.83,3890.0,3774.7,3862.93,118935.690788
2025-07-31 04:00:00,3862.98,3887.26,3823.23,3862.86,24662.986729
2025-07-31 08:00:00,3863.98,3900.0,3826.68,3838.23,6909.032853
2025-07-31 12:00:00,3838.48,3862.71,3750.0,3788.59,21001.270831
2025-07-31 16:00:00,3788.35,3880.0,3722.88,3738.67,33913.220865
2025-07-31 20:00:00,3738.46,3759.99,3690.0,3698.79,28609.125917
2025-08-01 00:00:00,3698.65,3768.91,3564.44,3704.93,32328.870164
2025-08-01 04:00:00,3704.72,3707.0,3516.16,3651.57,13973.489065
2025-08-01 08:00:00,3651.44,3663.33,3575.0,3643.04,18062.8722
2025-08-01 12:00:00,3643.0,3792.0,3551.03,3616.0,71131.766724
2025-08-01 16:00:00,3616.0,3680.0,3487.06,3519.07,35805.689977
2025-08-01 20:00:00,3519.0,3575.0,3428.0,3487.54,17922.48483
2025-08-02 00:00:00,3487.87,3584.0,3408.9,3528.57,18202.697012
2025-08-02 04:00:00,3528.59,3554.0,3440.0,3519.11,20001.191998
2025-08-02 08:00:00,3519.51,3553.53,3474.53,3508.51,64519.911447
2025-08-02 12:00:00,3508.31,3550.0,3450.0,3459.3,51009.620426
2025-08-02 16:00:00,3459.29,3485.39,3361.97,3384.48,32802.884204
2025-08-02 20:00:00,3384.61,3466.9,3361.0,3394.12,10960.070129
2025-08-03 00:00:00,3394.3,3478.0,3263.6,3416.02,58640.413731
2025-08-03 04:00:00,3416.02,3475.0,3406.25,3456.03,138507.144154
2025-08-03 08:00:00,3456.06,3475.0,3423.99,3456.83,294335.44152
2025-08-03 12:00:00,3456.83,3600.0,3351.25,3463.96,150532.979071
2025-08-03 16:00:00,3463.96,3513.69,3449.99,3496.93,158424.532036
2025-08-03 20:00:00,3496.93,3530.0,3450.0,3496.38,84319.289342
2025-08-04 00:00:00,3496.01,3775.0,2712.5,2838.32,344202.650114
2025-08-04 04:00:00,2838.26,3600.1,2704.32,3545.54,801045.824238
2025-08-04 08:00:00,3545.51,3559.62,2829.98,3360.0,130371.854612
2025-08-04 12:00:00,3360.0,3413.0,2948.0,3409.0,261817.276563
2025-08-04 16:00:00,3409.28,3409.28,3350.0,3401.18,10645.152397
2025-08-04 20:00:00,3401.18,3410.0,3359.0,3410.0,3661.617322
2025-08-05 00:00:00,3410.0,3410.0,2860.0,3234.0,150409.601978
2025-08-05 04:00:00,3234.13,3650.0,3220.0,3582.66,248780.123101
2025-08-05 08:00:00,3582.66,3695.3,3553.18,3663.54,270327.950567
2025-08-05 12:00:00,3663.54,3674.91,3512.05,3570.92,110781.004203
2025-08-05 16:00:00,3576.94,3631.16,3507.49,3571.09,20433.904956
2025-08-05 20:00:00,3571.15,3631.16,3547.57,3612.39,21709.539209
2025-08-06 00:00:00,3612.16,3631.16,3525.0,3583.61,18389.539371
2025-08-06 04:00:00,3583.66,3700.0,3560.0,3640.14,24508.236242
2025-08-06 08:00:00,3640.15,3670.27,3559.62,3569.49,434932.39629
2025-08-06 12:00:00,3569.49,3670.0,3517.74,3665.0,243133.014347
2025-08-06 16:00:00,3664.84,3700.0,3597.05,3677.25,19963.076123
2025-08-06 20:00:00,3677.25,3750.0,3611.24,3683.57,63552.387754
2025-08-07 00:00:00,3683.11,3715.79,3571.8,3616.32,1347411.135046
2025-08-07 04:00:00,3616.32,3708.6,3489.44,3682.69,37735500.686893
2025-08-07 08:00:00,3676.23,3840.0,3375.0,3827.2,38576932.312166
2025-08-07 12:00:00,3830.2,3902.45,3773.52,3836.75,28544.7978
2025-08-07 16:00:00,3836.7,3900.0,3775.0,3867.85,31255.877193
2025-08-07 20:00:00,3867.95,3908.32,3825.0,3877.86,80104.586212
2025-08-08 00:00:00,3877.86,3950.09,3818.72,3923.12,182259.441708
2025-08-08 04:00:00,3923.12,3931.04,3840.0,3875.34,295604.821439
2025-08-08 08:00:00,3875.34,3925.01,3841.75,3875.0,277334.384791
2025-08-08 12:00:00,3875.0,3999.0,3852.04,3919.99,299857.602605
2025-08-08 16:00:00,3919.99,4135.73,3896.2,4060.71,116559.640773
2025-08-08 20:00:00,4060.65,4098.0,3997.55,4009.31,9636.616076
2025-08-09 00:00:00,4009.99,4077.01,3970.97,4050.8,84849.488169
2025-08-09 04:00:00,4050.79,4200.0,4039.01,4170.0,43269.873501
2025-08-09 08:00:00,4170.0,4280.76,4140.0,4190.29,24326.593172
2025-08-09 12:00:00,4190.29,4249.48,4140.0,4208.88,49825.971137
2025-08-09 16:00:00,4209.01,4288.79,4160.0,4258.54,19112.41165
2025-08-09 20:00:00,4258.54,4335.28,4193.71,4260.99,19509.476424
2025-08-10 00:00:00,4260.98,4366.66,4173.78,4243.68,12715.077197
2025-08-10 04:00:00,4243.68,4343.75,4080.0,4183.01,339100.831047
2025-08-10 08:00:00,4184.7,4284.15,4134.0,4180.5,30557.542241
2025-08-10 12:00:00,4180.29,4233.33,4153.01,4217.43,23313.282461
2025-08-10 16:00:00,4217.4,4260.0,4132.59,4196.27,216747.1957
2025-08-10 20:00:00,4196.27,4250.0,4166.19,4206.64,383979.749769
2025-08-11 00:00:00,4206.64,4406.25,4187.9,4264.33,970101.717328
2025-08-11 04:00:00,4264.33,4349.41,4226.7,4274.17,281901.841614
2025-08-11 08:00:00,4274.32,4386.04,4220.0,4220.0,70459.879074
2025-08-11 12:00:00,4220.0,4320.0,4173.93,4320.0,102777.961621
2025-08-11 16:00:00,4320.0,4378.99,4247.62,4259.5,32703.356208
2025-08-11 20:00:00,4258.93,4283.94,4190.0,4223.48,17236.606469
2025-08-12 00:00:00,4224.78,4313.0,4212.0,4285.88,19966.611167
2025-08-12 04:00:00,4285.88,4350.0,4259.32,4334.69,38309.841956
2025-08-12 08:00:00,4334.69,4350.0,4250.0,4291.0,41972.832805
2025-08-12 12:00:00,4291.0,4478.86,4266.66,4472.3,56993.949621
2025-08-12 16:00:00,4472.3,4550.0,4425.65,4516.97,41087.127998
2025-08-12 20:00:00,4517.35,4661.79,4503.07,4590.14,64029.969797
2025-08-13 00:00:00,4590.15,4755.74,4514.93,4646.75,41174.114717
2025-08-13 04:00:00,4646.75,4712.95,4606.0,4624.9,36730.959875
2025-08-13 08:00:00,4625.31,4720.0,4606.0,4689.71,45288.438901
2025-08-13 12:00:00,4689.71,4800.0,4619.92,4664.38,56998.320837
2025-08-13 16:00:00,4664.38,4757.61,4661.19,4738.7,36390.849987
2025-08-13 20:00:00,4739.99,4783.33,4700.0,4749.99,19012.242844
2025-08-14 00:00:00,4749.99,4780.0,4712.69,4774.29,28470.837182
2025-08-14 04:00:00,4774.29,4783.97,4720.0,4747.32,36720.587927
2025-08-14 08:00:00,4748.3,4766.66,4700.81,4718.15,78587.824069
2025-08-14 12:00:00,4718.58,4740.0,4506.89,4619.25,235888.122299
2025-08-14 16:00:00,4619.27,4640.0,4508.46,4554.65,89928.216781
2025-08-14 20:00:00,4554.65,4580.0,4507.99,4546.71,39910.697322
2025-08-15 00:00:00,4546.71,4645.9,4534.4,4633.32,13703.210041
2025-08-15 04:00:00,4633.56,4652.7,4560.67,4616.3,135720.245273
2025-08-15 08:00:00,4616.3,4652.0,4549.92,4570.0,1604659.496238
2025-08-15 12:00:00,4570.49,4603.47,4365.74,4388.05,1882376.699132
2025-08-15 16:00:00,4388.05,4430.74,4317.24,4323.0,1864965.833746
2025-08-15 20:00:00,4323.0,4441.72,4312.16,4380.63,1771618.456829
2025-08-16 00:00:00,4380.63,4441.72,4370.64,4376.27,2677565.986852
2025-08-16 04:00:00,4376.27,4425.58,4350.76,4387.08,1802684.41847
2025-08-16 08:00:00,4387.04,4417.01,4305.64,4336.15,1690712.162735
2025-08-16 12:00:00,4336.05,4386.04,4317.09,4340.0,2149437.220358
2025-08-16 16:00:00,4340.05,4432.57,4336.91,4418.51,689102.792385
2025-08-16 20:00:00,4418.47,4437.75,4409.51,4422.69,36805.354206
2025-08-17 00:00:00,4422.4,4457.8,4386.79,4452.53,104277.997415
2025-08-17 04:00:00,4452.54,4457.91,4438.62,4457.9,224731.000637
2025-08-17 08:00:00,4457.9,4561.61,4438.62,4551.69,167773.454019
2025-08-17 12:00:00,4551.81,4559.09,4525.93,4559.09,55348.671223
2025-08-17 16:00:00,4559.09,4561.61,4457.91,4459.33,89436.18813
2025-08-17 20:00:00,4466.37,4523.28,4457.91,4479.6,57182.746536
2025-08-18 00:00:00,4479.6,4490.48,4317.14,4321.01,135661.614322
2025-08-18 04:00:00,4321.01,4345.78,4238.01,4257.72,58475.527949
2025-08-18 08:00:00,4257.74,4345.78,4220.0,4275.01,98656.862109
2025-08-18 12:00:00,4274.22,4345.78,4271.52,4319.85,52637.207376
2025-08-18 16:00:00,4319.85,4355.29,4294.0,4330.0,115068.463984
2025-08-18 20:00:00,4330.0,4377.53,4303.2,4314.25,150109.800581
2025-08-19 00:00:00,4314.23,4314.47,4213.12,4219.62,233212.43546
2025-08-19 04:00:00,4220.5,4300.0,4200.0,4233.0,20483.19154
2025-08-19 08:00:00,4234.7,4309.81,4213.12,4309.0,109051.670435
2025-08-19 12:00:00,4309.0,4309.81,4138.0,4195.0,485677.482367
2025-08-19 16:00:00,4196.0,4210.17,4140.0,4148.0,66241.052289
2025-08-19 20:00:00,4148.0,4173.33,4081.68,4083.51,47175.936702
2025-08-20 00:00:00,4091.0,4176.68,4083.51,4141.11,21185.858966
2025-08-20 04:00:00,4141.28,4340.0,4083.51,4193.0,285843.365997
2025-08-20 08:00:00,4193.0,4300.79,4099.99,4195.0,357244.534725
2025-08-20 12:00:00,4195.37,4300.0,4102.13,4250.0,70948.187182
2025-08-20 16:00:00,4250.0,4345.78,4177.68,4345.78,308941.901139
2025-08-20 20:00:00,4345.78,4361.63,4321.0,4321.0,68654.707665
2025-08-21 00:00:00,4321.0,4329.96,4240.0,4295.0,38557.290363
2025-08-21 04:00:00,4294.69,4333.0,4216.66,4310.99,47664.057042
2025-08-21 08:00:00,4310.99,4333.0,4254.54,4279.03,47238.397774
2025-08-21 12:00:00,4279.0,4333.0,4223.0,4243.0,456454.423506
2025-08-21 16:00:00,4243.13,4296.87,4200.0,4225.08,246733.954845
2025-08-21 20:00:00,4224.27,4260.65,4203.88,4225.6,555927.255541
2025-08-22 00:00:00,4225.7,4315.31,4210.0,4278.79,301002.371042
2025-08-22 04:00:00,4279.3,4344.44,4260.0,4328.0,83887.229423
2025-08-22 08:00:00,4328.0,4352.5,4220.0,4274.69,104648.972185
2025-08-22 12:00:00,4274.67,4673.55,4209.01,4616.0,1286561.720834
2025-08-22 16:00:00,4616.0,4857.99,4615.0,4831.9,404470.152842
2025-08-22 20:00:00,4831.53,4893.2,4798.64,4830.79,89007.03898
2025-08-23 00:00:00,4831.11,4840.0,4675.27,4694.93,2845020.329089
2025-08-23 04:00:00,4694.91,4778.83,4680.0,4713.06,24081.204626
2025-08-23 08:00:00,4715.0,4778.83,4693.33,4694.0,18064.559735
2025-08-23 12:00:00,4702.07,4778.83,4680.0,4751.2,12492.429205
2025-08-23 16:00:00,4757.89,4778.83,4712.66,4758.3,13005.899675
2025-08-23 20:00:00,4758.16,4797.27,4735.71,4779.1,2806671.321154
2025-08-24 00:00:00,4778.77,4820.0,4750.59,4789.01,92956.533103
2025-08-24 04:00:00,4789.2,4834.43,4750.59,4759.29,23693.830535
2025-08-24 08:00:00,4759.29,4793.39,4720.0,4748.06,79207.622739
2025-08-24 12:00:00,4747.85,4834.43,4718.18,4798.42,122763.69023
2025-08-24 16:00:00,4798.42,4975.71,4790.76,4812.11,3042189.425649
2025-08-24 20:00:00,4812.2,4831.0,4740.0,4780.05,8100323.708232
2025-08-25 00:00:00,4780.46,4800.0,4681.12,4727.43,730088.674665
2025-08-25 04:00:00,4727.92,4742.02,4591.8,4591.8,3660235.02311
2025-08-25 08:00:00,4591.89,4623.36,4520.0,4599.99,64045.463608
2025-08-25 12:00:00,4599.76,4717.43,4540.0,4612.27,3436535.203015
2025-08-25 16:00:00,4612.28,4644.44,4407.4,4407.4,129272.996556
2025-08-25 20:00:00,4411.39,4440.79,4321.25,4376.71,115494.4964
2025-08-26 00:00:00,4376.7,4450.5,4304.81,4402.59,110402.533556
2025-08-26 04:00:00,4395.0,4458.27,4385.18,4429.6,123431.762098
2025-08-26 08:00:00,4429.6,4468.29,4400.0,4427.63,29738.664675
2025-08-26 12:00:00,4427.74,4577.01,4380.0,4518.7,71993.792926
2025-08-26 16:00:00,4519.0,4597.77,4498.44,4594.68,106235.126826
2025-08-26 20:00:00,4596.01,4632.73,4560.44,4600.41,1523578.552034
2025-08-27 00:00:00,4600.49,4650.0,4540.0,4603.15,70575.713968
2025-08-27 04:00:00,4603.02,4644.7,4560.0,4580.26,11487.978717
2025-08-27 08:00:00,4581.1,4640.0,4552.07,4608.91,73064.892553
2025-08-27 12:00:00,4616.91,4661.18,4578.02,4656.88,129231.64587
2025-08-27 16:00:00,4657.7,4661.18,4538.39,4567.25,77473.084316
2025-08-27 20:00:00,4565.4,4610.12,4480.0,4507.1,339723.987618
2025-08-28 00:00:00,4507.14,4548.49,4469.5,4541.8,443776.821177
2025-08-28 04:00:00,4541.81,4599.2,4525.02,4596.79,329357.329834
2025-08-28 08:00:00,4597.08,4650.0,4559.98,4595.0,3406026.609628
2025-08-28 12:00:00,4595.0,4620.0,4486.84,4504.11,3792823.704186
2025-08-28 16:00:00,4504.5,4540.0,4450.0,4450.0,613662.941306
2025-08-28 20:00:00,4450.0,4540.74,4433.75,4513.33,58158.828245
2025-08-29 00:00:00,4511.69,4520.0,4435.11,4490.01,161061.581998
2025-08-29 04:00:00,4490.01,4509.15,4360.0,4381.8,416020.286982
2025-08-29 08:00:00,4381.56,4499.07,4199.99,4346.5,818846.571544
2025-08-29 12:00:00,4346.5,4446.31,4263.47,4315.71,436921.24687
2025-08-29 16:00:00,4317.59,4380.0,4291.36,4342.09,16162.10558
2025-08-29 20:00:00,4341.28,4385.18,4306.64,4360.21,6090.078071
2025-08-30 00:00:00,4360.59,4385.18,4259.03,4352.45,33821.290805
2025-08-30 04:00:00,4352.41,4450.0,4321.25,4402.49,128232.436533
2025-08-30 08:00:00,4402.22,4432.16,4373.46,4392.52,279014.170022
2025-08-30 12:00:00,4392.0,4400.0,4314.09,4377.06,95161.38542
2025-08-30 16:00:00,4378.68,4400.0,4317.84,4354.6,12468.252912
2025-08-30 20:00:00,4354.61,4380.0,4321.25,4373.92,243700.440211
2025-08-31 00:00:00,4374.56,4488.31,4369.0,4488.18,1179862.723418
2025-08-31 04:00:00,4487.93,4500.0,4369.0,4451.18,487600.929327
2025-08-31 08:00:00,4451.18,4489.91,4440.0,4476.43,597810.161521
2025-08-31 12:00:00,4476.53,4502.22,4437.03,4484.91,1033081.831888
2025-08-31 16:00:00,4484.9,4500.0,4454.09,4455.74,5402.819613
2025-08-31 20:00:00,4455.72,4480.0,4379.77,4392.86,52963.987733
2025-09-01 00:00:00,4391.99,4432.16,4361.12,4404.05,459383.569825
2025-09-01 04:00:00,4404.06,4460.0,4360.0,4460.0,109119.810782
2025-09-01 08:00:00,4460.0,4500.0,4367.31,4392.7,281976.242373
2025-09-01 12:00:00,4393.0,4432.16,4341.62,4361.44,280389.134193
2025-09-01 16:00:00,4365.0,4380.0,4300.0,4367.85,244129.393407
2025-09-01 20:00:00,4367.86,4370.0,4189.05,4314.0,138584.289465
2025-09-02 00:00:00,4314.6,4400.0,4291.0,4366.9,498289.342072
2025-09-02 04:00:00,4367.2,4420.0,4361.93,4377.93,746590.147578
2025-09-02 08:00:00,4380.76,4420.0,4341.52,4348.14,515631.020999
2025-09-02 12:00:00,4347.0,4397.1,4270.0,4295.23,503076.076265
2025-09-02 16:00:00,4295.2,4350.0,4255.0,4274.69,170474.815404
2025-09-02 20:00:00,4274.52,4445.95,4159.31,4325.78,2798587.698185
2025-09-03 00:00:00,4326.71,4360.0,4283.67,4336.14,328701.455362
2025-09-03 04:00:00,4334.96,4412.5,4244.14,4304.0,251465.355192
2025-09-03 08:00:00,4312.32,4500.0,4303.0,4371.57,3871419.376643
2025-09-03 12:00:00,4371.57,4495.44,4336.0,4479.78,151577.875029
2025-09-03 16:00:00,4479.75,4498.0,4426.21,4474.79,7903.94119
2025-09-03 20:00:00,4475.92,4488.37,4420.0,4450.26,2417.705116
2025-09-04 00:00:00,4450.29,4492.0,4369.0,4398.13,5444.141027
2025-09-04 04:00:00,4398.14,4458.27,4338.74,4371.44,7737.088074
2025-09-04 08:00:00,4371.45,4454.0,4357.47,4406.66,8043.01851
2025-09-04 12:00:00,4406.67,4470.29,4298.01,4305.59,784876.738282
2025-09-04 16:00:00,4305.42,4357.91,4250.0,4275.81,339302.632026
2025-09-04 20:00:00,4276.32,4351.93,4272.26,4298.69,77754.552382
2025-09-05 00:00:00,4298.65,4354.68,4291.96,4341.86,862175.356759
2025-09-05 04:00:00,4333.88,4430.0,4297.0,4417.48,19896.493418
2025-09-05 08:00:00,4417.49,4456.16,4356.52,4417.96,811292.726714
2025-09-05 12:00:00,4417.93,4591.02,4250.0,4283.19,3190072.583255
2025-09-05 16:00:00,4283.18,4341.07,4272.73,4331.62,325244.647123
2025-09-05 20:00:00,4331.58,4356.52,4284.44,4306.95,12773.091428
2025-09-06 00:00:00,4307.5,4368.87,4302.0,4320.53,249216.281443
2025-09-06 04:00:00,4320.51,4350.0,4290.77,4312.5,280002.762658
2025-09-06 08:00:00,4312.71,4350.0,4288.0,4299.31,381510.039564
2025-09-06 12:00:00,4300.01,4325.0,4265.0,4270.04,870650.310553
2025-09-06 16:00:00,4270.05,4325.0,4246.31,4255.2,265492.574079
2025-09-06 20:00:00,4255.73,4312.5,4240.0,4273.0,173132.211075
2025-09-07 00:00:00,4273.69,4326.79,4257.0,4297.09,577049.696654
2025-09-07 04:00:00,4296.99,4304.8,4270.0,4294.49,205183.923458
2025-09-07 08:00:00,4295.02,4314.83,4267.47,4310.35,211029.922016
2025-09-07 12:00:00,4310.4,4325.0,4268.0,4299.44,193533.826534
2025-09-07 16:00:00,4299.21,4325.0,4268.0,4293.47,65835.110477
2025-09-07 20:00:00,4293.55,4363.75,4268.0,4306.41,73292.450942
2025-09-08 00:00:00,4308.0,4339.28,4279.0,4311.78,949932.10431
2025-09-08 04:00:00,4311.79,4340.0,4287.99,4292.47,559676.141502
2025-09-08 08:00:00,4292.76,4340.0,4288.39,4311.8,1253598.106114
2025-09-08 12:00:00,4312.39,4400.94,4302.95,4371.9,2036297.040314
2025-09-08 16:00:00,4371.84,4485.04,4260.0,4299.29,6805077.756594
2025-09-08 20:00:00,4299.29,4343.96,4282.39,4306.0,22301006.241611
2025-09-09 00:00:00,4306.0,4315.69,4280.0,4307.04,39179769.996639
2025-09-09 04:00:00,4306.6,4381.75,4297.0,4361.4,30657434.88703
2025-09-09 08:00:00,4361.4,4366.14,4319.66,4346.13,28992251.585859
2025-09-09 12:00:00,4341.11,4372.91,4277.77,4285.09,3770793.638376
2025-09-09 16:00:00,4285.37,4310.0,4278.0,4295.02,182546.578902
2025-09-09 20:00:00,4294.64,4340.0,4278.0,4309.55,13894.119198
2025-09-10 00:00:00,4310.32,4326.0,4285.0,4319.26,346918.535441
2025-09-10 04:00:00,4320.2,4333.58,4292.55,4329.8,140466.824664
2025-09-10 08:00:00,4329.59,4335.0,4300.0,4331.87,119185.829728
2025-09-10 12:00:00,4332.0,4460.0,4298.0,4404.01,827778.300247
2025-09-10 16:00:00,4404.86,4428.57,4298.0,4323.3,18230.875131
2025-09-10 20:00:00,4322.68,4380.0,4321.11,4349.04,3972.777331
2025-09-11 00:00:00,4344.87,4490.0,4330.0,4404.5,21133.169586
2025-09-11 04:00:00,4404.46,4463.51,4380.0,4440.04,10404.932676
2025-09-11 08:00:00,4440.05,4479.24,4374.28,4429.89,16266.166298
2025-09-11 12:00:00,4429.89,4473.33,4350.0,4412.3,19503.813165
2025-09-11 16:00:00,4412.54,4465.0,4385.0,4422.62,6853.628593
2025-09-11 20:00:00,4423.81,4494.43,4400.0,4458.68,9702.102347
2025-09-12 00:00:00,4458.66,4550.0,4400.0,4506.9,286390.904136
2025-09-12 04:00:00,4505.87,4581.73,4495.0,4525.89,29697.641522
2025-09-12 08:00:00,4526.15,4550.0,4472.13,4520.8,25061.645039
2025-09-12 12:00:00,4520.83,4580.0,4476.0,4541.98,18114.502628
2025-09-12 16:00:00,4542.02,4676.6,4512.73,4658.85,19859.5897
2025-09-12 20:00:00,4658.37,4740.0,4592.0,4713.36,6943485.543598
2025-09-13 00:00:00,4712.51,4778.24,4653.78,4756.3,1508206.267255
2025-09-13 04:00:00,4756.25,4777.55,4679.14,4711.1,8746.171727
2025-09-13 08:00:00,4711.11,4778.24,4663.37,4719.77,420372.979991
2025-09-13 12:00:00,4720.0,4728.26,4617.18,4654.45,4131332.580764
2025-09-13 16:00:00,4654.54,4688.64,4600.0,4638.13,318631.667182
2025-09-13 20:00:00,4638.12,4675.25,4637.36,4668.42,25181.87544
2025-09-14 00:00:00,4667.21,4694.62,4648.96,4656.03,28976.177918
2025-09-14 04:00:00,4663.65,4685.77,4631.98,4651.4,404698.52383
2025-09-14 08:00:00,4651.41,4675.0,4628.73,4634.54,70133.934873
2025-09-14 12:00:00,4635.23,4655.0,4577.09,4582.5,437088.146072
2025-09-14 16:00:00,4582.51,4630.98,4577.09,4615.75,20806.368758
2025-09-14 20:00:00,4615.86,4640.21,4582.23,4604.6,136857.471118
2025-09-15 00:00:00,4604.6,4643.12,4580.0,4635.8,191896.016786
2025-09-15 04:00:00,4635.99,4675.0,4581.12,4598.08,102810.626205
2025-09-15 08:00:00,4598.02,4606.54,4480.0,4578.53,2406734.997947
2025-09-15 12:00:00,4578.57,4606.71,4506.55,4600.0,135977432.384826
2025-09-15 16:00:00,4600.01,4606.71,4598.84,4600.01,169450254.753905
2025-09-15 20:00:00,4600.0,4606.71,4518.47,4523.19,169689560.141401
2025-09-16 00:00:00,4523.19,4538.0,4499.17,4520.62,178845.848122
2025-09-16 04:00:00,4520.63,4581.93,4490.0,4512.65,34584630.773419
2025-09-16 08:00:00,4512.7,4579.77,4494.1,4501.28,35621173.504508
2025-09-16 12:00:00,4501.28,4555.49,4428.76,4467.45,34022162.261983
2025-09-16 16:00:00,4467.5,4549.01,4447.12,4490.75,37400691.594391
2025-09-16 20:00:00,4490.93,4555.49,4488.1,4501.28,34061717.685709
2025-09-17 00:00:00,4501.29,4560.0,4483.0,4497.6,173084.207049
2025-09-17 04:00:00,4497.06,4570.63,4457.0,4543.7,126388.605969
2025-09-17 08:00:00,4543.9,4573.65,4479.03,4491.63,89757.87205
2025-09-17 12:00:00,4491.63,4541.84,4440.0,4489.8,19408.770489
2025-09-17 16:00:00,4489.84,4551.42,4409.58,4517.3,57879.281199
2025-09-17 20:00:00,4518.06,4624.63,4486.65,4590.18,154183.776433
2025-09-18 00:00:00,4590.21,4659.6,4569.88,4614.02,276650.601021
2025-09-18 04:00:00,4614.34,4640.75,4551.34,4575.0,68323.789805
2025-09-18 08:00:00,4575.0,4615.88,4551.34,4576.66,26996.694416
2025-09-18 12:00:00,4576.66,4628.02,4555.49,4599.65,498526.043406
2025-09-18 16:00:00,4599.65,4638.0,4580.0,4589.01,319781.37863
2025-09-18 20:00:00,4589.01,4613.64,4568.59,4587.75,20133.931573
2025-09-19 00:00:00,4587.61,4621.24,4540.0,4550.3,236508.589828
2025-09-19 04:00:00,4549.51,4575.14,4515.0,4539.41,43042.426003
2025-09-19 08:00:00,4539.25,4573.79,4506.64,4514.93,182366.887335
2025-09-19 12:00:00,4514.0,4553.24,4453.35,4474.89,19249455.389927
2025-09-19 16:00:00,4475.34,4555.49,4442.44,4450.72,37620443.585629
2025-09-19 20:00:00,4450.72,4500.0,4440.95,4469.1,34906213.377269
2025-09-20 00:00:00,4469.15,4516.45,4439.19,4465.62,30832504.692428
2025-09-20 04:00:00,4465.66,4497.34,4439.44,4483.59,36736.823486
2025-09-20 08:00:00,4483.6,4485.0,4439.19,4470.58,4348.761263
2025-09-20 12:00:00,4470.31,4584.02,4463.05,4528.09,750025.318411
2025-09-20 16:00:00,4528.78,4586.66,4466.48,4480.38,1484599.142223
2025-09-20 20:00:00,4479.83,4520.0,4466.48,4480.6,17836.306835
2025-09-21 00:00:00,4480.61,4495.0,4458.34,4478.35,65074.071566
2025-09-21 04:00:00,4478.3,4498.52,4453.0,4478.23,44498.196208
2025-09-21 08:00:00,4478.23,4497.34,4446.0,4461.19,57665.49947
2025-09-21 12:00:00,4461.15,4540.0,4446.0,4482.9,171654.306535
2025-09-21 16:00:00,4482.9,4540.0,4450.0,4494.23,39952.311688
2025-09-21 20:00:00,4494.23,4500.0,4444.15,4445.75,46705.636926
2025-09-22 00:00:00,4445.5,4460.0,4265.44,4305.6,583581.176802
2025-09-22 04:00:00,4305.61,4351.97,4083.32,4192.91,1365334.555219
2025-09-22 08:00:00,4192.91,4260.0,4121.08,4181.39,362296.504299
2025-09-22 12:00:00,4182.1,4241.51,4154.0,4168.05,73497.463033
2025-09-22 16:00:00,4168.05,4266.22,4110.2,4135.46,92604.40509
2025-09-22 20:00:00,4135.52,4280.0,4102.63,4198.86,66835.556236
2025-09-23 00:00:00,4198.86,4230.0,3985.09,4157.99,20129756.583072
2025-09-23 04:00:00,4157.99,4210.0,4008.33,4191.28,93948795.538908
2025-09-23 08:00:00,4191.28,4224.62,4110.0,4175.42,81179501.866961
2025-09-23 12:00:00,4175.42,4203.22,4101.0,4149.73,93348919.974133
2025-09-23 16:00:00,4149.73,4184.69,4088.71,4103.24,137019095.902068
2025-09-23 20:00:00,4103.24,4164.1,4076.0,4107.31,102490088.330186
2025-09-24 00:00:00,4107.31,4172.44,4094.72,4147.5,110087559.361651
2025-09-24 04:00:00,4147.55,4262.0,4102.0,4170.74,3599822.145109
2025-09-24 08:00:00,4170.74,4238.13,4105.26,4183.2,33485423.795977
2025-09-24 12:00:00,4182.66,4219.62,4137.14,4165.75,2664204.058105
2025-09-24 16:00:00,4166.57,4223.86,4125.0,4160.4,468955.421789
2025-09-24 20:00:00,4160.58,4209.71,4124.0,4152.22,40892.262246
2025-09-25 00:00:00,4152.22,4200.0,4025.25,4065.2,20764026.265421
2025-09-25 04:00:00,4062.66,4100.0,3962.57,4015.85,1024436.618037
2025-09-25 08:00:00,4008.54,4081.57,3991.0,4001.23,111096.46786
2025-09-25 12:00:00,4002.25,4059.72,3950.0,4001.57,751851.878625
2025-09-25 16:00:00,4002.7,4022.0,3820.0,3910.98,545210.596205
2025-09-25 20:00:00,3910.98,3960.0,3823.07,3874.18,41594.556928
2025-09-26 00:00:00,3874.19,3999.93,3860.0,3965.34,1928297.377325
2025-09-26 04:00:00,3965.35,4000.0,3876.0,3939.6,25816.972904
2025-09-26 08:00:00,3939.48,4000.0,3850.0,3918.75,113795.814261
2025-09-26 12:00:00,3918.75,4005.63,3873.33,3946.15,81940.124744
2025-09-26 16:00:00,3946.15,4091.0,3925.39,4025.28,229942.308375
2025-09-26 20:00:00,4025.42,4092.85,3994.74,4032.65,26340.537566
2025-09-27 00:00:00,4032.65,4066.66,3965.51,4019.23,15844.831128
2025-09-27 04:00:00,4019.27,4100.0,3966.66,4008.29,14082.19468
2025-09-27 08:00:00,4008.31,4070.0,3910.0,4001.87,148963.230464
2025-09-27 12:00:00,4002.12,4092.0,3950.0,4031.0,20950.28898
2025-09-27 16:00:00,4039.14,4082.41,3937.0,4002.49,19218.450984
2025-09-27 20:00:00,4002.5,4066.66,3980.65,4018.95,19891.501001
2025-09-28 00:00:00,4019.81,4050.0,3960.0,4002.85,13096.365546
2025-09-28 04:00:00,4003.41,4060.0,3960.0,4014.42,12159.132237
2025-09-28 08:00:00,4014.26,4038.57,3970.0,3993.0,21477.561914
2025-09-28 12:00:00,3992.98,4100.0,3950.0,4021.55,30085.867679
2025-09-28 16:00:00,4021.56,4100.0,3999.99,4039.01,100144.207837
2025-09-28 20:00:00,4039.01,4200.0,4032.0,4142.34,2290739.428554
2025-09-29 00:00:00,4142.34,4149.14,4068.43,4120.96,195572.089641
2025-09-29 04:00:00,4120.98,4149.14,4055.3,4108.21,39423.037693
2025-09-29 08:00:00,4108.05,4149.14,4060.0,4103.54,123904.624919
2025-09-29 12:00:00,4103.54,4199.99,4066.66,4164.92,3055882.389995
2025-09-29 16:00:00,4165.62,4191.7,4125.1,4188.65,311006.285446
2025-09-29 20:00:00,4188.65,4228.41,4141.04,4214.76,6001624.490367
2025-09-30 00:00:00,4214.76,4224.62,4181.63,4199.05,2318546.554537
2025-09-30 04:00:00,4199.05,4219.0,4160.62,4182.8,4642771.52786
2025-09-30 08:00:00,4182.84,4219.28,4133.42,4165.1,198048.961567
2025-09-30 12:00:00,4165.1,4180.0,4088.81,4119.59,70677.741082
2025-09-30 16:00:00,4120.23,4169.49,4088.81,4161.45,11482.864342
2025-09-30 20:00:00,4161.28,4196.09,4109.16,4145.4,3705026.84131
2025-10-01 00:00:00,4144.82,4194.61,4111.0,4128.96,15716.070964
2025-10-01 04:00:00,4129.35,4194.61,4120.0,4146.54,7821.929861
2025-10-01 08:00:00,4146.16,4327.23,4120.0,4298.19,43542262.728763
2025-10-01 12:00:00,4298.29,4400.0,4260.0,4327.22,30030.679462
2025-10-01 16:00:00,4328.99,4340.98,4287.95,4334.22,13902.872542
2025-10-01 20:00:00,4334.24,4367.68,4260.0,4344.43,592670.898534
2025-10-02 00:00:00,4349.44,4450.94,4260.0,4376.65,604370.95024
2025-10-02 04:00:00,4376.75,4460.0,4360.52,4375.96,41131.641948
2025-10-02 08:00:00,4377.13,4408.49,4366.03,4383.01,785072.613001
2025-10-02 12:00:00,4379.21,4449.26,4340.55,4437.46,58933.828012
2025-10-02 16:00:00,4437.58,4518.13,4407.94,4495.58,23340.322298
2025-10-02 20:00:00,4495.59,4500.0,4446.97,4485.0,11154.293761
2025-10-03 00:00:00,4484.64,4561.32,4450.94,4500.77,22948.549385
2025-10-03 04:00:00,4500.77,4520.0,4429.95,4462.2,22958.018116
2025-10-03 08:00:00,4462.79,4495.55,4428.57,4478.68,43461.920492
2025-10-03 12:00:00,4479.16,4542.3,4436.78,4536.71,45260.52387
2025-10-03 16:00:00,4535.29,4590.67,4450.0,4518.5,47144.100708
2025-10-03 20:00:00,4519.86,4552.6,4494.89,4512.25,7329.499751
2025-10-04 00:00:00,4512.58,4520.0,4442.64,4486.94,51257.696657
2025-10-04 04:00:00,4487.01,4518.86,4467.92,4498.43,11898.784724
2025-10-04 08:00:00,4498.43,4518.86,4408.6,4490.0,40393.752013
2025-10-04 12:00:00,4484.09,4520.0,4442.94,4454.16,85468.941665
2025-10-04 16:00:00,4454.2,4493.39,4382.02,4467.8,63478.173068
2025-10-04 20:00:00,4467.8,4500.0,4467.8,4487.56,14037.172373
2025-10-05 00:00:00,4487.5,4575.0,4400.0,4532.24,68421.607876
2025-10-05 04:00:00,4532.24,4613.85,4521.67,4606.65,33559.634618
2025-10-05 08:00:00,4606.65,4625.42,4521.27,4551.24,23447.406534
2025-10-05 12:00:00,4551.23,4615.29,4523.07,4532.01,9681.661125
2025-10-05 16:00:00,4532.2,4553.57,4482.95,4487.29,10381.90606
2025-10-05 20:00:00,4491.01,4530.0,4476.82,4514.64,5885.985628
2025-10-06 00:00:00,4514.75,4552.83,4487.82,4537.04,8211.440351
2025-10-06 04:00:00,4536.9,4584.0,4500.0,4533.56,21071.804431
2025-10-06 08:00:00,4533.54,4595.28,4533.54,4572.62,8270.067241
2025-10-06 12:00:00,4571.84,4698.0,4560.0,4673.1,1072141.000751
2025-10-06 16:00:00,4672.94,4737.01,4654.71,4722.75,29389.717745
2025-10-06 20:00:00,4723.0,4737.01,4666.24,4684.37,10422.817765
2025-10-07 00:00:00,4684.5,4708.2,4665.3,4691.15,13492.083755
2025-10-07 04:00:00,4689.46,4737.0,4657.1,4678.22,43413.130795
2025-10-07 08:00:00,4678.6,4747.77,4637.73,4709.15,79306.338355
2025-10-07 12:00:00,4708.96,4756.6,4486.91,4512.39,139892.455544
2025-10-07 16:00:00,4512.29,4525.55,4442.45,4478.95,30693.686872
2025-10-07 20:00:00,4480.08,4520.31,4428.11,4447.3,19937.907106
2025-10-08 00:00:00,4446.77,4500.0,4426.92,4443.94,11010.331768
2025-10-08 04:00:00,4444.0,4470.51,4414.12,4463.67,28655.02586
2025-10-08 08:00:00,4463.67,4519.44,4454.18,4486.52,19439.178322
2025-10-08 12:00:00,4487.59,4540.35,4438.33,4447.78,15070.644584
2025-10-08 16:00:00,4447.79,4561.53,4437.01,4515.05,10835.436044
2025-10-08 20:00:00,4515.52,4539.99,4480.0,4526.28,7841.912366
2025-10-09 00:00:00,4525.69,4542.3,4400.0,4451.3,13049.858368
2025-10-09 04:00:00,4451.3,4470.51,4391.95,4426.48,44190.172544
2025-10-09 08:00:00,4426.64,4440.0,4320.73,4373.7,58245.910664
2025-10-09 12:00:00,4373.32,4431.1,4277.99,4314.66,89355.441683
2025-10-09 16:00:00,4315.22,4400.0,4249.5,4341.87,115171.904236
2025-10-09 20:00:00,4337.23,4400.0,4312.15,4368.05,7295.215579
2025-10-10 00:00:00,4368.48,4442.75,4332.38,4346.92,11327.143452
2025-10-10 04:00:00,4348.63,4420.0,4300.0,4323.7,20329.23764
2025-10-10 08:00:00,4323.83,4368.81,4311.96,4343.43,5219.332557
2025-10-10 12:00:00,4343.45,4419.99,4080.0,4103.59,307041.847255
2025-10-10 16:00:00,4103.59,4233.33,3935.42,3998.38,164926.880889
2025-10-10 20:00:00,3998.38,4032.9,3164.59,3791.01,65153.3788
2025-10-11 00:00:00,3791.01,3847.74,3725.0,3792.57,113493.9673
2025-10-11 04:00:00,3790.17,3814.3,3707.96,3744.31,36689.98039
2025-10-11 08:00:00,3744.31,3822.88,3740.0,3800.0,10864.983276
2025-10-11 12:00:00,3800.0,3837.66,3785.31,3785.31,210930.597615
2025-10-11 16:00:00,3785.31,3814.99,3678.03,3682.85,35257.565768
2025-10-11 20:00:00,3682.85,3750.33,3540.37,3568.51,21821.509824
2025-10-12 00:00:00,3568.84,3790.02,3350.0,3687.49,77720.74724
2025-10-12 04:00:00,3687.49,3860.89,3650.0,3812.49,123330.522113
2025-10-12 08:00:00,3812.49,3815.9,3487.61,3664.28,30531.228453
2025-10-12 12:00:00,3664.28,4036.02,3610.48,3981.0,54221.760403
2025-10-12 16:00:00,3981.0,4132.92,3940.0,4103.84,761851.472123
2025-10-12 20:00:00,4103.84,4152.47,4079.06,4101.47,8113.956823
2025-10-13 00:00:00,4101.47,4268.94,3482.0,4140.31,135139.018236
2025-10-13 04:00:00,4140.4,4181.99,4105.38,4168.76,15458.636105
2025-10-13 08:00:00,4168.76,4168.76,4168.76,4168.76,0.0
2025-10-13 12:00:00,4168.87,4171.32,4127.62,4135.52,783.935178
2025-10-13 16:00:00,4135.65,4268.94,4120.0,4251.97,455613.630028
2025-10-13 20:00:00,4251.96,4299.99,4227.12,4241.81,83870.233223
2025-10-14 00:00:00,4241.81,4335.0,4127.99,4153.85,58488.958714
2025-10-14 04:00:00,4153.85,4176.92,3964.13,3981.0,112131.773566
2025-10-14 08:00:00,3981.0,4106.66,3892.68,3972.05,278614.370246
2025-10-14 12:00:00,3972.33,4088.73,3900.0,4086.3,231145.27432
2025-10-14 16:00:00,4085.93,4228.67,4050.0,4103.23,230695.593196
2025-10-14 20:00:00,4103.36,4155.0,4076.08,4125.02,12950.269495
2025-10-15 00:00:00,4125.0,4145.59,4062.49,4081.75,15252.057461
2025-10-15 04:00:00,4082.41,4146.15,4014.74,4121.88,19642.917004
2025-10-15 08:00:00,4124.0,4212.0,4086.4,4100.34,16717.864602
2025-10-15 12:00:00,4100.34,4110.0,3960.0,3981.81,27128.929372
2025-10-15 16:00:00,3981.28,4030.63,3930.0,3982.12,19922.389755
2025-10-15 20:00:00,3983.1,4005.0,3928.75,3986.09,12626.300259
2025-10-16 00:00:00,3986.13,4038.46,2816.46,4014.13,21315050.275745
2025-10-16 04:00:00,4015.01,4066.66,3981.19,4005.67,353087.137478
2025-10-16 08:00:00,4006.49,4080.0,3945.41,4062.15,30058.314075
2025-10-16 12:00:00,4061.85,4105.69,3885.0,3907.32,25974.385422
2025-10-16 16:00:00,3907.27,3968.66,3850.0,3867.14,31830.627017
2025-10-16 20:00:00,3867.3,3900.0,3826.82,3894.91,13382.125378
2025-10-17 00:00:00,3894.84,3954.53,3889.11,3932.55,10082.170822
2025-10-17 04:00:00,3932.55,3948.0,3725.0,3757.6,74837.672615
2025-10-17 08:00:00,3757.6,3822.0,3675.0,3778.6,171854.558336
2025-10-17 12:00:00,3778.26,3868.52,3715.4,3798.15,58370.847662
2025-10-17 16:00:00,3799.12,3883.47,3775.0,3827.35,15027.849011
2025-10-17 20:00:00,3828.15,3900.0,3819.54,3831.88,165711.722424
2025-10-18 00:00:00,3831.69,3883.33,3819.8,3870.7,56983.096263
2025-10-18 04:00:00,3870.71,3932.26,3820.26,3892.71,11415.908111
2025-10-18 08:00:00,3892.72,3915.0,3842.27,3882.3,8138.090834
2025-10-18 12:00:00,3882.55,3899.99,3834.4,3877.78,7237.070847
2025-10-18 16:00:00,3877.85,3960.0,3840.0,3893.95,11468.636894
2025-10-18 20:00:00,3893.92,3915.0,3869.36,3888.96,6093.553106
2025-10-19 00:00:00,3892.17,3915.38,3855.0,3906.0,10507.533386
2025-10-19 04:00:00,3906.0,3930.0,3868.91,3887.99,4563.744885
2025-10-19 08:00:00,3887.99,4060.0,3845.0,3924.06,53513.308963
2025-10-19 12:00:00,3924.07,4007.69,3910.0,3979.46,17835.011177
2025-10-19 16:00:00,3979.72,4042.84,3940.0,3986.14,12678.787817
2025-10-19 20:00:00,3985.95,4030.0,3949.49,3982.65,10638.254504
2025-10-20 00:00:00,3982.8,4030.12,3909.0,4027.5,93176.94986
2025-10-20 04:00:00,4027.49,4083.35,4020.0,4054.59,59792.478663
2025-10-20 08:00:00,4054.6,4080.0,3980.24,4035.25,158230.12786
2025-10-20 12:00:00,4035.3,4064.97,3553.57,3553.57,4926166.177633
2025-10-20 16:00:00,3553.56,4058.83,2782.76,3981.31,8174364.491546
2025-10-20 20:00:00,3981.2,4030.12,3960.0,3979.43,7185.737521
2025-10-21 00:00:00,3979.43,3991.66,3900.0,3923.02,6949.859438
2025-10-21 04:00:00,3922.74,3929.48,3840.87,3892.67,9686.204839
2025-10-21 08:00:00,3892.8,3898.33,3840.0,3890.2,7348.105543
2025-10-21 12:00:00,3890.41,4099.99,3852.23,4081.77,31582.386731
2025-10-21 16:00:00,4081.86,4120.0,3966.89,3994.91,20221.997258
2025-10-21 20:00:00,3998.01,4008.92,3857.14,3873.1,12003.141266
2025-10-22 00:00:00,3870.19,3905.0,3785.24,3859.75,17909.193654
2025-10-22 04:00:00,3862.31,3899.99,3838.46,3869.02,6923.733485
2025-10-22 08:00:00,3868.53,3890.59,3758.33,3829.2,10252.333399
2025-10-22 12:00:00,3828.01,3883.33,3770.0,3842.08,24339.569674
2025-10-22 16:00:00,3841.35,3927.54,3783.99,3806.02,12525.056742
2025-10-22 20:00:00,3805.08,3825.0,3701.29,3805.31,12064.399242
2025-10-23 00:00:00,3804.93,3865.53,3775.0,3826.0,5952.614002
2025-10-23 04:00:00,3827.2,3906.94,3815.0,3880.96,8242.74266
2025-10-23 08:00:00,3882.05,3920.0,3845.0,3863.55,9063.101731
2025-10-23 12:00:00,3863.16,3885.76,3808.67,3876.8,10789.408349
2025-10-23 16:00:00,3877.14,3950.0,3840.0,3860.8,12868.786598
2025-10-23 20:00:00,3860.0,3880.0,3814.33,3857.36,9804.902802
2025-10-24 00:00:00,3857.46,3900.0,3834.4,3891.11,6478.862983
2025-10-24 04:00:00,3891.07,4000.0,3886.03,3949.38,11796.833994
2025-10-24 08:00:00,3949.4,3980.0,3930.69,3946.78,5019.818766
2025-10-24 12:00:00,3946.85,4005.95,3870.0,3889.05,14459.691788
2025-10-24 16:00:00,3889.34,3938.29,3851.05,3926.0,7685.302343
2025-10-24 20:00:00,3927.02,3960.72,3920.0,3935.0,5320.448651
2025-10-25 00:00:00,3934.12,3975.95,3900.0,3921.92,3794.968
2025-10-25 04:00:00,3921.59,3962.7,3920.0,3928.99,3510.839852
2025-10-25 08:00:00,3929.82,3974.73,3904.35,3940.56,8754.8177
2025-10-25 12:00:00,3940.36,3987.01,3900.0,3933.23,19060.439225
2025-10-25 16:00:00,3933.28,3981.19,3906.13,3957.64,9878.534926
2025-10-25 20:00:00,3957.44,3986.66,3915.38,3954.25,6812.117408
2025-10-26 00:00:00,3953.94,3988.48,3900.0,3931.84,5695.727573
2025-10-26 04:00:00,3931.85,3976.92,3920.0,3951.61,2942.860147
2025-10-26 08:00:00,3951.43,4100.0,3930.76,4044.87,15027.31274
2025-10-26 12:00:00,4044.93,4100.0,4020.69,4080.0,14170.427546
2025-10-26 16:00:00,4074.82,4084.24,4030.12,4067.49,7160.385813
2025-10-26 20:00:00,4067.49,4182.99,4049.06,4159.76,164102.531705
2025-10-27 00:00:00,4159.68,4240.0,4150.54,4204.63,500327.319019
2025-10-27 04:00:00,4204.92,4253.98,4188.88,4201.22,9924.60506
2025-10-27 08:00:00,4200.26,4241.98,4127.99,4161.04,12016.936482
2025-10-27 12:00:00,4161.63,4190.71,4090.0,4171.28,46476.23738
2025-10-27 16:00:00,4173.23,4253.98,4127.99,4192.81,8515.828085
2025-10-27 20:00:00,4192.84,4200.0,4096.49,4120.78,8078.110754
2025-10-28 00:00:00,4120.39,4151.09,4060.0,4094.36,29557.145589
2025-10-28 04:00:00,4093.77,4147.21,4053.84,4117.47,7361.827636
2025-10-28 08:00:00,4118.33,4145.02,4083.2,4112.4,3852.222123
2025-10-28 12:00:00,4111.49,4175.43,4069.46,4096.98,42587.255983
2025-10-28 16:00:00,4097.25,4160.0,4028.48,4039.58,8886.758233
2025-10-28 20:00:00,4038.0,4310.0,3928.08,3980.94,2699611.021298
2025-10-29 00:00:00,3979.72,4100.0,3960.0,3998.25,15182.572874
2025-10-29 04:00:00,3998.14,4052.0,3974.19,4024.46,13059.199854
2025-10-29 08:00:00,4024.62,4044.64,3965.0,4011.5,40940.857651
2025-10-29 12:00:00,4011.46,4040.0,3940.0,3951.8,10101.11865
2025-10-29 16:00:00,3952.04,4040.85,3825.1,3903.56,23166.385788
2025-10-29 20:00:00,3905.36,3967.76,3875.8,3903.08,62674.233903
2025-10-30 00:00:00,3903.28,3960.0,3886.07,3934.78,6540.533323
2025-10-30 04:00:00,3934.46,3960.0,3835.05,3940.19,15512.987272
2025-10-30 08:00:00,3939.79,3943.1,3846.14,3881.01,11376.674319
2025-10-30 12:00:00,3880.96,3892.7,3737.12,3774.15,195336.780488
2025-10-30 16:00:00,3774.11,3807.75,3650.0,3688.69,73715.867389
2025-10-30 20:00:00,3689.31,3815.64,3680.0,3802.45,20935.559788
2025-10-31 00:00:00,3804.89,3868.18,3780.0,3828.99,66471.861293
2025-10-31 04:00:00,3829.08,3890.0,3771.76,3835.25,60372.766433
2025-10-31 08:00:00,3835.03,3880.61,3820.0,3874.4,1236197.821279
2025-10-31 12:00:00,3874.0,3890.0,3832.42,3860.81,115903.089303
2025-10-31 16:00:00,3860.79,3910.0,3800.0,3886.48,65032.115201
2025-10-31 20:00:00,3890.28,3900.0,3840.0,3847.95,12613.347822
2025-11-01 00:00:00,3847.89,3864.17,3833.0,3861.68,282714.506945
2025-11-01 04:00:00,3861.68,3870.0,3833.0,3860.23,207932.993932
2025-11-01 08:00:00,3860.4,3890.45,3846.6,3876.94,652233.604075
2025-11-01 12:00:00,3877.95,3900.0,3840.0,3894.78,271664.226294
2025-11-01 16:00:00,3894.7,3907.0,3853.47,3879.75,21991.459275
2025-11-01 20:00:00,3880.0,3900.0,3864.04,3875.0,49915.604448
2025-11-02 00:00:00,3873.9,3899.99,3850.84,3880.6,42580.985734
2025-11-02 04:00:00,3880.61,3917.33,3876.5,3906.3,2884.95371
2025-11-02 08:00:00,3906.26,3927.93,3840.0,3890.54,6366.978327
2025-11-02 12:00:00,3890.55,3963.87,3833.0,3853.3,8868.303977
2025-11-02 16:00:00,3853.22,3920.06,3832.0,3855.95,43977.910448
2025-11-02 20:00:00,3856.26,3916.66,3832.0,3906.66,5693.254376
2025-11-03 00:00:00,3906.53,3915.0,3720.0,3736.2,226186.957834
2025-11-03 04:00:00,3736.5,3818.03,3685.39,3714.73,863150.045007
2025-11-03 08:00:00,3714.67,3769.13,3670.86,3734.0,1133121.954487
2025-11-03 12:00:00,3734.0,3770.0,3583.86,3612.19,341422.451127
2025-11-03 16:00:00,3604.87,3742.52,3565.95,3644.0,551002.021343
2025-11-03 20:00:00,3644.0,3700.0,3560.0,3603.64,142988.244866
2025-11-04 00:00:00,3603.65,3729.57,3568.55,3642.5,55977.825961
2025-11-04 04:00:00,3643.41,3650.0,3468.36,3494.9,543674.926807
2025-11-04 08:00:00,3494.86,3541.0,3438.88,3530.1,83834.824784
2025-11-04 12:00:00,3529.44,3600.0,3460.0,3506.44,84729.230032
2025-11-04 16:00:00,3507.05,3525.0,3212.07,3231.23,221174.411858
2025-11-04 20:00:00,3231.28,3304.86,3046.8,3286.64,150318.848447
2025-11-05 00:00:00,3286.91,3375.92,3150.0,3334.55,68317.913761
2025-11-05 04:00:00,3334.97,3361.53,3300.0,3331.54,8668.851272
2025-11-05 08:00:00,3331.42,3360.0,3232.99,3322.81,177433.96935
2025-11-05 12:00:00,3323.3,3423.44,3288.46,3398.04,48754.721356
2025-11-05 16:00:00,3398.02,3484.61,3370.8,3455.14,21380.282986
2025-11-05 20:00:00,3454.85,3491.59,3400.0,3424.65,15669.484885
2025-11-06 00:00:00,3424.56,3460.0,3375.17,3432.77,8458.391746
2025-11-06 04:00:00,3433.19,3466.61,3360.0,3380.86,9298.653289
2025-11-06 08:00:00,3380.66,3441.6,3348.45,3399.57,145897.10161
2025-11-06 12:00:00,3399.75,3407.69,3275.0,3300.0,15137.931207
2025-11-06 16:00:00,3300.0,3377.14,3225.0,3325.7,30608.752156
2025-11-06 20:00:00,3325.8,3350.0,3273.33,3315.44,953721.028158
2025-11-07 00:00:00,3315.44,3371.4,3279.0,3344.75,1533678.827461
2025-11-07 04:00:00,3344.85,3398.15,3300.0,3358.51,78525.692457
2025-11-07 08:00:00,3358.53,3369.0,3225.0,3260.51,161096.317687
2025-11-07 12:00:00,3260.48,3344.81,3192.3,3297.76,208723.481128
2025-11-07 16:00:00,3297.65,3450.0,3265.84,3443.35,222317.772509
2025-11-07 20:00:00,3443.01,3500.0,3398.18,3435.6,77446.74434
2025-11-08 00:00:00,3435.6,3475.0,3402.91,3453.93,9230.014843
2025-11-08 04:00:00,3453.95,3500.0,3400.0,3447.7,10450.754991
2025-11-08 08:00:00,3447.71,3500.52,3400.0,3413.21,13870.561109
2025-11-08 12:00:00,3413.25,3425.0,3349.99,3375.0,15430.691319
2025-11-08 16:00:00,3377.92,3427.24,3350.0,3390.87,20601.722261
2025-11-08 20:00:00,3389.37,3425.0,3375.0,3401.78,170270.388911
2025-11-09 00:00:00,3401.8,3407.5,3350.0,3375.64,379805.205541
2025-11-09 04:00:00,3376.33,3424.11,3355.61,3422.65,300420.699022
2025-11-09 08:00:00,3422.76,3449.99,3380.0,3428.15,58797.951492
2025-11-09 12:00:00,3428.75,3540.0,2980.0,3516.11,67052068.357776
2025-11-09 16:00:00,3515.29,3580.0,3480.0,3579.86,77282.710338
2025-11-09 20:00:00,3579.92,3617.66,3541.0,3583.45,128453.408858
2025-11-10 00:00:00,3583.57,3670.86,3556.8,3627.34,226096.030767
2025-11-10 04:00:00,3627.34,3662.5,3539.2,3609.12,87084.818767
2025-11-10 08:00:00,3609.04,3640.0,3510.0,3610.36,255711.923365
2025-11-10 12:00:00,3610.28,3623.0,3505.66,3519.85,935946.745577
2025-11-10 16:00:00,3519.53,3577.0,3481.33,3557.99,2713829.18483
2025-11-10 20:00:00,3557.72,3583.87,3518.0,3567.79,366051.241128
2025-11-11 00:00:00,3568.11,3647.0,3530.0,3606.07,714748.404423
2025-11-11 04:00:00,3605.71,3614.89,3520.0,3543.98,7505.020468
2025-11-11 08:00:00,3544.4,3626.4,3527.69,3573.91,24149.152633
2025-11-11 12:00:00,3574.08,3600.0,3467.27,3481.47,44284.269916
2025-11-11 16:00:00,3481.42,3527.69,3440.0,3456.6,13016.236742
2025-11-11 20:00:00,3456.89,3473.95,3388.06,3417.44,12249.261169
2025-11-12 00:00:00,3418.26,3496.84,3410.0,3439.58,9102.973121
2025-11-12 04:00:00,3439.38,3476.08,3424.44,3427.92,5040.52529
2025-11-12 08:00:00,3429.84,3576.0,3411.35,3549.25,18138.271078
2025-11-12 12:00:00,3548.73,3610.0,3420.71,3428.49,21489.76614
2025-11-12 16:00:00,3428.38,3473.07,3360.0,3408.3,111946.945289
2025-11-12 20:00:00,3408.78,3447.05,3390.0,3414.7,12512.532757
2025-11-13 00:00:00,3414.81,3490.0,3373.21,3452.38,70927.609919
2025-11-13 04:00:00,3453.17,3565.01,3434.12,3538.61,9828.404375
2025-11-13 08:00:00,3538.47,3560.0,3450.0,3501.56,5612081.817763
2025-11-13 12:00:00,3502.19,3520.0,3360.0,3387.37,44709.859076
2025-11-13 16:00:00,3387.35,3400.0,3174.7,3197.67,1532940.970399
2025-11-13 20:00:00,3197.93,3300.0,3140.0,3231.34,60863.044479
2025-11-14 00:00:00,3231.73,3260.0,3180.49,3228.1,175718.628955
2025-11-14 04:00:00,3227.81,3243.33,3110.0,3215.6,105284.955155
2025-11-14 08:00:00,3215.69,3265.45,3110.0,3145.87,63400.409868
2025-11-14 12:00:00,3145.9,3233.67,3069.0,3197.12,99955.684923
2025-11-14 16:00:00,3197.17,3260.0,3155.36,3207.69,24269.845596
2025-11-14 20:00:00,3208.26,3226.66,3080.35,3112.79,22538.185333
2025-11-15 00:00:00,3112.78,3240.0,3100.0,3179.17,172141.368341
2025-11-15 04:00:00,3179.06,3215.16,3146.15,3176.84,8413.190924
2025-11-15 08:00:00,3176.81,3198.17,3120.0,3152.03,23471.983464
2025-11-15 12:00:00,3151.0,3221.87,3110.0,3185.78,129959.089175
2025-11-15 16:00:00,3185.76,3232.0,3166.05,3197.91,65052.084567
2025-11-15 20:00:00,3198.1,3225.5,3152.0,3168.0,148710.647955
2025-11-16 00:00:00,3168.0,3225.94,3130.0,3203.27,188430.485551
2025-11-16 04:00:00,3202.45,3234.0,3180.76,3219.65,41280.628152
2025-11-16 08:00:00,3219.66,3261.53,3160.0,3168.8,13680.011042
2025-11-16 12:00:00,3168.68,3197.42,3099.66,3105.45,382468.545603
2025-11-16 16:00:00,3105.46,3131.71,3025.0,3091.38,411431.73724
2025-11-16 20:00:00,3091.36,3123.07,3008.86,3095.95,34110.84994
2025-11-17 00:00:00,3095.85,3190.51,3068.42,3176.88,14078.805938
2025-11-17 04:00:00,3176.9,3215.16,3151.78,3198.65,13788.326931
2025-11-17 08:00:00,3198.99,3227.55,3178.25,3204.31,15887.224008
2025-11-17 12:00:00,3203.7,3223.0,3072.34,3120.75,86751.799296
2025-11-17 16:00:00,3120.8,3141.77,2955.0,2982.81,358230.92937
2025-11-17 20:00:00,2982.28,3050.0,2955.0,3031.34,38952.174684
2025-11-18 00:00:00,3031.35,3080.0,2930.0,3024.56,123164.700469
2025-11-18 04:00:00,3024.49,3038.46,2953.35,3025.94,60176.278269
2025-11-18 08:00:00,3025.92,3096.15,3007.48,3057.53,69577.097572
2025-11-18 12:00:00,3057.5,3139.66,3020.0,3106.83,53854.830695
2025-11-18 16:00:00,3106.81,3200.75,3100.0,3145.66,17685.659093
2025-11-18 20:00:00,3146.14,3175.0,3083.77,3123.68,16770.046567
2025-11-19 00:00:00,3123.68,3139.08,3070.51,3073.25,823479.008412
2025-11-19 04:00:00,3073.37,3088.57,2992.66,3085.3,2043740.49691
2025-11-19 08:00:00,3085.3,3111.0,3025.0,3083.53,1943606.273017
2025-11-19 12:00:00,3083.45,3107.0,2964.28,2973.6,1954505.572871
2025-11-19 16:00:00,2973.51,3002.49,2865.0,2881.9,322163.555209
2025-11-19 20:00:00,2881.81,3031.43,2875.15,3025.55,462122.006636
2025-11-20 00:00:00,3025.75,3058.0,3005.55,3039.4,1645556.281469
2025-11-20 04:00:00,3039.15,3062.0,3003.84,3039.7,131187.22596
2025-11-20 08:00:00,3039.69,3062.0,2991.02,3023.84,183598.122334
2025-11-20 12:00:00,3023.94,3041.52,2965.0,2971.49,1289328.647149
2025-11-20 16:00:00,2971.25,2980.76,2790.0,2848.27,5779858.335672
2025-11-20 20:00:00,2847.33,2936.29,2808.64,2834.34,62051.845563
2025-11-21 00:00:00,2834.4,2902.4,2777.36,2809.5,508803.940642
2025-11-21 04:00:00,2809.25,2858.75,2655.0,2720.6,1175148.829041
2025-11-21 08:00:00,2720.56,2760.0,2664.63,2688.59,755026.43063
2025-11-21 12:00:00,2686.37,2791.03,2605.0,2705.47,987068.207178
2025-11-21 16:00:00,2705.46,2806.0,2674.08,2752.41,36550.577076
2025-11-21 20:00:00,2751.32,2784.61,2709.45,2765.85,23523.412856
2025-11-22 00:00:00,2765.94,2786.35,2705.0,2752.71,882779.433811
2025-11-22 04:00:00,2752.49,2769.32,2726.0,2756.35,266992.11811
2025-11-22 08:00:00,2756.35,2762.41,2700.0,2734.95,284675.227208
2025-11-22 12:00:00,2734.92,2765.0,2710.0,2738.7,82469.820597
2025-11-22 16:00:00,2738.77,2765.0,2726.73,2750.57,100170.473414
2025-11-22 20:00:00,2750.51,2799.0,2730.0,2770.31,309196.671475
2025-11-23 00:00:00,2770.19,2858.31,2727.92,2824.7,136726.324471
2025-11-23 04:00:00,2824.71,2858.75,2777.93,2793.84,156517.2511
2025-11-23 08:00:00,2793.86,2832.0,2785.0,2815.97,36703.786355
2025-11-23 12:00:00,2815.98,2858.75,2785.0,2836.51,171444.150265
2025-11-23 16:00:00,2836.51,2887.79,2707.69,2822.82,128669.455173
2025-11-23 20:00:00,2822.75,2861.53,2795.1,2802.24,24207.685274
2025-11-24 00:00:00,2802.1,2870.0,2760.07,2856.59,25215.981212
2025-11-24 04:00:00,2856.41,2900.0,2795.4,2829.91,22015.987392
2025-11-24 08:00:00,2830.0,2857.14,2779.09,2803.4,13290.076697
2025-11-24 12:00:00,2802.6,2880.0,2780.0,2846.39,140150.782262
2025-11-24 16:00:00,2846.45,2999.99,2809.63,2959.07,60429.322616
2025-11-24 20:00:00,2958.91,3011.21,2908.57,2953.45,44569.762001
2025-11-25 00:00:00,2953.35,2960.0,2900.0,2911.82,5821.883101
2025-11-25 04:00:00,2911.77,2950.0,2905.86,2918.49,4069.914927
2025-11-25 08:00:00,2918.49,3021.48,2850.0,2955.0,24109.592876
2025-11-25 12:00:00,2955.0,3060.0,2850.0,2880.43,11610.654165
2025-11-25 16:00:00,2880.45,3030.0,2876.92,2891.25,7709.76429
2025-11-25 20:00:00,2891.25,2933.33,2867.91,2930.0,51095.635453
2025-11-26 00:00:00,2933.33,3062.0,2930.0,3042.9,14515.799025
2025-11-26 04:00:00,3048.13,3062.0,3000.0,3007.69,4563.874638
2025-11-26 08:00:00,3009.34,3018.7,2954.0,2969.5,6279.460375
2025-11-26 12:00:00,2969.5,2994.4,2800.0,2818.0,47886.327795
2025-11-26 16:00:00,2818.0,3002.48,2812.64,2977.36,6833.580633
2025-11-26 20:00:00,2980.0,2985.4,2916.66,2955.42,5799.411177
2025-11-27 00:00:00,2955.53,3053.84,2955.0,3037.43,14352.438504
2025-11-27 04:00:00,3033.4,3060.0,3008.0,3034.16,9180.297545
2025-11-27 08:00:00,3033.47,3061.14,3005.56,3028.28,76238.416678
2025-11-27 12:00:00,3027.63,3040.0,2950.0,3011.47,177924.785618
2025-11-27 16:00:00,3011.25,3050.0,2989.99,3032.0,11657.513002
2025-11-27 20:00:00,3032.0,3050.0,2938.56,3015.23,17614.293603
2025-11-28 00:00:00,3015.26,3026.66,2970.0,3008.6,5517.097848
2025-11-28 04:00:00,3008.57,3038.55,2990.0,3002.08,7182.328029
2025-11-28 08:00:00,3001.69,3070.0,2992.3,3010.0,43412.389104
2025-11-28 12:00:00,3014.51,3095.0,3010.0,3073.63,208600.554856
2025-11-28 16:00:00,3073.63,3077.59,3012.36,3049.74,7128.859056
2025-11-28 20:00:00,3049.98,3060.0,3020.0,3031.18,8257.894504
2025-11-29 00:00:00,3031.19,3060.0,2993.28,3022.72,7239.183729
2025-11-29 04:00:00,3022.7,3070.0,2960.0,3004.97,17404.540754
2025-11-29 08:00:00,3004.97,3030.0,2921.02,3000.24,8912.771615
2025-11-29 12:00:00,3000.25,3351.89,2970.0,3039.84,93914699.9209
2025-11-29 16:00:00,3039.86,3053.33,2971.7,2989.06,112642191.373388
2025-11-29 20:00:00,2989.06,3093.1,2984.18,3030.56,112947815.937355
2025-11-30 00:00:00,3030.58,3089.88,2978.5,3001.65,100134317.254375
2025-11-30 04:00:00,3001.66,3056.66,2948.05,2987.9,249324.056752
2025-11-30 08:00:00,2987.9,3051.09,2930.0,3002.83,66815.655343
2025-11-30 12:00:00,3003.08,3084.61,2982.91,3029.08,17185.956513
2025-11-30 16:00:00,3028.81,3060.0,3009.93,3034.37,6482.336675
2025-11-30 20:00:00,3034.81,3053.84,2985.6,2991.36,7355.623213
2025-12-01 00:00:00,2991.41,2998.49,2776.71,2825.23,38369.237898
2025-12-01 04:00:00,2830.52,2867.5,2790.29,2840.5,17234.183346
2025-12-01 08:00:00,2840.49,2922.89,2800.0,2838.5,17542.149877
2025-12-01 12:00:00,2838.9,2846.62,2716.36,2745.7,84492.925046
2025-12-01 16:00:00,2745.97,2797.82,2720.0,2740.89,144962.174528
2025-12-01 20:00:00,2740.71,2824.52,2725.0,2798.75,13448.031921
2025-12-02 00:00:00,2798.75,2846.66,2765.05,2804.64,11094.257721
2025-12-02 04:00:00,2804.5,2840.11,2797.49,2805.7,7386.865044
2025-12-02 08:00:00,2805.79,2833.5,2779.23,2824.75,9279.280532
2025-12-02 12:00:00,2826.05,3033.62,2807.84,3006.17,8014275.957798
2025-12-02 16:00:00,3006.22,3060.0,2961.53,3016.2,100432.592733
2025-12-02 20:00:00,3016.55,3023.81,2960.0,2996.0,944463.913743
2025-12-03 00:00:00,2996.04,3058.0,2975.55,3030.58,114129.912404
2025-12-03 04:00:00,3030.54,3089.28,3023.07,3054.38,17274.329657
2025-12-03 08:00:00,3054.38,3066.66,2910.0,2995.0,95434.036675
2025-12-03 12:00:00,2994.4,3007.69,2904.0,2966.6,25325.935096
2025-12-03 16:00:00,2966.6,3038.64,2840.0,3033.7,23060.432588
2025-12-03 20:00:00,3028.08,3100.0,2976.92,3018.78,8449.961989
2025-12-04 00:00:00,3018.78,3039.99,2917.78,2923.96,11878.372967
2025-12-04 04:00:00,2926.15,3216.4,2900.0,3190.31,169568.956598
2025-12-04 08:00:00,3190.31,3224.02,3133.33,3186.73,87762.789493
2025-12-04 12:00:00,3186.73,3238.46,3140.0,3208.74,18328.931091
2025-12-04 16:00:00,3208.07,3225.0,3068.19,3119.56,24549.145065
2025-12-04 20:00:00,3119.12,3162.93,3106.0,3133.2,129649.101811
2025-12-05 00:00:00,3133.21,3194.26,3133.04,3170.97,30884.839753
2025-12-05 04:00:00,3171.13,3195.74,3141.96,3173.5,8136.960397
2025-12-05 08:00:00,3173.53,3181.0,3108.89,3130.42,8481.886856
2025-12-05 12:00:00,3131.59,3160.0,3080.0,3106.23,13332.15363
2025-12-05 16:00:00,3106.24,3123.81,2972.68,3037.93,17517.630911
2025-12-05 20:00:00,3038.58,3052.0,3002.85,3021.67,6819.597138
2025-12-06 00:00:00,3021.85,3062.29,2999.99,3039.98,6551.882232
2025-12-06 04:00:00,3040.09,3064.9,3011.0,3026.33,8058.49694
2025-12-06 08:00:00,3026.73,3048.22,2994.4,3038.6,13080.715001
2025-12-06 12:00:00,3038.62,3068.57,3010.88,3041.2,8146.922163
2025-12-06 16:00:00,3041.72,3071.36,3013.29,3030.35,8594.268256
2025-12-06 20:00:00,3030.62,3069.94,3018.64,3038.04,7652.568569
2025-12-07 00:00:00,3038.1,3099.99,3020.0,3053.85,8690.277658
2025-12-07 04:00:00,3054.02,3077.0,3000.0,3037.21,11382.333867
2025-12-07 08:00:00,3037.56,3060.0,3009.0,3035.73,4048.91973
2025-12-07 12:00:00,3035.99,3053.84,2928.54,3027.71,152045.756522
2025-12-07 16:00:00,3028.17,3156.52,2995.0,3137.61,18626.703167
2025-12-07 20:00:00,3137.62,3153.87,3022.12,3060.0,12036.836101
2025-12-08 00:00:00,3060.01,3134.21,3030.0,3110.69,14819.840986
2025-12-08 04:00:00,3110.72,3150.0,3099.99,3133.96,7261.843852
2025-12-08 08:00:00,3133.86,3237.06,3115.0,3141.71,15279.3526
2025-12-08 12:00:00,3142.51,3178.57,3083.56,3101.55,41425.33247
2025-12-08 16:00:00,3101.55,3148.47,3075.43,3118.34,16738.536118
2025-12-08 20:00:00,3118.8,3155.4,3113.33,3124.34,7309.580465
2025-12-09 00:00:00,3124.61,3146.15,3083.33,3128.02,16399.775025
2025-12-09 04:00:00,3128.04,3141.96,3090.0,3122.49,7677.101359
2025-12-09 08:00:00,3123.05,3144.59,3079.99,3118.6,18700.896788
2025-12-09 12:00:00,3118.6,3258.0,3098.86,3245.42,24226.597405
2025-12-09 16:00:00,3245.42,3416.66,3241.66,3357.57,163025.282211
2025-12-09 20:00:00,3357.45,3400.0,3285.04,3318.0,11199.208845
2025-12-10 00:00:00,3318.0,3338.46,3280.0,3309.58,7721.60067
2025-12-10 04:00:00,3309.59,3344.0,3302.86,3330.0,6173.507255
2025-12-10 08:00:00,3326.85,3372.0,3296.0,3318.52,5903.570508
2025-12-10 12:00:00,3318.58,3350.0,3292.0,3328.12,9787.612189
2025-12-10 16:00:00,3328.42,3450.0,3300.8,3389.58,21188.091534
2025-12-10 20:00:00,3391.53,3455.1,3316.66,3324.71,56558.855441
2025-12-11 00:00:00,3323.98,3327.0,3157.69,3191.56,135884.943938
2025-12-11 04:00:00,3191.46,3260.0,3162.5,3201.62,33455.050731
2025-12-11 08:00:00,3201.62,3225.0,3171.88,3193.1,12356.120861
2025-12-11 12:00:00,3193.02,3260.0,3140.0,3179.52,39082.729949
2025-12-11 16:00:00,3179.52,3236.0,3150.0,3194.39,63149.027296
2025-12-11 20:00:00,3194.39,3272.58,3184.6,3237.44,11805.868144
2025-12-12 00:00:00,3237.44,3265.2,3184.36,3245.4,9825.017915
2025-12-12 04:00:00,3245.5,3280.0,3228.57,3246.39,84322.592726
2025-12-12 08:00:00,3246.39,3311.17,3144.1,3242.86,119928.728579
2025-12-12 12:00:00,3242.86,3295.06,3050.0,3050.0,38752.934349
2025-12-12 16:00:00,3050.0,3120.0,3017.98,3073.35,15628.323346
2025-12-12 20:00:00,3073.33,3120.0,3067.3,3084.56,15832.659778
2025-12-13 00:00:00,3084.54,3117.59,3048.15,3090.02,15134.330269
2025-12-13 04:00:00,3090.03,3139.0,3040.81,3094.89,8320.805298
2025-12-13 08:00:00,3094.89,3139.99,3080.0,3119.24,7477.751261
2025-12-13 12:00:00,3119.24,3150.0,3051.43,3109.73,11235.481287
2025-12-13 16:00:00,3109.73,3193.39,3089.0,3108.55,8700.033941
2025-12-13 20:00:00,3108.55,3140.24,3081.25,3114.26,8396.429101
2025-12-14 00:00:00,3114.26,3148.85,3102.43,3118.84,10876.850621
2025-12-14 04:00:00,3118.84,3130.12,3079.46,3115.36,4219.529537
2025-12-14 08:00:00,3115.36,3130.84,3051.52,3084.84,5529.119159
2025-12-14 12:00:00,3084.85,3126.58,3062.5,3084.6,6534.600869
2025-12-14 16:00:00,3084.6,3110.0,3066.64,3093.6,9220.953037
2025-12-14 20:00:00,3093.17,3118.5,3033.78,3062.42,9402.230374
2025-12-15 00:00:00,3062.43,3149.17,3017.98,3108.47,25173.317493
2025-12-15 04:00:00,3108.48,3150.0,3102.02,3128.71,5357.0631
2025-12-15 08:00:00,3128.72,3195.66,3120.0,3156.97,7604.685476
2025-12-15 12:00:00,3156.98,3187.69,2987.18,3011.1,68376.872466
2025-12-15 16:00:00,3011.11,3027.82,2883.35,2940.52,76103.896515
2025-12-15 20:00:00,2940.48,2971.0,2910.0,2965.13,10808.932917
2025-12-16 00:00:00,2965.11,2999.99,2900.0,2937.34,78720.424207
2025-12-16 04:00:00,2937.4,2963.33,2866.32,2924.7,30172.772471
2025-12-16 08:00:00,2924.41,2981.62,2902.14,2957.63,13620.525614
2025-12-16 12:00:00,2957.93,2993.33,2850.0,2963.44,18353.459654
2025-12-16 16:00:00,2963.24,2975.55,2888.0,2946.37,32353.627804
2025-12-16 20:00:00,2945.31,2979.24,2933.72,2962.51,8565.517277
2025-12-17 00:00:00,2962.51,3014.0,2934.36,2947.6,46167.668885
2025-12-17 04:00:00,2947.68,2980.0,2899.99,2948.15,13397.427119
2025-12-17 08:00:00,2947.91,2975.55,2900.0,2928.85,95545.936457
2025-12-17 12:00:00,2928.85,3046.52,2877.23,2904.4,72653.942143
2025-12-17 16:00:00,2904.63,2937.94,2790.0,2820.74,55078.303622
2025-12-17 20:00:00,2820.73,2896.0,2791.66,2835.1,64829.510139
2025-12-18 00:00:00,2834.2,2880.0,2781.55,2832.36,24321.830877
2025-12-18 04:00:00,2832.42,2874.99,2814.1,2836.56,15325.37679
2025-12-18 08:00:00,2836.8,2876.18,2812.5,2858.72,3095802.253474
2025-12-18 12:00:00,2859.48,3020.0,2830.0,2965.36,3045006.563858
2025-12-18 16:00:00,2965.36,2969.28,2776.7,2782.9,119312.990846
2025-12-18 20:00:00,2782.9,2868.64,2770.58,2828.61,16888.606604
2025-12-19 00:00:00,2828.46,2931.58,2786.73,2908.76,1700672.4473
2025-12-19 04:00:00,2908.76,3000.0,2889.15,2951.7,104406.457801
2025-12-19 08:00:00,2952.5,2980.18,2929.25,2964.68,10866.208504
2025-12-19 12:00:00,2964.68,3068.35,2913.34,2964.72,137037.375788
2025-12-19 16:00:00,2964.72,3022.5,2926.0,2985.3,35139.851031
2025-12-19 20:00:00,2985.3,3030.0,2959.75,2979.85,13895.921589
2025-12-20 00:00:00,2979.84,3000.0,2963.2,2989.74,5868.33485
2025-12-20 04:00:00,2989.74,3040.0,2959.75,2981.55,12791.006029
2025-12-20 08:00:00,2981.56,3030.0,2953.33,2987.42,322767.771444
2025-12-20 12:00:00,2987.43,3024.96,2933.33,2977.22,26909.154294
2025-12-20 16:00:00,2977.23,3000.0,2954.62,2978.25,13194.13267
2025-12-20 20:00:00,2978.26,2986.58,2956.5,2978.14,11148.754782
2025-12-21 00:00:00,2978.15,2990.0,2950.18,2973.1,6065.494799
2025-12-21 04:00:00,2973.09,2982.69,2950.85,2981.5,8620.05871
2025-12-21 08:00:00,2981.49,3060.0,2961.48,2996.7,24243.346639
2025-12-21 12:00:00,2996.69,3024.0,2926.66,2974.67,28775.003765
2025-12-21 16:00:00,2974.67,3039.54,2953.57,2991.39,11406.150743
2025-12-21 20:00:00,2991.39,3014.0,2971.49,3002.07,7688.041986
2025-12-22 00:00:00,3002.02,3060.0,2960.34,3021.83,11284.035279
2025-12-22 04:00:00,3021.65,3059.9,3011.06,3030.22,8739.319759
2025-12-22 08:00:00,3030.19,3073.33,3000.0,3049.28,12758.137199
2025-12-22 12:00:00,3049.29,3083.33,3010.51,3052.81,15404.453182
2025-12-22 16:00:00,3052.78,3066.11,2974.94,2981.01,11904.083056
2025-12-22 20:00:00,2981.01,3020.0,2965.91,3009.45,8780.987427
2025-12-23 00:00:00,3009.41,3041.66,2970.0,2994.09,8254.145609
2025-12-23 04:00:00,2992.01,3011.76,2947.58,2965.2,9620.40839
2025-12-23 08:00:00,2969.54,2996.06,2941.47,2973.6,8516.107856
2025-12-23 12:00:00,2973.61,2991.69,2897.44,2928.99,14054.772308
2025-12-23 16:00:00,2928.46,2979.25,2909.34,2943.86,15671.43393
2025-12-23 20:00:00,2943.95,2988.88,2940.25,2964.62,7802.734953
2025-12-24 00:00:00,2964.89,2987.9,2922.22,2945.82,8524.799573
2025-12-24 04:00:00,2945.87,2966.63,2918.36,2932.75,5033.8849
2025-12-24 08:00:00,2932.72,2949.99,2910.0,2925.8,8820.725686
2025-12-24 12:00:00,2925.46,2955.0,2881.85,2925.8,10109.250062
2025-12-24 16:00:00,2925.57,2958.33,2916.0,2945.9,6752.771696
2025-12-24 20:00:00,2946.0,2968.5,2940.0,2947.47,6729.403579
2025-12-25 00:00:00,2947.48,3039.29,2929.5,2947.25,6776.4751
2025-12-25 04:00:00,2947.26,2962.5,2920.51,2942.23,4658.20143
2025-12-25 08:00:00,2942.25,2946.88,2910.0,2924.94,15832.513694
2025-12-25 12:00:00,2924.95,2970.84,2910.0,2960.89,11926.751436
2025-12-25 16:00:00,2960.89,2980.0,2940.0,2956.8,4541.165302
2025-12-25 20:00:00,2956.29,2965.81,2883.33,2903.85,9170.384096
2025-12-26 00:00:00,2904.1,2999.73,2895.25,2964.6,10643.750401
2025-12-26 04:00:00,2964.88,3000.0,2949.22,2957.0,11515.487306
2025-12-26 08:00:00,2956.85,2991.75,2950.0,2964.58,5033.481372
2025-12-26 12:00:00,2964.75,3001.38,2895.5,2923.14,14333.722771
2025-12-26 16:00:00,2923.4,2956.25,2906.94,2926.05,8364.470038
2025-12-26 20:00:00,2925.96,2969.02,2920.0,2928.0,8311.489438
2025-12-27 00:00:00,2928.71,2938.46,2913.84,2933.31,1376.338316
2025-12-27 04:00:00,2933.4,2942.5,2900.0,2933.05,41439.305185
2025-12-27 08:00:00,2933.06,2960.34,2887.3,2931.16,68320.635831
2025-12-27 12:00:00,2931.01,2986.66,2880.6,2923.07,1835373.682066
2025-12-27 16:00:00,2923.07,2975.91,2880.0,2930.67,24613.948859
2025-12-27 20:00:00,2930.8,2959.74,2926.0,2944.67,6690.385207
2025-12-28 00:00:00,2948.65,2965.51,2898.48,2943.72,34731.070988
2025-12-28 04:00:00,2943.35,2960.0,2880.97,2884.4,15833.653897
2025-12-28 08:00:00,2889.42,2961.71,2700.0,2944.04,127189.806923
2025-12-28 12:00:00,2944.2,2970.0,2920.0,2949.2,54531.146905
2025-12-28 16:00:00,2949.25,2999.99,2889.73,2933.65,89319.316039
2025-12-28 20:00:00,2933.69,2965.81,2920.0,2950.3,9640.786087
2025-12-29 00:00:00,2951.05,3048.47,2943.68,3043.8,16982.745559
2025-12-29 04:00:00,3043.73,3072.38,3005.75,3019.4,17884.62946
2025-12-29 08:00:00,3019.45,3060.52,2942.9,2979.0,28093.520665
2025-12-29 12:00:00,2984.0,3018.11,2853.05,2936.0,64784.825086
2025-12-29 16:00:00,2935.69,3020.0,2860.0,2932.45,75157.634867
2025-12-29 20:00:00,2932.58,2958.33,2912.68,2938.85,13231.139373
2025-12-30 00:00:00,2938.31,2981.8,2908.36,2951.65,17663.027811
2025-12-30 04:00:00,2951.6,3001.38,2932.32,2951.17,18076.092974
2025-12-30 08:00:00,2951.15,3002.97,2945.15,2978.7,17601.568796
2025-12-30 12:00:00,2978.7,3014.03,2959.99,2989.3,17256.64023
2025-12-30 16:00:00,2989.65,3025.44,2928.39,2971.64,20793.543714
2025-12-30 20:00:00,2971.37,3019.97,2925.33,2973.73,23933.538019
2025-12-31 00:00:00,2973.75,2999.99,2949.15,2970.81,272971.013304
2025-12-31 04:00:00,2970.86,2998.64,2958.6,2976.95,28152.848334
2025-12-31 08:00:00,2976.95,3060.0,2943.76,3001.97,13061.334472
2025-12-31 12:00:00,3001.46,3078.4,2965.6,2985.25,13203.109421
2025-12-31 16:00:00,2985.8,3012.0,2958.82,2971.86,51410.885075
2025-12-31 20:00:00,2971.32,2997.37,2952.0,2971.6,12195.314987
2026-01-01 00:00:00,2971.63,3002.2,2936.0,2980.3,5642.861363
2026-01-01 04:00:00,2980.55,2991.0,2961.65,2978.83,2995.776844
2026-01-01 08:00:00,2980.0,3028.4,2960.0,2989.5,13987.700699
2026-01-01 12:00:00,2989.5,3008.62,2963.0,2989.72,28821.096401
2026-01-01 16:00:00,2989.82,3045.98,2937.04,2995.4,24707.653836
2026-01-01 20:00:00,2995.4,3016.0,2985.1,3004.22,15712.023967
2026-01-02 00:00:00,3004.22,3048.47,2969.39,3022.5,6705.391167
2026-01-02 04:00:00,3022.6,3058.77,3005.46,3018.06,206212.509619
2026-01-02 08:00:00,3018.12,3075.0,3009.63,3047.75,2476367.177384
2026-01-02 12:00:00,3047.45,3104.83,3009.63,3084.26,2531407.589759
2026-01-02 16:00:00,3086.35,3171.42,3076.53,3123.55,29582.928929
2026-01-02 20:00:00,3124.14,3160.0,3107.15,3125.44,12447.931869
2026-01-03 00:00:00,3125.44,3139.77,3099.99,3125.46,31894.018222
2026-01-03 04:00:00,3125.5,3150.0,3062.47,3090.62,7686.691867
2026-01-03 08:00:00,3090.63,3120.82,3072.72,3098.62,7621.676512
2026-01-03 12:00:00,3098.56,3150.0,3086.5,3100.43,15061.448349
2026-01-03 16:00:00,3101.22,3125.78,3080.0,3112.85,5859.528728
2026-01-03 20:00:00,3113.27,3140.0,3107.0,3126.79,20178.165373
2026-01-04 00:00:00,3126.9,3190.0,3122.44,3147.68,61420.160042
2026-01-04 04:00:00,3147.38,3168.0,3091.79,3140.95,9036.849
2026-01-04 08:00:00,3140.95,3168.34,3110.0,3139.73,8741.379627
2026-01-04 12:00:00,3139.8,3160.0,3104.0,3135.99,27927.153282
2026-01-04 16:00:00,3135.59,3182.75,3085.78,3133.01,17039.652822
2026-01-04 20:00:00,3133.01,3154.64,3118.18,3145.09,5693.89285
2026-01-05 00:00:00,3144.71,3232.08,3122.0,3185.91,22388.709601
2026-01-05 04:00:00,3186.23,3192.01,3130.0,3157.48,10909.574594
2026-01-05 08:00:00,3157.48,3192.01,3142.89,3180.23,11541.799827
2026-01-05 12:00:00,3180.23,3210.09,3124.99,3196.59,30286.58799
2026-01-05 16:00:00,3196.62,3240.0,3151.25,3223.15,14128.911869
2026-01-05 20:00:00,3223.11,3348.0,3169.0,3225.31,17340695.620397
2026-01-06 00:00:00,3225.24,3278.09,3180.76,3225.2,1768619.139796
2026-01-06 04:00:00,3225.14,3288.23,3180.76,3230.0,2238961.658022
2026-01-06 08:00:00,3230.0,3290.0,3170.03,3250.0,2132570.146835
2026-01-06 12:00:00,3245.88,3344.62,3180.0,3241.1,4855883.126502
2026-01-06 16:00:00,3241.1,3318.98,3160.0,3223.59,13761841.424084
2026-01-06 20:00:00,3223.6,3348.39,3192.66,3309.07,13118155.03999
2026-01-07 00:00:00,3309.03,3340.0,3200.0,3294.72,11407341.53886
2026-01-07 04:00:00,3294.72,3312.63,3243.75,3255.27,1022918.152777
2026-01-07 08:00:00,3255.27,3270.0,3192.3,3221.47,35581.177763
2026-01-07 12:00:00,3220.81,3228.75,3150.0,3164.85,10992346.050736
2026-01-07 16:00:00,3164.78,3199.99,3091.27,3145.67,46746.253458
2026-01-07 20:00:00,3145.66,3184.99,3120.0,3168.65,16491.040928
2026-01-08 00:00:00,3168.66,3208.33,3132.5,3142.7,15878.861613
2026-01-08 04:00:00,3142.7,3163.33,3095.16,3128.0,27543.463511
2026-01-08 08:00:00,3128.0,3160.0,3098.14,3121.08,12292.536967
2026-01-08 12:00:00,3121.22,3133.66,3055.21,3104.15,28410.743515
2026-01-08 16:00:00,3104.55,3143.27,3090.47,3111.35,16126.624529
2026-01-08 20:00:00,3111.35,3132.45,3087.49,3106.44,13216.657765
2026-01-09 00:00:00,3106.7,3144.0,3080.0,3120.29,14178.795583
2026-01-09 04:00:00,3119.71,3140.0,3110.5,3111.17,4067.85996
2026-01-09 08:00:00,3111.12,3115.38,3067.94,3090.01,15323.407519
2026-01-09 12:00:00,3090.29,3147.21,3058.0,3112.26,28449.071649
2026-01-09 16:00:00,3112.3,3150.0,3066.66,3080.82,28312.908399
2026-01-09 20:00:00,3080.39,3099.17,3061.41,3088.45,8717.411414
2026-01-10 00:00:00,3088.5,3101.75,3069.44,3086.85,4765.242742
2026-01-10 04:00:00,3086.82,3100.0,3069.44,3093.09,4145.875643
2026-01-10 08:00:00,3093.12,3123.61,3057.5,3097.0,11763.320118
2026-01-10 12:00:00,3097.0,3105.55,3041.85,3095.6,19874.688026
2026-01-10 16:00:00,3095.56,3199.73,3084.38,3092.23,101533.845454
2026-01-10 20:00:00,3092.2,3115.0,3078.79,3086.84,51352.316287
2026-01-11 00:00:00,3086.85,3105.55,3072.0,3097.29,28644.452681
2026-01-11 04:00:00,3096.91,3113.33,3078.23,3095.35,7495.116572
2026-01-11 08:00:00,3095.36,3120.0,3080.0,3104.28,9295.689414
2026-01-11 12:00:00,3105.07,3135.59,3092.0,3118.24,9978.205117
2026-01-11 16:00:00,3118.11,3150.0,3106.75,3125.29,9142.766513
2026-01-11 20:00:00,3124.66,3139.75,3093.22,3123.65,11572.17518
2026-01-12 00:00:00,3123.63,3175.0,3098.21,3152.49,13393.140055
2026-01-12 04:00:00,3152.5,3208.33,3125.9,3135.62,18255.065944
2026-01-12 08:00:00,3135.61,3147.82,3099.06,3119.99,8127.15277
2026-01-12 12:00:00,3115.6,3204.46,3020.0,3130.58,64365.315678
2026-01-12 16:00:00,3130.59,3145.94,3087.8,3121.76,19859.530344
2026-01-12 20:00:00,3121.76,3131.5,3085.52,3095.66,11114.089249
2026-01-13 00:00:00,3095.66,3162.29,3038.46,3116.26,31436.885765
2026-01-13 04:00:00,3116.31,3150.0,3111.42,3120.0,8442.119791
2026-01-13 08:00:00,3122.3,3173.07,3118.64,3134.09,18831.829049
2026-01-13 12:00:00,3134.05,3188.56,3129.37,3184.0,22705.024353
2026-01-13 16:00:00,3184.42,3216.09,3167.79,3215.84,11682225.171282
2026-01-13 20:00:00,3216.0,3370.0,3191.31,3325.18,29114.214433
2026-01-14 00:00:00,3325.27,3425.21,3307.81,3352.49,73994.084526
2026-01-14 04:00:00,3352.49,3365.38,3316.66,3334.71,18066.301713
2026-01-14 08:00:00,3335.6,3350.0,3288.46,3291.41,15394.734739
2026-01-14 12:00:00,3291.38,3451.87,3287.5,3345.79,4831750.215832
2026-01-14 16:00:00,3345.67,3430.0,3322.47,3367.31,7963647.598054
2026-01-14 20:00:00,3367.54,3390.0,3340.9,3354.74,13535.437653
2026-01-15 00:00:00,3354.75,3358.97,3278.06,3287.05,16699123.176158
2026-01-15 04:00:00,3286.46,3335.75,3284.75,3329.8,940422.553823
2026-01-15 08:00:00,3330.04,3384.61,3320.08,3349.45,40344.420701
2026-01-15 12:00:00,3349.45,3387.23,3286.37,3332.05,21211.341672
2026-01-15 16:00:00,3331.25,3339.28,3277.59,3295.82,19254.31469
2026-01-15 20:00:00,3295.69,3322.24,3278.24,3319.14,14272.791873
2026-01-16 00:00:00,3318.75,3334.29,3292.32,3295.26,12371.278268
2026-01-16 04:00:00,3295.26,3316.66,3277.94,3313.14,6291.816624
2026-01-16 08:00:00,3313.39,3330.0,3291.06,3302.0,6240.25272
2026-01-16 12:00:00,3302.12,3320.82,3253.49,3264.31,15653.224583
2026-01-16 16:00:00,3264.51,3290.51,3250.41,3276.54,9629.856232
2026-01-16 20:00:00,3276.8,3300.0,3264.74,3296.39,8591.147136
2026-01-17 00:00:00,3296.27,3301.61,3278.46,3291.36,2894.853729
2026-01-17 04:00:00,3289.41,3300.0,3281.5,3291.0,3277.422664
2026-01-17 08:00:00,3291.87,3342.03,3253.61,3302.57,21804.396127
2026-01-17 12:00:00,3302.51,3330.0,3296.61,3329.68,4960.146722
2026-01-17 16:00:00,3329.8,3332.69,3310.0,3316.46,12648.437618
2026-01-17 20:00:00,3316.46,3322.69,3297.95,3310.6,6143.234202
2026-01-18 00:00:00,3310.6,3324.15,3290.0,3316.35,13990.349631
2026-01-18 04:00:00,3316.1,3324.15,3298.07,3307.0,9156.669044
2026-01-18 08:00:00,3307.24,3330.0,3300.0,3322.23,3879.680109
2026-01-18 12:00:00,3322.23,3423.07,3305.47,3334.05,38548.905342
2026-01-18 16:00:00,3334.02,3374.1,3329.99,3346.64,7671.590277
2026-01-18 20:00:00,3346.75,3410.0,3279.16,3284.04,58764.61577
2026-01-19 00:00:00,3284.35,3295.39,3180.0,3212.31,992773.722467
2026-01-19 04:00:00,3212.26,3218.9,3184.56,3207.02,46713.332122
2026-01-19 08:00:00,3207.25,3247.83,3197.5,3223.84,13331.878276
2026-01-19 12:00:00,3223.84,3314.8,3204.61,3215.95,69751.114438
2026-01-19 16:00:00,3215.96,3236.21,3205.35,3219.55,8992.852842
2026-01-19 20:00:00,3219.69,3233.42,3167.78,3189.44,9987.490543
2026-01-20 00:00:00,3189.45,3290.0,3172.3,3188.8,34663.599769
2026-01-20 04:00:00,3188.85,3192.3,3103.74,3123.45,32191.676898
2026-01-20 08:00:00,3123.46,3129.94,3085.0,3109.65,17858.538486
2026-01-20 12:00:00,3109.65,3140.0,3000.0,3032.92,58154.759024
2026-01-20 16:00:00,3032.85,3042.9,2980.76,2996.75,2408308.408409
2026-01-20 20:00:00,2996.46,3017.29,2930.0,2939.9,11758500.928943
2026-01-21 00:00:00,2939.91,2986.1,2922.73,2981.82,13371.474591
2026-01-21 04:00:00,2981.81,3001.69,2960.0,2970.75,15263.619841
2026-01-21 08:00:00,2970.75,3016.66,2938.44,2944.48,1278764.892222
2026-01-21 12:00:00,2943.4,3068.92,2900.0,3002.91,69390.340825
2026-01-21 16:00:00,3002.69,3067.95,2865.38,3055.21,67530.486552
2026-01-21 20:00:00,3055.05,3059.32,2972.45,2982.18,19940.773131
2026-01-22 00:00:00,2982.18,3037.58,2980.95,3013.53,10788.081237
2026-01-22 04:00:00,3013.53,3076.92,2989.56,3001.14,31317.461998
2026-01-22 08:00:00,3001.06,3018.29,2978.24,2986.85,11994.516958
2026-01-22 12:00:00,2986.84,3008.88,2855.76,2942.68,41563.68538
2026-01-22 16:00:00,2942.01,2971.27,2925.13,2954.14,20880.718132
2026-01-22 20:00:00,2954.08,2961.53,2920.0,2952.89,16044.580033
2026-01-23 00:00:00,2952.89,2974.06,2945.0,2964.49,5164.048491
2026-01-23 04:00:00,2964.49,2987.83,2936.0,2948.8,91615.489825
2026-01-23 08:00:00,2948.8,2959.27,2916.24,2940.8,241957.158523
2026-01-23 12:00:00,2940.92,2959.52,2898.36,2952.78,195258.035175
2026-01-23 16:00:00,2952.73,3015.37,2940.0,2959.01,224967.717792
2026-01-23 20:00:00,2959.98,2971.15,2932.16,2956.57,195489.799445
2026-01-24 00:00:00,2956.32,2970.13,2949.47,2962.7,57281.71351
2026-01-24 04:00:00,2962.63,2970.13,2954.96,2957.03,58564.628604
2026-01-24 08:00:00,2957.01,2974.06,2955.22,2961.1,17095.050666
2026-01-24 12:00:00,2961.1,2971.15,2945.24,2957.22,49462.047947
2026-01-24 16:00:00,2957.17,2980.0,2952.35,2953.72,1963331.223784
2026-01-24 20:00:00,2954.01,2970.0,2950.45,2953.5,24908.479944
2026-01-25 00:00:00,2953.5,2970.0,2938.1,2942.73,88072.943322
2026-01-25 04:00:00,2942.73,2960.0,2935.16,2939.86,131041.410549
2026-01-25 08:00:00,2939.86,2960.0,2925.28,2937.45,166111.629028
2026-01-25 12:00:00,2937.34,2999.99,2923.58,2926.94,240795.164235
2026-01-25 16:00:00,2926.95,2932.62,2804.64,2813.09,748164.115982
2026-01-25 20:00:00,2813.0,2830.19,2787.41,2818.0,158980.065584
2026-01-26 00:00:00,2817.37,2897.79,2812.95,2850.92,4008728.724325
2026-01-26 04:00:00,2850.92,2907.1,2846.15,2874.0,21419.484962
2026-01-26 08:00:00,2868.47,2923.92,2867.82,2891.93,3662579.425655
2026-01-26 12:00:00,2892.21,2949.98,2880.85,2899.5,622172.490214
2026-01-26 16:00:00,2899.5,2936.88,2882.92,2923.4,18277.565224
2026-01-26 20:00:00,2923.36,2945.0,2890.0,2930.0,44300.501455
2026-01-27 00:00:00,2930.0,2950.0,2908.96,2941.15,28550.001885
2026-01-27 04:00:00,2940.96,2954.24,2924.81,2929.0,975494.404347
2026-01-27 08:00:00,2929.0,2943.42,2902.61,2917.28,888261.079739
2026-01-27 12:00:00,2922.65,2940.25,2906.94,2937.71,339862.349283
2026-01-27 16:00:00,2937.65,2999.99,2935.55,2980.4,625756.343581
2026-01-27 20:00:00,2980.4,3038.46,2979.26,3025.86,20196.994661
2026-01-28 00:00:00,3025.86,3032.27,2990.47,3004.95,4110164.082987
2026-01-28 04:00:00,3004.9,3019.86,2986.1,3004.9,3085893.172399
2026-01-28 08:00:00,3004.91,3080.45,2986.97,3040.24,96196.607369
2026-01-28 12:00:00,3043.9,3045.05,2986.1,3007.36,2507784.502147
2026-01-28 16:00:00,3007.89,3031.0,2991.07,3016.75,1020152.684558
2026-01-28 20:00:00,3022.47,3035.91,2997.0,3010.9,15215.387064
2026-01-29 00:00:00,3010.85,3019.23,2944.44,2952.92,12881.41352
2026-01-29 04:00:00,2952.9,2970.13,2938.44,2961.77,55489.603029
2026-01-29 08:00:00,2961.98,2968.75,2900.0,2929.36,59475.859157
2026-01-29 12:00:00,2929.36,2950.0,2800.0,2824.37,127299.179002
2026-01-29 16:00:00,2824.55,2860.17,2761.4,2797.7,489716.826291
2026-01-29 20:00:00,2797.65,2836.53,2788.46,2823.05,203492.246381
2026-01-30 00:00:00,2822.58,2829.66,2680.95,2741.06,1786705.552701
2026-01-30 04:00:00,2741.06,2774.56,2701.92,2741.02,926336.647879
2026-01-30 08:00:00,2740.69,2768.56,2711.75,2760.23,1865536.773484
2026-01-30 12:00:00,2759.89,2788.55,2700.57,2729.7,5687610.363566
2026-01-30 16:00:00,2729.48,2775.0,2654.77,2742.25,2571382.007885
2026-01-30 20:00:00,2742.36,2760.0,2669.66,2707.25,395664.220845
2026-01-31 00:00:00,2707.25,2719.0,2684.69,2696.11,327828.641354
2026-01-31 04:00:00,2696.1,2711.53,2670.0,2680.51,158415.158311
2026-01-31 08:00:00,2680.5,2696.0,2610.0,2640.7,743904.660719
2026-01-31 12:00:00,2640.7,2726.32,2519.36,2534.25,11362776.602095
2026-01-31 16:00:00,2534.31,2556.11,2259.4,2385.86,666727.919807
2026-01-31 20:00:00,2390.24,2472.5,2357.0,2452.14,4741382.480166
2026-02-01 00:00:00,2452.2,2480.0,2430.6,2445.55,1991175.669599
2026-02-01 04:00:00,2445.56,2490.0,2395.05,2411.7,2024228.631078
2026-02-01 08:00:00,2411.61,2440.0,2379.71,2412.05,7480084.844335
2026-02-01 12:00:00,2412.05,2416.46,2294.87,2324.26,8268808.47293
2026-02-01 16:00:00,2328.56,2410.95,2293.7,2320.73,844737.835935
2026-02-01 20:00:00,2320.79,2350.0,2243.44,2270.47,2855843.56467
2026-02-02 00:00:00,2270.47,2325.64,2172.65,2238.74,1370193.743441
2026-02-02 04:00:00,2238.74,2267.85,2163.85,2231.2,799239.518677
2026-02-02 08:00:00,2235.57,2315.83,2230.72,2282.4,1140250.73114
2026-02-02 12:00:00,2282.3,2415.46,2281.82,2372.45,1629600.857706
2026-02-02 16:00:00,2372.5,2399.0,2328.81,2331.9,310186.493448
2026-02-02 20:00:00,2331.9,2355.25,2314.13,2347.0,513786.300519
2026-02-03 00:00:00,2347.0,2360.0,2288.35,2343.35,1101418.542261
2026-02-03 04:00:00,2343.81,2362.0,2300.0,2323.15,501344.231566
2026-02-03 08:00:00,2323.14,2355.76,2271.32,2276.56,448741.397045
2026-02-03 12:00:00,2276.65,2323.06,2260.98,2303.53,2182889.666778
2026-02-03 16:00:00,2303.4,2307.0,2120.0,2205.88,2998859.269534
2026-02-03 20:00:00,2210.8,2336.53,2190.0,2233.83,1274108.079189
2026-02-04 00:00:00,2233.81,2294.89,2225.55,2283.26,737967.300877
2026-02-04 04:00:00,2283.49,2295.0,2257.38,2284.0,296172.579211
2026-02-04 08:00:00,2283.94,2289.23,2230.21,2261.76,743007.885022
2026-02-04 12:00:00,2257.13,2263.5,2146.36,2161.76,869028.873318
2026-02-04 16:00:00,2161.76,2191.91,2077.92,2188.4,3144712.942276
2026-02-04 20:00:00,2188.4,2210.37,2100.0,2148.3,1117013.21233
2026-02-05 00:00:00,2148.11,2171.85,2105.76,2118.29,658433.827888
2026-02-05 04:00:00,2122.38,2144.0,2079.17,2098.01,912072.097451
2026-02-05 08:00:00,2098.01,2199.99,2071.59,2079.9,1797847.238173
2026-02-05 12:00:00,2079.92,2108.91,1933.0,1971.61,3111519.128497
2026-02-05 16:00:00,1975.59,2020.35,1917.25,1940.49,8397032.368576
2026-02-05 20:00:00,1936.82,1979.82,1820.93,1838.02,49591502.498662
2026-02-06 00:00:00,1838.89,1965.77,1749.8,1918.52,40369280.390616
2026-02-06 04:00:00,1918.52,1975.81,1886.45,1899.52,11509474.099696
2026-02-06 08:00:00,1899.52,1959.9,1868.63,1933.21,2088162.36109
2026-02-06 12:00:00,1934.0,2005.24,1918.0,1994.13,5217021.196613
2026-02-06 16:00:00,1998.14,2113.38,1993.8,2085.18,4212151.418557
2026-02-06 20:00:00,2085.18,2104.97,2043.51,2086.53,2583235.319007
2026-02-07 00:00:00,2086.53,2103.26,2035.3,2097.78,2415353.516043
2026-02-07 04:00:00,2103.21,2130.66,2004.57,2028.4,1377021.854174
2026-02-07 08:00:00,2028.39,2045.19,2000.6,2020.27,394383.990429
2026-02-07 12:00:00,2018.93,2074.51,2016.0,2052.59,586484.88169
2026-02-07 16:00:00,2052.59,2110.49,2016.0,2091.2,575768.071973
2026-02-07 20:00:00,2091.21,2115.38,2073.29,2087.38,1259722.001294
2026-02-08 00:00:00,2087.34,2107.48,2070.0,2078.69,237483.495232
2026-02-08 04:00:00,2078.85,2099.99,2057.16,2084.26,706614.556169
2026-02-08 08:00:00,2084.54,2134.61,2078.16,2132.25,1540736.537694
2026-02-08 12:00:00,2132.25,2144.23,2098.0,2109.07,2016863.195191
2026-02-08 16:00:00,2108.65,2130.0,2075.0,2126.93,273747.798809
2026-02-08 20:00:00,2126.93,2144.0,2075.0,2090.01,508888.149836
2026-02-09 00:00:00,2090.01,2103.04,2055.25,2100.51,1193182.45194
2026-02-09 04:00:00,2100.87,2105.0,2064.76,2065.85,13972.644986
2026-02-09 08:00:00,2065.9,2074.04,2014.15,2028.0,1042672.570316
2026-02-09 12:00:00,2028.31,2073.09,2010.0,2062.2,2539501.94775
2026-02-09 16:00:00,2062.2,2142.72,2047.75,2131.59,1117888.115844
2026-02-09 20:00:00,2131.57,2144.0,2090.0,2104.75,1191058.901591
2026-02-10 00:00:00,2104.9,2124.99,2055.1,2065.05,10411.44839
2026-02-10 04:00:00,2065.05,2090.09,1996.16,2008.0,109450.085388
2026-02-10 08:00:00,2008.17,2057.69,2000.0,2003.2,408108.700101
2026-02-10 12:00:00,2003.16,2069.11,1990.38,2028.84,334109.92601
2026-02-10 16:00:00,2023.34,2046.62,1992.0,2017.91,299096.288837
2026-02-10 20:00:00,2017.91,2033.33,1998.08,2022.95,17043.571481
2026-02-11 00:00:00,2022.85,2035.0,1998.0,2009.6,221949.247965
2026-02-11 04:00:00,2009.54,2016.3,1939.8,1951.11,73798.006815
2026-02-11 08:00:00,1951.11,1970.0,1931.45,1953.6,138558.467127
2026-02-11 12:00:00,1953.73,2006.58,1903.6,1929.37,1922436.463279
2026-02-11 16:00:00,1929.22,1961.52,1900.0,1952.5,77721.229371
2026-02-11 20:00:00,1952.3,1987.64,1932.69,1942.4,527678.340571
2026-02-12 00:00:00,1943.99,1991.51,1933.5,1968.99,1141279.55031
2026-02-12 04:00:00,1968.51,2015.43,1950.42,1971.05,94215.901907
2026-02-12 08:00:00,1972.05,2001.7,1957.14,1989.15,15102.661161
2026-02-12 12:00:00,1989.09,1997.82,1944.64,1948.82,155693.81599
2026-02-12 16:00:00,1948.84,1961.25,1898.0,1925.16,119578.920653
2026-02-12 20:00:00,1925.35,1953.0,1909.95,1947.73,96756.087567
2026-02-13 00:00:00,1948.0,1965.62,1928.0,1953.36,87826.126566
2026-02-13 04:00:00,1953.6,1960.0,1925.0,1935.96,38614.385387
2026-02-13 08:00:00,1936.0,1982.0,1925.0,1960.31,41841.370698
2026-02-13 12:00:00,1960.32,2053.84,1934.0,2034.95,1693615.112368
2026-02-13 16:00:00,2034.95,2074.51,2029.78,2059.35,2238222.127588
2026-02-13 20:00:00,2058.81,2067.3,2040.0,2049.5,11050.489728
2026-02-14 00:00:00,2048.93,2069.6,2038.46,2054.35,9166.375137
2026-02-14 04:00:00,2054.45,2069.6,2028.84,2056.97,349631.866498
2026-02-14 08:00:00,2056.96,2106.52,2056.84,2099.48,1068578.371179
2026-02-14 12:00:00,2099.49,2104.25,2063.95,2087.43,1149910.367305
2026-02-14 16:00:00,2087.51,2096.6,2067.3,2088.01,11344.682256
2026-02-14 20:00:00,2088.53,2100.0,2074.83,2086.4,455739.48808
2026-02-15 00:00:00,2086.7,2089.41,2039.38,2059.21,273930.619402
2026-02-15 04:00:00,2059.26,2100.0,2059.26,2090.79,1543507.391385
2026-02-15 08:00:00,2091.5,2097.43,2051.87,2062.0,18871.922713
2026-02-15 12:00:00,2062.0,2072.04,1997.81,2011.64,50561884.221354
2026-02-15 16:00:00,2011.61,2012.6,1931.0,1942.42,6066151.701254
2026-02-15 20:00:00,1942.34,1979.82,1934.64,1966.0,1045718.91805
2026-02-16 00:00:00,1966.6,1980.56,1949.72,1958.95,10435511.698968
2026-02-16 04:00:00,1958.95,1978.34,1953.31,1971.46,1349936.412565
2026-02-16 08:00:00,1971.49,1996.38,1958.1,1976.66,5429101.828979
2026-02-16 12:00:00,1976.46,2022.41,1944.41,1956.75,7344427.396939
2026-02-16 16:00:00,1956.61,1997.82,1956.56,1974.08,6696736.668826
2026-02-16 20:00:00,1974.3,2003.71,1972.01,1998.65,50614.159911
2026-02-17 00:00:00,1998.32,2008.0,1982.19,1985.86,2301941.777321
2026-02-17 04:00:00,1985.86,2000.0,1965.11,1985.91,6014160.106938
2026-02-17 08:00:00,1986.0,2004.5,1962.37,1968.77,7974107.342806
2026-02-17 12:00:00,1968.72,2000.54,1946.86,1968.25,16504049.042605
2026-02-17 16:00:00,1968.63,2017.0,1955.49,1999.32,8723040.991311
2026-02-17 20:00:00,1998.38,2017.0,1980.76,1991.3,15103.491948
2026-02-18 00:00:00,1991.8,2000.0,1965.41,1997.0,2398959.697798
2026-02-18 04:00:00,1996.67,2022.0,1986.8,2017.8,563870.903095
2026-02-18 08:00:00,2017.85,2039.11,1978.31,1981.41,1570913.052289
2026-02-18 12:00:00,1981.41,2009.92,1959.07,1985.65,6204673.078059
2026-02-18 16:00:00,1985.46,1992.0,1931.0,1941.05,9568419.431327
2026-02-18 20:00:00,1941.07,1960.0,1936.0,1956.2,3054942.79667
2026-02-19 00:00:00,1956.09,1990.0,1950.0,1972.44,160823.005751
2026-02-19 04:00:00,1972.44,1990.0,1961.52,1981.78,298930.239769
2026-02-19 08:00:00,1981.79,1990.0,1949.22,1949.51,924070.383875
2026-02-19 12:00:00,1949.83,1959.86,1914.0,1926.61,1400595.890497
2026-02-19 16:00:00,1926.47,1952.29,1909.87,1941.45,1282585.299391
2026-02-19 20:00:00,1941.46,1959.5,1934.87,1948.69,63954.51121
2026-02-20 00:00:00,1948.84,1970.0,1940.0,1954.93,7468.899896
2026-02-20 04:00:00,1954.89,1968.44,1931.45,1961.03,189388.878081
2026-02-20 08:00:00,1960.91,1980.0,1940.82,1943.44,145096.33302
2026-02-20 12:00:00,1943.47,1979.9,1924.4,1963.74,2056601.799892
2026-02-20 16:00:00,1963.79,1981.37,1939.35,1963.7,116618.310956
2026-02-20 20:00:00,1963.7,1975.0,1935.0,1969.15,367342.002055
2026-02-21 00:00:00,1968.85,1975.0,1950.0,1959.01,7407.307089
2026-02-21 04:00:00,1959.25,1971.14,1951.0,1962.95,15955.202154
2026-02-21 08:00:00,1962.96,1988.42,1959.0,1977.1,483238.812935
2026-02-21 12:00:00,1977.06,1995.0,1949.12,1988.23,2677502.395185
2026-02-21 16:00:00,1988.15,1996.0,1965.41,1988.55,2080854.11566
2026-02-21 20:00:00,1988.55,1996.0,1960.0,1974.15,884320.070791
2026-02-22 00:00:00,1973.56,1982.6,1960.0,1975.1,18757.214671
2026-02-22 04:00:00,1975.01,1979.82,1961.52,1976.24,987.485143
2026-02-22 08:00:00,1976.2,1983.54,1961.52,1980.69,119120.164963
2026-02-22 12:00:00,1980.7,1985.0,1944.61,1954.15,794711.354864
2026-02-22 16:00:00,1954.06,1972.0,1935.0,1943.8,1724791.878995
2026-02-22 20:00:00,1944.05,1975.0,1940.0,1957.98,346194.456612
2026-02-23 00:00:00,1957.98,1960.58,1832.4,1863.25,5102430.12235
2026-02-23 04:00:00,1867.02,1890.0,1855.0,1885.27,571585.635922
2026-02-23 08:00:00,1885.27,1951.0,1874.94,1915.25,353070.348223
2026-02-23 12:00:00,1915.25,1941.17,1867.0,1896.05,3190882.315925
2026-02-23 16:00:00,1895.61,1917.56,1837.16,1857.39,3763640.146764
2026-02-23 20:00:00,1857.26,1885.0,1846.08,1856.58,360539.079246
2026-02-24 00:00:00,1856.58,1899.0,1807.6,1831.99,423561.001854
2026-02-24 04:00:00,1832.01,1852.94,1814.0,1826.12,78425.417165
2026-02-24 08:00:00,1825.99,1886.74,1814.0,1826.8,4376568.979265
2026-02-24 12:00:00,1826.81,1855.0,1805.26,1847.36,3397012.259768
2026-02-24 16:00:00,1847.36,1865.0,1837.88,1852.44,252148.216729
2026-02-24 20:00:00,1852.32,1870.58,1829.22,1851.7,1534218.973323
2026-02-25 00:00:00,1851.85,1937.64,1846.47,1906.24,153741.246285
2026-02-25 04:00:00,1906.24,1969.65,1879.39,1893.4,1110432.481576
2026-02-25 08:00:00,1893.38,1927.52,1888.51,1926.02,639625.979549
2026-02-25 12:00:00,1926.37,2026.23,1922.54,2013.86,2100379.947301
2026-02-25 16:00:00,2013.86,2081.42,2009.81,2071.09,1576453.822693
2026-02-25 20:00:00,2071.05,2134.7,2039.05,2057.6,925780.395315
2026-02-26 00:00:00,2057.6,2076.92,2039.11,2054.48,104674.312949
2026-02-26 04:00:00,2054.35,2086.0,2030.0,2053.12,869352.679044
2026-02-26 08:00:00,2053.12,2082.82,2044.44,2057.36,1030921.42097
2026-02-26 12:00:00,2057.56,2072.58,2015.3,2032.85,10325553.91697
2026-02-26 16:00:00,2033.1,2038.46,1979.85,2029.9,763120.506666
2026-02-26 20:00:00,2030.22,2043.51,2019.23,2027.65,2800385.39757
2026-02-27 00:00:00,2027.65,2048.32,2003.9,2045.2,648637.262012
2026-02-27 04:00:00,2045.2,2063.04,2015.0,2032.59,1085733.508407
2026-02-27 08:00:00,2032.59,2045.76,1955.4,1962.45,2679424.296699
2026-02-27 12:00:00,1962.49,1970.85,1941.5,1948.88,5230944.016717
2026-02-27 16:00:00,1948.66,1954.06,1912.0,1921.09,3658195.749749
2026-02-27 20:00:00,1921.3,1938.2,1905.1,1929.64,1249394.348336
2026-02-28 00:00:00,1929.81,1936.93,1921.45,1924.34,288202.014209
2026-02-28 04:00:00,1924.36,1952.94,1843.08,1866.7,1406882.308306
2026-02-28 08:00:00,1866.91,1882.35,1840.0,1863.42,3809461.625887
2026-02-28 12:00:00,1863.5,1959.07,1863.08,1898.74,2197186.720121
2026-02-28 16:00:00,1898.68,1954.06,1888.88,1943.99,541716.801128
2026-02-28 20:00:00,1939.99,1983.43,1939.95,1964.7,17530743.108998
2026-03-01 00:00:00,1964.31,2062.0,1945.42,2022.98,1941608.757758
2026-03-01 04:00:00,2022.98,2029.56,1989.12,2007.0,416760.218565
2026-03-01 08:00:00,2007.03,2010.0,1961.52,1983.14,466551.938065
2026-03-01 12:00:00,1983.16,2029.13,1960.0,1992.64,2974971.716364
2026-03-01 16:00:00,1993.15,2008.05,1950.0,1954.11,3010094.003485
2026-03-01 20:00:00,1954.12,1964.69,1907.86,1939.25,1913772.835976
2026-03-02 00:00:00,1939.7,1989.12,1923.04,1971.95,104072.698647
2026-03-02 04:00:00,1972.1,2000.24,1915.0,1941.45,103363.256718
2026-03-02 08:00:00,1941.64,1966.66,1924.13,1947.4,44484.251428
2026-03-02 12:00:00,1947.85,2062.0,1922.19,2038.0,8961454.517555
2026-03-02 16:00:00,2042.52,2078.43,2016.15,2043.37,4787204.125067
2026-03-02 20:00:00,2043.61,2058.48,2004.0,2027.34,1595046.462234
2026-03-03 00:00:00,2027.5,2040.9,1998.36,2008.85,2835794.139424
2026-03-03 04:00:00,2008.85,2018.65,1987.95,1996.25,454633.692176
2026-03-03 08:00:00,1996.43,2005.29,1939.48,1961.37,215633.313911
2026-03-03 12:00:00,1961.36,1990.0,1932.0,1969.91,2786080.115333
2026-03-03 16:00:00,1969.0,2013.31,1951.9,1986.65,4881621.605053
2026-03-03 20:00:00,1986.09,2000.61,1960.0,1982.39,1372624.272285
2026-03-04 00:00:00,1982.9,1998.0,1945.22,1961.01,744068.128283
2026-03-04 04:00:00,1961.18,2008.64,1935.0,2006.46,245515.493518
2026-03-04 08:00:00,2006.63,2095.21,2000.0,2054.73,2620245.294508
2026-03-04 12:00:00,2054.97,2198.24,2029.33,2149.96,1641183.605381
2026-03-04 16:00:00,2149.96,2201.92,2129.94,2178.04,364781.834624
2026-03-04 20:00:00,2177.84,2181.68,2116.72,2127.6,46407.013326
2026-03-05 00:00:00,2127.83,2141.4,2102.0,2120.2,34399.297473
2026-03-05 04:00:00,2120.14,2163.46,2090.0,2105.1,164147.39613
2026-03-05 08:00:00,2105.15,2168.69,2086.0,2137.9,78912.713525
2026-03-05 12:00:00,2138.06,2153.84,2067.3,2086.87,2768418.013325
2026-03-05 16:00:00,2086.92,2095.0,2055.4,2074.55,540735.726229
2026-03-05 20:00:00,2074.46,2105.76,2055.0,2072.75,62633.588171
2026-03-06 00:00:00,2072.66,2106.52,2060.0,2083.95,72988.730466
2026-03-06 04:00:00,2083.91,2121.56,2058.0,2082.66,171239.362843
2026-03-06 08:00:00,2082.85,2100.0,2022.47,2051.39,151576.048377
2026-03-06 12:00:00,2054.34,2060.71,1966.8,1977.73,3339899.202987
2026-03-06 16:00:00,1977.73,1998.11,1956.0,1985.0,3756066.65257
2026-03-06 20:00:00,1984.0,1991.0,1968.31,1978.78,4927630.19837
2026-03-07 00:00:00,1978.78,1999.97,1971.3,1980.35,972529.054922
2026-03-07 04:00:00,1980.37,1990.38,1963.81,1983.15,570552.733566
2026-03-07 08:00:00,1983.5,2016.26,1975.5,1988.5,123193.666583
2026-03-07 12:00:00,1988.61,2028.0,1965.21,1981.05,4216875.824234
2026-03-07 16:00:00,1981.07,1986.79,1950.0,1955.51,1760038.329748
2026-03-07 20:00:00,1958.16,1986.79,1951.27,1969.5,23976.921183
2026-03-08 00:00:00,1969.75,1980.76,1936.59,1947.75,32976.334608
2026-03-08 04:00:00,1947.63,1980.76,1935.0,1955.45,1997152.003468
2026-03-08 08:00:00,1955.21,1986.9,1946.8,1951.2,2154406.117157
2026-03-08 12:00:00,1951.3,1954.6,1926.85,1943.05,5801176.121852
2026-03-08 16:00:00,1943.06,1970.0,1928.25,1964.5,1747155.609595
2026-03-08 20:00:00,1964.5,1970.99,1917.04,1936.9,1480592.015256
2026-03-09 00:00:00,1936.9,2004.24,1930.0,1977.59,467158.706338
2026-03-09 04:00:00,1977.6,2013.95,1948.8,1983.7,68132.047448
2026-03-09 08:00:00,1983.7,2020.94,1970.99,1992.2,159040.413161
2026-03-09 12:00:00,1992.2,2042.99,1989.16,2022.46,228424.101675
2026-03-09 16:00:00,2022.46,2051.95,1958.0,2034.22,203053.211753
2026-03-09 20:00:00,2034.08,2046.64,1990.38,1993.44,39974.487206
2026-03-10 00:00:00,1993.37,2060.0,1990.0,2027.0,92884.287355
2026-03-10 04:00:00,2027.0,2062.33,2010.0,2051.12,74126.483978
2026-03-10 08:00:00,2051.12,2075.78,2020.16,2061.95,57354.233369
2026-03-10 12:00:00,2061.95,2099.94,1979.82,2079.65,255418.485895
2026-03-10 16:00:00,2079.65,2102.54,2027.63,2037.05,43746.917793
2026-03-10 20:00:00,2037.11,2080.0,1991.31,2036.8,80324.122081
2026-03-11 00:00:00,2036.7,2063.17,2011.94,2021.3,67772.041694
2026-03-11 04:00:00,2021.21,2060.0,1989.12,2012.6,28805.771399
2026-03-11 08:00:00,2012.52,2157.49,2005.0,2018.1,625100.68677
2026-03-11 12:00:00,2018.1,2086.0,2001.7,2041.91,93665.362752
2026-03-11 16:00:00,2041.91,2086.53,2040.0,2076.9,69680.885413
2026-03-11 20:00:00,2076.39,2084.34,2042.99,2052.18,21085.26999
2026-03-12 00:00:00,2052.11,2099.99,1981.37,2023.46,284185.292024
2026-03-12 04:00:00,2023.5,2044.0,1989.3,2040.81,40823.417537
2026-03-12 08:00:00,2040.81,2080.0,2030.23,2062.04,118812.201577
2026-03-12 12:00:00,2062.98,2100.0,2031.56,2072.56,520366.603267
2026-03-12 16:00:00,2072.57,2077.72,2045.99,2070.29,595780.872659
2026-03-12 20:00:00,2070.25,2093.18,2054.0,2073.85,2339567.935865
2026-03-13 00:00:00,2073.86,2144.24,2071.02,2118.96,2990080.022214
2026-03-13 04:00:00,2118.95,2130.66,2086.53,2099.3,40389.009289
2026-03-13 08:00:00,2099.3,2133.61,2082.66,2120.87,61419.801235
2026-03-13 12:00:00,2120.82,2203.6,2118.33,2128.24,14466766.411526
2026-03-13 16:00:00,2128.22,2143.0,2090.0,2102.41,7318729.403676
2026-03-13 20:00:00,2102.46,2119.1,2078.78,2092.61,498043.346606
2026-03-14 00:00:00,2092.64,2108.83,2081.0,2101.5,107536.058604
2026-03-14 04:00:00,2101.5,2108.83,2071.1,2077.61,386407.227524
2026-03-14 08:00:00,2077.75,2123.8,2052.0,2073.85,405347.92478
2026-03-14 12:00:00,2073.86,2084.0,2055.55,2074.71,110829.637069
2026-03-14 16:00:00,2074.71,2103.84,2062.0,2077.56,298617.538929
2026-03-14 20:00:00,2077.56,2100.0,2070.73,2096.3,1456287.21765
2026-03-15 00:00:00,2096.3,2109.75,2076.92,2096.25,111054.214411
2026-03-15 04:00:00,2096.25,2123.0,2092.97,2105.67,615745.291401
2026-03-15 08:00:00,2105.67,2129.26,2096.15,2119.8,185914.295493
2026-03-15 12:00:00,2119.8,2126.96,2086.53,2093.84,217904.96402
2026-03-15 16:00:00,2093.84,2118.04,2080.18,2113.65,63360.133072
2026-03-15 20:00:00,2113.65,2200.0,2104.67,2177.91,1825289.206312
2026-03-16 00:00:00,2178.17,2265.85,2158.27,2253.94,1589530.195337
2026-03-16 04:00:00,2253.94,2289.77,2232.0,2248.51,58740.221389
2026-03-16 08:00:00,2248.51,2336.53,2230.87,2270.0,216720.984171
2026-03-16 12:00:00,2270.0,2346.15,2257.13,2274.09,232619.723622
2026-03-16 16:00:00,2273.39,2349.84,2270.29,2330.26,126653.162138
2026-03-16 20:00:00,2330.7,2384.5,2320.0,2352.67,214321.24062
2026-03-17 00:00:00,2352.68,2374.99,2307.4,2320.17,76116.37057
2026-03-17 04:00:00,2320.21,2343.9,2296.0,2327.88,119383.455754
2026-03-17 08:00:00,2327.88,2340.0,2303.35,2327.01,48279.360614
2026-03-17 12:00:00,2327.0,2363.41,2300.0,2316.18,232180.924
2026-03-17 16:00:00,2316.18,2343.9,2306.72,2322.93,475587.483024
2026-03-17 20:00:00,2322.93,2346.15,2316.58,2317.55,50726.720686
2026-03-18 00:00:00,2317.55,2349.84,2307.4,2340.74,13868.194101
2026-03-18 04:00:00,2340.74,2342.22,2249.99,2317.65,2504523.024766
2026-03-18 08:00:00,2317.64,2349.84,2263.68,2266.01,659322.196966
2026-03-18 12:00:00,2266.01,2272.5,2167.62,2187.59,1100900.014297
2026-03-18 16:00:00,2187.59,2219.99,2169.23,2185.88,4284967.648336
2026-03-18 20:00:00,2185.88,2207.31,2155.18,2203.42,192462.357095
2026-03-19 00:00:00,2203.43,2237.95,2186.72,2212.54,2489770.506332
2026-03-19 04:00:00,2212.12,2216.2,2147.32,2166.79,7235740.089126
2026-03-19 08:00:00,2166.79,2200.08,2148.78,2170.27,767185.785597
2026-03-19 12:00:00,2170.09,2173.07,2100.0,2119.26,1215552.715854
2026-03-19 16:00:00,2118.93,2158.87,2100.0,2138.09,537524.592521
2026-03-19 20:00:00,2138.09,2163.0,2117.06,2137.64,454183.658221
2026-03-20 00:00:00,2137.86,2163.0,2129.92,2151.44,312000.937714
2026-03-20 04:00:00,2151.44,2163.0,2121.04,2150.86,35174.180606
2026-03-20 08:00:00,2150.84,2184.66,2124.47,2141.93,97658.902338
2026-03-20 12:00:00,2141.88,2158.54,2116.43,2134.09,138331.641765
2026-03-20 16:00:00,2134.02,2153.27,2115.48,2132.74,59425.517002
2026-03-20 20:00:00,2132.82,2167.74,2124.0,2145.27,52935.035337
2026-03-21 00:00:00,2145.28,2163.47,2134.7,2153.52,130517.257334
2026-03-21 04:00:00,2153.52,2219.0,2137.65,2152.72,64559.82343
2026-03-21 08:00:00,2152.72,2172.0,2143.95,2157.29,49850.691727
2026-03-21 12:00:00,2157.41,2174.06,2140.0,2155.56,76234.223626
2026-03-21 16:00:00,2155.49,2161.43,2137.31,2152.68,35794.864077
2026-03-21 20:00:00,2152.42,2160.0,2074.59,2085.36,49848.787428
2026-03-22 00:00:00,2085.2,2125.95,2046.84,2113.8,466178.361748
2026-03-22 04:00:00,2113.85,2127.9,2093.08,2093.75,871296.214377
2026-03-22 08:00:00,2093.67,2100.0,2062.75,2069.8,1581010.695576
2026-03-22 12:00:00,2069.85,2101.8,2062.78,2083.05,289790.780112
2026-03-22 16:00:00,2083.2,2100.0,2054.5,2062.75,93060.993822
2026-03-22 20:00:00,2063.11,2073.58,2024.54,2053.9,52890.493493
2026-03-23 00:00:00,2053.86,2082.35,2031.56,2052.45,164947.028859
2026-03-23 04:00:00,2052.7,2074.0,2020.0,2044.55,91156.821506
2026-03-23 08:00:00,2044.8,2192.4,2027.25,2136.33,131355.890891
2026-03-23 12:00:00,2136.23,2191.81,2104.34,2128.46,197796.341044
2026-03-23 16:00:00,2128.55,2177.77,2115.71,2155.43,120780.482314
2026-03-23 20:00:00,2154.69,2175.0,2140.0,2152.14,27010.040447
2026-03-24 00:00:00,2152.05,2159.25,2123.0,2141.72,32646.206244
2026-03-24 04:00:00,2141.81,2173.07,2128.11,2165.85,56220.109399
2026-03-24 08:00:00,2165.68,2175.75,2147.35,2165.92,13256.020226
2026-03-24 12:00:00,2166.0,2177.06,2114.22,2135.05,59693.22687
2026-03-24 16:00:00,2135.12,2155.45,2086.88,2116.88,48607.641081
2026-03-24 20:00:00,2117.07,2164.0,2115.82,2156.39,35397.115961
2026-03-25 00:00:00,2156.87,2172.21,2146.96,2158.6,10681.292905
2026-03-25 04:00:00,2158.61,2180.0,2150.0,2164.53,24671.339151
2026-03-25 08:00:00,2164.93,2199.09,2159.42,2186.34,782370.665658
2026-03-25 12:00:00,2186.35,2199.09,2148.42,2162.7,1001566.489315
2026-03-25 16:00:00,2162.5,2184.53,2152.42,2172.39,33675.694666
2026-03-25 20:00:00,2172.85,2181.55,2152.0,2168.96,18137.758165
2026-03-26 00:00:00,2169.28,2176.0,2144.0,2153.66,13270.644564
2026-03-26 04:00:00,2153.36,2161.19,2109.51,2117.15,15899.484642
2026-03-26 08:00:00,2122.11,2134.58,2060.0,2068.76,39820.290894
2026-03-26 12:00:00,2068.97,2095.1,2050.0,2070.27,19551.833316
2026-03-26 16:00:00,2070.46,2084.0,2029.96,2047.88,12462.178476
2026-03-26 20:00:00,2049.03,2084.91,2046.95,2060.16,28482.401619
2026-03-27 00:00:00,2060.16,2089.38,2050.0,2061.16,14136.214654
2026-03-27 04:00:00,2061.33,2118.53,2043.7,2108.3,15346.229231
2026-03-27 08:00:00,2115.68,2118.45,1980.0,1991.57,547754.33516
2026-03-27 12:00:00,1991.57,2032.74,1915.45,1990.95,755594.108384
2026-03-27 16:00:00,1990.95,2004.95,1965.41,1991.59,128036.592124
2026-03-27 20:00:00,1991.64,2000.7,1972.75,1992.86,23799.022317
2026-03-28 00:00:00,1992.97,2002.72,1970.0,1988.9,30262.902785
2026-03-28 04:00:00,1989.1,2020.0,1980.0,2007.36,27556.144097
2026-03-28 08:00:00,2007.21,2020.0,1985.45,1998.3,16789.825912
2026-03-28 12:00:00,1997.62,2040.0,1988.0,2026.9,335725.371335
2026-03-28 16:00:00,2026.93,2086.74,2000.0,2020.55,68822.535828
2026-03-28 20:00:00,2020.65,2027.12,1990.52,1994.4,66576.893609
2026-03-29 00:00:00,1994.66,2019.14,1990.0,2011.59,40076.047694
2026-03-29 04:00:00,2011.14,2016.66,1995.18,2006.1,17075.660871
2026-03-29 08:00:00,2006.06,2016.16,1985.0,2001.98,23401.600502
2026-03-29 12:00:00,2002.0,2053.05,1969.97,1993.05,184439.788286
2026-03-29 16:00:00,1993.15,2040.0,1974.82,1995.89,57244.212065
2026-03-29 20:00:00,1996.01,2011.53,1940.92,1984.15,33838.689821
2026-03-30 00:00:00,1984.7,2043.9,1980.24,2041.93,140408.222424
2026-03-30 04:00:00,2038.7,2100.0,2024.0,2059.04,47523.89589
2026-03-30 08:00:00,2059.24,2080.23,2030.0,2071.0,25091.112845
2026-03-30 12:00:00,2072.0,2092.5,2034.57,2074.79,47234.111385
2026-03-30 16:00:00,2074.8,2096.65,2013.62,2024.11,52300.342487
2026-03-30 20:00:00,2024.1,2049.03,2014.24,2026.61,19235.443405
2026-03-31 00:00:00,2026.8,2109.51,2016.5,2066.81,64013.664203
2026-03-31 04:00:00,2067.07,2079.84,2037.26,2055.86,22147.810051
2026-03-31 08:00:00,2055.86,2064.0,2013.29,2041.72,35834.246349
2026-03-31 12:00:00,2041.73,2096.63,2035.77,2054.51,358744.625956
2026-03-31 16:00:00,2054.89,2131.89,2054.71,2097.35,70384.311165
2026-03-31 20:00:00,2097.15,2123.44,2087.0,2105.6,20418.595507
2026-04-01 00:00:00,2108.0,2120.0,2066.28,2102.76,25756.97522
2026-04-01 04:00:00,2102.97,2156.29,2100.76,2130.14,29266.856678
2026-04-01 08:00:00,2130.75,2200.0,2092.88,2176.0,39725.315071
2026-04-01 12:00:00,2176.0,2192.0,1658.31,1658.31,53451.104937
2026-04-01 16:00:00,1658.3,2073.9,1486.8,1498.4,106471.239732
2026-04-01 20:00:00,1498.39,1742.71,1491.66,1497.28,39946.544168
2026-04-02 00:00:00,1498.18,1956.0,1432.65,1438.71,93100.463062
2026-04-02 04:00:00,1439.05,2074.36,1427.97,2074.36,159867.251451
2026-04-02 08:00:00,2074.36,2091.99,1422.93,2033.16,201181.586673
2026-04-02 12:00:00,2033.2,2040.0,1760.0,1775.65,133744.978188
2026-04-02 16:00:00,1775.65,1776.37,1555.0,1555.0,15775.93754
2026-04-02 20:00:00,1558.79,1632.75,1555.0,1610.0,7852.556373
2026-04-03 00:00:00,1613.49,1760.58,1604.69,1747.96,15603.228888
2026-04-03 04:00:00,1747.96,1836.0,1746.98,1805.27,4021.27443
2026-04-03 08:00:00,1805.33,1922.19,1788.47,1905.0,19644.917939
2026-04-03 12:00:00,1905.0,1947.96,1881.62,1882.0,6308.689962
2026-04-03 16:00:00,1882.0,1919.2,1880.0,1904.1,5619.119749
2026-04-03 20:00:00,1904.1,1972.5,1901.66,1948.93,4633.292024
2026-04-04 00:00:00,1952.91,1965.92,1881.16,1881.3,7169.570424
2026-04-04 04:00:00,1881.3,1909.09,1881.3,1895.99,2471.741675
2026-04-04 08:00:00,1899.27,1927.18,1887.18,1924.25,4176.762435
2026-04-04 12:00:00,1924.25,1945.84,1900.0,1927.88,6048.932041
2026-04-04 16:00:00,1931.13,1950.62,1920.0,1933.0,4353.084457
2026-04-04 20:00:00,1933.0,1935.0,1903.65,1918.36,2364.457986
2026-04-05 00:00:00,1918.36,1921.45,1890.0,1895.99,1493.084838
2026-04-05 04:00:00,1895.99,1929.29,1888.88,1916.07,6541.00908
2026-04-05 08:00:00,1916.07,1916.72,1896.0,1905.81,1432.308178
2026-04-05 12:00:00,1905.81,1906.6,1879.95,1886.76,1733.159064
2026-04-05 16:00:00,1891.57,2070.7,1885.83,2061.93,38489.032966
2026-04-05 20:00:00,2061.95,2122.5,2040.46,2108.83,116361.745248
2026-04-06 00:00:00,2110.05,2134.57,1976.0,2007.19,148912.298985
2026-04-06 04:00:00,2007.19,2009.63,1940.0,1996.04,22654.052899
2026-04-06 08:00:00,1996.04,2012.0,1995.18,2009.63,3134.486483
2026-04-06 12:00:00,2009.63,2009.63,1959.03,1970.66,13087.828987
2026-04-06 16:00:00,1970.66,1976.57,1959.03,1976.57,2457.847191
2026-04-06 20:00:00,1976.57,1977.18,1964.38,1964.38,2150.917735
2026-04-07 00:00:00,1968.52,1970.0,1950.0,1957.19,3667.245455
2026-04-07 04:00:00,1957.19,2040.0,1952.91,2029.33,14920.993468
2026-04-07 08:00:00,2033.04,2071.94,2024.09,2065.51,13837.944998
2026-04-07 12:00:00,2065.51,2120.08,2050.35,2113.34,36566.913761
2026-04-07 16:00:00,2113.34,2126.35,2009.14,2125.67,65280.811742
2026-04-07 20:00:00,2125.74,2181.25,2110.0,2114.9,18092.454876
2026-04-08 00:00:00,2118.99,2147.37,1896.31,1896.31,32251.824002
2026-04-08 04:00:00,1896.31,1928.0,1863.8,1923.33,10192.625123
2026-04-08 08:00:00,1927.99,1937.27,1883.23,1931.56,14838.808614
2026-04-08 12:00:00,1931.56,2051.1,1917.69,2022.32,16286.587353
2026-04-08 16:00:00,2023.26,2060.0,1990.57,1998.23,10455.456019
2026-04-08 20:00:00,1998.23,2046.36,1990.21,2031.15,4478.141112
2026-04-09 00:00:00,2031.31,2144.0,2021.35,2139.35,7190.213466
2026-04-09 04:00:00,2144.0,2185.48,2071.81,2181.08,13403.10152
2026-04-09 08:00:00,2181.07,2195.71,2167.14,2180.14,11264.644038
2026-04-09 12:00:00,2180.11,2224.88,2158.27,2217.99,11220.022949
2026-04-09 16:00:00,2218.09,2233.31,2188.0,2216.41,18675.415596
2026-04-09 20:00:00,2216.5,2241.12,2178.72,2190.59,8347.224239
2026-04-10 00:00:00,2190.15,2204.88,2174.74,2186.23,9628.41875
2026-04-10 04:00:00,2186.37,2213.84,2164.0,2179.15,15774.962218
2026-04-10 08:00:00,2179.78,2228.0,2177.41,2215.56,4408.954167
2026-04-10 12:00:00,2215.57,2255.5,2207.78,2224.0,11231.729514
2026-04-10 16:00:00,2224.29,2260.0,2219.85,2253.1,19722.069106
2026-04-10 20:00:00,2253.15,2263.25,2226.31,2245.25,8981.527743
2026-04-11 00:00:00,2245.26,2260.0,2232.32,2236.97,8523.340456
2026-04-11 04:00:00,2237.32,2259.37,2220.0,2232.16,23733.368752
2026-04-11 08:00:00,2232.55,2252.19,2224.13,2246.08,4518.963553
2026-04-11 12:00:00,2246.08,2253.6,2225.0,2249.85,4588.749234
2026-04-11 16:00:00,2249.46,2328.15,2237.36,2315.99,25302.271202
2026-04-11 20:00:00,2315.97,2325.24,2277.52,2284.9,4784.987819
2026-04-12 00:00:00,2285.09,2300.0,2207.64,2214.64,11608.747816
2026-04-12 04:00:00,2214.19,2232.32,2195.96,2219.05,7506.30334
2026-04-12 08:00:00,2218.48,2239.19,2194.7,2204.7,18993.584527
2026-04-12 12:00:00,2207.71,2216.0,2164.26,2185.77,7640.279008
2026-04-12 16:00:00,2186.65,2211.62,2174.61,2198.51,8329.014843
2026-04-12 20:00:00,2198.37,2217.43,2180.0,2191.15,6996.424081
2026-04-13 00:00:00,2191.33,2212.12,2182.55,2194.91,8317.578088
2026-04-13 04:00:00,2194.26,2212.12,2174.83,2187.09,5954.146354
2026-04-13 08:00:00,2187.15,2199.09,2173.22,2187.45,12786.615771
2026-04-13 12:00:00,2187.46,2239.19,2175.92,2209.6,11473.914206
2026-04-13 16:00:00,2209.46,2267.85,2200.81,2262.65,12074.208289
2026-04-13 20:00:00,2262.59,2397.69,2246.12,2368.87,18481.610147
2026-04-14 00:00:00,2369.44,2389.3,2346.19,2365.18,22473.774294
2026-04-14 04:00:00,2365.16,2391.0,2352.0,2377.36,8332.407961
2026-04-14 08:00:00,2377.45,2400.0,2345.0,2373.76,15557.727344
2026-04-14 12:00:00,2374.01,2418.68,2333.52,2365.03,13158.459655
2026-04-14 16:00:00,2365.15,2372.0,2280.0,2312.78,14143.331562
2026-04-14 20:00:00,2313.34,2333.52,2300.0,2322.6,6656.380212
2026-04-15 00:00:00,2322.3,2347.36,2317.63,2331.27,6256.116179
2026-04-15 04:00:00,2328.9,2347.32,2290.7,2315.81,16534.543645
2026-04-15 08:00:00,2316.62,2338.4,2307.14,2337.24,4955.469874
2026-04-15 12:00:00,2337.25,2349.41,2309.75,2327.88,14850.323684
2026-04-15 16:00:00,2332.83,2390.0,2325.57,2374.78,27972.779021
2026-04-15 20:00:00,2374.88,2379.8,2348.18,2360.0,5849.999023
2026-04-16 00:00:00,2360.06,2373.25,2340.05,2357.99,3986.761257
2026-04-16 04:00:00,2357.99,2373.63,2336.0,2341.67,7133.755175
2026-04-16 08:00:00,2341.66,2358.17,2324.0,2336.19,6811.838197
2026-04-16 12:00:00,2336.26,2360.0,2283.33,2339.33,20152.20584
2026-04-16 16:00:00,2339.08,2361.96,2310.0,2359.85,18608.578747
2026-04-16 20:00:00,2359.95,2368.87,2336.0,2348.08,12771.847841
2026-04-17 00:00:00,2348.15,2362.83,2313.13,2325.46,10766.987196
2026-04-17 04:00:00,2325.72,2353.53,2314.99,2336.5,2210.830881
2026-04-17 08:00:00,2336.5,2373.63,2316.0,2354.55,5719292.698542
2026-04-17 12:00:00,2354.65,2460.65,2349.41,2442.03,23334.091043
2026-04-17 16:00:00,2442.0,2475.33,2412.1,2430.06,13430.592139
2026-04-17 20:00:00,2428.33,2443.91,2395.55,2419.04,9589.749298
2026-04-18 00:00:00,2419.03,2435.7,2394.36,2411.04,25873.20472
2026-04-18 04:00:00,2411.04,2422.9,2400.0,2404.74,3680.784842
2026-04-18 08:00:00,2403.8,2406.82,2340.76,2353.07,16706.093957
2026-04-18 12:00:00,2353.18,2380.0,2330.0,2363.98,25481.322198
2026-04-18 16:00:00,2363.69,2390.75,2333.33,2348.96,22982.480206
2026-04-18 20:00:00,2348.35,2360.95,2338.07,2350.34,3326.529488
2026-04-19 00:00:00,2350.2,2373.63,2331.93,2339.72,4834.922969
2026-04-19 04:00:00,2339.72,2349.41,2300.0,2316.11,25523.677766
2026-04-19 08:00:00,2316.11,2342.34,2300.0,2329.04,31779.972543
2026-04-19 12:00:00,2329.05,2370.92,2300.0,2330.34,29803.854227
2026-04-19 16:00:00,2330.53,2340.73,2282.67,2299.87,16962.573893
2026-04-19 20:00:00,2299.78,2304.0,2254.06,2262.77,5847.14972
2026-04-20 00:00:00,2263.8,2310.0,2259.42,2286.27,9383.36679
2026-04-20 04:00:00,2286.34,2327.87,2262.02,2298.07,11655.620401
2026-04-20 08:00:00,2298.1,2320.0,2289.94,2308.52,11403.943807
2026-04-20 12:00:00,2310.78,2325.64,2279.15,2314.09,11299.624186
2026-04-20 16:00:00,2313.87,2346.68,2297.29,2331.81,8940.817475
2026-04-20 20:00:00,2331.66,2346.17,2307.63,2314.27,5713.102399
2026-04-21 00:00:00,2313.92,2327.76,2292.27,2311.51,5409.823789
2026-04-21 04:00:00,2311.52,2346.66,2291.55,2318.75,25189.176063
2026-04-21 08:00:00,2318.4,2341.17,2309.68,2320.2,8030.869681
2026-04-21 12:00:00,2320.0,2333.33,2292.92,2310.4,10756.051889
2026-04-21 16:00:00,2310.44,2331.27,2286.36,2298.86,9685.454319
2026-04-21 20:00:00,2298.69,2329.99,2293.79,2327.34,3853.397536
2026-04-22 00:00:00,2327.58,2380.0,2301.74,2363.63,10008.735499
2026-04-22 04:00:00,2363.82,2420.0,2353.53,2389.53,19804.902376
2026-04-22 08:00:00,2390.06,2400.0,2376.38,2397.2,2108.575428
2026-04-22 12:00:00,2396.31,2420.0,2374.63,2393.3,9974.947162
2026-04-22 16:00:00,2397.85,2422.0,2372.0,2378.94,7950.696549
2026-04-22 20:00:00,2378.94,2384.0,2360.0,2379.23,1518.690735
2026-04-23 00:00:00,2377.9,2389.14,2333.52,2336.65,4464.810809
2026-04-23 04:00:00,2336.65,2360.06,2328.0,2344.41,3446.984959
2026-04-23 08:00:00,2344.42,2347.5,2304.0,2329.23,7882.856285
2026-04-23 12:00:00,2329.63,2360.0,2314.0,2333.27,10221.709698
2026-04-23 16:00:00,2333.4,2348.0,2285.85,2313.15,9528.43926
2026-04-23 20:00:00,2313.07,2339.0,2303.35,2330.31,8441.367584
2026-04-24 00:00:00,2330.45,2340.0,2300.93,2308.52,8025.575703
2026-04-24 04:00:00,2308.6,2328.28,2297.33,2311.77,4356.131418
2026-04-24 08:00:00,2311.78,2332.44,2292.92,2328.23,6151.581751
2026-04-24 12:00:00,2328.23,2352.0,2294.21,2324.0,16767.680324
2026-04-24 16:00:00,2323.89,2333.52,2306.39,2321.5,4702.253087
2026-04-24 20:00:00,2321.51,2328.4,2300.0,2315.08,2318.765164
2026-04-25 00:00:00,2315.09,2332.68,2298.69,2318.18,8309.524821
2026-04-25 04:00:00,2318.72,2320.0,2292.0,2316.86,4199.408097
2026-04-25 08:00:00,2316.65,2332.0,2300.0,2313.62,4236.836606
2026-04-25 12:00:00,2313.65,2322.66,2300.86,2308.44,3997.25218
2026-04-25 16:00:00,2308.01,2320.0,2300.0,2310.3,3186.267581
2026-04-25 20:00:00,2310.24,2322.85,2306.89,2319.72,1888.285722
2026-04-26 00:00:00,2319.72,2325.66,2301.74,2310.3,4735.249195
2026-04-26 04:00:00,2310.01,2337.45,2300.0,2331.15,6230.88524
2026-04-26 08:00:00,2331.15,2346.68,2320.0,2335.88,7798.479766
2026-04-26 12:00:00,2335.63,2358.29,2324.0,2347.88,4311.193478
2026-04-26 16:00:00,2348.23,2374.63,2339.95,2367.49,4321.203219
2026-04-26 20:00:00,2367.5,2378.0,2351.15,2369.01,5185.881219
2026-04-27 00:00:00,2369.36,2421.55,2356.13,2394.7,13416.034613
2026-04-27 04:00:00,2394.62,2395.99,2300.0,2316.7,18748.572381
2026-04-27 08:00:00,2316.19,2337.41,2306.89,2320.13,9174.688526
2026-04-27 12:00:00,2320.14,2331.81,2267.44,2275.01,13786.108201
2026-04-27 16:00:00,2275.12,2293.79,2253.27,2288.96,14636.614454
2026-04-27 20:00:00,2289.15,2308.3,2282.75,2303.91,4260.451133
2026-04-28 00:00:00,2303.72,2314.86,2276.72,2291.0,10015.714301
2026-04-28 04:00:00,2290.71,2296.82,2270.43,2287.85,3751.046858
2026-04-28 08:00:00,2288.0,2296.82,2262.87,2275.52,8958.332683
2026-04-28 12:00:00,2275.53,2290.7,2260.0,2279.28,9360.563135
2026-04-28 16:00:00,2279.96,2305.48,2264.82,2301.79,9432.770781
2026-04-28 20:00:00,2302.12,2308.18,2282.75,2289.4,3031.82254
2026-04-29 00:00:00,2289.24,2316.0,2277.9,2308.96,6381.474863
2026-04-29 04:00:00,2311.63,2344.99,2309.44,2324.05,7308.412028
2026-04-29 08:00:00,2323.81,2350.0,2316.0,2331.82,6932.275704
2026-04-29 12:00:00,2331.7,2335.86,2262.01,2272.42,12468.427137
2026-04-29 16:00:00,2272.43,2284.1,2214.33,2233.64,19515.747022
2026-04-29 20:00:00,2233.64,2264.0,2230.23,2253.71,3988.263212
2026-04-30 00:00:00,2253.08,2279.27,2236.39,2254.22,9361.61951
2026-04-30 04:00:00,2253.67,2275.34,2230.0,2260.2,39644.476628
2026-04-30 08:00:00,2260.69,2276.0,2249.99,2259.25,15346.507551
2026-04-30 12:00:00,2258.3,2276.72,2242.72,2265.82,26730.643201
2026-04-30 16:00:00,2265.84,2270.29,2244.0,2262.25,13192.14645
2026-04-30 20:00:00,2262.23,2268.0,2252.58,2257.84,4800.877083
2026-05-01 00:00:00,2257.96,2294.64,2253.6,2282.85,17944.988475
2026-05-01 04:00:00,2282.85,2301.74,2270.73,2279.62,11980.057872
2026-05-01 08:00:00,2279.63,2294.82,2270.29,2286.56,14088.770649
2026-05-01 12:00:00,2286.57,2327.87,2284.04,2308.27,43231.439968
2026-05-01 16:00:00,2308.08,2316.0,2293.33,2302.15,14846.856183
2026-05-01 20:00:00,2304.81,2307.82,2278.95,2295.69,12241.777491
2026-05-02 00:00:00,2295.57,2312.93,2285.85,2304.33,11689.598529
2026-05-02 04:00:00,2304.33,2320.0,2283.9,2300.59,42379.641917
2026-05-02 08:00:00,2300.73,2312.93,2292.32,2301.8,5733.566699
2026-05-02 12:00:00,2302.0,2317.5,2293.79,2309.11,13268.820157
2026-05-02 16:00:00,2309.11,2321.2,2294.82,2311.09,7252.602047
2026-05-02 20:00:00,2311.51,2342.53,2304.0,2317.42,11336.545767
2026-05-03 00:00:00,2317.17,2325.57,2299.16,2302.26,8641.573195
2026-05-03 04:00:00,2302.27,2314.06,2294.82,2309.26,6487.473065
2026-05-03 08:00:00,2309.48,2331.03,2293.79,2319.61,24226.107323
2026-05-03 12:00:00,2319.64,2338.13,2319.64,2328.14,9604.60022
2026-05-03 16:00:00,2328.14,2341.47,2318.96,2335.7,9159.039316
2026-05-03 20:00:00,2335.56,2367.24,2316.0,2323.08,19865.673941
2026-05-04 00:00:00,2323.08,2400.0,2308.18,2385.14,30460.088519
2026-05-04 04:00:00,2385.09,2400.5,2354.81,2362.8,24818.575393
2026-05-04 08:00:00,2362.69,2371.45,2314.28,2337.1,18951.982517
2026-05-04 12:00:00,2337.11,2382.89,2325.64,2350.08,23445.237418
2026-05-04 16:00:00,2350.17,2380.19,2337.06,2356.54,12717.433774
2026-05-04 20:00:00,2356.4,2365.67,2344.7,2347.16,5215.318349
2026-05-05 00:00:00,2347.25,2397.41,2343.31,2382.2,11226.285267
2026-05-05 04:00:00,2382.14,2399.94,2365.8,2380.99,15406.83999
2026-05-05 08:00:00,2380.64,2391.37,2364.98,2379.65,13031.660332
2026-05-05 12:00:00,2379.79,2408.33,2366.66,2381.25,20111.973728
2026-05-05 16:00:00,2381.29,2393.42,2357.08,2372.0,14003.019403
2026-05-05 20:00:00,2372.0,2393.88,2340.0,2361.0,34349.860928
2026-05-06 00:00:00,2361.01,2384.75,2355.25,2376.5,11006.885808
2026-05-06 04:00:00,2376.5,2388.0,2355.17,2371.14,22187.034403
2026-05-06 08:00:00,2371.69,2433.62,2369.4,2410.54,23820.427031
2026-05-06 12:00:00,2410.55,2413.58,2350.0,2359.59,25972.010074
2026-05-06 16:00:00,2359.12,2381.19,2325.64,2348.95,20370.816373
2026-05-06 20:00:00,2348.96,2366.66,2338.79,2351.29,7761.24683
2026-05-07 00:00:00,2351.29,2352.85,2309.68,2321.76,21038.986676
2026-05-07 04:00:00,2322.36,2350.0,2314.47,2344.8,13691.932071
2026-05-07 08:00:00,2344.81,2350.0,2317.63,2330.83,7826.461453
2026-05-07 12:00:00,2330.23,2340.05,2284.77,2294.46,11411.935953
2026-05-07 16:00:00,2294.48,2314.31,2280.0,2296.12,7161.588342
2026-05-07 20:00:00,2296.15,2303.07,2281.37,2291.52,5196.634706
2026-05-08 00:00:00,2292.27,2305.58,2264.65,2278.97,16246.990898
2026-05-08 04:00:00,2278.97,2307.0,2267.1,2281.23,17986.093539
2026-05-08 08:00:00,2281.55,2297.14,2268.01,2295.75,5216.311111
2026-05-08 12:00:00,2295.51,2300.0,2263.7,2293.28,9852.438738
2026-05-08 16:00:00,2293.28,2321.5,2276.72,2315.97,8408.320366
2026-05-08 20:00:00,2316.32,2324.74,2300.0,2307.55,4683.723504
2026-05-09 00:00:00,2307.55,2329.99,2301.74,2315.62,4083.324701
2026-05-09 04:00:00,2315.38,2340.0,2300.93,2314.73,5933.228742
2026-05-09 08:00:00,2314.73,2339.0,2305.49,2315.06,38762.2853
2026-05-09 12:00:00,2314.82,2325.57,2298.82,2317.5,7255.055702
2026-05-09 16:00:00,2317.5,2354.09,2306.99,2332.12,19268.326094
2026-05-09 20:00:00,2332.05,2340.0,2320.0,2326.9,2597.64862
2026-05-10 00:00:00,2326.43,2333.34,2309.21,2327.97,5285.193012
2026-05-10 04:00:00,2327.93,2340.0,2312.93,2327.51,3444.605917
2026-05-10 08:00:00,2327.51,2340.0,2312.0,2322.2,5225.757568
2026-05-10 12:00:00,2322.32,2350.0,2314.47,2348.13,18458.974807
2026-05-10 16:00:00,2347.82,2373.63,2338.36,2365.9,8514.858311
2026-05-10 20:00:00,2365.81,2385.33,2312.93,2369.61,14535.713132
2026-05-11 00:00:00,2371.4,2379.31,2313.33,2330.63,10029.127734
2026-05-11 04:00:00,2330.69,2348.21,2323.62,2330.9,6447.930563
2026-05-11 08:00:00,2330.86,2349.28,2318.96,2335.4,6416.402642
2026-05-11 12:00:00,2336.11,2346.66,2303.51,2332.77,12017.226923
2026-05-11 16:00:00,2333.49,2349.13,2322.23,2339.85,5376.21977
2026-05-11 20:00:00,2340.59,2345.73,2312.93,2339.61,5387.232732
2026-05-12 00:00:00,2339.89,2349.41,2297.08,2313.25,9310.987975
2026-05-12 04:00:00,2314.99,2329.99,2300.29,2329.41,2709.156769
2026-05-12 08:00:00,2329.41,2340.0,2279.27,2287.25,6674.813463
2026-05-12 12:00:00,2287.23,2300.0,2257.14,2262.12,19647.556647
2026-05-12 16:00:00,2262.05,2294.82,2256.75,2284.72,10348.102258
2026-05-12 20:00:00,2285.08,2299.5,2273.76,2275.26,1469.871157
2026-05-13 00:00:00,2275.05,2304.69,2273.36,2300.92,11691.139857
2026-05-13 04:00:00,2301.79,2312.0,2289.07,2301.39,3316.295685
2026-05-13 08:00:00,2301.44,2329.99,2298.78,2301.87,4954.555701
2026-05-13 12:00:00,2301.92,2307.51,2234.58,2237.56,9074.467243
2026-05-13 16:00:00,2236.92,2269.0,2234.48,2256.58,8771.566325
2026-05-13 20:00:00,2256.67,2264.65,2249.99,2258.59,11415.380177
2026-05-14 00:00:00,2258.79,2270.68,2253.18,2265.46,5092.763092
2026-05-14 04:00:00,2265.46,2292.0,2264.8,2286.34,7507.605394
2026-05-14 08:00:00,2286.34,2293.79,2248.0,2254.23,10396.339822
2026-05-14 12:00:00,2254.01,2300.0,2227.0,2298.4,263503.154081
2026-05-14 16:00:00,2298.47,2320.0,2293.98,2298.64,49885.472298
2026-05-14 20:00:00,2298.4,2304.14,2275.0,2283.59,37240.374439
2026-05-15 00:00:00,2283.56,2300.3,2260.55,2273.72,45997.072446
2026-05-15 04:00:00,2273.53,2280.0,2237.7,2265.15,25060.162837
2026-05-15 08:00:00,2265.15,2273.07,2244.0,2257.46,9280.22521
2026-05-15 12:00:00,2257.46,2264.65,2192.31,2222.78,43824.104311
2026-05-15 16:00:00,2222.78,2245.0,2218.93,2223.26,37444.985163
2026-05-15 20:00:00,2223.23,2251.09,2201.0,2224.25,43103.818301
2026-05-16 00:00:00,2224.64,2234.48,2220.0,2227.75,8030.1696
2026-05-16 04:00:00,2231.0,2236.06,2175.0,2195.23,19113.503809
2026-05-16 08:00:00,2194.86,2204.31,2150.98,2176.26,28293.669054
2026-05-16 12:00:00,2176.27,2193.33,2155.45,2180.39,35332.807373
2026-05-16 16:00:00,2180.14,2192.23,2167.14,2179.73,10211.119511
2026-05-16 20:00:00,2179.73,2194.8,2168.1,2180.49,10339.515416
2026-05-17 00:00:00,2180.75,2190.0,2163.47,2181.52,13468.163977
2026-05-17 04:00:00,2181.52,2200.07,2177.27,2186.71,9463.926529
2026-05-17 08:00:00,2186.56,2198.44,2165.44,2192.17,11535.284002
2026-05-17 12:00:00,2192.17,2209.13,2172.0,2186.35,40114.809056
2026-05-17 16:00:00,2186.29,2200.0,2159.82,2192.77,13916.596731
2026-05-17 20:00:00,2192.41,2196.5,2073.01,2131.0,44213.99851
2026-05-18 00:00:00,2130.75,2135.45,2100.0,2119.21,92509.444414
2026-05-18 04:00:00,2118.6,2133.63,2081.0,2120.91,37082.493093
2026-05-18 08:00:00,2120.92,2142.85,2100.0,2133.98,11764.389577
2026-05-18 12:00:00,2133.99,2167.94,2080.0,2106.66,259962.728288
2026-05-18 16:00:00,2107.94,2128.49,2068.38,2124.75,51243.006223
2026-05-18 20:00:00,2124.82,2150.77,2114.28,2130.1,29507.593978
2026-05-19 00:00:00,2130.09,2147.87,2116.81,2131.74,104917.301751
2026-05-19 04:00:00,2131.81,2165.89,2108.97,2141.07,37517.552869
2026-05-19 08:00:00,2140.89,2143.96,2101.72,2110.72,8598.162694
2026-05-19 12:00:00,2110.72,2130.53,2095.12,2109.22,10896.27908
2026-05-19 16:00:00,2110.32,2135.0,2100.0,2113.3,14974.248094
2026-05-19 20:00:00,2113.31,2123.65,2102.68,2111.76,3216.065105
2026-05-20 00:00:00,2112.04,2124.0,2100.0,2111.66,7584.826952
2026-05-20 04:00:00,2111.54,2147.24,2107.13,2129.57,8122.395217
2026-05-20 08:00:00,2129.6,2143.92,2120.0,2128.33,7316.069054
2026-05-20 12:00:00,2128.12,2148.63,2107.99,2136.74,22655.512927
2026-05-20 16:00:00,2136.78,2148.98,2124.0,2139.07,7220.7805
2026-05-20 20:00:00,2139.4,2143.96,2118.44,2129.36,20997.361943
2026-05-21 00:00:00,2129.58,2156.27,2117.0,2146.0,16869.96268
2026-05-21 04:00:00,2145.86,2150.77,2120.0,2135.98,6064.125762
2026-05-21 08:00:00,2135.25,2149.54,2100.0,2115.17,11677.80459
2026-05-21 12:00:00,2115.1,2140.0,2101.72,2132.53,11008.251491
2026-05-21 16:00:00,2132.6,2153.58,2114.85,2142.46,9228.338602
2026-05-21 20:00:00,2142.91,2145.42,2125.86,2133.8,2816.160372
2026-05-22 00:00:00,2133.93,2147.89,2119.82,2137.93,7286.525141
2026-05-22 04:00:00,2137.94,2144.17,2114.0,2128.74,4989.483539
2026-05-22 08:00:00,2128.91,2144.0,2113.79,2130.87,5399.472098
2026-05-22 12:00:00,2130.9,2144.23,2103.09,2119.68,9664.148806
2026-05-22 16:00:00,2119.61,2134.88,2047.5,2065.29,289517.429901
2026-05-22 20:00:00,2065.76,2080.0,2053.44,2065.92,9254.280503
2026-05-23 00:00:00,2066.0,2079.26,2052.6,2070.98,14217.167137
2026-05-23 04:00:00,2070.92,2090.7,1994.65,2028.85,41226.771732
2026-05-23 08:00:00,2028.8,2063.02,2015.0,2032.11,104629.440209
2026-05-23 12:00:00,2031.5,2071.31,2023.18,2060.22,12333.798441
2026-05-23 16:00:00,2060.23,2090.9,2055.0,2076.93,9793.860142
2026-05-23 20:00:00,2077.46,2156.55,2069.47,2117.83,42869.322428
2026-05-24 00:00:00,2117.94,2133.33,2096.36,2119.82,19580.013576
2026-05-24 04:00:00,2118.76,2142.49,2102.77,2120.47,15795.092257
2026-05-24 08:00:00,2120.91,2138.65,2115.41,2126.02,4206.136198
2026-05-24 12:00:00,2126.07,2130.28,2080.74,2095.97,49456.364706
2026-05-24 16:00:00,2095.97,2119.64,2087.2,2100.9,14368.102757
2026-05-24 20:00:00,2101.04,2119.19,2063.36,2099.89,9393.884798
2026-05-25 00:00:00,2099.9,2115.1,2087.2,2095.66,9938.635767
2026-05-25 04:00:00,2095.6,2132.05,2088.24,2116.13,21234.898137
2026-05-25 08:00:00,2116.31,2134.61,2100.0,2114.99,19168.342203
2026-05-25 12:00:00,2114.83,2145.5,2111.04,2126.94,23376.497091
2026-05-25 16:00:00,2126.9,2151.42,2111.81,2121.83,13066.304781
2026-05-25 20:00:00,2121.49,2126.93,2102.0,2112.91,5857.965251
2026-05-26 00:00:00,2112.92,2114.26,2079.84,2093.37,13849.997734
2026-05-26 04:00:00,2093.37,2111.81,2087.2,2095.84,9049.923488
2026-05-26 08:00:00,2095.4,2148.0,2077.99,2121.0,16900.28235
2026-05-26 12:00:00,2120.85,2149.54,2078.84,2088.1,23633.794356
2026-05-26 16:00:00,2087.61,2090.13,2056.31,2074.26,10388.567027
2026-05-26 20:00:00,2074.49,2085.66,2060.76,2073.75,6420.450609
2026-05-27 00:00:00,2073.86,2086.52,2063.36,2069.98,6039.41888
2026-05-27 04:00:00,2069.81,2091.71,2057.27,2083.89,8250.107837
2026-05-27 08:00:00,2083.81,2096.63,2071.31,2080.1,8877.837193
2026-05-27 12:00:00,2080.77,2096.63,2051.2,2071.57,22690.152132
2026-05-27 16:00:00,2071.69,2075.07,2041.91,2057.62,12523.065079
2026-05-27 20:00:00,2057.71,2066.96,2013.33,2025.21,10531.783336
2026-05-28 00:00:00,2025.1,2051.87,1960.96,1981.51,43261.983497
2026-05-28 04:00:00,1981.76,1996.53,1960.0,1995.3,125557.930605
2026-05-28 08:00:00,1995.67,2002.72,1979.82,1989.87,10525.741538
2026-05-28 12:00:00,1989.86,2007.27,1969.82,1990.69,20905.850776
2026-05-28 16:00:00,1990.27,2036.96,1978.99,2014.4,21022.624859
2026-05-28 20:00:00,2014.52,2024.75,2000.0,2009.89,4448.323623
2026-05-29 00:00:00,2010.18,2024.54,1994.23,2003.07,8928.568557
2026-05-29 04:00:00,2002.87,2023.64,1998.11,2007.36,4379.293345
2026-05-29 08:00:00,2007.89,2069.99,2000.0,2007.59,444751.430209
2026-05-29 12:00:00,2007.68,2053.57,1976.87,2031.55,15760.983844
2026-05-29 16:00:00,2032.02,2045.26,1999.13,2016.96,13213.539765
2026-05-29 20:00:00,2017.43,2031.58,2004.0,2014.33,4361.482185
2026-05-30 00:00:00,2014.47,2029.31,2007.76,2017.01,2241.38424
2026-05-30 04:00:00,2016.98,2022.22,2002.09,2016.43,4918.42164
2026-05-30 08:00:00,2016.35,2022.63,2012.6,2017.52,2398.963936
2026-05-30 12:00:00,2017.47,2040.0,2001.12,2026.89,5928.917688
2026-05-30 16:00:00,2026.9,2041.91,2016.0,2028.84,3694.149188
2026-05-30 20:00:00,2028.85,2031.74,2016.0,2021.97,1303.665412
2026-05-31 00:00:00,2022.85,2045.0,2015.69,2033.33,3945.707577
2026-05-31 04:00:00,2033.33,2050.0,2015.41,2024.04,7225.608581
2026-05-31 08:00:00,2023.81,2032.0,2005.17,2023.16,4136.231787
2026-05-31 12:00:00,2023.16,2029.31,2006.02,2010.54,3537.286688
2026-05-31 16:00:00,2010.55,2017.24,1991.85,1999.78,4626.34833
2026-05-31 20:00:00,1999.79,2023.0,1995.56,2007.32,3069.715924
2026-06-01 00:00:00,2007.36,2023.77,1992.59,2009.14,5969.200944
2026-06-01 04:00:00,2009.15,2021.0,1972.26,1976.56,14540.684856
2026-06-01 08:00:00,1976.59,1994.61,1970.0,1981.4,4584.999338
2026-06-01 12:00:00,1981.75,1994.26,1946.34,1968.93,19836.532341
2026-06-01 16:00:00,1968.46,2008.62,1956.51,2004.33,19080.430032
2026-06-01 20:00:00,2004.63,2012.25,1984.75,2006.79,7242.983482
2026-06-02 00:00:00,2006.76,2011.09,1963.67,2004.05,6823.698181
2026-06-02 04:00:00,2003.94,2006.42,1974.21,1981.95,7665.292991
2026-06-02 08:00:00,1982.17,1996.04,1953.78,1978.78,10587.98489
2026-06-02 12:00:00,1978.74,1983.91,1883.0,1915.0,79630.19596
2026-06-02 16:00:00,1915.06,1942.72,1873.52,1912.38,21486.646208
2026-06-02 20:00:00,1912.49,1920.51,1830.19,1860.02,26422.111934
2026-06-03 00:00:00,1860.32,1875.0,1801.0,1828.06,20161.504074
2026-06-03 04:00:00,1828.13,1885.86,1826.66,1878.58,13773.5109
2026-06-03 08:00:00,1881.31,1893.37,1864.72,1878.23,9677.004178
2026-06-03 12:00:00,1878.23,1890.0,1836.2,1836.63,13617.925755
2026-06-03 16:00:00,1837.16,1844.04,1787.29,1803.8,20842.480304
2026-06-03 20:00:00,1803.67,1852.04,1763.55,1813.23,35775.756364
2026-06-04 00:00:00,1814.84,1824.13,1709.81,1809.31,67597.154878
2026-06-04 04:00:00,1809.12,1829.07,1770.0,1777.68,23325.759485
2026-06-04 08:00:00,1777.65,1793.21,1736.0,1763.85,7066.47421
2026-06-04 12:00:00,1767.87,1809.1,1756.34,1778.36,25833.444135
2026-06-04 16:00:00,1777.01,1792.5,1754.97,1777.18,11292.466527
2026-06-04 20:00:00,1777.04,1782.97,1753.12,1771.02,10019.977837
2026-06-05 00:00:00,1772.5,1778.09,1720.0,1728.73,32598.100186
2026-06-05 04:00:00,1730.25,1755.49,1619.27,1679.43,74220.377162
2026-06-05 08:00:00,1679.43,1690.0,1659.91,1663.33,893182.401503
2026-06-05 12:00:00,1663.17,1704.13,1570.26,1584.22,78530.218728
2026-06-05 16:00:00,1586.62,1620.0,1525.67,1574.35,109616.25005
2026-06-05 20:00:00,1574.24,1619.49,1557.54,1583.25,24009.692347
2026-06-06 00:00:00,1583.59,1607.66,1556.25,1563.34,18924.721035
2026-06-06 04:00:00,1563.32,1590.39,1504.09,1575.27,33563.14642
2026-06-06 08:00:00,1575.45,1599.99,1532.37,1558.82,29811.853052
2026-06-06 12:00:00,1558.82,1583.48,1537.5,1560.33,26534.002438
2026-06-06 16:00:00,1560.5,1576.01,1547.55,1554.18,16647.054675
2026-06-06 20:00:00,1554.54,1581.99,1540.05,1569.52,7033.832866
2026-06-07 00:00:00,1569.65,1600.0,1564.04,1594.31,9195.930376
2026-06-07 04:00:00,1594.89,1626.35,1580.0,1615.14,15410.978585
2026-06-07 08:00:00,1615.23,1664.44,1608.67,1630.04,17122.586792
2026-06-07 12:00:00,1630.27,1646.97,1607.12,1629.47,23645.001283
2026-06-07 16:00:00,1630.17,1640.74,1605.18,1613.2,17319.035741
2026-06-07 20:00:00,1615.51,1714.56,1609.24,1690.21,38617.970042
2026-06-08 00:00:00,1690.31,1711.59,1670.0,1679.91,15852.513608
2026-06-08 04:00:00,1679.97,1681.97,1638.89,1673.36,30764.036396
2026-06-08 08:00:00,1673.47,1698.27,1657.21,1683.67,25685.633255
2026-06-08 12:00:00,1683.74,1707.78,1662.31,1691.36,26681.565933
2026-06-08 16:00:00,1691.61,1705.46,1676.11,1684.8,17593.34494
2026-06-08 20:00:00,1684.97,1714.56,1677.89,1690.27,11412.057449
2026-06-09 00:00:00,1691.19,1712.0,1655.0,1669.59,42587.759726
2026-06-09 04:00:00,1669.57,1705.81,1651.44,1680.06,29918.871389
2026-06-09 08:00:00,1680.06,1691.08,1655.12,1672.61,11126.351112
2026-06-09 12:00:00,1673.6,1687.19,1628.06,1636.77,65461.412575
2026-06-09 16:00:00,1639.72,1661.28,1610.46,1657.78,26074.64859
2026-06-09 20:00:00,1657.49,1663.67,1631.45,1639.62,13236.993587
2026-06-10 00:00:00,1639.94,1646.95,1621.79,1630.77,9764.067368
2026-06-10 04:00:00,1630.83,1648.41,1616.49,1640.14,8441.129881
2026-06-10 08:00:00,1640.32,1657.5,1604.78,1619.91,88090.796037
2026-06-10 12:00:00,1620.07,1666.91,1615.0,1658.02,38104.379358
2026-06-10 16:00:00,1658.06,1658.67,1619.16,1630.07,14006.853529
2026-06-10 20:00:00,1630.33,1646.59,1604.72,1621.57,18640.226396
2026-06-11 00:00:00,1621.48,1660.37,1621.15,1654.42,63773.345734
2026-06-11 04:00:00,1654.14,1670.0,1646.32,1654.95,10504.071782
2026-06-11 08:00:00,1654.48,1673.67,1648.41,1666.41,12095.317878
2026-06-11 12:00:00,1666.8,1667.75,1634.0,1642.8,29425.607499
2026-06-11 16:00:00,1642.8,1698.27,1633.39,1681.94,16436.895339
2026-06-11 20:00:00,1681.85,1698.27,1667.36,1673.2,7550.739381
2026-06-12 00:00:00,1673.56,1689.91,1658.13,1672.94,10779.849774
2026-06-12 04:00:00,1673.19,1683.89,1652.32,1662.13,89072.611051
2026-06-12 08:00:00,1662.14,1694.77,1660.41,1673.71,53391.822585
2026-06-12 12:00:00,1673.71,1696.69,1653.9,1659.9,54468.116001
2026-06-12 16:00:00,1660.11,1687.34,1657.71,1666.12,16983.701131
2026-06-12 20:00:00,1665.92,1676.47,1647.93,1666.42,5622.287737
2026-06-13 00:00:00,1666.6,1681.75,1658.13,1665.25,7510.082666
2026-06-13 04:00:00,1665.26,1678.4,1657.14,1676.37,3491.860027
2026-06-13 08:00:00,1676.36,1684.87,1666.08,1678.46,4435.491214
2026-06-13 12:00:00,1678.46,1700.0,1676.5,1682.18,15920.806872
2026-06-13 16:00:00,1682.18,1691.08,1666.08,1678.55,9739.262057
2026-06-13 20:00:00,1678.58,1693.54,1675.03,1681.23,3286.785498
2026-06-14 00:00:00,1681.48,1700.0,1676.7,1681.67,4725.114176
2026-06-14 04:00:00,1681.75,1691.08,1662.31,1675.81,7281.844
2026-06-14 08:00:00,1675.81,1693.37,1654.86,1673.76,123944.006623
2026-06-14 12:00:00,1673.73,1683.33,1655.19,1662.99,6588.51504
2026-06-14 16:00:00,1662.98,1670.0,1654.4,1665.43,4852.474122
2026-06-14 20:00:00,1665.34,1733.31,1662.31,1725.66,30609.789804
2026-06-15 00:00:00,1725.67,1733.31,1705.46,1720.71,7083.628585
2026-06-15 04:00:00,1720.83,1737.59,1707.2,1716.65,8957.219642
2026-06-15 08:00:00,1716.61,1777.32,1712.41,1764.61,15896.356091
2026-06-15 12:00:00,1764.86,1850.0,1760.42,1845.29,38176.757574
2026-06-15 16:00:00,1845.55,1850.14,1812.0,1820.57,14616.234263
2026-06-15 20:00:00,1821.0,1827.72,1784.0,1796.54,13053.70377
2026-06-16 00:00:00,1796.02,1806.15,1760.0,1779.24,18477.357259
2026-06-16 04:00:00,1779.21,1785.26,1756.46,1773.77,32698.227653
2026-06-16 08:00:00,1774.26,1807.14,1771.33,1799.48,12277.775408
2026-06-16 12:00:00,1799.53,1839.39,1763.82,1782.6,23932.852883
2026-06-16 16:00:00,1782.46,1816.41,1773.17,1795.4,13069.316337
2026-06-16 20:00:00,1795.41,1800.49,1778.52,1793.12,7158.835993
2026-06-17 00:00:00,1793.4,1809.89,1780.44,1793.58,10903.291336
2026-06-17 04:00:00,1793.64,1800.59,1779.18,1785.32,7968.547794
2026-06-17 08:00:00,1785.18,1786.98,1755.81,1764.05,19941.45228
2026-06-17 12:00:00,1764.27,1776.91,1742.71,1773.38,18418.905188
2026-06-17 16:00:00,1773.4,1796.36,1729.48,1735.09,32011.667807
2026-06-17 20:00:00,1735.18,1754.66,1726.21,1750.48,14134.509444
2026-06-18 00:00:00,1750.66,1769.56,1741.42,1744.2,10800.755909
2026-06-18 04:00:00,1744.24,1748.63,1706.05,1733.2,9049.084868
2026-06-18 08:00:00,1734.23,1752.0,1729.14,1743.17,49311.417715
2026-06-18 12:00:00,1743.28,1753.03,1680.51,1682.3,950393.92058
2026-06-18 16:00:00,1682.39,1707.78,1672.31,1705.41,1264998.178341
2026-06-18 20:00:00,1705.61,1716.69,1700.08,1711.13,280249.84809
2026-06-19 00:00:00,1711.13,1719.31,1682.66,1697.6,781414.755024
2026-06-19 04:00:00,1697.61,1703.47,1686.97,1695.98,575017.829798
2026-06-19 08:00:00,1695.97,1699.84,1687.32,1691.71,260418.145201
2026-06-19 12:00:00,1692.36,1712.18,1679.18,1707.78,1020775.720101
2026-06-19 16:00:00,1707.81,1711.88,1693.85,1701.04,373971.128651
2026-06-19 20:00:00,1701.23,1714.71,1698.82,1711.1,104060.217236
2026-06-20 00:00:00,1710.88,1717.32,1704.02,1708.25,159524.923955
2026-06-20 04:00:00,1708.26,1813.34,1639.99,1725.47,182827.636794
2026-06-20 08:00:00,1725.75,1741.42,1712.65,1727.18,6173.168392
2026-06-20 12:00:00,1727.19,1754.32,1705.46,1740.41,152287.189118
2026-06-20 16:00:00,1740.71,1748.61,1720.0,1729.24,7311.771754
2026-06-20 20:00:00,1729.1,1746.35,1718.57,1741.38,4369.033615
2026-06-21 00:00:00,1740.78,1745.8,1728.42,1738.0,4076.666179
2026-06-21 04:00:00,1737.88,1741.42,1727.04,1732.26,5225.100104
2026-06-21 08:00:00,1732.24,1737.59,1719.54,1725.09,5181.81313
2026-06-21 12:00:00,1725.49,1740.07,1703.59,1730.73,8651.394423
2026-06-21 16:00:00,1731.03,1747.36,1722.02,1734.19,6826.236954
2026-06-21 20:00:00,1734.34,1737.59,1703.22,1707.1,658502.635635
2026-06-22 00:00:00,1707.15,1759.0,1704.34,1730.44,208939.940521
2026-06-22 04:00:00,1730.8,1752.26,1727.04,1746.42,14818.238319
2026-06-22 08:00:00,1746.8,1774.28,1741.42,1767.45,252440.532749
2026-06-22 12:00:00,1767.96,1779.59,1742.75,1744.68,1210587.43701
2026-06-22 16:00:00,1745.15,1748.61,1729.64,1735.24,7533.044971
2026-06-22 20:00:00,1734.87,1742.0,1713.75,1728.36,11301.226027
2026-06-23 00:00:00,1728.37,1748.61,1716.61,1729.9,10225.023133
2026-06-23 04:00:00,1729.9,1733.2,1682.14,1682.88,715481.314914
2026-06-23 08:00:00,1682.95,1686.78,1637.18,1660.88,204538.363406
2026-06-23 12:00:00,1661.12,1671.81,1659.74,1662.31,1211483.721176
2026-06-23 16:00:00,1663.88,1673.54,1655.28,1663.88,357145.605013
2026-06-23 20:00:00,1663.88,1673.33,1661.91,1667.18,1149144.332827
2026-06-24 00:00:00,1667.2,1679.8,1662.82,1666.85,3527713.321617
2026-06-24 04:00:00,1666.9,1679.61,1662.82,1672.85,2053081.884243
2026-06-24 08:00:00,1672.15,1689.44,1654.01,1679.43,989776.741286
2026-06-24 12:00:00,1679.6,1685.0,1615.6,1618.41,44749.516144
2026-06-24 16:00:00,1618.39,1646.4,1541.66,1584.83,282446.269725
2026-06-24 20:00:00,1584.37,1633.54,1579.54,1621.94,26988.387152
2026-06-25 00:00:00,1622.5,1628.06,1611.97,1616.73,5959.638163
