timestamp,open,high,low,close,volume
2025-06-25 02:00:00,2460.89,2467.66,2449.99,2451.8,15753189.903657
2025-06-25 03:00:00,2451.68,2460.57,2443.8,2444.3,13282057.152006
2025-06-25 04:00:00,2444.3,2455.68,2432.19,2435.71,6223261.76265
2025-06-25 05:00:00,2435.71,2438.74,2424.0,2429.49,52655881.355234
2025-06-25 06:00:00,2429.49,2445.48,2422.99,2435.32,147275435.445191
2025-06-25 07:00:00,2435.32,2450.22,2421.01,2436.66,188359801.355796
2025-06-25 08:00:00,2436.66,2445.69,2422.99,2439.15,104898395.447006
2025-06-25 09:00:00,2434.78,2447.76,2408.9,2420.38,53671711.427557
2025-06-25 10:00:00,2420.44,2439.78,2414.75,2426.52,1669759.968463
2025-06-25 11:00:00,2426.52,2430.51,2413.85,2429.01,182342.966927
2025-06-25 12:00:00,2428.9,2432.83,2415.43,2428.8,13919.449866
2025-06-25 13:00:00,2428.8,2445.0,2423.88,2435.0,19327291.291889
2025-06-25 14:00:00,2435.0,2442.5,2391.2,2435.0,9536452.025596
2025-06-25 15:00:00,2435.0,2435.0,2398.0,2405.62,139142.187901
2025-06-25 16:00:00,2405.62,2423.0,2401.71,2410.73,45248.308957
2025-06-25 17:00:00,2410.73,2432.13,2407.0,2422.51,78311.430342
2025-06-25 18:00:00,2422.51,2425.08,2411.77,2418.49,12301.859496
2025-06-25 19:00:00,2418.49,2439.0,2418.39,2432.61,7916157.630752
2025-06-25 20:00:00,2432.71,2441.16,2426.01,2440.01,4039587.130496
2025-06-25 21:00:00,2440.01,2453.72,2427.31,2430.5,17315064.295412
2025-06-25 22:00:00,2430.52,2432.62,2410.57,2416.42,10794.386348
2025-06-25 23:00:00,2416.42,2420.0,2408.22,2418.47,11515.828757
2025-06-26 00:00:00,2418.55,2428.84,2417.1,2426.61,11168.740584
2025-06-26 01:00:00,2426.63,2474.0,2418.0,2459.1,21469456.40506
2025-06-26 02:00:00,2459.09,2501.0,2453.93,2493.51,24776341.547003
2025-06-26 03:00:00,2493.51,2519.86,2483.66,2489.06,2142803.161626
2025-06-26 04:00:00,2489.06,2495.5,2472.23,2480.6,2335131.891352
2025-06-26 05:00:00,2480.6,2488.77,2468.04,2476.0,2888146.209137
2025-06-26 06:00:00,2476.0,2490.14,2473.81,2487.24,5711173.79373
2025-06-26 07:00:00,2487.24,2500.07,2479.62,2489.81,28822343.526489
2025-06-26 08:00:00,2489.81,2500.36,2484.51,2486.78,19204656.44822
2025-06-26 09:00:00,2486.78,2489.0,2456.56,2463.2,38327208.956154
2025-06-26 10:00:00,2463.2,2474.78,2449.27,2450.9,32285830.185309
2025-06-26 11:00:00,2450.9,2454.24,2441.71,2450.37,16408785.33281
2025-06-26 12:00:00,2450.39,2454.42,2434.3,2440.15,36388757.527008
2025-06-26 13:00:00,2440.15,2446.22,2424.99,2433.56,37609509.324899
2025-06-26 14:00:00,2433.67,2459.43,2422.61,2446.09,36089285.612401
2025-06-26 15:00:00,2446.3,2449.09,2401.42,2433.7,13431081.051097
2025-06-26 16:00:00,2433.54,2437.4,2418.32,2427.64,7957.629344
2025-06-26 17:00:00,2427.77,2435.95,2420.23,2420.83,6245.731275
2025-06-26 18:00:00,2420.83,2436.73,2418.42,2425.6,10742.047608
2025-06-26 19:00:00,2425.6,2443.06,2420.04,2435.41,6830.224064
2025-06-26 20:00:00,2435.57,2457.38,2430.0,2445.39,6978.845331
2025-06-26 21:00:00,2445.83,2447.82,2396.62,2414.3,10428.804445
2025-06-26 22:00:00,2414.31,2423.84,2410.39,2413.42,5028.377052
2025-06-26 23:00:00,2413.47,2420.0,2406.11,2416.14,4868.888617
2025-06-27 00:00:00,2415.41,2421.59,2400.24,2400.44,7422.378891
2025-06-27 01:00:00,2400.18,2441.68,2383.04,2425.9,15087.256044
2025-06-27 02:00:00,2426.1,2440.02,2423.52,2437.81,3810.411728
2025-06-27 03:00:00,2438.71,2448.38,2433.65,2446.57,4583.680362
2025-06-27 04:00:00,2447.25,2453.0,2439.3,2449.48,3216.346496
2025-06-27 05:00:00,2449.47,2452.8,2434.46,2439.14,5303.070734
2025-06-27 06:00:00,2439.28,2450.44,2436.51,2448.78,4411.355866
2025-06-27 07:00:00,2448.22,2459.31,2437.4,2441.92,9145.557213
2025-06-27 08:00:00,2441.92,2462.99,2435.72,2448.36,10987.783108
2025-06-27 09:00:00,2448.31,2465.18,2442.54,2460.63,4727.636915
2025-06-27 10:00:00,2460.8,2461.6,2445.67,2445.67,4875.306719
2025-06-27 11:00:00,2445.94,2454.71,2442.67,2447.5,3636.401239
2025-06-27 12:00:00,2447.51,2456.84,2426.96,2430.0,168654.170741
2025-06-27 13:00:00,2429.5,2436.82,2417.23,2428.0,11307.122328
2025-06-27 14:00:00,2428.5,2437.72,2413.86,2423.13,12759163.480975
2025-06-27 15:00:00,2423.13,2426.4,2406.92,2406.93,28867215.131891
2025-06-27 16:00:00,2406.92,2406.93,2393.01,2393.01,26328602.026132
2025-06-27 17:00:00,2393.01,2423.16,2391.75,2398.97,31481180.209554
2025-06-27 18:00:00,2398.96,2406.43,2388.6,2395.13,29113918.681823
2025-06-27 19:00:00,2395.33,2417.63,2392.35,2412.5,19522146.528684
2025-06-27 20:00:00,2412.5,2427.59,2411.34,2426.4,11960521.701843
2025-06-27 21:00:00,2426.96,2429.54,2417.0,2419.69,2490.781609
2025-06-27 22:00:00,2419.7,2424.99,2419.69,2422.28,1618.438505
2025-06-27 23:00:00,2422.27,2424.49,2415.99,2423.11,56247.268387
2025-06-28 00:00:00,2423.1,2423.98,2415.34,2418.29,3857.82809
2025-06-28 01:00:00,2418.04,2422.47,2406.17,2417.84,18371.534955
2025-06-28 02:00:00,2417.84,2422.69,2413.48,2419.0,2706.740345
2025-06-28 03:00:00,2419.4,2422.73,2416.82,2420.91,1123.235468
2025-06-28 04:00:00,2420.91,2421.89,2417.53,2420.98,1333.493204
2025-06-28 05:00:00,2420.98,2428.66,2416.18,2422.04,397348.704965
2025-06-28 06:00:00,2422.02,2427.41,2413.0,2427.31,103755626.757571
2025-06-28 07:00:00,2427.31,2433.75,2422.04,2431.79,19619623.375582
2025-06-28 08:00:00,2431.85,2432.5,2419.91,2424.59,2200.715013
2025-06-28 09:00:00,2424.4,2428.85,2419.94,2427.02,2015.591371
2025-06-28 10:00:00,2427.01,2429.91,2423.99,2426.0,921.420636
2025-06-28 11:00:00,2426.0,2428.89,2426.0,2427.65,959.989735
2025-06-28 12:00:00,2427.65,2428.31,2422.73,2426.04,5782.842145
2025-06-28 13:00:00,2426.04,2429.2,2420.1,2422.26,4388.247901
2025-06-28 14:00:00,2422.7,2427.8,2422.7,2425.71,2098.294767
2025-06-28 15:00:00,2425.71,2442.02,2423.16,2435.79,2649.462502
2025-06-28 16:00:00,2436.1,2443.46,2431.57,2434.78,8568.873262
2025-06-28 17:00:00,2435.01,2447.8,2433.74,2443.86,4970.857491
2025-06-28 18:00:00,2444.6,2447.56,2433.04,2437.29,3293.144619
2025-06-28 19:00:00,2437.17,2440.04,2431.46,2433.35,2053.529453
2025-06-28 20:00:00,2433.36,2434.99,2427.83,2429.89,2385.802092
2025-06-28 21:00:00,2429.92,2438.4,2429.35,2435.94,2146.957043
2025-06-28 22:00:00,2436.57,2441.59,2434.05,2440.2,2816.784284
2025-06-28 23:00:00,2440.41,2442.29,2435.39,2435.77,646.455122
2025-06-29 00:00:00,2435.96,2443.06,2432.09,2438.8,1391.980537
2025-06-29 01:00:00,2438.79,2439.06,2428.63,2429.57,2238.70149
2025-06-29 02:00:00,2430.07,2435.17,2425.28,2431.94,246468.874248
2025-06-29 03:00:00,2431.59,2433.27,2426.82,2427.96,2520.589036
2025-06-29 04:00:00,2428.5,2431.38,2426.82,2429.89,1679.333007
2025-06-29 05:00:00,2429.9,2434.57,2427.51,2433.9,2369.042754
2025-06-29 06:00:00,2433.6,2437.49,2430.92,2436.64,1388.030567
2025-06-29 07:00:00,2436.61,2440.0,2434.82,2439.93,953.890443
2025-06-29 08:00:00,2439.94,2447.12,2436.99,2443.59,2695.259878
2025-06-29 09:00:00,2443.6,2457.42,2438.79,2448.07,1994.478151
2025-06-29 10:00:00,2448.07,2458.19,2447.65,2456.44,2968.102096
2025-06-29 11:00:00,2456.65,2463.11,2451.03,2462.1,3294.977692
2025-06-29 12:00:00,2462.1,2463.26,2449.61,2454.8,3616.518979
2025-06-29 13:00:00,2454.79,2456.63,2446.75,2447.2,2745.26363
2025-06-29 14:00:00,2447.2,2452.03,2436.66,2440.01,8621.266401
2025-06-29 15:00:00,2439.82,2444.77,2433.55,2436.91,5044.381688
2025-06-29 16:00:00,2436.64,2440.3,2429.9,2439.19,6299.020621
2025-06-29 17:00:00,2439.19,2440.76,2432.84,2438.9,1680.530118
2025-06-29 18:00:00,2438.97,2442.7,2434.13,2438.03,2462.760625
2025-06-29 19:00:00,2438.0,2439.71,2433.94,2438.1,1649.494993
2025-06-29 20:00:00,2438.19,2439.32,2432.61,2432.61,2329.317182
2025-06-29 21:00:00,2436.99,2438.34,2413.05,2431.49,7018.93625
2025-06-29 22:00:00,2431.36,2509.22,2430.68,2501.1,32411.096926
2025-06-29 23:00:00,2503.97,2524.61,2495.39,2500.57,18695.435896
2025-06-30 00:00:00,2500.57,2523.71,2499.75,2518.79,240292.482797
2025-06-30 01:00:00,2518.99,2519.81,2504.77,2510.8,6800.45879
2025-06-30 02:00:00,2510.81,2513.72,2499.61,2501.48,4258.190948
2025-06-30 03:00:00,2501.9,2504.37,2495.75,2499.68,5327.290865
2025-06-30 04:00:00,2499.65,2505.55,2495.36,2495.91,4699.945852
2025-06-30 05:00:00,2495.91,2503.43,2493.59,2503.37,2479.459514
2025-06-30 06:00:00,2503.12,2503.96,2457.67,2464.87,11421.523923
2025-06-30 07:00:00,2464.11,2483.46,2460.65,2480.87,12071.580626
2025-06-30 08:00:00,2480.87,2486.66,2466.26,2468.7,7266.165117
2025-06-30 09:00:00,2468.75,2476.95,2451.76,2451.95,5348.88241
2025-06-30 10:00:00,2451.89,2458.0,2445.62,2456.64,3963.523804
2025-06-30 11:00:00,2456.01,2467.98,2453.36,2458.68,4516.572943
2025-06-30 12:00:00,2458.52,2465.5,2457.18,2460.19,5023.458227
2025-06-30 13:00:00,2460.1,2474.89,2456.0,2462.35,16552.075018
2025-06-30 14:00:00,2462.5,2469.36,2435.0,2438.42,20778.446062
2025-06-30 15:00:00,2438.43,2489.13,2435.0,2474.71,27684.452353
2025-06-30 16:00:00,2474.71,2481.99,2462.09,2475.13,13899.834661
2025-06-30 17:00:00,2475.3,2498.03,2473.64,2487.8,12244.467547
2025-06-30 18:00:00,2487.8,2498.99,2479.65,2486.04,8753.205749
2025-06-30 19:00:00,2486.0,2518.26,2485.51,2516.99,18472.386495
2025-06-30 20:00:00,2515.67,2521.93,2502.0,2503.28,9186.366084
2025-06-30 21:00:00,2502.75,2504.42,2482.55,2487.67,3497.0343
2025-06-30 22:00:00,2487.7,2495.91,2484.91,2490.56,6015.949837
2025-06-30 23:00:00,2490.5,2494.77,2484.73,2485.3,2711.255616
2025-07-01 00:00:00,2485.3,2496.46,2477.34,2493.47,6178.833839
2025-07-01 01:00:00,2492.61,2500.19,2486.8,2488.59,3925.397674
2025-07-01 02:00:00,2488.5,2510.91,2482.49,2483.39,8808.902433
2025-07-01 03:00:00,2483.48,2488.2,2479.7,2485.28,4253.958816
2025-07-01 04:00:00,2485.68,2486.07,2460.0,2460.0,6137.396622
2025-07-01 05:00:00,2460.0,2466.55,2451.44,2461.27,7963.889377
2025-07-01 06:00:00,2461.3,2466.03,2455.0,2458.98,10167.780552
2025-07-01 07:00:00,2459.41,2467.5,2446.19,2464.81,7165.122033
2025-07-01 08:00:00,2465.11,2467.67,2451.2,2453.23,6124.270577
2025-07-01 09:00:00,2453.23,2458.69,2450.44,2457.01,4896.996124
2025-07-01 10:00:00,2456.78,2461.88,2450.19,2456.09,3672.395963
2025-07-01 11:00:00,2456.09,2464.9,2444.03,2449.43,4425.993007
2025-07-01 12:00:00,2449.47,2453.36,2435.21,2437.15,10806.478077
2025-07-01 13:00:00,2437.44,2447.47,2426.94,2443.0,17015.514643
2025-07-01 14:00:00,2441.69,2456.0,2407.21,2420.22,111962.865272
2025-07-01 15:00:00,2419.9,2431.49,2416.25,2424.35,22159.975689
2025-07-01 16:00:00,2423.7,2431.48,2419.29,2424.31,10562.029669
2025-07-01 17:00:00,2424.88,2433.07,2418.06,2432.13,8637.640632
2025-07-01 18:00:00,2432.38,2433.29,2403.29,2410.31,8911.30152
2025-07-01 19:00:00,2410.31,2422.99,2402.87,2402.87,13224.817124
2025-07-01 20:00:00,2402.87,2418.4,2396.61,2415.04,6564.992735
2025-07-01 21:00:00,2415.04,2418.5,2404.01,2407.99,3321.000612
2025-07-01 22:00:00,2407.32,2413.5,2399.76,2401.08,3665.276791
2025-07-01 23:00:00,2401.04,2406.46,2386.95,2405.13,9097.722475
2025-07-02 00:00:00,2405.13,2410.13,2397.82,2398.5,6485.988724
2025-07-02 01:00:00,2398.96,2411.25,2372.64,2411.25,265605.567381
2025-07-02 02:00:00,2411.25,2418.87,2407.47,2417.95,8329.664525
2025-07-02 03:00:00,2417.72,2431.43,2413.48,2430.14,44961.877438
2025-07-02 04:00:00,2430.31,2440.4,2425.6,2438.76,5308.187222
2025-07-02 05:00:00,2439.84,2446.32,2434.23,2444.62,32521.847005
2025-07-02 06:00:00,2444.16,2452.94,2438.59,2451.53,3791.592859
2025-07-02 07:00:00,2451.77,2453.6,2442.32,2447.03,3238.593148
2025-07-02 08:00:00,2447.23,2455.16,2444.37,2449.06,6013.744635
2025-07-02 09:00:00,2449.23,2453.1,2445.25,2448.59,5081.624535
2025-07-02 10:00:00,2448.65,2453.93,2443.6,2453.3,2982.832374
2025-07-02 11:00:00,2453.31,2459.38,2441.89,2445.6,410759.265913
2025-07-02 12:00:00,2445.5,2447.75,2432.44,2438.5,453330.129115
2025-07-02 13:00:00,2438.49,2458.28,2435.65,2449.42,180304.003525
2025-07-02 14:00:00,2449.19,2472.36,2447.56,2469.55,15880.364766
2025-07-02 15:00:00,2469.53,2501.77,2466.0,2499.45,46662.605385
2025-07-02 16:00:00,2499.05,2563.65,2495.34,2560.54,125613.596784
2025-07-02 17:00:00,2558.33,2588.95,2552.25,2566.83,63391.525083
2025-07-02 18:00:00,2562.49,2583.72,2549.99,2581.85,15142.240124
2025-07-02 19:00:00,2582.21,2608.38,2567.45,2604.45,14459.035033
2025-07-02 20:00:00,2604.7,2613.06,2586.62,2590.13,8421.356793
2025-07-02 21:00:00,2590.47,2600.59,2584.0,2596.81,14279.839991
2025-07-02 22:00:00,2597.39,2618.42,2592.35,2594.88,13038.864853
2025-07-02 23:00:00,2594.9,2597.75,2569.4,2570.42,6244.420708
2025-07-03 00:00:00,2570.35,2578.71,2563.01,2573.77,15032.861553
2025-07-03 01:00:00,2573.84,2586.26,2565.95,2580.21,6951.478551
2025-07-03 02:00:00,2580.36,2586.71,2535.63,2567.51,8716.97578
2025-07-03 03:00:00,2567.11,2585.0,2545.89,2561.31,4303.976612
2025-07-03 04:00:00,2561.31,2581.46,2550.97,2566.66,1198.819658
2025-07-03 05:00:00,2566.38,2601.2,2503.98,2577.6,30974.907641
2025-07-03 06:00:00,2577.6,2577.6,2031.64,2577.6,122842.266152
2025-07-03 07:00:00,2577.6,2578.0,2553.06,2578.0,93912.724986
2025-07-03 08:00:00,2578.0,2614.28,2552.34,2587.76,18426.208723
2025-07-03 09:00:00,2587.94,2643.15,2568.0,2598.95,10721.680705
2025-07-03 10:00:00,2599.28,2610.0,2564.35,2598.3,4562.983674
2025-07-03 11:00:00,2598.14,2602.57,2568.99,2597.29,2691.327315
2025-07-03 12:00:00,2597.1,2610.0,2558.13,2589.09,5770.157155
2025-07-03 13:00:00,2588.48,2650.0,2581.46,2623.76,7753.399442
2025-07-03 14:00:00,2625.01,2649.0,2576.79,2594.89,8742.134281
2025-07-03 15:00:00,2594.89,2602.7,2564.31,2570.41,4174.023409
2025-07-03 16:00:00,2570.4,2595.58,2547.09,2571.97,5190.258312
2025-07-03 17:00:00,2572.2,2584.26,2563.71,2576.89,1816.540196
2025-07-03 18:00:00,2577.27,2600.0,2560.0,2585.48,1925.370035
2025-07-03 19:00:00,2585.48,2600.0,2579.95,2585.65,1109.2629
2025-07-03 20:00:00,2586.16,2601.17,2564.79,2599.14,929.156508
2025-07-03 21:00:00,2599.27,2615.73,2570.85,2600.0,7339.929119
2025-07-03 22:00:00,2600.0,2615.02,2568.0,2593.7,4902.442432
2025-07-03 23:00:00,2593.8,2598.15,2570.85,2591.06,2766.428712
2025-07-04 00:00:00,2591.22,2598.38,2571.61,2588.13,2055.513087
2025-07-04 01:00:00,2588.13,2611.36,2559.52,2590.19,5975.33839
2025-07-04 02:00:00,2589.76,2599.58,2559.99,2575.37,2293.605619
2025-07-04 03:00:00,2575.0,2586.71,2563.34,2578.01,2523.913071
2025-07-04 04:00:00,2578.01,2591.96,2550.0,2570.4,2972.694616
2025-07-04 05:00:00,2570.61,2595.76,2563.34,2568.67,1456.038101
2025-07-04 06:00:00,2568.67,2581.81,2537.8,2558.44,4906.708176
2025-07-04 07:00:00,2558.44,2568.54,2523.28,2535.01,3736.089271
2025-07-04 08:00:00,2535.34,2554.13,2520.0,2547.19,3852.682131
2025-07-04 09:00:00,2547.18,2558.84,2541.57,2551.71,1878.134921
2025-07-04 10:00:00,2551.94,2568.0,2520.0,2548.12,2337.469774
2025-07-04 11:00:00,2547.74,2579.95,2530.0,2549.06,3190.640306
2025-07-04 12:00:00,2549.05,2563.87,2543.6,2548.14,1249.627166
2025-07-04 13:00:00,2550.0,2567.16,2520.0,2525.48,5459.879225
2025-07-04 14:00:00,2525.7,2544.87,2493.99,2516.52,16864.803417
2025-07-04 15:00:00,2516.89,2522.98,2496.62,2500.81,3221.719642
2025-07-04 16:00:00,2500.81,2511.01,2465.0,2487.71,4680.016071
2025-07-04 17:00:00,2487.77,2506.61,2475.0,2496.94,2185.770652
2025-07-04 18:00:00,2497.0,2509.59,2455.07,2484.4,3159.083578
2025-07-04 19:00:00,2484.56,2499.86,2471.42,2482.73,1790.583246
2025-07-04 20:00:00,2482.73,2496.13,2470.0,2490.54,679.490188
2025-07-04 21:00:00,2490.54,2507.34,2487.45,2497.1,844.62947
2025-07-04 22:00:00,2496.82,2523.18,2491.57,2520.4,6863.614189
2025-07-04 23:00:00,2520.41,2520.64,2504.42,2508.07,799.388496
2025-07-05 00:00:00,2508.07,2528.93,2493.05,2516.54,1445.442937
2025-07-05 01:00:00,2516.5,2517.8,2500.0,2514.08,629.221408
2025-07-05 02:00:00,2514.08,2523.28,2499.28,2518.61,1400.563866
2025-07-05 03:00:00,2518.9,2526.11,2450.0,2518.28,7621.384361
2025-07-05 04:00:00,2518.44,2542.96,2499.99,2516.1,2464.233857
2025-07-05 05:00:00,2516.27,2523.28,2496.68,2519.72,602.272625
2025-07-05 06:00:00,2518.68,2533.33,2491.57,2527.42,1615.824608
2025-07-05 07:00:00,2527.42,2546.1,2519.05,2521.47,4306.754624
2025-07-05 08:00:00,2521.47,2528.57,2494.49,2516.13,4425.62717
2025-07-05 09:00:00,2516.14,2528.05,2507.42,2521.31,1323.90923
2025-07-05 10:00:00,2521.3,2534.13,2507.76,2518.21,690.639554
2025-07-05 11:00:00,2518.43,2525.75,2495.65,2517.84,3041.130872
2025-07-05 12:00:00,2518.78,2528.05,2499.99,2518.25,2228.987055
2025-07-05 13:00:00,2518.01,2539.14,2500.0,2514.31,2810.293492
2025-07-05 14:00:00,2514.99,2533.83,2499.99,2518.54,949.744014
2025-07-05 15:00:00,2518.45,2539.14,2503.12,2507.68,1846.383241
2025-07-05 16:00:00,2507.88,2577.49,2455.07,2505.49,13635.280967
2025-07-05 17:00:00,2505.98,2543.11,2479.88,2503.73,7279.022348
2025-07-05 18:00:00,2503.97,2513.3,2491.57,2493.0,1159.957635
2025-07-05 19:00:00,2493.05,2508.5,2449.99,2505.81,8334.506618
2025-07-05 20:00:00,2505.53,2522.0,2497.93,2506.13,1235.028953
2025-07-05 21:00:00,2506.12,2519.04,2503.37,2516.57,451.230078
2025-07-05 22:00:00,2516.28,2523.18,2498.98,2519.0,1107.753994
2025-07-05 23:00:00,2519.12,2523.18,2503.0,2516.21,1007.634911
2025-07-06 00:00:00,2516.21,2530.0,2508.1,2520.11,1102.039415
2025-07-06 01:00:00,2520.11,2524.0,2514.0,2517.62,197.292348
2025-07-06 02:00:00,2517.6,2530.0,2503.0,2513.34,2334.644387
2025-07-06 03:00:00,2513.03,2536.28,2503.0,2514.69,2455.926357
2025-07-06 04:00:00,2514.69,2536.85,2503.0,2511.99,3412.074139
2025-07-06 05:00:00,2512.0,2537.16,2504.0,2510.65,5486.897091
2025-07-06 06:00:00,2513.63,2531.71,2508.68,2513.0,37603.33824
2025-07-06 07:00:00,2513.0,2539.14,2503.0,2517.6,77976.964931
2025-07-06 08:00:00,2517.79,2539.14,2507.42,2513.17,1578.039549
2025-07-06 09:00:00,2513.16,2528.05,2504.0,2507.33,3361.973408
2025-07-06 10:00:00,2506.81,2526.11,2500.0,2508.47,2946.921388
2025-07-06 11:00:00,2508.46,2526.11,2500.0,2516.1,1511.113246
2025-07-06 12:00:00,2516.11,2540.0,2501.32,2520.18,2440.680945
2025-07-06 13:00:00,2520.17,2543.11,2500.0,2508.33,44836.518167
2025-07-06 14:00:00,2505.66,2515.0,2500.0,2515.0,84060.977176
2025-07-06 15:00:00,2515.0,2574.67,2509.9,2558.33,50427.183072
2025-07-06 16:00:00,2558.37,2576.35,2537.37,2551.8,6929.804398
2025-07-06 17:00:00,2551.91,2559.74,2518.81,2546.98,8090.056266
2025-07-06 18:00:00,2546.9,2547.5,2509.9,2531.9,4399.922874
2025-07-06 19:00:00,2531.25,2547.97,2530.0,2541.0,3489.041948
2025-07-06 20:00:00,2541.04,2560.46,2528.05,2545.45,1105.700798
2025-07-06 21:00:00,2546.01,2625.36,2545.15,2587.54,4877.124024
2025-07-06 22:00:00,2587.53,2610.55,2570.0,2582.35,3586.567724
2025-07-06 23:00:00,2582.48,2585.0,2560.0,2570.7,2676.623518
2025-07-07 00:00:00,2570.68,2585.0,2553.0,2561.29,1304.996668
2025-07-07 01:00:00,2561.3,2579.95,2544.77,2563.48,1706.109113
2025-07-07 02:00:00,2563.7,2585.0,2563.63,2575.89,1522.761603
2025-07-07 03:00:00,2576.23,2590.0,2549.42,2577.6,2634.383066
2025-07-07 04:00:00,2577.2,2580.6,2550.0,2573.33,1385.437363
2025-07-07 05:00:00,2573.34,2577.59,2550.0,2569.31,1286.108786
2025-07-07 06:00:00,2569.31,2576.93,2552.0,2565.46,1177.696684
2025-07-07 07:00:00,2565.68,2579.46,2550.0,2578.69,3015.282106
2025-07-07 08:00:00,2577.59,2590.0,2558.84,2585.05,1571.298796
2025-07-07 09:00:00,2584.64,2588.03,2555.72,2572.34,2421.214328
2025-07-07 10:00:00,2569.37,2588.69,2558.65,2558.89,766.295214
2025-07-07 11:00:00,2560.4,2581.81,2552.5,2563.22,2329.429368
2025-07-07 12:00:00,2563.4,2568.99,2538.79,2548.88,3298.326811
2025-07-07 13:00:00,2548.89,2581.0,2533.18,2565.91,16257.377988
2025-07-07 14:00:00,2565.64,2569.47,2530.0,2531.1,2707.648835
2025-07-07 15:00:00,2533.01,2558.0,2528.81,2533.74,1531.685048
2025-07-07 16:00:00,2533.75,2549.19,2518.18,2523.68,4068.723654
2025-07-07 17:00:00,2524.17,2553.02,2512.83,2532.8,2178.52146
2025-07-07 18:00:00,2533.0,2557.24,2515.62,2545.61,2572.734382
2025-07-07 19:00:00,2544.01,2556.93,2534.13,2543.3,2603.619501
2025-07-07 20:00:00,2543.55,2554.0,2520.37,2536.52,2953.979096
2025-07-07 21:00:00,2536.52,2543.77,2521.28,2539.1,1642.043306
2025-07-07 22:00:00,2539.7,2543.82,2528.67,2536.2,1636.491801
2025-07-07 23:00:00,2536.39,2555.72,2534.36,2542.25,1280.159813
2025-07-08 00:00:00,2542.38,2564.94,2530.0,2540.56,3052.909923
2025-07-08 01:00:00,2540.56,2555.14,2523.18,2526.76,3635.359288
2025-07-08 02:00:00,2526.76,2539.32,2513.0,2528.09,2587.089496
2025-07-08 03:00:00,2528.09,2540.52,2524.0,2538.0,1265.239068
2025-07-08 04:00:00,2538.01,2544.54,2513.0,2543.6,2498.589247
2025-07-08 05:00:00,2543.76,2579.95,2520.0,2551.9,11906.287646
2025-07-08 06:00:00,2551.89,2584.51,2531.47,2558.9,3578.556784
2025-07-08 07:00:00,2558.83,2580.12,2547.63,2553.51,1876.443647
2025-07-08 08:00:00,2553.51,2571.71,2545.61,2546.4,5434.772023
2025-07-08 09:00:00,2546.41,2572.0,2526.11,2551.71,3183.651739
2025-07-08 10:00:00,2551.9,2567.16,2536.55,2566.39,3072.387773
2025-07-08 11:00:00,2566.39,2580.0,2559.49,2575.3,15156.023121
2025-07-08 12:00:00,2575.2,2585.49,2558.33,2582.62,5894.766477
2025-07-08 13:00:00,2583.03,2600.0,2560.86,2588.0,4737.338999
2025-07-08 14:00:00,2587.99,2600.0,2557.93,2563.8,2878.339695
2025-07-08 15:00:00,2564.01,2587.23,2557.24,2564.77,2962.039805
2025-07-08 16:00:00,2564.89,2585.78,2560.0,2576.26,3844.881696
2025-07-08 17:00:00,2576.25,2633.33,2560.0,2616.67,15517.447216
2025-07-08 18:00:00,2616.66,2625.81,2601.17,2625.59,11484.653458
2025-07-08 19:00:00,2624.92,2633.47,2590.0,2611.33,4384.035269
2025-07-08 20:00:00,2610.81,2619.34,2589.25,2601.68,2922.578845
2025-07-08 21:00:00,2606.3,2614.0,2596.57,2609.38,1996.266802
2025-07-08 22:00:00,2607.35,2625.36,2602.2,2610.5,1487.690335
2025-07-08 23:00:00,2610.51,2625.52,2593.73,2615.18,1837.781142
2025-07-09 00:00:00,2615.17,2619.93,2602.24,2612.99,1442.558074
2025-07-09 01:00:00,2613.18,2625.52,2540.0,2605.0,41321.263498
2025-07-09 02:00:00,2600.54,2619.93,2587.5,2602.72,6612.567905
2025-07-09 03:00:00,2602.73,2614.28,2577.83,2591.31,3043.034209
2025-07-09 04:00:00,2591.5,2615.04,2586.95,2602.19,1086.079996
2025-07-09 05:00:00,2603.4,2640.29,2590.0,2628.08,5170.194216
2025-07-09 06:00:00,2628.12,2632.28,2617.57,2631.57,2288.09044
2025-07-09 07:00:00,2631.43,2634.07,2605.0,2624.57,4864.132107
2025-07-09 08:00:00,2624.82,2632.32,2600.0,2611.5,2119.649915
2025-07-09 09:00:00,2612.19,2625.0,2597.05,2611.25,2586.895278
2025-07-09 10:00:00,2611.25,2625.0,2594.23,2618.15,3166.11364
2025-07-09 11:00:00,2618.19,2630.0,2609.62,2626.0,1778.747992
2025-07-09 12:00:00,2626.33,2669.33,2614.0,2660.0,6742.15855
2025-07-09 13:00:00,2659.99,2679.12,2641.42,2654.62,6104.895298
2025-07-09 14:00:00,2654.6,2676.59,2630.06,2642.3,3389.337566
2025-07-09 15:00:00,2642.29,2680.0,2638.27,2656.7,3140.135005
2025-07-09 16:00:00,2656.7,2680.0,2641.86,2666.42,5677.385565
2025-07-09 17:00:00,2666.26,2682.3,2643.78,2661.96,3020.206177
2025-07-09 18:00:00,2661.97,2730.0,2657.56,2718.13,6635.822217
2025-07-09 19:00:00,2716.0,2760.0,2699.89,2746.12,23672.049245
2025-07-09 20:00:00,2746.12,2757.4,2719.0,2738.13,21297.233177
2025-07-09 21:00:00,2737.91,2751.28,2695.09,2746.0,29062.491705
2025-07-09 22:00:00,2744.44,2757.56,2725.0,2742.0,66842.085973
2025-07-09 23:00:00,2746.0,2759.55,2708.0,2746.0,120413.877068
2025-07-10 00:00:00,2746.0,2760.31,2724.99,2745.99,64828.126904
2025-07-10 01:00:00,2745.99,2760.0,2721.81,2746.99,75297.949687
2025-07-10 02:00:00,2746.99,2761.59,2705.62,2746.06,78498.503012
2025-07-10 03:00:00,2746.06,2761.59,2728.82,2746.8,86727.233219
2025-07-10 04:00:00,2746.8,2761.59,2729.29,2753.36,114657.68468
2025-07-10 05:00:00,2753.36,2760.11,2673.46,2746.06,110425.945924
2025-07-10 06:00:00,2746.06,2760.0,2730.0,2746.0,121655.80618
2025-07-10 07:00:00,2746.0,2759.55,2720.0,2746.06,94576.790399
2025-07-10 08:00:00,2746.06,2761.59,2720.0,2746.06,96206.48367
2025-07-10 09:00:00,2746.06,2771.69,2719.99,2746.0,126944.912974
2025-07-10 10:00:00,2746.0,2760.0,2734.25,2746.03,110414.56247
2025-07-10 11:00:00,2746.03,2757.4,2735.2,2746.0,104387.919344
2025-07-10 12:00:00,2746.0,2768.8,2730.0,2755.76,712920.325727
2025-07-10 13:00:00,2755.62,2777.37,2722.22,2777.01,11186780.495325
2025-07-10 14:00:00,2777.01,2797.14,2750.0,2776.32,9485881.20018
2025-07-10 15:00:00,2771.99,2778.25,2759.62,2766.11,9204991.033133
2025-07-10 16:00:00,2766.11,2814.0,2756.25,2807.98,11596310.396929
2025-07-10 17:00:00,2807.98,2836.34,2791.72,2830.5,7994873.94787
2025-07-10 18:00:00,2830.5,2841.86,2795.65,2811.47,7099625.213596
2025-07-10 19:00:00,2811.47,2842.28,2806.06,2816.47,10979185.296507
2025-07-10 20:00:00,2816.47,2838.07,2800.0,2818.77,1071503.603541
2025-07-10 21:00:00,2818.77,2975.0,2793.44,2895.23,1024133.652068
2025-07-10 22:00:00,2895.34,2895.34,2809.99,2826.25,1914022.961243
2025-07-10 23:00:00,2826.25,2977.6,2800.0,2958.33,306280.785697
2025-07-11 00:00:00,2952.64,2962.24,2850.0,2937.23,12079.476638
2025-07-11 01:00:00,2937.23,2965.94,2925.0,2940.0,15638.810631
2025-07-11 02:00:00,2940.0,2952.42,2832.97,2900.0,214517.137901
2025-07-11 03:00:00,2900.0,2950.0,2899.0,2902.5,210629.866516
2025-07-11 04:00:00,2904.78,2928.57,2899.0,2900.08,98658.812238
2025-07-11 05:00:00,2900.08,2950.0,2899.0,2920.01,751200.495883
2025-07-11 06:00:00,2920.01,2935.0,2918.14,2920.0,129360.522476
2025-07-11 07:00:00,2920.0,2952.42,2904.0,2936.01,1088079.063997
2025-07-11 08:00:00,2936.01,2995.22,2935.61,2936.01,2150283.179545
2025-07-11 09:00:00,2936.01,2942.0,2936.0,2940.0,2344858.093026
2025-07-11 10:00:00,2940.01,2948.8,2935.8,2940.0,1771148.307901
2025-07-11 11:00:00,2940.01,2945.0,2900.6,2932.5,1682765.4805
2025-07-11 12:00:00,2932.5,2979.28,2900.0,2931.88,11679188.310888
2025-07-11 13:00:00,2933.02,2941.6,2921.21,2933.04,24383.283816
2025-07-11 14:00:00,2933.02,2958.06,2901.4,2933.18,27534.968061
2025-07-11 15:00:00,2933.18,2948.8,2904.49,2927.2,30484.643324
2025-07-11 16:00:00,2932.04,2936.7,2904.18,2932.16,26351.550414
2025-07-11 17:00:00,2932.16,2936.7,2901.4,2934.4,41645.703127
2025-07-11 18:00:00,2934.4,2938.93,2897.82,2932.08,40571.255284
2025-07-11 19:00:00,2932.08,2950.0,2900.0,2933.21,67024.568703
2025-07-11 20:00:00,2933.21,2944.0,2910.12,2933.0,43480.521003
2025-07-11 21:00:00,2933.0,2964.28,2932.0,2933.05,39335.445716
2025-07-11 22:00:00,2933.05,2934.0,2924.09,2933.62,23996.637001
2025-07-11 23:00:00,2933.62,2936.0,2929.0,2934.26,43610.38768
2025-07-12 00:00:00,2929.0,2936.7,2920.16,2934.26,24715.050035
2025-07-12 01:00:00,2934.26,2960.0,2910.0,2933.9,30014.377346
2025-07-12 02:00:00,2933.9,2950.0,2921.22,2948.22,314939.768283
2025-07-12 03:00:00,2948.25,2968.36,2922.79,2961.02,5689356.905088
2025-07-12 04:00:00,2961.03,2970.01,2908.16,2935.34,2512866.531073
2025-07-12 05:00:00,2935.34,3274.64,2930.0,2949.71,5629397.10439
2025-07-12 06:00:00,2949.71,2949.71,2915.0,2934.08,37937.549257
2025-07-12 07:00:00,2934.08,2950.0,2800.0,2933.04,38901.790609
2025-07-12 08:00:00,2933.04,2950.0,2863.76,2935.0,48212.828128
2025-07-12 09:00:00,2935.0,2950.0,2866.0,2933.04,101871.282528
2025-07-12 10:00:00,2933.04,2940.0,2906.45,2934.93,53409.835471
2025-07-12 11:00:00,2934.93,2935.64,2930.0,2935.61,35533.121461
2025-07-12 12:00:00,2935.61,2935.7,2919.0,2933.2,28555.275953
2025-07-12 13:00:00,2933.2,2938.98,2866.0,2920.0,33302.848863
2025-07-12 14:00:00,2920.0,2957.05,2897.82,2928.44,38068.840923
2025-07-12 15:00:00,2927.4,2936.7,2898.4,2916.09,4219.485152
2025-07-12 16:00:00,2916.02,2952.42,2880.0,2924.33,6946.106731
2025-07-12 17:00:00,2924.65,2948.8,2920.99,2933.09,34198.902912
2025-07-12 18:00:00,2933.09,2941.15,2898.4,2933.67,39222.101105
2025-07-12 19:00:00,2933.67,2942.88,2920.16,2933.09,44026.664385
2025-07-12 20:00:00,2933.09,2939.31,2917.25,2917.25,14500.921311
2025-07-12 21:00:00,2917.3,2936.7,2900.0,2933.67,11807.371525
2025-07-12 22:00:00,2933.67,2939.31,2920.0,2934.32,26539.411424
2025-07-12 23:00:00,2934.32,2939.31,2922.0,2933.67,36998.821324
2025-07-13 00:00:00,2933.67,2947.04,2920.16,2933.14,29529.502549
2025-07-13 01:00:00,2933.14,2947.95,2927.2,2934.32,38142.375462
2025-07-13 02:00:00,2934.32,2943.2,2928.57,2933.21,57152.399933
2025-07-13 03:00:00,2933.21,2950.0,2882.0,2933.04,53493.709519
2025-07-13 04:00:00,2933.04,2948.0,2920.99,2935.0,49598.050343
2025-07-13 05:00:00,2935.0,2950.0,2905.27,2933.05,60949.429495
2025-07-13 06:00:00,2933.05,2948.8,2926.33,2933.33,44566.852856
2025-07-13 07:00:00,2933.14,2935.64,2925.0,2935.36,60112.825569
2025-07-13 08:00:00,2935.36,2936.7,2918.37,2935.61,39289.843435
2025-07-13 09:00:00,2935.61,2940.0,2925.0,2935.36,40403.368912
2025-07-13 10:00:00,2930.15,2935.64,2900.06,2930.0,48189.390892
2025-07-13 11:00:00,2933.21,2935.64,2925.0,2930.0,44693.265305
2025-07-13 12:00:00,2935.61,2935.64,2930.0,2933.21,40918.996436
2025-07-13 13:00:00,2933.21,2935.61,2930.0,2933.0,323819.824202
2025-07-13 14:00:00,2933.0,2935.66,2900.06,2935.0,123394.220745
2025-07-13 15:00:00,2935.0,2940.0,2866.0,2933.9,192490.545007
2025-07-13 16:00:00,2933.9,2945.0,2866.0,2930.0,51285.572109
2025-07-13 17:00:00,2935.23,2935.64,2930.0,2933.23,33477.198304
2025-07-13 18:00:00,2930.0,2936.7,2912.8,2935.15,24275.626743
2025-07-13 19:00:00,2935.15,2935.61,2866.0,2935.61,35434.737021
2025-07-13 20:00:00,2935.61,2935.64,2930.0,2933.23,28831.742758
2025-07-13 21:00:00,2933.23,2945.0,2926.33,2933.23,41902.047127
2025-07-13 22:00:00,2933.23,2936.0,2900.0,2935.0,28610.364417
2025-07-13 23:00:00,2935.0,2935.64,2925.0,2933.23,31486.49767
2025-07-14 00:00:00,2933.23,2941.6,2922.0,2933.14,42935.805714
2025-07-14 01:00:00,2933.14,2945.0,2920.16,2920.16,31594.8532
2025-07-14 02:00:00,2925.74,2945.0,2900.0,2933.49,18290.493053
2025-07-14 03:00:00,2933.49,2945.0,2900.0,2935.0,66248.637635
2025-07-14 04:00:00,2935.0,2989.32,2927.2,2933.0,1055233.067883
2025-07-14 05:00:00,2933.0,2961.0,2926.09,2935.01,1128039.638213
2025-07-14 06:00:00,2935.0,2988.0,2920.0,2984.16,540959.606827
2025-07-14 07:00:00,2984.16,2988.0,2970.4,2978.54,78645.183438
2025-07-14 08:00:00,2983.79,2988.0,2936.0,2985.29,86667.704544
2025-07-14 09:00:00,2980.19,2988.0,2965.0,2985.27,70981.771675
2025-07-14 10:00:00,2980.19,2988.0,2970.4,2982.0,86891.813335
2025-07-14 11:00:00,2982.0,2988.0,2936.0,2983.86,72392.001981
2025-07-14 12:00:00,2983.86,2988.0,2938.0,2982.2,94144.009589
2025-07-14 13:00:00,2982.2,2988.0,2938.0,2965.0,69075.015802
2025-07-14 14:00:00,2970.0,2976.46,2940.0,2968.0,84562.555824
2025-07-14 15:00:00,2968.0,2968.0,2936.7,2968.0,73511.330578
2025-07-14 16:00:00,2968.0,2968.0,2938.0,2968.0,161724.257989
2025-07-14 17:00:00,2968.0,2968.0,2950.0,2963.64,116096.663711
2025-07-14 18:00:00,2963.64,2968.0,2937.0,2963.69,86933.975093
2025-07-14 19:00:00,2963.69,2968.0,2949.99,2959.34,64479.754798
2025-07-14 20:00:00,2959.34,2968.0,2950.56,2959.36,66466.547895
2025-07-14 21:00:00,2956.56,2963.2,2948.8,2955.44,62098.271846
2025-07-14 22:00:00,2960.52,2968.0,2944.01,2959.03,84919.465813
2025-07-14 23:00:00,2959.03,2967.99,2946.42,2959.04,83208.42041
2025-07-15 00:00:00,2959.04,2967.99,2937.0,2958.0,76413.511256
2025-07-15 01:00:00,2958.0,2966.66,2937.0,2958.0,69401.034623
2025-07-15 02:00:00,2958.0,2959.91,2941.6,2958.0,67594.909053
2025-07-15 03:00:00,2952.64,2958.0,2939.0,2952.3,25207.364273
2025-07-15 04:00:00,2952.01,2968.0,2899.99,2925.0,261041.204463
2025-07-15 05:00:00,2925.0,2962.19,2235.49,2955.0,463681.865743
2025-07-15 06:00:00,2955.0,2958.0,2875.0,2950.0,76151.634643
2025-07-15 07:00:00,2950.0,3000.0,2861.15,2963.14,823787.607896
2025-07-15 08:00:00,2966.0,2966.0,2925.0,2955.0,72212.188903
2025-07-15 09:00:00,2949.9,3009.27,2945.2,2972.58,337659.093195
2025-07-15 10:00:00,2972.55,2998.64,2888.0,2974.3,173026.787604
2025-07-15 11:00:00,2974.21,2976.0,2851.91,2960.0,67473.963232
2025-07-15 12:00:00,2960.0,2960.0,2935.0,2960.0,57425.192997
2025-07-15 13:00:00,2960.0,3070.28,2951.42,3052.0,138943.977874
2025-07-15 14:00:00,3051.82,3064.47,2968.67,2977.6,31684.778871
2025-07-15 15:00:00,2977.47,3041.09,2964.28,3031.42,20108.175197
2025-07-15 16:00:00,3025.71,3055.4,2950.0,3031.24,68606.842412
2025-07-15 17:00:00,3031.24,3044.04,3000.0,3030.95,43563.793091
2025-07-15 18:00:00,3030.95,3056.75,2940.0,3025.0,45546.267678
2025-07-15 19:00:00,3029.99,3055.24,3000.0,3031.24,41850.322104
2025-07-15 20:00:00,3031.24,3046.73,3017.17,3032.05,42198.030281
2025-07-15 21:00:00,3027.0,3042.4,3020.0,3025.64,40487.399491
2025-07-15 22:00:00,3025.64,3040.62,3013.99,3030.67,56514.914188
2025-07-15 23:00:00,3030.67,3050.0,2996.58,3031.24,36820.570693
2025-07-16 00:00:00,3031.24,3050.0,3002.85,3030.0,613834.169416
2025-07-16 01:00:00,3028.0,3111.0,2996.44,3030.62,51368.617899
2025-07-16 02:00:00,3030.62,3111.0,2996.87,3075.0,52959.51107
2025-07-16 03:00:00,3080.57,3111.0,3080.57,3111.0,190289.038122
2025-07-16 04:00:00,3111.0,3111.0,3072.0,3111.0,64890.321467
2025-07-16 05:00:00,3111.0,3111.0,3089.05,3111.0,70676.853443
2025-07-16 06:00:00,3111.0,3111.0,3071.63,3111.0,67439.737072
2025-07-16 07:00:00,3111.0,3111.0,2897.97,3111.0,199727.93178
2025-07-16 08:00:00,3111.0,3175.0,3080.0,3164.79,62432.914727
2025-07-16 09:00:00,3164.79,3173.87,3125.86,3135.98,26087.898636
2025-07-16 10:00:00,3135.98,3135.98,3100.0,3123.95,95455.321733
2025-07-16 11:00:00,3123.95,3126.06,3083.33,3108.61,124265.995176
2025-07-16 12:00:00,3108.61,3110.01,3069.79,3075.63,5811380.927549
2025-07-16 13:00:00,3075.63,3162.5,2430.06,3125.43,9107848.538729
2025-07-16 14:00:00,3132.0,3188.0,3091.5,3188.0,135101.061551
2025-07-16 15:00:00,3188.0,3373.6,3164.0,3188.0,175956.981012
2025-07-16 16:00:00,3188.0,3188.0,3150.41,3188.0,58958.154262
2025-07-16 17:00:00,3188.0,4285.02,3182.0,3280.0,535345.140736
2025-07-16 18:00:00,3280.0,3322.0,3270.46,3286.53,54458.248664
2025-07-16 19:00:00,3286.53,3390.19,3253.95,3370.77,66034.473759
2025-07-16 20:00:00,3370.77,4449.2,3352.0,3380.0,1717093.095695
2025-07-16 21:00:00,3380.0,3387.27,3350.0,3373.19,27496.19828
2025-07-16 22:00:00,3374.28,3400.0,3350.0,3363.09,28683.29968
2025-07-16 23:00:00,3363.15,3400.0,3320.0,3371.21,4377.276435
2025-07-17 00:00:00,3371.39,3404.06,3325.0,3361.23,37481.275647
2025-07-17 01:00:00,3361.23,3381.81,3312.35,3340.96,20638.363836
2025-07-17 02:00:00,3338.31,3422.07,3290.0,3348.79,8796.433303
2025-07-17 03:00:00,3349.4,3362.62,3240.0,3309.52,21440.44138
2025-07-17 04:00:00,3309.52,3374.99,3275.0,3306.19,81561.331423
2025-07-17 05:00:00,3306.12,3337.6,3296.62,3309.61,76461.45687
2025-07-17 06:00:00,3309.61,3375.0,3272.8,3303.08,93358.129781
2025-07-17 07:00:00,3303.08,3356.95,3292.72,3304.0,126467.007682
2025-07-17 08:00:00,3304.0,3325.0,3244.88,3320.03,90335.977277
2025-07-17 09:00:00,3320.02,3436.0,3320.01,3333.02,184200.300073
2025-07-17 10:00:00,3333.02,3531.46,3330.04,3358.82,177173.863848
2025-07-17 11:00:00,3358.12,3390.0,3328.57,3328.57,429496.424989
2025-07-17 12:00:00,3328.55,3420.0,3204.71,3302.07,153025.85246
2025-07-17 13:00:00,3302.07,3375.0,3210.0,3302.03,214961.113589
2025-07-17 14:00:00,3301.6,3416.8,3295.0,3302.5,123805.791494
2025-07-17 15:00:00,3300.0,3385.0,3297.5,3382.35,107935.637404
2025-07-17 16:00:00,3382.35,3382.35,3295.0,3362.85,59102.727271
2025-07-17 17:00:00,3369.7,3385.0,3311.5,3359.73,58538.495752
2025-07-17 18:00:00,3359.73,3416.8,3352.0,3410.0,79122.788848
2025-07-17 19:00:00,3410.0,3411.0,3364.0,3405.04,89741.286407
2025-07-17 20:00:00,3405.04,3411.0,3370.0,3406.96,40999.972633
2025-07-17 21:00:00,3406.96,3643.75,3380.0,3609.45,1667624.81781
2025-07-17 22:00:00,3609.45,3809.25,3440.0,3467.01,32461.572827
2025-07-17 23:00:00,3467.01,3476.8,3450.0,3476.8,47997.22309
2025-07-18 00:00:00,3476.8,3490.67,3453.23,3490.16,73787.147985
2025-07-18 01:00:00,3490.16,3510.4,3432.0,3484.31,57609.097178
2025-07-18 02:00:00,3484.31,3500.0,3400.0,3489.0,45491.907017
2025-07-18 03:00:00,3489.0,3510.4,3452.8,3510.4,87443.173166
2025-07-18 04:00:00,3510.4,3598.02,3485.0,3588.9,71089.912916
2025-07-18 05:00:00,3588.9,3649.05,3558.35,3629.03,57461.445403
2025-07-18 06:00:00,3629.03,3680.47,3471.76,3471.76,58047.785414
2025-07-18 07:00:00,3471.76,3650.0,2958.0,3605.95,92995.301486
2025-07-18 08:00:00,3605.95,3625.7,2833.0,3604.26,75702.013556
2025-07-18 09:00:00,3604.09,3647.2,3578.57,3619.0,3669.80715
2025-07-18 10:00:00,3620.84,3631.31,3550.0,3610.0,13474.014964
2025-07-18 11:00:00,3610.0,3625.0,3548.5,3548.5,34798.497069
2025-07-18 12:00:00,3548.49,3548.49,3189.95,3203.38,66377.844702
2025-07-18 13:00:00,3203.38,3619.04,3134.52,3611.2,182212.451414
2025-07-18 14:00:00,3611.2,3632.8,3525.0,3574.05,27288.954888
2025-07-18 15:00:00,3574.05,3600.0,3525.0,3565.9,4928.009137
2025-07-18 16:00:00,3564.6,3666.93,3539.2,3571.32,5250.063964
2025-07-18 17:00:00,3573.33,3618.4,3532.0,3600.24,9248.790361
2025-07-18 18:00:00,3600.41,3649.8,3478.12,3569.96,5471.405982
2025-07-18 19:00:00,3572.37,3611.2,3538.09,3551.42,2607.246906
2025-07-18 20:00:00,3551.57,3557.65,3480.0,3518.01,1394.639579
2025-07-18 21:00:00,3517.97,3571.42,3500.0,3554.28,1169.401965
2025-07-18 22:00:00,3557.94,3567.7,3532.5,3535.0,8572.53084
2025-07-18 23:00:00,3535.0,3561.9,3496.0,3546.76,13657.822671
2025-07-19 00:00:00,3546.2,3561.9,3522.06,3522.95,1356.175654
2025-07-19 01:00:00,3522.76,3532.0,3500.0,3506.16,29073.102141
2025-07-19 02:00:00,3506.16,3513.88,3483.91,3503.2,33374.632361
2025-07-19 03:00:00,3506.85,3561.9,3469.66,3503.2,39881.786931
2025-07-19 04:00:00,3506.3,3523.63,3424.0,3506.38,32711.278662
2025-07-19 05:00:00,3503.2,3524.8,3475.0,3507.31,30435.783009
2025-07-19 06:00:00,3507.31,3609.0,3456.25,3519.1,972713.810367
2025-07-19 07:00:00,3519.09,3519.11,3482.2,3500.0,746004.805156
2025-07-19 08:00:00,3496.0,3513.32,3480.03,3502.38,30769.515722
2025-07-19 09:00:00,3502.28,3511.11,3378.62,3465.71,39357.298598
2025-07-19 10:00:00,3465.71,3509.43,3448.13,3500.3,35560.737239
2025-07-19 11:00:00,3500.3,3510.4,3375.0,3499.99,34675.614531
2025-07-19 12:00:00,3499.99,3509.0,3468.16,3493.58,31501.415694
2025-07-19 13:00:00,3493.58,3516.16,3450.0,3500.0,33872.629828
2025-07-19 14:00:00,3500.0,3503.2,3475.0,3494.34,27621.898674
2025-07-19 15:00:00,3500.0,3503.2,3477.38,3500.3,37438.136848
2025-07-19 16:00:00,3500.3,3515.62,3467.2,3500.0,35993.621075
2025-07-19 17:00:00,3500.0,3510.0,3468.0,3491.78,40585.487522
2025-07-19 18:00:00,3498.0,3512.5,3475.0,3500.0,37576.066548
2025-07-19 19:00:00,3500.0,3500.51,3399.99,3499.0,41225.300944
2025-07-19 20:00:00,3499.0,3510.4,3475.0,3500.0,44902.552152
2025-07-19 21:00:00,3494.0,3500.0,3494.0,3500.0,28456.981285
2025-07-19 22:00:00,3500.0,3510.85,3442.85,3500.0,29805.285622
2025-07-19 23:00:00,3500.0,3512.0,3488.12,3500.0,39413.154719
2025-07-20 00:00:00,3500.0,3515.0,3465.75,3500.0,32946.422173
2025-07-20 01:00:00,3500.0,3503.2,3475.0,3503.0,27035.766095
2025-07-20 02:00:00,3503.0,3503.0,3460.0,3500.0,30630.022083
2025-07-20 03:00:00,3500.0,3525.0,3483.33,3507.08,54214.23485
2025-07-20 04:00:00,3507.08,3546.4,3359.2,3506.99,29080.372273
2025-07-20 05:00:00,3506.99,3546.74,3391.65,3507.32,26070.439787
2025-07-20 06:00:00,3507.32,3546.4,3500.0,3506.38,31837.024954
2025-07-20 07:00:00,3503.2,3535.72,3486.36,3507.31,41686.177748
2025-07-20 08:00:00,3507.31,3525.0,3400.0,3511.19,39839.394796
2025-07-20 09:00:00,3511.13,3526.93,3470.0,3507.29,36171.817815
2025-07-20 10:00:00,3507.29,3550.0,3475.0,3507.03,109038.73126
2025-07-20 11:00:00,3507.03,3546.4,3500.0,3507.46,107968.438429
2025-07-20 12:00:00,3507.46,3524.8,3501.0,3506.01,58323.216382
2025-07-20 13:00:00,3506.01,3545.0,3501.0,3506.19,84767.574239
2025-07-20 14:00:00,3506.19,3545.0,3501.0,3508.27,117813.491327
2025-07-20 15:00:00,3506.4,3544.87,3500.0,3522.27,125644.493553
2025-07-20 16:00:00,3522.27,3537.0,3500.0,3507.31,72174.017981
2025-07-20 17:00:00,3507.31,3611.54,3499.0,3507.0,117308.626796
2025-07-20 18:00:00,3507.0,3535.35,3475.0,3508.65,118156.777966
2025-07-20 19:00:00,3511.77,3533.6,3500.0,3517.6,112749.475802
2025-07-20 20:00:00,3517.58,3600.0,3496.96,3576.22,107695.796158
2025-07-20 21:00:00,3576.22,3576.22,3502.99,3507.31,39340.08043
2025-07-20 22:00:00,3507.31,3533.33,3496.0,3511.29,88200.862407
2025-07-20 23:00:00,3511.29,3532.0,3475.0,3512.86,194004.455877
2025-07-21 00:00:00,3512.86,3533.33,3475.0,3507.31,99353.045943
2025-07-21 01:00:00,3507.31,3600.0,3500.0,3593.18,83726.390458
2025-07-21 02:00:00,3599.99,3697.6,3586.75,3697.6,22184.824933
2025-07-21 03:00:00,3690.4,3709.45,3650.0,3704.8,64042.689646
2025-07-21 04:00:00,3704.8,3719.93,3640.0,3719.93,86586.56941
2025-07-21 05:00:00,3712.93,3745.74,3670.48,3725.0,84473.752388
2025-07-21 06:00:00,3725.0,3796.02,3700.0,3750.0,72493.903105
2025-07-21 07:00:00,3750.0,3791.2,3712.0,3780.0,91652.994848
2025-07-21 08:00:00,3780.0,3794.36,3757.8,3764.2,29567.327788
2025-07-21 09:00:00,3757.8,3776.94,3625.0,3740.0,34343.981176
2025-07-21 10:00:00,3740.0,3761.9,3704.8,3755.2,49936.158254
2025-07-21 11:00:00,3755.2,3755.2,3725.0,3753.72,41864.227233
2025-07-21 12:00:00,3753.72,3765.62,3724.0,3761.9,55991.824396
2025-07-21 13:00:00,3754.62,3776.47,3725.0,3760.0,56745.038425
2025-07-21 14:00:00,3760.0,3838.91,3700.0,3823.05,58624.582666
2025-07-21 15:00:00,3823.05,3839.86,3750.0,3750.0,46072.803906
2025-07-21 16:00:00,3750.0,3796.8,3690.85,3774.48,15621.703904
2025-07-21 17:00:00,3770.83,3788.2,3583.0,3668.81,39992.150283
2025-07-21 18:00:00,3669.08,3725.0,3588.0,3700.96,47330.326772
2025-07-21 19:00:00,3700.96,3712.5,3680.0,3700.02,33629.312735
2025-07-21 20:00:00,3700.02,3705.88,3654.4,3700.05,53772.030369
2025-07-21 21:00:00,3694.83,3710.0,3670.58,3700.87,51238.592603
2025-07-21 22:00:00,3693.72,3711.06,3650.5,3695.82,92988.824414
2025-07-21 23:00:00,3695.82,3725.0,3660.0,3700.0,177358.534233
2025-07-22 00:00:00,3693.58,3809.52,3604.14,3700.0,137897.341189
2025-07-22 01:00:00,3700.0,3725.0,3675.0,3701.73,48372.522294
2025-07-22 02:00:00,3701.73,3711.63,3571.79,3700.05,52659.955286
2025-07-22 03:00:00,3700.05,3714.28,3675.0,3700.0,48421.985763
2025-07-22 04:00:00,3694.78,3725.0,3628.0,3645.0,49262.1347
2025-07-22 05:00:00,3645.0,3675.0,3607.86,3645.48,55287.341086
2025-07-22 06:00:00,3645.48,3660.0,3600.0,3650.13,66062.166995
2025-07-22 07:00:00,3650.13,3675.0,3619.76,3650.0,58623.235017
2025-07-22 08:00:00,3650.0,3650.0,3098.58,3098.58,93159.864439
2025-07-22 09:00:00,3098.58,3660.0,3036.34,3642.85,40385.353778
2025-07-22 10:00:00,3642.4,3670.0,3575.0,3618.05,47254.779959
2025-07-22 11:00:00,3617.78,3682.64,3475.0,3610.57,204858.42838
2025-07-22 12:00:00,3610.1,3618.0,3573.66,3599.57,46797.584088
2025-07-22 13:00:00,3599.57,3625.0,3555.0,3613.63,41926.42425
2025-07-22 14:00:00,3613.63,3625.0,3597.0,3616.97,36328.042936
2025-07-22 15:00:00,3616.97,3625.0,3597.0,3621.42,36495.1476
2025-07-22 16:00:00,3621.42,3625.0,3597.0,3621.37,27050.683814
2025-07-22 17:00:00,3621.37,3624.98,3604.23,3621.37,22508.610093
2025-07-22 18:00:00,3621.37,3624.96,3588.0,3600.0,94899.605625
2025-07-22 19:00:00,3600.0,3619.04,3555.0,3581.0,70265.270571
2025-07-22 20:00:00,3581.0,3597.05,3560.0,3580.48,72782.117203
2025-07-22 21:00:00,3580.48,3592.92,3560.0,3580.41,14765.811982
2025-07-22 22:00:00,3580.41,3594.22,3560.0,3580.0,19749.3835
2025-07-22 23:00:00,3580.0,3595.23,3555.0,3580.1,41452.776276
2025-07-23 00:00:00,3580.1,3597.0,3555.0,3578.0,38171.012963
2025-07-23 01:00:00,3578.0,3600.0,3476.0,3580.0,42276.985606
2025-07-23 02:00:00,3575.0,3597.0,3567.4,3580.41,67400.505314
2025-07-23 03:00:00,3580.41,3600.0,3554.54,3580.2,85417.592786
2025-07-23 04:00:00,3580.2,3600.0,3550.0,3580.09,108096.016311
2025-07-23 05:00:00,3580.09,3617.5,3539.76,3600.0,15393.124077
2025-07-23 06:00:00,3593.33,3617.39,3550.0,3601.03,24735.043801
2025-07-23 07:00:00,3601.03,3619.76,3580.0,3600.83,70640.67694
2025-07-23 08:00:00,3600.83,3624.62,3593.18,3600.0,74692.372823
2025-07-23 09:00:00,3600.0,3624.0,3574.28,3575.76,70353.505952
2025-07-23 10:00:00,3575.82,3620.72,3500.0,3506.74,112697.048489
2025-07-23 11:00:00,3506.74,3539.76,3500.0,3506.01,181260.774998
2025-07-23 12:00:00,3506.01,3547.61,3500.0,3509.56,121476.684906
2025-07-23 13:00:00,3509.56,3519.0,3455.79,3506.29,65435.111616
2025-07-23 14:00:00,3506.29,3613.01,3479.41,3596.15,181055.863714
2025-07-23 15:00:00,3596.0,3637.47,3503.0,3506.29,178357.824535
2025-07-23 16:00:00,3506.29,3600.0,3503.0,3517.5,62991.239097
2025-07-23 17:00:00,3517.34,3550.0,3502.63,3507.23,64983.548679
2025-07-23 18:00:00,3507.23,3536.0,3475.0,3508.42,70860.144853
2025-07-23 19:00:00,3508.37,3525.0,3501.12,3507.0,66647.109743
2025-07-23 20:00:00,3507.0,3529.0,3495.0,3507.31,61312.042978
2025-07-23 21:00:00,3507.31,3529.0,3460.0,3501.21,57475.404959
2025-07-23 22:00:00,3506.01,3529.0,3498.5,3507.27,80898.792415
2025-07-23 23:00:00,3507.27,3520.27,3504.0,3506.0,42276.557604
2025-07-24 00:00:00,3505.0,3510.0,3505.0,3506.25,41101.50162
2025-07-24 01:00:00,3506.25,3520.27,3505.0,3506.1,108542.310653
2025-07-24 02:00:00,3506.1,3520.27,3505.0,3506.38,44788.011396
2025-07-24 03:00:00,3506.38,3625.0,3505.0,3592.1,74065.711917
2025-07-24 04:00:00,3592.4,3597.39,3380.0,3506.95,56716.56981
2025-07-24 05:00:00,3506.95,3548.31,3482.85,3514.81,44536.019808
2025-07-24 06:00:00,3514.81,3562.17,3480.0,3506.29,45013.692537
2025-07-24 07:00:00,3506.29,3538.23,3477.77,3506.74,57077.203713
2025-07-24 08:00:00,3506.74,3525.0,3500.0,3506.74,34315.900048
2025-07-24 09:00:00,3506.74,3544.79,3500.0,3506.01,31696.261438
2025-07-24 10:00:00,3506.01,3515.0,3475.0,3507.31,31950.81378
2025-07-24 11:00:00,3507.31,3509.0,3500.0,3506.01,70098.513718
2025-07-24 12:00:00,3506.01,3509.0,3500.0,3506.01,36350.918317
2025-07-24 13:00:00,3503.02,3509.0,3500.0,3506.01,32745.143157
2025-07-24 14:00:00,3506.01,3509.0,3485.0,3503.02,62404.043127
2025-07-24 15:00:00,3506.01,3711.72,3497.5,3707.5,1386770.810457
2025-07-24 16:00:00,3707.49,3748.89,3575.0,3590.01,354791.169705
2025-07-24 17:00:00,3590.01,3596.89,3589.99,3590.01,273089.855871
2025-07-24 18:00:00,3590.01,3700.0,3589.99,3590.02,198278.626739
2025-07-24 19:00:00,3590.0,3625.11,3589.84,3590.0,237852.769234
2025-07-24 20:00:00,3590.01,3734.55,3589.99,3686.66,212430.02922
2025-07-24 21:00:00,3686.58,3686.66,3589.99,3590.0,158416.015364
2025-07-24 22:00:00,3590.01,3597.01,3589.99,3590.02,267787.533001
2025-07-24 23:00:00,3590.0,3600.0,3589.99,3590.01,269730.445616
2025-07-25 00:00:00,3590.0,3625.0,3589.99,3590.01,247987.931763
2025-07-25 01:00:00,3590.0,3597.01,3589.99,3590.0,274186.456442
2025-07-25 02:00:00,3590.0,3625.0,3587.1,3590.0,258952.416784
2025-07-25 03:00:00,3590.0,3597.01,3589.99,3590.03,271565.939048
2025-07-25 04:00:00,3590.0,3602.43,3589.84,3590.01,284578.16589
2025-07-25 05:00:00,3590.0,3601.0,3500.0,3506.13,189326.980687
2025-07-25 06:00:00,3506.13,3600.0,3485.0,3503.49,51849.211319
2025-07-25 07:00:00,3507.0,3600.0,3486.0,3556.18,58828.531294
2025-07-25 08:00:00,3556.14,3560.0,3500.0,3506.07,53678.946658
2025-07-25 09:00:00,3506.07,3600.0,3500.0,3571.2,122396.659061
2025-07-25 10:00:00,3564.86,3650.0,3550.0,3611.58,184718.968289
2025-07-25 11:00:00,3611.52,3616.66,3550.0,3552.02,116450.314443
2025-07-25 12:00:00,3552.0,3732.68,3551.99,3655.88,165240.678581
2025-07-25 13:00:00,3655.88,3725.0,3655.0,3706.34,22087.532715
2025-07-25 14:00:00,3706.34,3709.6,3559.79,3559.79,32861.350815
2025-07-25 15:00:00,3559.79,3650.5,3550.0,3620.0,48401.725073
2025-07-25 16:00:00,3619.94,3640.71,3574.37,3590.5,47424.936662
2025-07-25 17:00:00,3590.5,3650.0,3558.0,3623.2,46848.969039
2025-07-25 18:00:00,3623.2,3650.63,3558.0,3559.2,49665.791936
2025-07-25 19:00:00,3559.2,3657.32,3548.33,3554.28,75593.22662
2025-07-25 20:00:00,3554.28,3695.98,3552.0,3676.36,77212.116781
2025-07-25 21:00:00,3676.36,3700.0,3583.77,3670.5,33137.323516
2025-07-25 22:00:00,3670.5,3723.07,3625.67,3625.67,48787.531109
2025-07-25 23:00:00,3625.67,3691.55,3560.0,3632.55,39501.576514
2025-07-26 00:00:00,3632.55,3719.48,3552.0,3671.95,41728.055717
2025-07-26 01:00:00,3671.95,3750.0,3540.0,3692.85,63415.869495
2025-07-26 02:00:00,3692.85,3709.09,3552.0,3579.57,71459.704503
2025-07-26 03:00:00,3579.57,3750.0,3533.33,3739.25,20992.131124
2025-07-26 04:00:00,3739.25,3768.91,3700.0,3747.87,4642.393228
2025-07-26 05:00:00,3748.14,3785.71,3705.0,3748.39,3620.543984
2025-07-26 06:00:00,3747.95,3773.52,3725.0,3739.12,4494.963045
2025-07-26 07:00:00,3739.87,3770.0,3705.15,3742.12,2889.141821
2025-07-26 08:00:00,3742.83,3789.07,3740.0,3762.23,2223.529586
2025-07-26 09:00:00,3762.63,3771.13,3750.0,3758.73,2763.335831
2025-07-26 10:00:00,3759.99,3780.0,3725.0,3758.0,4002.421598
2025-07-26 11:00:00,3758.0,3769.99,3725.0,3739.76,2776.832565
2025-07-26 12:00:00,3739.76,3752.5,3725.0,3742.16,23445.653928
2025-07-26 13:00:00,3742.16,3760.0,3730.0,3741.71,20894.061068
2025-07-26 14:00:00,3741.71,3757.36,3708.0,3727.65,25308.697266
2025-07-26 15:00:00,3728.61,3754.31,3699.66,3735.84,19142.360258
2025-07-26 16:00:00,3736.03,3750.0,3692.31,3728.31,18334.138932
2025-07-26 17:00:00,3728.36,3741.0,3699.66,3723.99,10271.005687
2025-07-26 18:00:00,3724.23,3753.54,3700.0,3740.07,1482.911752
2025-07-26 19:00:00,3740.06,3775.0,3725.0,3750.44,1976.176643
2025-07-26 20:00:00,3750.55,3766.61,3730.0,3745.14,981.772733
2025-07-26 21:00:00,3745.0,3772.72,3713.78,3758.98,737.363111
2025-07-26 22:00:00,3758.98,3790.0,3714.7,3750.36,3380.724667
2025-07-26 23:00:00,3751.13,3755.82,3708.79,3735.49,7725.023727
2025-07-27 00:00:00,3741.84,3781.85,3719.15,3756.61,2138.383215
2025-07-27 01:00:00,3756.35,3775.0,3737.5,3756.32,2802.296118
2025-07-27 02:00:00,3756.4,3800.0,3725.0,3799.9,6818.415326
2025-07-27 03:00:00,3799.9,3799.91,3770.0,3774.18,25751.742465
2025-07-27 04:00:00,3774.18,3802.94,3733.0,3791.58,2760.579671
2025-07-27 05:00:00,3791.23,3812.22,3750.53,3790.95,1399.757462
2025-07-27 06:00:00,3791.48,3820.0,3749.94,3772.74,7201.711508
2025-07-27 07:00:00,3772.74,3818.0,3763.23,3768.78,1436.130273
2025-07-27 08:00:00,3768.18,3797.5,3750.0,3771.13,3391.368312
2025-07-27 09:00:00,3771.07,3773.95,3740.0,3763.64,1383.535039
2025-07-27 10:00:00,3763.65,3820.0,3750.0,3817.05,10405.365059
2025-07-27 11:00:00,3819.15,3820.0,3790.0,3816.66,26380.574166
2025-07-27 12:00:00,3815.33,3820.0,3765.0,3817.45,34119.70774
2025-07-27 13:00:00,3817.45,3820.0,3802.11,3808.2,36550.562208
2025-07-27 14:00:00,3810.63,3820.0,3765.0,3810.28,6392.189485
2025-07-27 15:00:00,3809.84,3820.0,3785.71,3819.56,5941.03021
2025-07-27 16:00:00,3819.06,3850.67,3791.12,3819.99,42125.237931
2025-07-27 17:00:00,3819.99,3899.0,3791.5,3838.06,2775.781029
2025-07-27 18:00:00,3838.09,3900.0,3833.24,3847.94,2001.156797
2025-07-27 19:00:00,3846.17,3865.54,3826.6,3828.54,846.111198
2025-07-27 20:00:00,3828.54,3843.52,3811.0,3822.93,863.026722
2025-07-27 21:00:00,3822.94,3849.74,3817.5,3837.09,422.857306
2025-07-27 22:00:00,3837.26,3900.0,3811.0,3864.66,2074.297131
2025-07-27 23:00:00,3864.74,3900.0,3820.84,3871.63,2075.863437
2025-07-28 00:00:00,3872.9,3904.76,3830.0,3862.18,2402.026926
2025-07-28 01:00:00,3862.19,3910.77,3828.0,3849.54,1654.816276
2025-07-28 02:00:00,3850.2,3934.82,3833.24,3886.21,5460.986836
2025-07-28 03:00:00,3885.81,3893.59,3860.0,3879.91,2392.415276
2025-07-28 04:00:00,3879.76,3894.73,3818.52,3818.52,20510.711217
2025-07-28 05:00:00,3818.52,3870.0,3725.82,3725.82,85927.557952
2025-07-28 06:00:00,3725.82,3790.0,3550.0,3705.59,105938.552384
2025-07-28 07:00:00,3705.59,3900.0,3600.0,3894.01,108123.77047
2025-07-28 08:00:00,3893.18,3910.0,3802.58,3891.69,36104.260906
2025-07-28 09:00:00,3891.69,3899.88,3866.56,3894.15,3840.227039
2025-07-28 10:00:00,3888.56,3990.19,3742.76,3887.11,26989.70897
2025-07-28 11:00:00,3887.35,3900.0,3832.35,3879.2,1866.19407
2025-07-28 12:00:00,3879.25,3920.0,3719.99,3870.95,32720.658595
2025-07-28 13:00:00,3870.95,3880.0,3826.02,3842.87,6513.912708
2025-07-28 14:00:00,3843.4,3860.0,3775.0,3784.99,7607.384412
2025-07-28 15:00:00,3784.99,3828.8,3776.54,3800.0,14216.777064
2025-07-28 16:00:00,3793.33,3835.09,3787.5,3806.7,27420.857352
2025-07-28 17:00:00,3812.5,3830.0,3745.71,3784.72,4003.855554
2025-07-28 18:00:00,3784.8,3790.0,3750.0,3777.73,3426.365309
2025-07-28 19:00:00,3782.57,3806.93,3758.89,3796.58,14807.997176
2025-07-28 20:00:00,3797.94,3804.04,3759.99,3788.61,8328.698022
2025-07-28 21:00:00,3788.04,3832.35,2781.52,2842.34,2162013.492651
2025-07-28 22:00:00,2842.34,3768.0,2761.69,3750.67,1150535.29045
2025-07-28 23:00:00,3750.67,3760.0,3728.59,3750.53,97380.56717
2025-07-29 00:00:00,3750.53,3797.21,3740.0,3750.0,71711.900612
2025-07-29 01:00:00,3750.0,3773.31,3720.0,3750.0,90072.01433
2025-07-29 02:00:00,3750.0,3756.66,3702.71,3751.06,41919.222563
2025-07-29 03:00:00,3751.06,3766.6,3725.0,3750.0,49237.987311
2025-07-29 04:00:00,3750.0,3757.36,3123.52,3123.52,190494.031091
2025-07-29 05:00:00,3123.52,3123.52,2862.0,2944.26,1148421.823259
2025-07-29 06:00:00,2944.26,3050.0,2926.6,2969.4,244712.160585
2025-07-29 07:00:00,2969.4,3099.99,2942.0,3057.92,515697.995151
2025-07-29 08:00:00,3057.92,3875.99,3053.33,3833.3,167681.864696
2025-07-29 09:00:00,3833.3,3849.96,3750.0,3849.96,54454.653366
2025-07-29 10:00:00,3849.96,3866.25,3775.0,3800.0,36489.138918
2025-07-29 11:00:00,3800.0,3845.0,3744.11,3825.47,15421.451273
2025-07-29 12:00:00,3825.47,3868.07,3812.22,3852.58,25974.495156
2025-07-29 13:00:00,3852.83,3872.46,3800.0,3838.92,29094.66223
2025-07-29 14:00:00,3832.75,3842.5,3765.64,3782.78,38314.036352
2025-07-29 15:00:00,3782.66,3807.0,3724.99,3762.0,20433.858622
2025-07-29 16:00:00,3761.41,3768.92,3716.92,3750.65,13758.440457
2025-07-29 17:00:00,3751.46,3792.84,3744.72,3769.95,17098.010827
2025-07-29 18:00:00,3769.19,3800.0,3745.0,3770.37,19165.528042
2025-07-29 19:00:00,3771.08,3800.0,3750.0,3765.0,22055.694178
2025-07-29 20:00:00,3765.62,3800.0,3727.27,3765.34,13790.323349
2025-07-29 21:00:00,3765.62,3800.0,3725.0,3781.12,15726.153767
2025-07-29 22:00:00,3775.64,3795.38,3754.31,3792.39,17445.646437
2025-07-29 23:00:00,3792.8,3799.86,3766.6,3793.86,16811.743718
2025-07-30 00:00:00,3794.0,3799.92,3749.99,3775.0,10817.971156
2025-07-30 01:00:00,3775.01,3811.7,3755.33,3792.02,11785.018065
2025-07-30 02:00:00,3792.19,3850.0,3775.0,3812.51,12505.059066
2025-07-30 03:00:00,3812.73,3828.06,3766.6,3817.38,12048.274394
2025-07-30 04:00:00,3817.38,3870.0,3754.96,3808.69,16508.835257
2025-07-30 05:00:00,3808.69,3840.0,3774.7,3809.87,13229.290314
2025-07-30 06:00:00,3809.84,3854.69,3789.54,3823.91,19860.470785
2025-07-30 07:00:00,3824.62,3857.43,3783.33,3811.38,4312.61582
2025-07-30 08:00:00,3811.0,3830.0,3785.0,3815.15,2436.874433
2025-07-30 09:00:00,3815.32,3826.6,3760.0,3786.6,3535.103775
2025-07-30 10:00:00,3787.62,3807.49,3760.0,3773.8,6127.833719
2025-07-30 11:00:00,3773.9,3802.94,3721.47,3757.16,5519.96437
2025-07-30 12:00:00,3758.04,3785.62,3725.0,3774.68,4911.992852
2025-07-30 13:00:00,3773.73,3800.0,3725.0,3767.02,6638.894809
2025-07-30 14:00:00,3767.02,3831.18,3744.11,3819.65,3722.263019
2025-07-30 15:00:00,3819.5,3838.91,3775.0,3797.3,4631.308275
2025-07-30 16:00:00,3798.07,3834.37,3770.09,3796.34,4111.538603
2025-07-30 17:00:00,3789.89,3822.0,3789.89,3805.13,1590.464969
2025-07-30 18:00:00,3805.36,3822.0,3725.0,3738.38,20385.868624
2025-07-30 19:00:00,3738.65,3773.06,3678.62,3761.36,5634.427162
2025-07-30 20:00:00,3760.24,3786.71,3750.0,3770.45,1990.013735
2025-07-30 21:00:00,3769.66,3787.76,3742.64,3763.53,887.214611
2025-07-30 22:00:00,3763.4,3792.0,3749.94,3763.78,1742.566342
2025-07-30 23:00:00,3763.41,3809.0,3750.0,3802.83,31262.700285
2025-07-31 00:00:00,3802.83,3820.0,3774.7,3800.0,99518.870086
2025-07-31 01:00:00,3800.0,3850.0,3784.84,3837.47,14244.367255
2025-07-31 02:00:00,3837.64,3870.0,3786.66,3863.26,1963.328003
2025-07-31 03:00:00,3862.79,3890.0,3820.0,3862.93,3209.125444
2025-07-31 04:00:00,3862.98,3887.26,3854.88,3871.28,2169.298056
2025-07-31 05:00:00,3871.28,3871.79,3855.99,3859.28,2693.73383
2025-07-31 06:00:00,3859.37,3877.2,3823.23,3873.81,12332.263293
2025-07-31 07:00:00,3874.3,3880.0,3858.05,3862.86,7467.69155
2025-07-31 08:00:00,3863.98,3900.0,3852.63,3863.63,2196.363096
2025-07-31 09:00:00,3863.71,3872.5,3849.74,3863.32,1244.923197
2025-07-31 10:00:00,3865.94,3865.94,3854.54,3855.2,846.775581
2025-07-31 11:00:00,3855.2,3863.66,3826.68,3838.23,2620.970979
2025-07-31 12:00:00,3838.48,3862.71,3800.0,3835.63,2174.095931
2025-07-31 13:00:00,3835.27,3843.0,3786.71,3807.77,2574.586418
2025-07-31 14:00:00,3808.14,3815.67,3761.9,3768.91,3648.858169
2025-07-31 15:00:00,3769.05,3812.22,3750.0,3788.59,12603.730313
2025-07-31 16:00:00,3788.35,3880.0,3780.0,3803.43,11514.01714
2025-07-31 17:00:00,3804.87,3816.58,3768.53,3774.0,11777.210463
2025-07-31 18:00:00,3777.04,3800.0,3722.88,3775.1,3284.330836
2025-07-31 19:00:00,3777.71,3781.33,3730.0,3738.67,7337.662426
2025-07-31 20:00:00,3738.46,3750.0,3710.0,3735.05,2416.402645
2025-07-31 21:00:00,3735.02,3758.42,3726.24,3738.0,11299.9919
2025-07-31 22:00:00,3738.0,3759.99,3702.96,3709.81,4451.764478
2025-07-31 23:00:00,3709.9,3759.0,3690.0,3698.79,10440.966894
2025-08-01 00:00:00,3698.65,3700.14,3564.44,3681.81,19874.31866
2025-08-01 01:00:00,3681.78,3699.66,3628.33,3690.33,4380.33632
2025-08-01 02:00:00,3690.29,3737.98,3664.0,3716.47,3086.818856
2025-08-01 03:00:00,3717.04,3768.91,3650.0,3704.93,4987.396328
2025-08-01 04:00:00,3704.72,3706.27,3650.0,3682.0,1612.122481
2025-08-01 05:00:00,3682.02,3707.0,3647.5,3675.27,1456.315775
2025-08-01 06:00:00,3675.17,3700.0,3642.31,3662.66,2875.488467
2025-08-01 07:00:00,3662.63,3700.0,3516.16,3651.57,8029.562342
2025-08-01 08:00:00,3651.44,3654.73,3575.0,3610.0,6104.172818
2025-08-01 09:00:00,3610.0,3663.33,3600.0,3618.54,5819.763532
2025-08-01 10:00:00,3618.62,3650.0,3595.72,3615.8,2854.608021
2025-08-01 11:00:00,3615.79,3650.5,3604.0,3643.04,3284.327829
2025-08-01 12:00:00,3643.0,3792.0,3625.0,3664.41,9535.981258
2025-08-01 13:00:00,3663.6,3700.0,3560.0,3600.68,12880.687316
2025-08-01 14:00:00,3602.5,3655.0,3551.03,3633.03,26365.322915
2025-08-01 15:00:00,3633.03,3700.13,3575.0,3616.0,22349.775235
2025-08-01 16:00:00,3616.0,3645.13,3487.06,3588.19,19707.988728
2025-08-01 17:00:00,3588.17,3612.12,3543.89,3572.73,4665.411271
2025-08-01 18:00:00,3572.48,3680.0,3537.89,3551.77,6208.965494
2025-08-01 19:00:00,3555.37,3575.0,3500.0,3519.07,5223.324484
2025-08-01 20:00:00,3519.0,3543.0,3494.08,3540.02,6555.918479
2025-08-01 21:00:00,3541.93,3575.0,3531.24,3536.7,1773.969567
2025-08-01 22:00:00,3536.75,3544.6,3428.0,3464.1,6097.232583
2025-08-01 23:00:00,3464.0,3493.1,3443.96,3487.54,3495.364201
2025-08-02 00:00:00,3487.87,3515.69,3477.5,3515.62,3169.251805
2025-08-02 01:00:00,3515.12,3540.0,3408.9,3517.01,10083.120491
2025-08-02 02:00:00,3517.72,3584.0,3490.0,3524.02,3571.931695
2025-08-02 03:00:00,3524.04,3550.0,3519.74,3528.57,1378.393021
2025-08-02 04:00:00,3528.59,3544.79,3479.41,3534.15,1200.963701
2025-08-02 05:00:00,3533.42,3550.0,3462.63,3519.6,4327.465815
2025-08-02 06:00:00,3519.6,3519.9,3440.0,3480.31,4283.604096
2025-08-02 07:00:00,3480.31,3554.0,3450.0,3519.11,10189.158386
2025-08-02 08:00:00,3519.51,3553.53,3475.0,3491.36,9864.908048
2025-08-02 09:00:00,3491.25,3521.65,3475.0,3493.0,8407.677073
2025-08-02 10:00:00,3492.37,3521.65,3474.53,3500.0,24083.322664
2025-08-02 11:00:00,3500.0,3525.0,3500.0,3508.51,22164.003662
2025-08-02 12:00:00,3508.31,3532.0,3468.81,3509.12,12368.308449
2025-08-02 13:00:00,3509.1,3550.0,3496.96,3508.23,3282.246831
2025-08-02 14:00:00,3509.3,3535.61,3473.0,3479.0,24447.359749
2025-08-02 15:00:00,3479.0,3500.0,3450.0,3459.3,10911.705397
2025-08-02 16:00:00,3459.29,3485.39,3432.6,3472.0,8161.871994
2025-08-02 17:00:00,3471.99,3481.25,3420.0,3423.43,12884.131114
2025-08-02 18:00:00,3424.32,3450.0,3361.97,3384.36,8608.370917
2025-08-02 19:00:00,3384.36,3425.0,3362.62,3384.48,3148.510179
2025-08-02 20:00:00,3384.61,3425.0,3375.0,3423.8,2394.479778
2025-08-02 21:00:00,3423.8,3466.9,3375.0,3412.34,3404.270778
2025-08-02 22:00:00,3412.6,3430.0,3388.62,3410.84,1537.557872
2025-08-02 23:00:00,3411.01,3418.39,3361.0,3394.12,3623.761701
2025-08-03 00:00:00,3394.3,3412.65,3263.6,3410.07,18606.764399
2025-08-03 01:00:00,3410.0,3446.08,3400.0,3413.45,2220.675931
2025-08-03 02:00:00,3413.4,3472.76,3413.04,3443.94,13528.703488
2025-08-03 03:00:00,3443.82,3478.0,3388.0,3416.02,24284.269913
2025-08-03 04:00:00,3416.02,3466.66,3406.25,3433.01,27051.946806
2025-08-03 05:00:00,3439.99,3475.0,3433.0,3444.85,24426.995568
2025-08-03 06:00:00,3444.85,3453.12,3413.04,3434.0,33513.520679
2025-08-03 07:00:00,3436.75,3459.48,3409.75,3456.03,53514.681101
2025-08-03 08:00:00,3456.06,3475.0,3423.99,3460.0,47668.466548
2025-08-03 09:00:00,3460.0,3465.01,3429.87,3462.99,69274.292722
2025-08-03 10:00:00,3462.68,3463.4,3452.17,3460.12,101831.542521
2025-08-03 11:00:00,3460.12,3463.4,3425.0,3456.83,75561.139729
2025-08-03 12:00:00,3456.83,3503.8,3450.0,3490.0,42407.642672
2025-08-03 13:00:00,3489.99,3600.0,3462.24,3470.0,33799.125191
2025-08-03 14:00:00,3463.85,3470.0,3423.79,3470.0,40875.371997
2025-08-03 15:00:00,3463.85,3470.0,3351.25,3463.96,33450.839211
2025-08-03 16:00:00,3463.96,3470.0,3453.42,3466.93,54138.43394
2025-08-03 17:00:00,3466.93,3470.0,3449.99,3470.0,56848.704385
2025-08-03 18:00:00,3470.0,3500.0,3454.84,3496.28,24209.749889
2025-08-03 19:00:00,3496.39,3513.69,3475.0,3496.93,23227.643822
2025-08-03 20:00:00,3496.93,3504.34,3480.0,3493.56,20494.262913
2025-08-03 21:00:00,3493.53,3508.57,3475.0,3502.21,20823.29673
2025-08-03 22:00:00,3502.2,3525.0,3483.13,3503.27,22035.487152
2025-08-03 23:00:00,3503.27,3530.0,3450.0,3496.38,20966.242547
2025-08-04 00:00:00,3496.01,3570.3,3300.0,3546.13,47308.636072
2025-08-04 01:00:00,3546.2,3555.99,3508.82,3537.64,23171.042483
2025-08-04 02:00:00,3537.64,3775.0,3500.0,3569.83,46814.09297
2025-08-04 03:00:00,3569.83,3575.48,2712.5,2838.32,226908.878589
2025-08-04 04:00:00,2838.26,2995.65,2822.06,2875.68,97733.488502
2025-08-04 05:00:00,2875.68,3120.46,2833.0,3087.0,240890.182545
2025-08-04 06:00:00,3087.0,3590.0,2704.32,3530.11,374254.42917
2025-08-04 07:00:00,3530.11,3600.1,3467.36,3545.54,88167.724021
2025-08-04 08:00:00,3545.51,3559.62,3457.83,3457.83,61435.759995
2025-08-04 09:00:00,3457.86,3457.99,2829.98,2899.9,35734.204629
2025-08-04 10:00:00,2899.78,3400.0,2869.72,3301.0,29197.812937
2025-08-04 11:00:00,3301.0,3400.0,3275.0,3360.0,4004.077051
2025-08-04 12:00:00,3360.0,3366.73,3267.07,3283.0,11211.222121
2025-08-04 13:00:00,3284.12,3285.01,2948.0,3006.0,112420.818118
2025-08-04 14:00:00,3006.0,3359.44,2982.0,3354.33,119833.313735
2025-08-04 15:00:00,3350.99,3413.0,3309.52,3409.0,18351.922589
2025-08-04 16:00:00,3409.28,3409.28,3350.0,3370.0,2576.116657
2025-08-04 17:00:00,3375.96,3409.28,3372.98,3389.94,4374.738856
2025-08-04 18:00:00,3391.42,3409.28,3357.14,3382.76,1757.715847
2025-08-04 19:00:00,3383.0,3409.28,3376.76,3401.18,1936.581037
2025-08-04 20:00:00,3401.18,3402.66,3372.36,3399.99,479.219082
2025-08-04 21:00:00,3400.0,3400.0,3399.99,3399.99,114.961344
2025-08-04 22:00:00,3400.0,3400.0,3397.64,3397.64,120.953839
2025-08-04 23:00:00,3400.0,3410.0,3359.0,3410.0,2946.483057
2025-08-05 00:00:00,3410.0,3410.0,2860.0,2960.0,126750.171226
2025-08-05 01:00:00,2960.39,3252.9,2960.39,3242.85,16268.961069
2025-08-05 02:00:00,3245.17,3250.95,3240.85,3248.28,921.470122
2025-08-05 03:00:00,3248.28,3250.95,3220.0,3234.0,6468.999561
2025-08-05 04:00:00,3234.13,3640.71,3220.0,3551.33,195417.090141
2025-08-05 05:00:00,3551.33,3551.33,3448.02,3449.99,1511.954577
2025-08-05 06:00:00,3449.99,3650.0,3358.9,3594.27,20210.74027
2025-08-05 07:00:00,3594.22,3650.0,3550.0,3582.66,31640.338113
2025-08-05 08:00:00,3582.66,3631.93,3553.18,3622.0,40346.237273
2025-08-05 09:00:00,3622.0,3680.0,3594.22,3660.76,166439.590656
2025-08-05 10:00:00,3660.71,3695.3,3625.0,3682.99,28488.266178
2025-08-05 11:00:00,3683.07,3686.24,3619.37,3663.54,35053.85646
2025-08-05 12:00:00,3663.54,3674.91,3614.71,3628.4,31681.125346
2025-08-05 13:00:00,3628.47,3651.85,3586.66,3646.9,58483.479927
2025-08-05 14:00:00,3646.8,3647.91,3546.27,3578.76,15855.476541
2025-08-05 15:00:00,3578.36,3619.46,3512.05,3570.92,4760.922389
2025-08-05 16:00:00,3576.94,3625.0,3555.01,3578.13,10256.229373
2025-08-05 17:00:00,3578.46,3615.08,3567.64,3605.81,2232.002897
2025-08-05 18:00:00,3605.77,3625.0,3567.64,3586.85,2184.228222
2025-08-05 19:00:00,3588.0,3631.16,3507.49,3571.09,5761.444464
2025-08-05 20:00:00,3571.15,3616.66,3560.0,3575.99,2039.916437
2025-08-05 21:00:00,3576.39,3613.82,3554.54,3575.41,1126.479639
2025-08-05 22:00:00,3575.41,3604.57,3547.57,3597.22,16577.895521
2025-08-05 23:00:00,3597.18,3631.16,3594.46,3612.39,1965.247612
2025-08-06 00:00:00,3612.16,3625.0,3571.0,3577.23,2664.614047
2025-08-06 01:00:00,3577.22,3621.21,3525.0,3592.75,7124.919206
2025-08-06 02:00:00,3592.65,3631.16,3547.57,3592.55,6219.2813
2025-08-06 03:00:00,3593.4,3626.47,3567.64,3583.61,2380.724818
2025-08-06 04:00:00,3583.66,3620.0,3567.64,3573.63,2089.621751
2025-08-06 05:00:00,3573.61,3650.0,3569.47,3638.2,12872.492348
2025-08-06 06:00:00,3639.54,3664.08,3560.0,3632.58,6953.329679
2025-08-06 07:00:00,3632.8,3700.0,3616.0,3640.14,2592.792464
2025-08-06 08:00:00,3640.15,3670.27,3600.0,3622.02,15860.543884
2025-08-06 09:00:00,3622.23,3662.14,3578.57,3627.61,13303.816381
2025-08-06 10:00:00,3627.48,3641.55,3559.62,3597.56,168362.634237
2025-08-06 11:00:00,3597.55,3628.75,3565.97,3569.49,237405.401788
2025-08-06 12:00:00,3569.49,3625.0,3545.95,3584.0,199770.437143
2025-08-06 13:00:00,3584.11,3660.0,3517.74,3603.0,35543.43103
2025-08-06 14:00:00,3603.2,3641.55,3566.72,3636.77,4233.556926
2025-08-06 15:00:00,3636.91,3670.0,3599.99,3665.0,3585.589248
2025-08-06 16:00:00,3664.84,3680.0,3619.04,3645.61,2737.965186
2025-08-06 17:00:00,3645.6,3688.0,3597.05,3682.45,6166.095714
2025-08-06 18:00:00,3682.79,3700.0,3644.16,3676.32,3770.006172
2025-08-06 19:00:00,3680.73,3700.0,3669.81,3677.25,7289.009051
2025-08-06 20:00:00,3677.25,3700.0,3650.5,3674.6,4017.765037
2025-08-06 21:00:00,3674.6,3700.0,3611.24,3669.8,2283.236963
2025-08-06 22:00:00,3670.02,3750.0,3615.0,3682.69,54557.794427
2025-08-06 23:00:00,3682.77,3694.61,3618.79,3683.57,2693.591327
2025-08-07 00:00:00,3683.11,3683.84,3580.0,3642.85,531566.06228
2025-08-07 01:00:00,3642.85,3715.79,3612.64,3631.25,249726.194249
2025-08-07 02:00:00,3631.27,3674.22,3603.69,3639.48,178896.54116
2025-08-07 03:00:00,3639.48,3660.24,3571.8,3616.32,387222.337357
2025-08-07 04:00:00,3616.32,3669.51,3489.44,3614.33,11874578.965759
2025-08-07 05:00:00,3614.33,3687.26,3600.0,3648.33,302426.192714
2025-08-07 06:00:00,3648.79,3702.75,3556.35,3646.79,8982904.996253
2025-08-07 07:00:00,3646.79,3708.6,3515.99,3682.69,16575590.532167
2025-08-07 08:00:00,3676.23,3726.19,3575.25,3640.0,13961604.517513
2025-08-07 09:00:00,3638.52,3733.71,3375.0,3731.69,9730986.233947
2025-08-07 10:00:00,3731.69,3819.79,3685.27,3773.14,357485.335066
2025-08-07 11:00:00,3773.14,3840.0,3574.85,3827.2,14526856.22564
2025-08-07 12:00:00,3830.2,3861.76,3780.0,3849.39,5889.971733
2025-08-07 13:00:00,3849.94,3902.45,3784.23,3857.5,10023.202033
2025-08-07 14:00:00,3857.69,3880.0,3773.52,3817.4,7538.467376
2025-08-07 15:00:00,3817.4,3893.94,3788.21,3836.75,5093.156658
2025-08-07 16:00:00,3836.7,3900.0,3775.0,3815.27,21164.485392
2025-08-07 17:00:00,3815.27,3852.04,3782.5,3829.73,5964.002962
2025-08-07 18:00:00,3829.99,3830.22,3790.0,3828.33,1276.566398
2025-08-07 19:00:00,3828.33,3891.02,3809.52,3867.85,2850.822441
2025-08-07 20:00:00,3867.95,3896.2,3825.0,3873.7,3149.477462
2025-08-07 21:00:00,3874.36,3888.0,3838.76,3871.4,4236.104354
2025-08-07 22:00:00,3871.4,3884.59,3830.0,3875.2,28891.196182
2025-08-07 23:00:00,3875.2,3908.32,3850.0,3877.86,43827.808214
2025-08-08 00:00:00,3877.86,3928.68,3853.76,3877.14,29839.534383
2025-08-08 01:00:00,3877.14,3891.17,3829.0,3877.96,30317.901174
2025-08-08 02:00:00,3877.96,3905.46,3837.77,3876.66,54189.104444
2025-08-08 03:00:00,3876.66,3950.09,3818.72,3923.12,67912.901707
2025-08-08 04:00:00,3923.12,3931.04,3860.0,3920.62,66123.818258
2025-08-08 05:00:00,3920.61,3920.61,3850.0,3876.09,77115.862278
2025-08-08 06:00:00,3876.09,3913.63,3840.68,3876.99,88110.436199
2025-08-08 07:00:00,3870.12,3919.14,3840.0,3875.34,64254.704704
2025-08-08 08:00:00,3875.34,3925.01,3852.04,3882.32,75446.00572
2025-08-08 09:00:00,3882.32,3891.17,3841.75,3876.66,71058.069556
2025-08-08 10:00:00,3876.66,3899.99,3856.36,3882.24,60949.430369
2025-08-08 11:00:00,3882.24,3917.87,3852.04,3875.0,69880.879146
2025-08-08 12:00:00,3875.0,3940.36,3852.04,3892.5,34461.623237
2025-08-08 13:00:00,3892.3,3999.0,3853.76,3953.98,72728.813239
2025-08-08 14:00:00,3953.98,3999.0,3900.0,3968.72,134789.071341
2025-08-08 15:00:00,3968.64,3968.64,3870.1,3919.99,57878.094788
2025-08-08 16:00:00,3919.99,3980.24,3896.2,3970.51,38327.581033
2025-08-08 17:00:00,3970.99,4030.0,3912.57,4030.0,53289.569832
2025-08-08 18:00:00,4030.0,4135.73,4016.72,4047.9,21864.42081
2025-08-08 19:00:00,4054.85,4094.96,4022.7,4060.71,3078.069098
2025-08-08 20:00:00,4060.65,4098.0,4000.21,4057.79,4483.419674
2025-08-08 21:00:00,4057.78,4088.73,4024.99,4038.16,1445.689877
2025-08-08 22:00:00,4038.02,4072.84,4011.96,4024.86,1122.012143
2025-08-08 23:00:00,4024.87,4075.57,3997.55,4009.31,2585.494382
2025-08-09 00:00:00,4009.99,4066.66,3984.52,4014.0,6126.716212
2025-08-09 01:00:00,4014.0,4034.06,3984.52,4025.82,54356.222127
2025-08-09 02:00:00,4032.74,4056.02,3992.93,4032.59,14151.946331
2025-08-09 03:00:00,4032.15,4077.01,3970.97,4050.8,10214.603499
2025-08-09 04:00:00,4050.79,4163.18,4039.01,4080.6,5266.532819
2025-08-09 05:00:00,4080.54,4200.0,4072.84,4181.6,10945.321592
2025-08-09 06:00:00,4181.76,4200.0,4116.66,4162.87,10205.699715
2025-08-09 07:00:00,4162.73,4200.0,4135.0,4170.0,16852.319375
2025-08-09 08:00:00,4170.0,4200.0,4168.01,4189.74,2238.956594
2025-08-09 09:00:00,4189.79,4245.75,4140.0,4219.39,11022.211493
2025-08-09 10:00:00,4219.39,4280.76,4151.15,4216.65,6582.855987
2025-08-09 11:00:00,4216.89,4254.76,4140.0,4190.29,4482.569098
2025-08-09 12:00:00,4190.29,4249.48,4140.0,4196.8,34010.370488
2025-08-09 13:00:00,4196.8,4207.29,4140.0,4165.93,3339.698032
2025-08-09 14:00:00,4165.93,4199.33,4140.0,4196.8,5543.81156
2025-08-09 15:00:00,4196.98,4249.48,4153.01,4208.88,6932.091057
2025-08-09 16:00:00,4209.01,4257.3,4161.16,4207.59,6275.277814
2025-08-09 17:00:00,4207.57,4288.79,4160.0,4235.0,7157.358914
2025-08-09 18:00:00,4234.99,4250.63,4220.0,4242.39,2802.987643
2025-08-09 19:00:00,4242.21,4288.79,4203.88,4258.54,2876.787279
2025-08-09 20:00:00,4258.54,4305.64,4193.71,4289.42,5327.296374
2025-08-09 21:00:00,4289.92,4334.0,4225.0,4279.21,9980.765396
2025-08-09 22:00:00,4278.55,4335.28,4226.37,4264.8,3169.727783
2025-08-09 23:00:00,4264.52,4284.66,4225.96,4260.99,1031.686871
2025-08-10 00:00:00,4260.98,4335.43,4249.39,4311.42,1569.823633
2025-08-10 01:00:00,4311.88,4366.66,4250.0,4300.8,4061.806279
2025-08-10 02:00:00,4300.8,4305.64,4186.19,4248.07,2991.997292
2025-08-10 03:00:00,4247.06,4257.78,4173.78,4243.68,4091.449993
2025-08-10 04:00:00,4243.68,4343.75,4203.88,4251.45,31610.895111
2025-08-10 05:00:00,4259.32,4265.0,4213.49,4220.17,6054.232474
2025-08-10 06:00:00,4220.75,4294.0,4163.28,4224.71,7300.934586
2025-08-10 07:00:00,4225.08,4310.61,4080.0,4183.01,294134.768876
2025-08-10 08:00:00,4184.7,4227.27,4134.0,4209.3,10115.722403
2025-08-10 09:00:00,4209.3,4284.15,4203.88,4225.01,13539.377908
2025-08-10 10:00:00,4224.85,4260.0,4170.0,4197.5,4401.5661
2025-08-10 11:00:00,4197.66,4250.0,4153.01,4180.5,2500.87583
2025-08-10 12:00:00,4180.29,4218.71,4153.01,4201.1,4720.761552
2025-08-10 13:00:00,4200.8,4207.31,4166.31,4167.25,6164.261879
2025-08-10 14:00:00,4167.29,4230.0,4162.31,4219.3,9640.736049
2025-08-10 15:00:00,4219.17,4233.33,4207.31,4217.43,2787.522981
2025-08-10 16:00:00,4217.4,4260.0,4153.01,4202.25,26628.200756
2025-08-10 17:00:00,4202.25,4229.36,4134.48,4189.29,61896.928644
2025-08-10 18:00:00,4189.29,4221.4,4132.59,4188.5,60141.84582
2025-08-10 19:00:00,4188.5,4250.0,4141.25,4196.27,68080.22048
2025-08-10 20:00:00,4196.27,4244.19,4173.9,4188.04,47861.574007
2025-08-10 21:00:00,4188.04,4193.02,4175.0,4188.63,53762.414033
2025-08-10 22:00:00,4188.63,4249.13,4166.19,4240.8,46329.241331
2025-08-10 23:00:00,4240.63,4250.0,4187.4,4206.64,236026.520398
2025-08-11 00:00:00,4206.64,4282.96,4187.9,4209.24,237833.636692
2025-08-11 01:00:00,4209.24,4321.02,4201.99,4271.0,78571.032484
2025-08-11 02:00:00,4271.16,4328.0,4239.82,4263.2,326359.329938
2025-08-11 03:00:00,4263.34,4406.25,4221.99,4264.33,327337.718214
2025-08-11 04:00:00,4264.33,4349.41,4247.5,4306.66,70456.719672
2025-08-11 05:00:00,4306.24,4325.49,4232.66,4253.75,105754.096397
2025-08-11 06:00:00,4253.75,4309.45,4233.5,4245.26,76240.475005
2025-08-11 07:00:00,4245.26,4298.83,4226.7,4274.17,29450.55054
2025-08-11 08:00:00,4274.32,4386.04,4241.0,4281.92,9407.472089
2025-08-11 09:00:00,4281.92,4300.0,4253.99,4266.16,4263.6771
2025-08-11 10:00:00,4266.16,4300.0,4234.98,4246.0,18637.3193
2025-08-11 11:00:00,4246.0,4267.47,4220.0,4220.0,38151.410585
2025-08-11 12:00:00,4220.0,4241.96,4175.0,4183.03,28611.511002
2025-08-11 13:00:00,4180.25,4265.0,4173.93,4257.0,21804.813772
2025-08-11 14:00:00,4257.0,4287.24,4226.0,4273.61,25387.202729
2025-08-11 15:00:00,4265.62,4320.0,4222.16,4320.0,26974.434118
2025-08-11 16:00:00,4320.0,4378.99,4285.71,4312.49,17832.749945
2025-08-11 17:00:00,4312.32,4322.99,4271.35,4293.68,3034.467204
2025-08-11 18:00:00,4293.68,4329.95,4271.19,4295.62,8220.366557
2025-08-11 19:00:00,4295.62,4316.04,4247.62,4259.5,3615.772502
2025-08-11 20:00:00,4258.93,4283.94,4227.6,4247.47,2587.910587
2025-08-11 21:00:00,4252.15,4256.63,4190.07,4219.54,4193.842748
2025-08-11 22:00:00,4220.04,4247.15,4190.0,4219.7,8846.413107
2025-08-11 23:00:00,4220.79,4240.32,4213.0,4223.48,1608.440027
2025-08-12 00:00:00,4224.78,4281.45,4212.0,4274.59,6608.718392
2025-08-12 01:00:00,4273.33,4297.13,4259.61,4269.99,1456.30599
2025-08-12 02:00:00,4269.99,4311.11,4260.84,4291.8,2675.742063
2025-08-12 03:00:00,4291.72,4313.0,4254.76,4285.88,9225.844722
2025-08-12 04:00:00,4285.88,4314.4,4270.53,4310.69,9496.463538
2025-08-12 05:00:00,4309.89,4314.4,4259.32,4285.29,5759.871408
2025-08-12 06:00:00,4285.29,4311.77,4268.0,4290.72,11267.886811
2025-08-12 07:00:00,4290.72,4350.0,4290.72,4334.69,11785.620199
2025-08-12 08:00:00,4334.69,4350.0,4283.33,4310.8,8412.428632
2025-08-12 09:00:00,4310.8,4329.95,4272.51,4288.19,7010.762372
2025-08-12 10:00:00,4288.19,4309.1,4274.57,4277.53,6266.143416
2025-08-12 11:00:00,4277.53,4316.66,4250.0,4291.0,20283.498385
2025-08-12 12:00:00,4291.0,4450.0,4266.66,4405.99,16315.198871
2025-08-12 13:00:00,4405.99,4450.0,4369.63,4383.3,15655.946596
2025-08-12 14:00:00,4383.3,4421.0,4377.22,4421.0,12835.296077
2025-08-12 15:00:00,4421.0,4478.86,4407.48,4472.3,12187.508077
2025-08-12 16:00:00,4472.3,4500.0,4425.65,4464.9,7863.376699
2025-08-12 17:00:00,4464.89,4522.44,4458.73,4499.74,12442.69899
2025-08-12 18:00:00,4499.85,4550.0,4470.49,4489.15,8511.595994
2025-08-12 19:00:00,4490.01,4542.36,4470.49,4516.97,12269.456315
2025-08-12 20:00:00,4517.35,4661.79,4503.07,4619.98,12070.043508
2025-08-12 21:00:00,4619.42,4661.79,4564.45,4586.22,9718.072264
2025-08-12 22:00:00,4585.63,4636.26,4509.15,4575.9,26639.581775
2025-08-12 23:00:00,4575.81,4636.38,4537.49,4590.14,15602.27225
2025-08-13 00:00:00,4590.15,4636.26,4560.03,4614.55,6746.568775
2025-08-13 01:00:00,4615.12,4617.79,4514.93,4585.36,9498.312143
2025-08-13 02:00:00,4585.35,4636.26,4536.77,4623.31,9427.445572
2025-08-13 03:00:00,4623.3,4755.74,4581.29,4646.75,15501.788227
2025-08-13 04:00:00,4646.75,4712.95,4644.23,4673.5,8175.77904
2025-08-13 05:00:00,4674.09,4700.0,4621.71,4632.09,12754.942234
2025-08-13 06:00:00,4632.09,4662.58,4606.0,4623.43,10161.097931
2025-08-13 07:00:00,4623.11,4661.79,4606.0,4624.9,5639.14067
2025-08-13 08:00:00,4625.31,4660.0,4606.0,4626.03,10576.852213
2025-08-13 09:00:00,4625.92,4707.49,4620.0,4707.0,12688.719631
2025-08-13 10:00:00,4707.14,4720.0,4662.58,4693.66,13108.61065
2025-08-13 11:00:00,4694.29,4701.49,4660.41,4689.71,8914.256407
2025-08-13 12:00:00,4689.71,4723.42,4660.41,4684.44,6981.139764
2025-08-13 13:00:00,4685.7,4734.42,4660.41,4668.62,10947.455377
2025-08-13 14:00:00,4670.63,4763.54,4647.45,4648.03,23171.129997
2025-08-13 15:00:00,4648.02,4800.0,4619.92,4664.38,15898.595699
2025-08-13 16:00:00,4664.38,4726.8,4661.19,4700.52,5491.703543
2025-08-13 17:00:00,4700.52,4726.8,4683.33,4726.3,10863.714424
2025-08-13 18:00:00,4726.4,4741.07,4700.0,4716.15,16212.766646
2025-08-13 19:00:00,4716.15,4757.61,4700.3,4738.7,3822.665374
2025-08-13 20:00:00,4739.99,4744.77,4700.0,4717.6,4662.047595
2025-08-13 21:00:00,4717.6,4770.45,4700.0,4721.01,7541.527331
2025-08-13 22:00:00,4720.92,4780.0,4712.69,4733.71,3512.691293
2025-08-13 23:00:00,4735.68,4783.33,4733.33,4749.99,3295.976625
2025-08-14 00:00:00,4749.99,4760.0,4714.4,4717.22,12763.41802
2025-08-14 01:00:00,4717.2,4749.7,4712.69,4721.05,2977.082566
2025-08-14 02:00:00,4721.1,4775.0,4718.63,4750.73,9179.337403
2025-08-14 03:00:00,4750.99,4780.0,4733.33,4774.29,3550.999193
2025-08-14 04:00:00,4774.29,4783.97,4749.99,4758.7,4312.922608
2025-08-14 05:00:00,4759.1,4772.0,4725.61,4732.15,20724.126505
2025-08-14 06:00:00,4732.15,4779.99,4720.0,4775.21,7354.827022
2025-08-14 07:00:00,4775.21,4780.0,4720.0,4747.32,4328.711792
2025-08-14 08:00:00,4748.3,4760.0,4720.0,4725.83,28259.560037
2025-08-14 09:00:00,4725.92,4766.66,4720.0,4759.01,14861.44769
2025-08-14 10:00:00,4759.0,4765.99,4728.0,4739.43,13021.860012
2025-08-14 11:00:00,4739.43,4749.99,4700.81,4718.15,22444.95633
2025-08-14 12:00:00,4718.58,4740.0,4556.51,4590.0,120607.331437
2025-08-14 13:00:00,4598.65,4620.0,4506.89,4612.81,48647.798008
2025-08-14 14:00:00,4612.81,4711.21,4560.03,4670.16,13797.949628
2025-08-14 15:00:00,4671.01,4685.45,4615.74,4619.25,52835.043226
2025-08-14 16:00:00,4619.27,4640.0,4542.4,4546.88,50181.134554
2025-08-14 17:00:00,4546.88,4565.48,4534.6,4550.0,17491.90226
2025-08-14 18:00:00,4548.29,4563.41,4508.46,4550.08,11854.80184
2025-08-14 19:00:00,4550.08,4583.11,4508.46,4554.65,10400.378127
2025-08-14 20:00:00,4554.65,4563.31,4520.0,4533.36,9893.492429
2025-08-14 21:00:00,4530.73,4568.96,4508.41,4508.41,12522.753911
2025-08-14 22:00:00,4516.88,4532.98,4507.99,4531.63,12992.351992
2025-08-14 23:00:00,4531.95,4580.0,4525.02,4546.71,4502.09899
2025-08-15 00:00:00,4546.71,4583.11,4534.4,4562.95,2514.972878
2025-08-15 01:00:00,4564.79,4610.91,4540.0,4603.92,3883.34863
2025-08-15 02:00:00,4603.92,4645.9,4596.01,4621.67,2893.625351
2025-08-15 03:00:00,4621.68,4645.9,4613.0,4633.32,4411.263182
2025-08-15 04:00:00,4633.56,4645.9,4613.0,4625.25,1892.420129
2025-08-15 05:00:00,4625.0,4645.9,4600.0,4618.68,9627.54811
2025-08-15 06:00:00,4618.68,4652.7,4582.5,4599.9,37141.577861
2025-08-15 07:00:00,4599.9,4650.0,4560.67,4616.3,87058.699173
2025-08-15 08:00:00,4616.3,4652.0,4575.62,4601.62,435651.888957
2025-08-15 09:00:00,4601.61,4652.0,4549.92,4577.71,64962.938765
2025-08-15 10:00:00,4577.71,4648.82,4556.0,4616.78,276952.623909
2025-08-15 11:00:00,4616.78,4645.84,4559.18,4570.0,827092.044607
2025-08-15 12:00:00,4570.49,4603.47,4543.28,4564.22,1102456.718945
2025-08-15 13:00:00,4564.22,4574.9,4541.0,4547.63,279430.143961
2025-08-15 14:00:00,4547.63,4549.78,4479.37,4489.4,37807.891552
2025-08-15 15:00:00,4489.4,4489.47,4365.74,4388.05,462681.944674
2025-08-15 16:00:00,4388.05,4421.84,4336.2,4351.81,882585.178627
2025-08-15 17:00:00,4351.78,4430.74,4317.24,4377.59,366325.452755
2025-08-15 18:00:00,4377.59,4409.51,4338.5,4344.4,394830.988165
2025-08-15 19:00:00,4344.4,4377.53,4318.02,4323.0,221224.214199
2025-08-15 20:00:00,4323.0,4386.04,4312.16,4361.63,372599.606829
2025-08-15 21:00:00,4362.49,4393.49,4337.38,4367.03,499614.496801
2025-08-15 22:00:00,4367.03,4441.72,4349.0,4418.26,468353.107
2025-08-15 23:00:00,4418.26,4441.72,4351.93,4380.63,431051.246199
2025-08-16 00:00:00,4380.63,4441.72,4370.64,4431.38,625483.657389
2025-08-16 01:00:00,4431.38,4441.72,4391.32,4428.03,615427.777853
2025-08-16 02:00:00,4428.03,4441.72,4380.77,4381.25,908350.310457
2025-08-16 03:00:00,4381.25,4409.89,4375.0,4376.27,528304.241153
2025-08-16 04:00:00,4376.27,4417.01,4366.25,4400.01,586113.821486
2025-08-16 05:00:00,4400.0,4409.51,4355.54,4356.56,493782.88638
2025-08-16 06:00:00,4356.56,4392.0,4350.76,4367.31,357911.677138
2025-08-16 07:00:00,4367.31,4425.58,4356.52,4387.08,364876.033466
2025-08-16 08:00:00,4387.04,4409.89,4375.28,4385.58,257881.999493
2025-08-16 09:00:00,4385.52,4417.01,4364.38,4365.0,477778.210069
2025-08-16 10:00:00,4364.38,4367.15,4305.64,4343.75,397659.314438
2025-08-16 11:00:00,4343.0,4377.53,4321.25,4336.15,557392.638735
2025-08-16 12:00:00,4336.05,4361.63,4317.09,4348.0,285470.400299
2025-08-16 13:00:00,4348.0,4386.04,4318.93,4339.69,636124.25138
2025-08-16 14:00:00,4339.69,4367.0,4331.62,4353.12,796889.679518
2025-08-16 15:00:00,4353.12,4377.0,4328.08,4340.0,430952.889161
2025-08-16 16:00:00,4340.05,4362.0,4336.91,4359.25,565108.132155
2025-08-16 17:00:00,4359.25,4361.63,4345.78,4350.79,35886.130097
2025-08-16 18:00:00,4359.25,4409.51,4345.78,4409.51,70768.697416
2025-08-16 19:00:00,4409.51,4432.57,4393.49,4418.51,17339.832717
2025-08-16 20:00:00,4418.47,4437.75,4410.02,4431.47,4535.613885
2025-08-16 21:00:00,4431.7,4434.08,4409.89,4409.89,4403.745046
2025-08-16 22:00:00,4417.5,4432.57,4409.51,4422.0,10027.597801
2025-08-16 23:00:00,4422.0,4427.91,4409.89,4422.69,17838.397474
2025-08-17 00:00:00,4422.4,4429.0,4409.51,4411.0,8021.449842
2025-08-17 01:00:00,4411.0,4411.0,4386.79,4406.48,46839.967654
2025-08-17 02:00:00,4406.4,4424.23,4393.49,4424.23,24874.224737
2025-08-17 03:00:00,4424.23,4457.8,4410.0,4452.53,24542.355182
2025-08-17 04:00:00,4452.54,4457.91,4438.62,4457.9,82345.052629
2025-08-17 05:00:00,4457.9,4457.9,4441.72,4457.9,51750.561399
2025-08-17 06:00:00,4457.9,4457.9,4438.62,4457.0,47582.995591
2025-08-17 07:00:00,4457.0,4457.9,4438.62,4457.9,43052.391018
2025-08-17 08:00:00,4457.9,4490.48,4438.62,4490.48,95860.515283
2025-08-17 09:00:00,4490.48,4523.28,4479.99,4523.28,30194.31936
2025-08-17 10:00:00,4520.3,4556.33,4510.0,4556.33,21268.662468
2025-08-17 11:00:00,4556.33,4561.61,4540.65,4551.69,20449.956908
2025-08-17 12:00:00,4551.81,4557.0,4527.13,4541.7,17681.643632
2025-08-17 13:00:00,4541.71,4546.43,4525.93,4535.61,8683.101718
2025-08-17 14:00:00,4536.1,4556.33,4530.21,4552.98,2747.036194
2025-08-17 15:00:00,4553.13,4559.09,4540.65,4559.09,26236.889679
2025-08-17 16:00:00,4559.09,4561.61,4523.28,4523.28,24145.579598
2025-08-17 17:00:00,4523.28,4539.77,4511.23,4524.44,15711.384212
2025-08-17 18:00:00,4524.01,4539.77,4474.17,4474.17,36908.747071
2025-08-17 19:00:00,4483.33,4490.48,4457.91,4459.33,12670.477249
2025-08-17 20:00:00,4466.37,4479.6,4457.91,4460.25,4219.709886
2025-08-17 21:00:00,4467.72,4481.89,4457.91,4477.69,5482.204522
2025-08-17 22:00:00,4475.25,4523.28,4471.11,4523.28,28117.102244
2025-08-17 23:00:00,4522.1,4523.28,4479.6,4479.6,19363.729884
2025-08-18 00:00:00,4479.6,4490.48,4457.91,4463.99,17363.041441
2025-08-18 01:00:00,4463.7,4474.17,4414.0,4414.0,46182.543045
2025-08-18 02:00:00,4422.45,4430.0,4355.29,4355.29,48476.382481
2025-08-18 03:00:00,4362.58,4364.21,4317.14,4321.01,23639.647355
2025-08-18 04:00:00,4321.01,4345.78,4303.12,4337.47,4249.162077
2025-08-18 05:00:00,4337.47,4345.78,4293.33,4313.4,24060.766512
2025-08-18 06:00:00,4313.4,4321.25,4240.0,4252.91,27596.992856
2025-08-18 07:00:00,4252.97,4282.3,4238.01,4257.72,2568.606504
2025-08-18 08:00:00,4257.74,4300.0,4226.0,4259.52,5381.304067
2025-08-18 09:00:00,4259.53,4340.0,4220.0,4292.9,9657.211495
2025-08-18 10:00:00,4292.09,4345.78,4280.35,4296.0,32034.979341
2025-08-18 11:00:00,4296.0,4324.16,4250.0,4275.01,51583.367206
2025-08-18 12:00:00,4274.22,4344.99,4271.52,4343.64,11785.946847
2025-08-18 13:00:00,4343.82,4345.78,4300.0,4300.0,11474.580671
2025-08-18 14:00:00,4308.53,4334.5,4282.0,4333.9,6837.498601
2025-08-18 15:00:00,4333.91,4335.0,4300.0,4319.85,22539.181257
2025-08-18 16:00:00,4319.85,4345.78,4294.0,4312.62,26662.212087
2025-08-18 17:00:00,4312.5,4355.29,4297.13,4331.71,30921.230184
2025-08-18 18:00:00,4331.71,4345.78,4324.16,4335.68,28251.043002
2025-08-18 19:00:00,4335.24,4355.29,4330.0,4330.0,29233.978711
2025-08-18 20:00:00,4330.0,4345.78,4321.65,4332.01,29376.931183
2025-08-18 21:00:00,4332.01,4345.78,4303.2,4335.3,37445.880436
2025-08-18 22:00:00,4335.3,4377.53,4330.0,4345.78,53579.625717
2025-08-18 23:00:00,4345.78,4347.67,4305.64,4314.25,29707.363245
2025-08-19 00:00:00,4314.23,4314.47,4282.92,4296.55,57174.592909
2025-08-19 01:00:00,4296.55,4309.14,4270.0,4295.86,50283.027355
2025-08-19 02:00:00,4295.86,4300.0,4270.0,4285.77,29120.475896
2025-08-19 03:00:00,4285.77,4293.33,4213.12,4219.62,96634.3393
2025-08-19 04:00:00,4220.5,4240.0,4200.0,4239.99,9158.120435
2025-08-19 05:00:00,4239.99,4254.76,4220.0,4230.7,3267.85802
2025-08-19 06:00:00,4230.61,4280.0,4220.0,4241.37,2235.860447
2025-08-19 07:00:00,4241.32,4300.0,4205.4,4233.0,5821.352638
2025-08-19 08:00:00,4234.7,4300.0,4213.12,4256.3,9222.595975
2025-08-19 09:00:00,4256.3,4309.14,4213.12,4281.5,22604.192426
2025-08-19 10:00:00,4281.5,4299.0,4240.0,4273.5,30360.145682
2025-08-19 11:00:00,4273.5,4309.81,4240.0,4309.0,46864.736352
2025-08-19 12:00:00,4309.0,4309.81,4232.87,4305.29,35519.674304
2025-08-19 13:00:00,4305.29,4309.81,4270.0,4291.7,29112.968322
2025-08-19 14:00:00,4291.7,4309.81,4138.0,4191.44,406543.738265
2025-08-19 15:00:00,4192.01,4245.59,4146.49,4195.0,14501.101476
2025-08-19 16:00:00,4196.0,4207.69,4150.0,4150.0,19654.531679
2025-08-19 17:00:00,4154.0,4188.39,4150.0,4185.65,8843.61212
2025-08-19 18:00:00,4185.66,4210.17,4150.0,4150.0,25981.079709
2025-08-19 19:00:00,4154.0,4175.0,4140.0,4148.0,11761.828781
2025-08-19 20:00:00,4148.0,4169.21,4134.0,4157.77,12300.133108
2025-08-19 21:00:00,4159.17,4164.83,4130.0,4153.62,1408.936224
2025-08-19 22:00:00,4153.62,4160.0,4128.25,4131.4,4885.457023
2025-08-19 23:00:00,4131.4,4173.33,4081.68,4083.51,28581.410347
2025-08-20 00:00:00,4091.0,4140.0,4083.51,4096.19,6418.057359
2025-08-20 01:00:00,4100.0,4140.0,4083.51,4110.62,7708.030398
2025-08-20 02:00:00,4110.62,4153.01,4104.08,4138.3,2322.11546
2025-08-20 03:00:00,4137.8,4176.68,4102.13,4141.11,4737.655749
2025-08-20 04:00:00,4141.28,4177.68,4139.52,4170.13,3473.752432
2025-08-20 05:00:00,4170.13,4200.0,4149.87,4182.51,3417.732109
2025-08-20 06:00:00,4182.51,4200.0,4140.0,4182.3,10352.408505
2025-08-20 07:00:00,4182.31,4340.0,4083.51,4193.0,268599.472951
2025-08-20 08:00:00,4193.0,4300.79,4099.99,4239.08,335449.655825
2025-08-20 09:00:00,4239.26,4275.09,4203.88,4222.82,10127.923943
2025-08-20 10:00:00,4221.14,4248.86,4203.88,4227.01,2917.471417
2025-08-20 11:00:00,4225.0,4240.0,4150.67,4195.0,8749.48354
2025-08-20 12:00:00,4195.37,4280.0,4176.68,4204.91,9684.177394
2025-08-20 13:00:00,4205.0,4216.25,4129.4,4136.29,5057.082205
2025-08-20 14:00:00,4136.28,4228.88,4102.13,4160.0,14867.10673
2025-08-20 15:00:00,4160.0,4300.0,4153.01,4250.0,41339.820853
2025-08-20 16:00:00,4250.0,4317.0,4220.0,4302.08,234596.035885
2025-08-20 17:00:00,4302.08,4340.0,4177.68,4340.0,63347.661712
2025-08-20 18:00:00,4340.0,4340.0,4263.36,4291.2,3859.027804
2025-08-20 19:00:00,4291.28,4345.78,4286.68,4345.78,7139.175738
2025-08-20 20:00:00,4345.78,4356.52,4330.0,4356.25,10656.437449
2025-08-20 21:00:00,4356.52,4360.0,4330.0,4342.01,14725.995374
2025-08-20 22:00:00,4342.01,4361.63,4336.84,4361.63,10625.310713
2025-08-20 23:00:00,4361.63,4361.63,4321.0,4321.0,32646.964129
2025-08-21 00:00:00,4321.0,4329.96,4260.0,4323.7,18210.015094
2025-08-21 01:00:00,4323.7,4329.96,4265.24,4329.96,5372.253304
2025-08-21 02:00:00,4329.96,4329.96,4240.0,4292.7,7976.427561
2025-08-21 03:00:00,4292.69,4329.96,4280.0,4295.0,6998.594404
2025-08-21 04:00:00,4294.69,4320.0,4267.47,4295.02,4051.525503
2025-08-21 05:00:00,4295.13,4333.0,4280.0,4318.14,19716.188356
2025-08-21 06:00:00,4318.14,4320.0,4280.0,4307.54,1698.610599
2025-08-21 07:00:00,4307.54,4333.0,4216.66,4310.99,22197.732584
2025-08-21 08:00:00,4310.99,4333.0,4300.7,4312.09,192.722503
2025-08-21 09:00:00,4267.4,4311.96,4254.54,4277.12,1417.010578
2025-08-21 10:00:00,4277.39,4333.0,4263.63,4291.8,4000.278064
2025-08-21 11:00:00,4292.0,4319.99,4267.0,4279.03,41628.386629
2025-08-21 12:00:00,4279.0,4333.0,4238.77,4249.74,36335.146151
2025-08-21 13:00:00,4249.77,4318.18,4240.0,4273.97,184780.525414
2025-08-21 14:00:00,4265.55,4327.21,4254.54,4273.9,108801.693861
2025-08-21 15:00:00,4274.3,4280.0,4223.0,4243.0,126537.05808
2025-08-21 16:00:00,4243.13,4267.0,4216.24,4222.02,233508.308414
2025-08-21 17:00:00,4222.0,4254.76,4200.0,4241.9,2283.608186
2025-08-21 18:00:00,4242.71,4269.33,4213.12,4261.51,8032.592595
2025-08-21 19:00:00,4268.88,4296.87,4220.0,4225.08,2909.44565
2025-08-21 20:00:00,4224.27,4260.61,4203.88,4242.02,1749.072954
2025-08-21 21:00:00,4242.6,4260.0,4211.53,4243.53,1759.576328
2025-08-21 22:00:00,4243.53,4260.65,4238.0,4253.0,164806.564355
2025-08-21 23:00:00,4253.33,4253.84,4210.31,4225.6,387612.041904
2025-08-22 00:00:00,4225.7,4257.12,4210.0,4246.02,224409.797129
2025-08-22 01:00:00,4246.03,4280.0,4220.0,4256.95,6576.461672
2025-08-22 02:00:00,4257.21,4315.31,4251.13,4290.99,66621.803493
2025-08-22 03:00:00,4290.9,4314.6,4240.0,4278.79,3394.308748
2025-08-22 04:00:00,4279.3,4319.26,4260.0,4281.52,26320.71284
2025-08-22 05:00:00,4281.21,4300.0,4260.0,4291.09,4717.005484
2025-08-22 06:00:00,4291.09,4320.0,4272.72,4294.41,24964.514008
2025-08-22 07:00:00,4294.41,4344.44,4280.0,4328.0,27884.997091
2025-08-22 08:00:00,4328.0,4352.5,4325.9,4327.5,35556.983868
2025-08-22 09:00:00,4328.99,4345.78,4265.27,4328.88,27620.586322
2025-08-22 10:00:00,4328.86,4337.56,4280.0,4295.74,25591.192222
2025-08-22 11:00:00,4294.0,4300.0,4220.0,4274.69,15880.209773
2025-08-22 12:00:00,4274.67,4281.95,4209.01,4245.2,301602.108436
2025-08-22 13:00:00,4245.3,4320.0,4220.0,4290.61,158730.349517
2025-08-22 14:00:00,4290.94,4645.0,4288.63,4614.8,771196.792175
2025-08-22 15:00:00,4614.95,4673.55,4609.25,4616.0,55032.470706
2025-08-22 16:00:00,4616.0,4782.25,4615.0,4745.0,242138.851541
2025-08-22 17:00:00,4746.16,4849.09,4743.33,4800.3,10442.633723
2025-08-22 18:00:00,4799.89,4820.0,4753.07,4789.54,71776.014759
2025-08-22 19:00:00,4789.76,4857.99,4783.76,4831.9,80112.652819
2025-08-22 20:00:00,4831.53,4865.34,4813.08,4849.07,19637.929922
2025-08-22 21:00:00,4849.15,4893.2,4838.96,4852.17,11737.832793
2025-08-22 22:00:00,4851.6,4855.16,4798.64,4811.79,55476.664343
2025-08-22 23:00:00,4810.35,4850.0,4808.33,4830.79,2154.611922
2025-08-23 00:00:00,4831.11,4840.0,4800.0,4807.85,3361.193688
2025-08-23 01:00:00,4807.76,4831.68,4749.39,4780.0,288912.864878
2025-08-23 02:00:00,4781.9,4800.0,4679.99,4715.21,2537653.116911
2025-08-23 03:00:00,4715.8,4724.0,4675.27,4694.93,15093.153612
2025-08-23 04:00:00,4694.91,4748.0,4680.0,4747.9,4457.836839
2025-08-23 05:00:00,4747.5,4773.33,4700.0,4750.4,7936.656006
2025-08-23 06:00:00,4751.46,4778.83,4720.0,4746.06,5473.554775
2025-08-23 07:00:00,4747.3,4778.83,4702.13,4713.06,6213.157006
2025-08-23 08:00:00,4715.0,4740.0,4698.74,4719.06,2759.376303
2025-08-23 09:00:00,4718.7,4742.02,4702.9,4738.55,1941.239383
2025-08-23 10:00:00,4738.55,4745.68,4702.13,4712.39,2658.323597
2025-08-23 11:00:00,4712.31,4778.83,4693.33,4694.0,10705.620452
2025-08-23 12:00:00,4702.07,4742.02,4680.0,4714.8,2665.759757
2025-08-23 13:00:00,4715.6,4740.0,4700.0,4718.2,1436.647967
2025-08-23 14:00:00,4718.39,4760.0,4702.13,4726.3,3008.524484
2025-08-23 15:00:00,4725.96,4778.83,4696.29,4751.2,5381.496997
2025-08-23 16:00:00,4757.89,4777.55,4720.0,4742.71,7165.162695
2025-08-23 17:00:00,4742.55,4778.83,4720.0,4749.29,1462.889717
2025-08-23 18:00:00,4742.1,4760.0,4712.66,4752.41,3562.104431
2025-08-23 19:00:00,4753.4,4763.54,4740.0,4758.3,815.742832
2025-08-23 20:00:00,4758.16,4778.83,4740.0,4751.7,3111.552555
2025-08-23 21:00:00,4756.85,4760.0,4735.71,4749.67,608.110944
2025-08-23 22:00:00,4749.57,4778.83,4740.0,4778.83,450243.51007
2025-08-23 23:00:00,4778.83,4797.27,4765.65,4779.1,2352708.147585
2025-08-24 00:00:00,4778.77,4820.0,4765.65,4799.6,61458.309326
2025-08-24 01:00:00,4798.1,4820.0,4758.85,4776.33,24132.967817
2025-08-24 02:00:00,4777.28,4800.0,4771.68,4776.13,1019.040017
2025-08-24 03:00:00,4776.2,4796.99,4750.59,4789.01,6346.215943
2025-08-24 04:00:00,4789.2,4834.43,4777.27,4793.56,16990.124321
2025-08-24 05:00:00,4793.56,4800.0,4763.54,4783.93,2301.390223
2025-08-24 06:00:00,4783.93,4814.42,4750.59,4760.89,2633.12508
2025-08-24 07:00:00,4760.9,4800.0,4757.6,4759.29,1769.190911
2025-08-24 08:00:00,4759.29,4780.0,4744.27,4777.12,15748.590862
2025-08-24 09:00:00,4776.78,4793.39,4760.0,4772.68,854.665085
2025-08-24 10:00:00,4772.68,4786.51,4734.78,4740.85,19871.805211
2025-08-24 11:00:00,4740.6,4760.0,4720.0,4748.06,42732.561581
2025-08-24 12:00:00,4747.85,4780.0,4718.18,4755.28,24101.009559
2025-08-24 13:00:00,4755.28,4782.25,4740.0,4769.16,1480.832425
2025-08-24 14:00:00,4769.15,4800.0,4742.02,4795.11,3408.520581
2025-08-24 15:00:00,4797.12,4834.43,4766.66,4798.42,93773.327665
2025-08-24 16:00:00,4798.42,4860.43,4790.76,4821.71,11123.969767
2025-08-24 17:00:00,4821.71,4940.0,4820.0,4905.21,31144.538606
2025-08-24 18:00:00,4905.29,4975.71,4884.6,4934.48,34891.253255
2025-08-24 19:00:00,4934.56,4975.71,4793.69,4812.11,2965029.664021
2025-08-24 20:00:00,4812.2,4820.0,4761.77,4786.1,3273647.716144
2025-08-24 21:00:00,4783.91,4831.0,4755.58,4786.95,336987.983777
2025-08-24 22:00:00,4785.76,4792.0,4740.0,4780.6,4485400.693859
2025-08-24 23:00:00,4781.71,4826.92,4760.0,4780.05,4287.314452
2025-08-25 00:00:00,4780.46,4800.0,4681.12,4700.6,525087.99235
2025-08-25 01:00:00,4700.66,4748.14,4686.14,4731.79,190593.757374
2025-08-25 02:00:00,4731.99,4780.0,4720.0,4764.86,2362.011842
2025-08-25 03:00:00,4772.97,4800.0,4702.13,4727.43,12044.913099
2025-08-25 04:00:00,4727.92,4740.0,4681.12,4717.98,3804.385064
2025-08-25 05:00:00,4719.4,4742.02,4700.0,4706.26,2585.794522
2025-08-25 06:00:00,4705.46,4740.0,4618.02,4631.6,1514993.09238
2025-08-25 07:00:00,4631.6,4660.0,4591.8,4591.8,2138851.751144
2025-08-25 08:00:00,4591.89,4623.36,4543.96,4600.88,16011.017341
2025-08-25 09:00:00,4600.4,4620.0,4560.03,4614.21,2261.604553
2025-08-25 10:00:00,4613.5,4620.0,4520.0,4550.52,6501.220954
2025-08-25 11:00:00,4544.7,4600.0,4540.0,4599.99,39271.62076
2025-08-25 12:00:00,4599.76,4647.36,4580.0,4647.36,3164.61224
2025-08-25 13:00:00,4647.51,4717.43,4592.59,4623.3,3376129.571134
2025-08-25 14:00:00,4623.3,4696.42,4600.0,4659.57,28473.482789
2025-08-25 15:00:00,4659.57,4668.42,4540.0,4612.27,28767.536852
2025-08-25 16:00:00,4612.28,4644.44,4560.03,4595.87,56534.145373
2025-08-25 17:00:00,4595.88,4600.0,4560.85,4584.26,23422.745324
2025-08-25 18:00:00,4584.26,4596.86,4560.03,4574.51,22921.448254
2025-08-25 19:00:00,4574.5,4577.91,4407.4,4407.4,26394.657605
2025-08-25 20:00:00,4411.39,4440.79,4333.33,4351.63,29664.028897
2025-08-25 21:00:00,4351.58,4385.05,4321.25,4350.58,27294.540888
2025-08-25 22:00:00,4350.42,4416.4,4332.0,4393.4,32379.702489
2025-08-25 23:00:00,4392.42,4400.0,4353.23,4376.71,26156.224126
2025-08-26 00:00:00,4376.7,4393.3,4320.0,4331.29,26409.371243
2025-08-26 01:00:00,4331.29,4422.59,4304.81,4421.39,30856.056505
2025-08-26 02:00:00,4421.68,4450.5,4386.11,4396.61,24682.573564
2025-08-26 03:00:00,4396.6,4420.0,4367.31,4402.59,28454.532244
2025-08-26 04:00:00,4395.0,4441.97,4394.84,4432.4,27565.259334
2025-08-26 05:00:00,4434.32,4450.51,4391.42,4430.3,43534.800125
2025-08-26 06:00:00,4430.3,4458.27,4385.18,4415.21,27107.655178
2025-08-26 07:00:00,4415.25,4450.3,4387.18,4429.6,25224.047461
2025-08-26 08:00:00,4429.6,4446.6,4400.0,4420.38,22793.188242
2025-08-26 09:00:00,4420.39,4458.27,4407.4,4420.58,2051.132636
2025-08-26 10:00:00,4420.58,4455.35,4400.0,4442.1,2990.655888
2025-08-26 11:00:00,4441.78,4468.29,4407.4,4427.63,1903.687909
2025-08-26 12:00:00,4427.74,4540.0,4380.0,4497.29,12985.299632
2025-08-26 13:00:00,4497.1,4517.42,4437.9,4479.88,4787.54579
2025-08-26 14:00:00,4480.47,4559.45,4453.44,4554.2,4683.391526
2025-08-26 15:00:00,4551.86,4577.01,4500.0,4518.7,49537.555978
2025-08-26 16:00:00,4519.0,4556.92,4498.44,4555.2,79789.602523
2025-08-26 17:00:00,4557.0,4560.0,4506.08,4521.57,4027.200053
2025-08-26 18:00:00,4521.89,4565.0,4505.0,4547.98,7879.462708
2025-08-26 19:00:00,4548.66,4597.77,4527.36,4594.68,14538.861542
2025-08-26 20:00:00,4596.01,4617.47,4570.0,4585.29,2202.25491
2025-08-26 21:00:00,4585.11,4607.45,4560.44,4603.98,647970.94608
2025-08-26 22:00:00,4604.87,4616.07,4577.14,4601.0,864384.936408
2025-08-26 23:00:00,4601.16,4632.73,4589.0,4600.41,9020.414636
2025-08-27 00:00:00,4600.49,4650.0,4560.0,4570.14,37979.514486
2025-08-27 01:00:00,4570.78,4584.47,4540.0,4562.9,22126.498567
2025-08-27 02:00:00,4562.97,4600.0,4546.15,4577.94,3807.248277
2025-08-27 03:00:00,4576.86,4626.05,4545.91,4603.15,6662.452638
2025-08-27 04:00:00,4603.02,4642.85,4584.47,4628.73,2763.540081
2025-08-27 05:00:00,4628.85,4644.7,4600.0,4613.99,1849.149333
2025-08-27 06:00:00,4613.71,4628.36,4583.22,4586.72,2949.843602
2025-08-27 07:00:00,4586.84,4607.27,4560.0,4580.26,3925.445701
2025-08-27 08:00:00,4581.1,4601.6,4552.07,4595.45,2728.857479
2025-08-27 09:00:00,4597.95,4640.0,4580.0,4588.1,3255.957442
2025-08-27 10:00:00,4588.93,4613.22,4570.8,4581.41,34228.641847
2025-08-27 11:00:00,4581.41,4619.1,4580.0,4608.91,32851.435785
2025-08-27 12:00:00,4616.91,4624.58,4579.0,4616.09,10497.632254
2025-08-27 13:00:00,4614.96,4659.33,4578.02,4594.43,23212.091038
2025-08-27 14:00:00,4595.35,4661.18,4580.0,4614.42,93065.260323
2025-08-27 15:00:00,4613.26,4660.0,4600.0,4656.88,2456.662255
2025-08-27 16:00:00,4657.7,4660.0,4592.59,4631.28,4957.126724
2025-08-27 17:00:00,4631.22,4661.18,4561.54,4631.8,29262.106829
2025-08-27 18:00:00,4631.61,4660.0,4590.72,4591.9,40147.585076
2025-08-27 19:00:00,4591.75,4599.99,4538.39,4567.25,3106.265687
2025-08-27 20:00:00,4565.4,4610.12,4525.02,4594.2,5727.608578
2025-08-27 21:00:00,4594.95,4597.95,4515.52,4524.75,2094.140519
2025-08-27 22:00:00,4524.93,4540.0,4480.0,4524.3,3734.834717
2025-08-27 23:00:00,4524.6,4540.74,4491.85,4507.1,328167.403804
2025-08-28 00:00:00,4507.14,4525.0,4469.5,4493.76,221584.633946
2025-08-28 01:00:00,4493.96,4525.0,4490.0,4516.69,110348.760187
2025-08-28 02:00:00,4516.69,4540.0,4500.21,4512.54,12861.501214
2025-08-28 03:00:00,4512.5,4548.49,4500.0,4541.8,98981.92583
2025-08-28 04:00:00,4541.81,4580.31,4525.02,4571.02,56822.137611
2025-08-28 05:00:00,4571.03,4588.0,4550.0,4570.52,164309.550388
2025-08-28 06:00:00,4570.31,4586.51,4545.91,4584.1,36900.556646
2025-08-28 07:00:00,4584.1,4599.2,4560.0,4596.79,71325.085189
2025-08-28 08:00:00,4597.08,4644.44,4584.61,4604.06,51635.090321
2025-08-28 09:00:00,4604.6,4623.38,4560.03,4586.21,5000.339939
2025-08-28 10:00:00,4586.8,4650.0,4559.98,4610.62,3348530.52649
2025-08-28 11:00:00,4610.76,4620.0,4580.0,4595.0,860.652878
2025-08-28 12:00:00,4595.0,4615.0,4577.7,4599.5,1217.270894
2025-08-28 13:00:00,4600.51,4620.0,4560.0,4573.93,4359.919722
2025-08-28 14:00:00,4574.44,4600.0,4559.98,4567.38,2440661.53988
2025-08-28 15:00:00,4567.68,4575.51,4486.84,4504.11,1346584.97369
2025-08-28 16:00:00,4504.5,4540.0,4463.76,4465.01,210119.640137
2025-08-28 17:00:00,4465.4,4500.0,4464.6,4490.49,173720.952298
2025-08-28 18:00:00,4490.2,4508.92,4471.63,4481.62,22817.070869
2025-08-28 19:00:00,4481.27,4493.17,4450.0,4450.0,207005.278002
2025-08-28 20:00:00,4450.0,4470.67,4433.75,4458.11,49921.453029
2025-08-28 21:00:00,4459.2,4500.0,4450.0,4487.63,717.672846
2025-08-28 22:00:00,4488.87,4520.0,4469.75,4506.79,2641.203435
2025-08-28 23:00:00,4506.5,4540.74,4460.0,4513.33,4878.498935
2025-08-29 00:00:00,4511.69,4520.0,4469.75,4482.09,5447.806623
2025-08-29 01:00:00,4482.14,4500.0,4435.11,4456.56,112921.744547
2025-08-29 02:00:00,4456.5,4496.97,4450.69,4481.0,28122.17336
2025-08-29 03:00:00,4481.0,4507.67,4468.0,4490.01,14569.857468
2025-08-29 04:00:00,4490.01,4509.15,4470.75,4476.88,1158.390743
2025-08-29 05:00:00,4477.76,4489.91,4464.0,4479.78,13779.138746
2025-08-29 06:00:00,4480.21,4500.0,4439.29,4456.75,162714.990508
2025-08-29 07:00:00,4456.55,4457.36,4360.0,4381.8,238367.766985
2025-08-29 08:00:00,4381.56,4400.0,4321.0,4336.1,204830.478658
2025-08-29 09:00:00,4335.21,4360.0,4320.0,4337.85,67663.766539
2025-08-29 10:00:00,4338.19,4400.0,4321.25,4346.79,66088.223882
2025-08-29 11:00:00,4346.82,4499.07,4199.99,4346.5,480264.102465
2025-08-29 12:00:00,4346.5,4446.31,4336.0,4407.49,5461.169074
2025-08-29 13:00:00,4407.51,4420.0,4305.64,4331.1,30604.009365
2025-08-29 14:00:00,4331.57,4352.65,4263.47,4282.47,383149.188697
2025-08-29 15:00:00,4282.8,4356.52,4282.3,4315.71,17706.879734
2025-08-29 16:00:00,4317.59,4356.52,4291.36,4336.27,4372.035997
2025-08-29 17:00:00,4336.25,4360.0,4300.0,4332.82,5036.734114
2025-08-29 18:00:00,4333.8,4380.0,4300.0,4315.36,3257.517776
2025-08-29 19:00:00,4315.16,4371.28,4309.61,4342.09,3495.817693
2025-08-29 20:00:00,4341.28,4356.45,4313.18,4320.1,3425.696977
2025-08-29 21:00:00,4320.1,4380.0,4306.64,4365.41,1268.491982
2025-08-29 22:00:00,4365.4,4385.18,4341.62,4366.37,701.856469
2025-08-29 23:00:00,4366.46,4380.0,4340.0,4360.21,694.032643
2025-08-30 00:00:00,4360.59,4380.0,4320.0,4343.25,2405.838341
2025-08-30 01:00:00,4343.43,4360.0,4259.26,4266.01,24867.845768
2025-08-30 02:00:00,4265.73,4320.0,4259.03,4303.27,1475.24879
2025-08-30 03:00:00,4304.99,4385.18,4303.58,4352.45,5072.357906
2025-08-30 04:00:00,4352.41,4380.0,4321.25,4352.69,7423.767282
2025-08-30 05:00:00,4353.33,4401.66,4340.0,4353.75,101992.981174
2025-08-30 06:00:00,4353.75,4403.31,4353.75,4397.13,12256.340076
2025-08-30 07:00:00,4397.14,4450.0,4380.0,4402.49,6559.348001
2025-08-30 08:00:00,4402.22,4420.0,4380.0,4394.99,46396.592189
2025-08-30 09:00:00,4395.5,4399.0,4373.46,4390.36,31871.808593
2025-08-30 10:00:00,4391.72,4420.0,4384.52,4392.29,198852.78445
2025-08-30 11:00:00,4392.29,4432.16,4380.0,4392.52,1892.98479
2025-08-30 12:00:00,4392.0,4397.0,4348.21,4365.62,23990.223186
2025-08-30 13:00:00,4367.55,4375.0,4330.0,4358.59,6073.412307
2025-08-30 14:00:00,4358.05,4394.87,4314.09,4362.79,63683.898579
2025-08-30 15:00:00,4363.98,4400.0,4357.11,4377.06,1413.851348
2025-08-30 16:00:00,4378.68,4400.0,4320.0,4362.43,5676.257023
2025-08-30 17:00:00,4362.31,4386.11,4340.0,4362.36,1868.696202
2025-08-30 18:00:00,4362.1,4380.0,4340.0,4350.8,1682.060273
2025-08-30 19:00:00,4350.79,4382.22,4317.84,4354.6,3241.239414
2025-08-30 20:00:00,4354.61,4380.0,4321.25,4342.67,983.350898
2025-08-30 21:00:00,4343.99,4356.45,4321.25,4346.82,179.248624
2025-08-30 22:00:00,4347.02,4370.0,4340.0,4359.07,1011.798657
2025-08-30 23:00:00,4358.59,4380.0,4355.76,4373.92,241526.042032
2025-08-31 00:00:00,4374.56,4469.33,4369.0,4467.03,2961.532608
2025-08-31 01:00:00,4467.24,4469.38,4430.0,4456.7,22815.276332
2025-08-31 02:00:00,4456.71,4465.0,4440.0,4449.99,63343.08647
2025-08-31 03:00:00,4450.0,4488.31,4433.33,4488.18,1090742.828008
2025-08-31 04:00:00,4487.93,4500.0,4369.0,4464.82,7015.334415
2025-08-31 05:00:00,4465.09,4475.0,4440.0,4459.45,855.430824
2025-08-31 06:00:00,4459.59,4480.0,4433.33,4434.21,459814.829401
2025-08-31 07:00:00,4434.3,4460.0,4433.0,4451.18,19915.334687
2025-08-31 08:00:00,4451.18,4476.37,4449.0,4471.45,485898.407543
2025-08-31 09:00:00,4471.34,4480.0,4440.0,4464.0,107213.273172
2025-08-31 10:00:00,4464.97,4480.0,4440.0,4454.72,1371.840085
2025-08-31 11:00:00,4455.0,4489.91,4440.65,4476.43,3326.640721
2025-08-31 12:00:00,4476.53,4500.0,4461.18,4489.48,14956.037055
2025-08-31 13:00:00,4489.5,4500.0,4440.0,4471.15,3974.528733
2025-08-31 14:00:00,4471.41,4502.22,4437.03,4459.49,5452.351993
2025-08-31 15:00:00,4459.41,4500.0,4454.98,4484.91,1008698.914107
2025-08-31 16:00:00,4484.9,4500.0,4454.09,4471.2,2439.180122
2025-08-31 17:00:00,4471.35,4499.99,4463.76,4476.92,1066.042462
2025-08-31 18:00:00,4476.92,4500.0,4460.0,4489.2,724.220351
2025-08-31 19:00:00,4489.16,4500.0,4454.09,4455.74,1173.376678
2025-08-31 20:00:00,4455.72,4475.08,4440.0,4454.99,490.657946
2025-08-31 21:00:00,4456.64,4480.0,4440.0,4470.0,1430.00354
2025-08-31 22:00:00,4470.0,4480.0,4434.22,4444.75,5603.530791
2025-08-31 23:00:00,4444.99,4452.94,4379.77,4392.86,45439.795456
2025-09-01 00:00:00,4391.99,4415.69,4361.12,4396.52,433215.97117
2025-09-01 01:00:00,4396.8,4432.16,4380.0,4418.32,3524.497092
2025-09-01 02:00:00,4417.25,4420.0,4367.0,4386.88,19785.98903
2025-09-01 03:00:00,4388.07,4408.4,4367.0,4404.05,2857.112533
2025-09-01 04:00:00,4404.06,4432.16,4367.0,4385.99,2466.89905
2025-09-01 05:00:00,4385.49,4406.54,4360.0,4394.92,19998.142869
2025-09-01 06:00:00,4394.6,4415.69,4371.28,4397.35,1860.981101
2025-09-01 07:00:00,4397.35,4460.0,4377.77,4460.0,84793.787762
2025-09-01 08:00:00,4460.0,4490.71,4453.94,4475.91,14302.118532
2025-09-01 09:00:00,4475.91,4500.0,4438.0,4440.85,3684.989862
2025-09-01 10:00:00,4441.2,4448.44,4367.31,4408.0,50018.87323
2025-09-01 11:00:00,4408.26,4425.0,4382.95,4392.7,213970.260749
2025-09-01 12:00:00,4393.0,4420.0,4384.0,4403.22,6931.863521
2025-09-01 13:00:00,4403.92,4432.16,4375.16,4385.19,256200.055497
2025-09-01 14:00:00,4386.5,4420.0,4380.0,4396.07,13652.06051
2025-09-01 15:00:00,4395.77,4405.5,4341.62,4361.44,3605.154665
2025-09-01 16:00:00,4365.0,4380.0,4319.99,4355.42,40943.942658
2025-09-01 17:00:00,4355.43,4368.0,4300.0,4322.88,186212.668891
2025-09-01 18:00:00,4323.0,4356.52,4320.0,4347.45,1373.610346
2025-09-01 19:00:00,4350.16,4369.38,4320.0,4367.85,15599.171512
2025-09-01 20:00:00,4367.86,4370.0,4247.9,4288.98,4744.062128
2025-09-01 21:00:00,4289.44,4300.0,4189.05,4261.72,5195.01699
2025-09-01 22:00:00,4260.7,4317.84,4240.0,4284.89,7731.086636
2025-09-01 23:00:00,4284.61,4319.5,4282.91,4314.0,120914.123711
2025-09-02 00:00:00,4314.6,4319.5,4291.0,4303.99,334947.924822
2025-09-02 01:00:00,4303.99,4348.21,4291.0,4323.26,1913.480221
2025-09-02 02:00:00,4323.4,4362.04,4315.78,4359.96,118199.299594
2025-09-02 03:00:00,4360.72,4400.0,4352.0,4366.9,43228.637435
2025-09-02 04:00:00,4367.2,4400.0,4361.93,4387.15,167238.37502
2025-09-02 05:00:00,4386.56,4400.0,4370.0,4385.54,221204.535072
2025-09-02 06:00:00,4385.28,4420.0,4382.08,4412.25,190287.720074
2025-09-02 07:00:00,4412.38,4417.81,4370.0,4377.93,167859.517412
2025-09-02 08:00:00,4380.76,4420.0,4370.0,4392.01,14271.321004
2025-09-02 09:00:00,4392.57,4415.77,4380.0,4399.21,14312.740732
2025-09-02 10:00:00,4399.6,4404.0,4370.0,4391.67,12314.6131
2025-09-02 11:00:00,4392.35,4399.0,4341.52,4348.14,474732.346163
2025-09-02 12:00:00,4347.0,4357.91,4270.0,4277.38,317986.690329
2025-09-02 13:00:00,4277.44,4392.54,4270.0,4378.69,84929.947789
2025-09-02 14:00:00,4379.0,4397.1,4335.59,4348.57,16892.172331
2025-09-02 15:00:00,4348.2,4357.91,4285.25,4295.23,83267.265816
2025-09-02 16:00:00,4295.2,4340.0,4279.0,4295.79,91195.361103
2025-09-02 17:00:00,4294.87,4350.0,4282.3,4319.44,2981.63508
2025-09-02 18:00:00,4322.75,4326.66,4265.0,4297.3,51006.946531
2025-09-02 19:00:00,4297.17,4316.58,4255.0,4274.69,25290.87269
2025-09-02 20:00:00,4274.52,4340.0,4159.31,4312.32,486965.6739
2025-09-02 21:00:00,4313.45,4445.95,4305.84,4332.0,1956855.698551
2025-09-02 22:00:00,4329.2,4340.0,4306.12,4329.6,2529.012367
2025-09-02 23:00:00,4329.57,4338.0,4300.0,4325.78,352237.313367
2025-09-03 00:00:00,4326.71,4340.0,4300.0,4310.7,305904.363759
2025-09-03 01:00:00,4310.33,4325.47,4283.67,4325.47,19743.808006
2025-09-03 02:00:00,4325.01,4360.0,4300.0,4338.67,1324.300777
2025-09-03 03:00:00,4338.67,4360.0,4321.25,4336.14,1728.98282
2025-09-03 04:00:00,4334.96,4412.5,4244.14,4341.95,70652.966481
2025-09-03 05:00:00,4340.0,4366.63,4265.86,4315.4,163413.385207
2025-09-03 06:00:00,4315.81,4360.0,4266.9,4308.32,4189.661247
2025-09-03 07:00:00,4308.1,4332.98,4284.44,4304.0,13209.342257
2025-09-03 08:00:00,4312.32,4360.0,4304.0,4318.62,30508.055432
2025-09-03 09:00:00,4318.7,4354.5,4303.0,4351.75,68528.926969
2025-09-03 10:00:00,4351.98,4500.0,4336.2,4371.93,3741312.37107
2025-09-03 11:00:00,4371.93,4407.4,4335.05,4371.57,31070.023172
2025-09-03 12:00:00,4371.57,4394.87,4341.62,4354.28,39079.477449
2025-09-03 13:00:00,4355.33,4452.94,4336.0,4419.2,50727.164046
2025-09-03 14:00:00,4419.2,4480.45,4408.88,4466.67,8510.687502
2025-09-03 15:00:00,4466.96,4495.44,4439.99,4479.78,53260.546032
2025-09-03 16:00:00,4479.75,4485.71,4427.68,4467.17,4550.5926
2025-09-03 17:00:00,4466.77,4489.91,4426.21,4472.52,1598.808914
2025-09-03 18:00:00,4472.4,4498.0,4457.5,4469.34,852.746348
2025-09-03 19:00:00,4468.69,4489.91,4426.33,4474.79,901.793328
2025-09-03 20:00:00,4475.92,4480.0,4463.17,4464.72,111.64168
2025-09-03 21:00:00,4464.6,4488.37,4427.44,4461.36,858.063148
2025-09-03 22:00:00,4460.67,4485.71,4436.73,4469.49,545.828114
2025-09-03 23:00:00,4469.47,4487.5,4420.0,4450.26,902.172174
2025-09-04 00:00:00,4450.29,4485.04,4445.66,4468.33,622.740696
2025-09-04 01:00:00,4468.63,4492.0,4437.03,4468.8,1254.268016
2025-09-04 02:00:00,4468.78,4489.91,4407.4,4420.48,1782.42384
2025-09-04 03:00:00,4420.8,4432.16,4369.0,4398.13,1784.708475
2025-09-04 04:00:00,4398.14,4458.27,4356.52,4392.67,3262.683782
2025-09-04 05:00:00,4392.35,4432.16,4360.19,4375.04,1633.323091
2025-09-04 06:00:00,4375.88,4415.77,4356.0,4365.98,1545.925636
2025-09-04 07:00:00,4365.5,4394.87,4338.74,4371.44,1295.155565
2025-09-04 08:00:00,4371.45,4407.4,4365.75,4369.44,2534.440806
2025-09-04 09:00:00,4370.42,4423.49,4357.47,4395.6,2243.553388
2025-09-04 10:00:00,4395.91,4433.44,4378.85,4408.33,1066.571457
2025-09-04 11:00:00,4408.1,4454.0,4390.0,4406.66,2198.452859
2025-09-04 12:00:00,4406.67,4450.0,4365.0,4416.44,62953.373374
2025-09-04 13:00:00,4416.52,4432.16,4370.0,4377.62,11167.339568
2025-09-04 14:00:00,4377.36,4470.29,4325.0,4341.54,348832.319855
2025-09-04 15:00:00,4342.16,4346.93,4298.01,4305.59,361923.705485
2025-09-04 16:00:00,4305.42,4357.91,4285.0,4296.53,299483.102666
2025-09-04 17:00:00,4296.48,4356.52,4285.0,4305.62,3180.579692
2025-09-04 18:00:00,4305.5,4342.89,4272.28,4274.04,17926.31753
2025-09-04 19:00:00,4274.01,4310.34,4250.0,4275.81,18712.632138
2025-09-04 20:00:00,4276.32,4310.16,4272.26,4305.83,437.832278
2025-09-04 21:00:00,4305.96,4346.15,4290.0,4319.22,1295.874615
2025-09-04 22:00:00,4326.66,4351.93,4299.99,4341.66,724.719554
2025-09-04 23:00:00,4342.43,4350.79,4296.01,4298.69,75296.125935
2025-09-05 00:00:00,4298.65,4328.0,4291.96,4302.06,596266.650266
2025-09-05 01:00:00,4301.79,4350.0,4298.56,4326.59,71116.204492
2025-09-05 02:00:00,4326.54,4335.66,4300.0,4324.41,919.172183
2025-09-05 03:00:00,4324.14,4354.68,4297.0,4341.86,193873.329818
2025-09-05 04:00:00,4333.88,4341.62,4297.0,4331.4,1068.620742
2025-09-05 05:00:00,4331.01,4357.91,4327.86,4338.66,1674.507309
2025-09-05 06:00:00,4338.66,4371.87,4324.12,4333.15,12146.507547
2025-09-05 07:00:00,4333.33,4430.0,4322.0,4417.48,5006.85782
2025-09-05 08:00:00,4417.49,4420.0,4356.52,4406.78,2748.240249
2025-09-05 09:00:00,4407.0,4409.23,4356.52,4397.69,2472.302463
2025-09-05 10:00:00,4397.82,4456.1,4395.72,4410.48,229136.908135
2025-09-05 11:00:00,4410.48,4456.16,4407.01,4417.96,576935.275867
2025-09-05 12:00:00,4417.93,4475.0,4395.91,4470.14,338233.480022
2025-09-05 13:00:00,4470.26,4532.16,4423.46,4481.56,597615.770112
2025-09-05 14:00:00,4481.56,4591.02,4260.0,4356.52,1450780.831901
2025-09-05 15:00:00,4348.22,4385.71,4250.0,4283.19,803442.50122
2025-09-05 16:00:00,4283.18,4333.33,4274.22,4297.43,167372.739237
2025-09-05 17:00:00,4297.42,4315.55,4272.73,4289.97,155246.185166
2025-09-05 18:00:00,4290.12,4333.33,4279.98,4312.85,1320.474307
2025-09-05 19:00:00,4312.85,4341.07,4302.95,4331.62,1305.248413
2025-09-05 20:00:00,4331.58,4356.52,4311.96,4338.16,679.922549
2025-09-05 21:00:00,4338.57,4341.04,4287.63,4296.9,1058.185692
2025-09-05 22:00:00,4296.87,4320.0,4295.29,4313.33,361.210871
2025-09-05 23:00:00,4313.01,4341.5,4284.44,4306.95,10673.772316
2025-09-06 00:00:00,4307.5,4356.52,4302.0,4323.53,38675.23835
2025-09-06 01:00:00,4323.23,4325.64,4302.0,4318.35,1488.880088
2025-09-06 02:00:00,4318.36,4346.66,4304.82,4323.07,126158.064267
2025-09-06 03:00:00,4323.43,4368.87,4316.31,4320.53,82894.098738
2025-09-06 04:00:00,4320.51,4350.0,4303.0,4309.77,44895.405204
2025-09-06 05:00:00,4309.55,4348.89,4290.77,4295.01,191684.228635
2025-09-06 06:00:00,4295.01,4343.49,4292.97,4302.43,41377.587286
2025-09-06 07:00:00,4302.94,4346.66,4291.0,4312.5,2045.541533
2025-09-06 08:00:00,4312.71,4350.0,4290.0,4313.32,89794.188516
2025-09-06 09:00:00,4310.56,4316.47,4290.0,4292.73,41460.761499
2025-09-06 10:00:00,4292.89,4325.0,4288.0,4301.0,79267.397103
2025-09-06 11:00:00,4301.31,4325.0,4291.0,4299.31,170987.692446
2025-09-06 12:00:00,4300.01,4325.0,4291.0,4299.52,259620.929114
2025-09-06 13:00:00,4307.14,4325.0,4287.0,4294.03,76886.268649
2025-09-06 14:00:00,4294.05,4325.0,4292.06,4296.1,40485.78633
2025-09-06 15:00:00,4296.0,4325.0,4265.0,4270.04,493657.32646
2025-09-06 16:00:00,4270.05,4325.0,4246.31,4289.99,220185.652563
2025-09-06 17:00:00,4289.72,4301.87,4252.64,4272.71,43371.397464
2025-09-06 18:00:00,4273.0,4312.71,4249.72,4279.21,1054.74368
2025-09-06 19:00:00,4279.21,4299.99,4251.6,4255.2,880.780372
2025-09-06 20:00:00,4255.73,4280.83,4253.52,4278.5,640.760501
2025-09-06 21:00:00,4279.28,4312.5,4253.33,4283.36,666.837516
2025-09-06 22:00:00,4286.0,4296.01,4270.0,4278.08,5405.761132
2025-09-06 23:00:00,4278.0,4283.66,4240.0,4273.0,166418.851926
2025-09-07 00:00:00,4273.69,4326.79,4257.0,4284.6,174302.876328
2025-09-07 01:00:00,4284.01,4310.29,4280.01,4295.48,197314.255961
2025-09-07 02:00:00,4295.49,4304.0,4280.0,4299.36,132958.349644
2025-09-07 03:00:00,4299.39,4304.3,4270.0,4297.09,72474.214721
2025-09-07 04:00:00,4296.99,4302.95,4270.0,4301.33,103227.713932
2025-09-07 05:00:00,4301.34,4304.3,4280.0,4294.81,1008.205712
2025-09-07 06:00:00,4294.81,4301.32,4282.0,4283.92,14869.899319
2025-09-07 07:00:00,4283.93,4304.8,4279.0,4294.49,86078.104495
2025-09-07 08:00:00,4295.02,4314.83,4285.0,4301.37,207263.901769
2025-09-07 09:00:00,4301.29,4312.81,4267.47,4299.59,1857.519496
2025-09-07 10:00:00,4299.6,4312.81,4281.81,4304.55,880.358092
2025-09-07 11:00:00,4304.55,4312.81,4285.16,4310.35,1028.142659
2025-09-07 12:00:00,4310.4,4310.56,4268.0,4300.5,27768.156058
2025-09-07 13:00:00,4300.5,4307.9,4268.0,4305.19,9120.007412
2025-09-07 14:00:00,4307.9,4325.0,4268.0,4299.88,155782.508488
2025-09-07 15:00:00,4299.88,4315.55,4268.0,4299.44,863.154576
2025-09-07 16:00:00,4299.21,4325.0,4283.49,4283.49,58992.384804
2025-09-07 17:00:00,4283.58,4310.61,4268.0,4275.1,3291.172338
2025-09-07 18:00:00,4275.1,4325.0,4268.0,4281.25,1905.656272
2025-09-07 19:00:00,4281.21,4320.0,4268.0,4293.47,1645.897063
2025-09-07 20:00:00,4293.55,4363.75,4268.0,4300.01,3628.370476
2025-09-07 21:00:00,4300.22,4340.22,4268.0,4289.47,2778.402489
2025-09-07 22:00:00,4287.36,4315.55,4280.0,4309.51,7271.833599
2025-09-07 23:00:00,4309.6,4334.93,4300.62,4306.41,59613.844378
2025-09-08 00:00:00,4308.0,4319.5,4292.85,4299.06,131730.029302
2025-09-08 01:00:00,4299.06,4319.43,4285.45,4293.18,93960.927306
2025-09-08 02:00:00,4292.82,4310.0,4279.0,4309.4,570734.244659
2025-09-08 03:00:00,4309.41,4339.28,4284.0,4311.78,153506.903043
2025-09-08 04:00:00,4311.79,4340.0,4295.6,4298.49,52655.7818
2025-09-08 05:00:00,4298.22,4340.0,4289.52,4297.01,88063.095703
2025-09-08 06:00:00,4297.1,4310.0,4289.5,4292.41,76578.573657
2025-09-08 07:00:00,4292.41,4328.57,4287.99,4292.47,342378.690342
2025-09-08 08:00:00,4292.76,4310.0,4288.39,4302.39,244396.765695
2025-09-08 09:00:00,4302.25,4340.0,4290.0,4318.99,423846.61772
2025-09-08 10:00:00,4319.0,4340.0,4308.33,4328.44,85453.383146
2025-09-08 11:00:00,4328.4,4340.0,4290.0,4311.8,499901.339553
2025-09-08 12:00:00,4312.39,4322.85,4302.95,4319.95,1425397.030959
2025-09-08 13:00:00,4320.66,4385.18,4302.98,4319.3,288262.126271
2025-09-08 14:00:00,4320.25,4375.0,4315.38,4350.52,38900.533679
2025-09-08 15:00:00,4350.76,4400.94,4306.66,4371.9,283737.349405
2025-09-08 16:00:00,4371.84,4485.04,4260.0,4339.19,223894.911254
2025-09-08 17:00:00,4339.1,4349.17,4303.54,4311.6,194143.756763
2025-09-08 18:00:00,4311.5,4349.92,4309.86,4329.79,7513.938117
2025-09-08 19:00:00,4329.79,4329.79,4281.48,4299.29,6379525.15046
2025-09-08 20:00:00,4299.29,4312.56,4282.39,4298.44,10059417.800687
2025-09-08 21:00:00,4298.88,4321.91,4295.05,4321.91,5614702.210675
2025-09-08 22:00:00,4321.92,4343.96,4291.63,4311.55,509207.440587
2025-09-08 23:00:00,4311.23,4330.96,4297.11,4306.0,6117678.789662
2025-09-09 00:00:00,4306.0,4315.69,4293.06,4302.11,10059926.293738
2025-09-09 01:00:00,4302.16,4313.0,4282.76,4287.24,10819531.244615
2025-09-09 02:00:00,4287.25,4302.95,4280.0,4290.93,10588597.731792
2025-09-09 03:00:00,4290.92,4310.0,4280.0,4307.04,7711714.726494
2025-09-09 04:00:00,4306.6,4317.63,4297.0,4313.27,7877301.161016
2025-09-09 05:00:00,4313.24,4320.59,4297.0,4318.56,7560435.014055
2025-09-09 06:00:00,4318.54,4375.68,4301.0,4347.79,7772364.184041
2025-09-09 07:00:00,4347.79,4381.75,4323.75,4361.4,7447334.527918
2025-09-09 08:00:00,4361.4,4365.1,4319.66,4359.47,7891405.039782
2025-09-09 09:00:00,4359.46,4366.14,4346.0,4357.0,6220657.721779
2025-09-09 10:00:00,4357.0,4362.63,4328.0,4348.21,7851772.76311
2025-09-09 11:00:00,4348.21,4355.7,4328.0,4346.13,7028416.061188
2025-09-09 12:00:00,4341.11,4372.91,4328.12,4345.2,3057075.262422
2025-09-09 13:00:00,4345.4,4371.87,4324.63,4346.0,2684.969182
2025-09-09 14:00:00,4348.02,4360.1,4280.0,4306.61,26439.699157
2025-09-09 15:00:00,4306.29,4330.0,4277.77,4285.09,684593.707615
2025-09-09 16:00:00,4285.37,4310.0,4278.0,4288.04,177687.677365
2025-09-09 17:00:00,4287.97,4298.68,4278.0,4285.84,886.860586
2025-09-09 18:00:00,4287.19,4300.0,4278.0,4286.0,870.718464
2025-09-09 19:00:00,4286.3,4303.0,4279.98,4295.02,3101.322487
2025-09-09 20:00:00,4294.64,4305.5,4278.0,4304.37,6004.842899
2025-09-09 21:00:00,4305.02,4320.0,4296.0,4301.01,870.709079
2025-09-09 22:00:00,4302.2,4340.0,4295.29,4318.81,679.10744
2025-09-09 23:00:00,4318.75,4325.0,4298.83,4309.55,6339.45978
2025-09-10 00:00:00,4310.32,4315.2,4285.0,4286.14,212112.281262
2025-09-10 01:00:00,4285.96,4313.0,4285.0,4302.5,104754.880422
2025-09-10 02:00:00,4302.75,4326.0,4291.36,4317.39,29225.391685
2025-09-10 03:00:00,4317.4,4326.0,4298.93,4319.26,825.982072
2025-09-10 04:00:00,4320.2,4324.64,4301.37,4312.19,20189.491564
2025-09-10 05:00:00,4312.19,4318.59,4295.51,4309.0,43077.428797
2025-09-10 06:00:00,4308.61,4318.74,4292.55,4313.0,38822.748698
2025-09-10 07:00:00,4313.4,4333.58,4308.61,4329.8,38377.155605
2025-09-10 08:00:00,4329.59,4334.0,4302.95,4331.38,18592.519071
2025-09-10 09:00:00,4331.38,4332.37,4308.95,4324.49,1902.161646
2025-09-10 10:00:00,4324.33,4332.2,4310.0,4326.48,23525.652824
2025-09-10 11:00:00,4326.05,4335.0,4300.0,4331.87,75165.496187
2025-09-10 12:00:00,4332.0,4383.81,4298.0,4370.45,643460.143692
2025-09-10 13:00:00,4370.15,4436.36,4298.0,4417.05,161952.639712
2025-09-10 14:00:00,4417.47,4450.43,4338.18,4401.36,16995.350449
2025-09-10 15:00:00,4400.74,4460.0,4360.19,4404.01,5370.166394
2025-09-10 16:00:00,4404.86,4428.57,4298.0,4385.39,8356.648418
2025-09-10 17:00:00,4385.38,4400.0,4342.85,4366.74,1913.466134
2025-09-10 18:00:00,4371.14,4380.0,4306.12,4341.5,1895.680033
2025-09-10 19:00:00,4341.5,4347.79,4298.0,4323.3,6065.080546
2025-09-10 20:00:00,4322.68,4340.0,4321.11,4329.7,275.149812
2025-09-10 21:00:00,4329.7,4354.5,4328.69,4350.0,405.251942
2025-09-10 22:00:00,4350.06,4380.0,4329.82,4346.55,739.001489
2025-09-10 23:00:00,4346.46,4360.0,4339.01,4349.04,2553.374088
2025-09-11 00:00:00,4344.87,4380.0,4338.83,4359.49,1245.934806
2025-09-11 01:00:00,4359.49,4444.0,4330.0,4365.35,6801.551311
2025-09-11 02:00:00,4365.35,4490.0,4360.0,4376.49,8365.698808
2025-09-11 03:00:00,4376.64,4437.65,4335.68,4404.5,4719.984661
2025-09-11 04:00:00,4404.46,4454.66,4384.9,4411.81,3820.735963
2025-09-11 05:00:00,4411.89,4433.33,4398.72,4419.11,2794.52587
2025-09-11 06:00:00,4419.01,4450.0,4380.0,4440.25,1928.264132
2025-09-11 07:00:00,4440.25,4463.51,4400.0,4440.04,1861.406711
2025-09-11 08:00:00,4440.05,4473.19,4402.0,4431.1,2556.721252
2025-09-11 09:00:00,4431.03,4447.9,4374.28,4415.92,6471.159826
2025-09-11 10:00:00,4415.9,4479.24,4380.0,4428.21,3310.36431
2025-09-11 11:00:00,4428.0,4478.21,4393.7,4429.89,3927.92091
2025-09-11 12:00:00,4429.89,4473.33,4370.0,4425.89,5017.360426
2025-09-11 13:00:00,4425.97,4459.07,4375.0,4436.77,2288.090749
2025-09-11 14:00:00,4437.66,4465.71,4350.0,4430.94,6777.64943
2025-09-11 15:00:00,4427.6,4460.0,4380.0,4412.3,5420.71256
2025-09-11 16:00:00,4412.54,4460.63,4385.0,4418.29,2168.998017
2025-09-11 17:00:00,4418.29,4441.73,4410.71,4433.35,2290.460299
2025-09-11 18:00:00,4436.8,4454.98,4400.0,4420.13,1448.04305
2025-09-11 19:00:00,4420.13,4465.0,4400.0,4422.62,946.127227
2025-09-11 20:00:00,4423.81,4460.0,4404.3,4416.97,1256.7289
2025-09-11 21:00:00,4417.28,4430.55,4405.0,4428.95,233.897489
2025-09-11 22:00:00,4428.96,4461.71,4400.0,4453.47,3948.677373
2025-09-11 23:00:00,4453.36,4494.43,4420.0,4458.68,4262.798585
2025-09-12 00:00:00,4458.66,4538.14,4400.0,4512.2,44588.334558
2025-09-12 01:00:00,4512.11,4540.0,4445.77,4497.35,180831.614248
2025-09-12 02:00:00,4497.64,4550.0,4488.0,4507.68,2395.224135
2025-09-12 03:00:00,4507.68,4512.0,4472.72,4506.9,58575.731195
2025-09-12 04:00:00,4505.87,4536.0,4500.0,4522.67,1923.302159
2025-09-12 05:00:00,4521.34,4559.34,4495.0,4557.64,1830.988288
2025-09-12 06:00:00,4557.64,4581.73,4500.0,4539.35,17993.809958
2025-09-12 07:00:00,4539.35,4560.0,4512.0,4525.89,7949.541117
2025-09-12 08:00:00,4526.15,4534.5,4486.66,4517.94,4923.310325
2025-09-12 09:00:00,4517.94,4534.5,4506.18,4515.25,8813.559357
2025-09-12 10:00:00,4515.25,4535.07,4500.0,4516.88,2144.738344
2025-09-12 11:00:00,4516.88,4550.0,4472.13,4520.8,9180.037013
2025-09-12 12:00:00,4520.83,4550.0,4476.0,4526.53,1546.589421
2025-09-12 13:00:00,4526.53,4543.15,4503.37,4539.8,5115.975878
2025-09-12 14:00:00,4539.79,4580.0,4507.53,4547.22,7038.427233
2025-09-12 15:00:00,4547.22,4574.0,4500.0,4541.98,4413.510096
2025-09-12 16:00:00,4542.02,4590.0,4512.73,4575.85,6488.088421
2025-09-12 17:00:00,4575.08,4650.0,4528.88,4613.85,7003.098219
2025-09-12 18:00:00,4613.04,4650.0,4568.27,4624.4,2883.439082
2025-09-12 19:00:00,4624.76,4676.6,4598.21,4658.85,3484.963978
2025-09-12 20:00:00,4658.37,4676.6,4620.0,4670.75,2897489.613951
2025-09-12 21:00:00,4670.86,4676.6,4609.23,4650.19,3330.697507
2025-09-12 22:00:00,4650.16,4724.39,4592.0,4695.61,3990013.552383
2025-09-12 23:00:00,4695.4,4740.0,4653.78,4713.36,52651.679757
2025-09-13 00:00:00,4712.51,4750.0,4653.78,4704.8,3751.697282
2025-09-13 01:00:00,4705.11,4733.52,4680.0,4700.5,7127.808396
2025-09-13 02:00:00,4700.0,4753.56,4679.03,4702.6,1493000.894562
2025-09-13 03:00:00,4702.67,4778.24,4679.03,4756.3,4325.867015
2025-09-13 04:00:00,4756.25,4777.55,4702.18,4742.22,2517.1719
2025-09-13 05:00:00,4742.26,4776.0,4679.14,4723.29,2680.258959
2025-09-13 06:00:00,4723.3,4765.28,4700.0,4711.09,2004.093926
2025-09-13 07:00:00,4711.09,4740.0,4694.62,4711.1,1544.646942
2025-09-13 08:00:00,4711.11,4758.0,4688.98,4730.4,1819.119264
2025-09-13 09:00:00,4730.52,4778.24,4697.88,4732.32,4510.348369
2025-09-13 10:00:00,4732.33,4760.0,4663.37,4718.06,2837.313456
2025-09-13 11:00:00,4718.07,4746.66,4663.78,4719.77,411206.198902
2025-09-13 12:00:00,4720.0,4728.26,4700.0,4720.63,1418527.015611
2025-09-13 13:00:00,4720.63,4725.46,4654.7,4685.8,2705938.545483
2025-09-13 14:00:00,4685.7,4717.76,4660.0,4689.24,3591.662274
2025-09-13 15:00:00,4689.01,4715.0,4617.18,4654.45,3275.357396
2025-09-13 16:00:00,4654.54,4688.64,4600.0,4623.0,18153.13403
2025-09-13 17:00:00,4623.78,4648.73,4602.02,4634.61,32822.629265
2025-09-13 18:00:00,4634.3,4651.55,4624.99,4643.31,264619.201586
2025-09-13 19:00:00,4643.7,4651.55,4620.44,4638.13,3036.702301
2025-09-13 20:00:00,4638.12,4664.44,4637.36,4658.0,2138.480765
2025-09-13 21:00:00,4657.9,4675.25,4653.39,4663.2,10904.493836
2025-09-13 22:00:00,4664.24,4673.99,4637.99,4659.59,7310.402646
2025-09-13 23:00:00,4659.77,4673.46,4653.66,4668.42,4828.498193
2025-09-14 00:00:00,4667.21,4685.06,4659.91,4670.5,6928.548847
2025-09-14 01:00:00,4670.5,4685.06,4648.96,4673.89,7546.537222
2025-09-14 02:00:00,4673.82,4693.29,4671.33,4683.3,4133.997851
2025-09-14 03:00:00,4684.3,4694.62,4656.03,4656.03,10367.093998
2025-09-14 04:00:00,4663.65,4680.0,4631.98,4659.01,28152.27489
2025-09-14 05:00:00,4659.3,4680.0,4646.71,4675.91,78524.898647
2025-09-14 06:00:00,4675.98,4685.77,4646.71,4664.72,275966.862607
2025-09-14 07:00:00,4664.72,4675.0,4640.0,4651.4,22054.487686
2025-09-14 08:00:00,4651.41,4675.0,4640.0,4656.44,1173.879476
2025-09-14 09:00:00,4656.6,4675.0,4653.0,4665.27,3653.704225
2025-09-14 10:00:00,4665.64,4675.0,4640.0,4660.24,1253.428227
2025-09-14 11:00:00,4660.26,4675.0,4628.73,4634.54,64052.922945
2025-09-14 12:00:00,4635.23,4655.0,4616.07,4633.1,44695.722442
2025-09-14 13:00:00,4633.26,4655.0,4606.92,4613.05,34411.68089
2025-09-14 14:00:00,4612.97,4650.0,4577.09,4601.74,116778.918814
2025-09-14 15:00:00,4601.74,4640.21,4577.09,4582.5,241201.823926
2025-09-14 16:00:00,4582.51,4623.07,4577.09,4596.25,9208.251748
2025-09-14 17:00:00,4596.3,4629.88,4580.62,4619.67,1975.920459
2025-09-14 18:00:00,4620.62,4630.98,4582.23,4603.23,1630.988296
2025-09-14 19:00:00,4603.21,4625.78,4593.6,4615.75,7991.208255
2025-09-14 20:00:00,4615.86,4638.46,4600.0,4616.44,816.067782
2025-09-14 21:00:00,4616.49,4640.21,4582.23,4628.8,2774.384075
2025-09-14 22:00:00,4629.64,4640.0,4586.66,4629.05,4070.436142
2025-09-14 23:00:00,4629.05,4640.21,4601.81,4604.6,129196.583119
2025-09-15 00:00:00,4604.6,4617.18,4580.0,4601.98,66519.799634
2025-09-15 01:00:00,4601.52,4623.07,4580.0,4618.39,89053.147213
2025-09-15 02:00:00,4618.31,4640.21,4603.33,4620.1,2479.163707
2025-09-15 03:00:00,4620.39,4643.12,4581.81,4635.8,33843.906232
2025-09-15 04:00:00,4635.99,4660.27,4632.0,4642.39,15601.912396
2025-09-15 05:00:00,4642.5,4665.3,4639.11,4662.3,25277.018165
2025-09-15 06:00:00,4662.43,4675.0,4618.43,4630.85,43719.988456
2025-09-15 07:00:00,4630.22,4663.81,4581.12,4598.08,18211.707188
2025-09-15 08:00:00,4598.02,4606.54,4506.49,4510.42,86120.151687
2025-09-15 09:00:00,4510.62,4555.09,4480.0,4526.31,24231.890565
2025-09-15 10:00:00,4526.23,4540.0,4498.52,4529.67,1266.988366
2025-09-15 11:00:00,4530.5,4578.55,4488.0,4578.53,2295115.967329
2025-09-15 12:00:00,4578.57,4606.71,4512.73,4599.91,34691422.705596
2025-09-15 13:00:00,4599.91,4606.71,4526.31,4599.38,35977429.168247
2025-09-15 14:00:00,4599.38,4606.71,4506.55,4573.33,27277420.834277
2025-09-15 15:00:00,4573.33,4606.71,4507.99,4600.0,38031159.676706
2025-09-15 16:00:00,4600.01,4606.71,4598.84,4600.0,40945050.393333
2025-09-15 17:00:00,4600.0,4606.71,4598.84,4599.99,41277413.376187
2025-09-15 18:00:00,4600.01,4606.71,4599.32,4600.0,43654977.718093
2025-09-15 19:00:00,4600.0,4606.71,4598.84,4600.01,43572813.266292
2025-09-15 20:00:00,4600.0,4606.71,4588.0,4599.99,45859805.805752
2025-09-15 21:00:00,4600.0,4606.71,4598.84,4599.99,48350246.69672
2025-09-15 22:00:00,4600.0,4606.71,4580.0,4600.0,45178560.084631
2025-09-15 23:00:00,4600.0,4606.71,4518.47,4523.19,30300947.554298
2025-09-16 00:00:00,4523.19,4523.24,4499.17,4513.33,43626.536703
2025-09-16 01:00:00,4513.52,4536.67,4505.85,4517.57,49574.94772
2025-09-16 02:00:00,4517.57,4531.54,4512.0,4513.56,23365.827641
2025-09-16 03:00:00,4513.57,4538.0,4512.0,4520.62,62278.536058
2025-09-16 04:00:00,4520.63,4560.0,4519.44,4546.15,8296183.116087
2025-09-16 05:00:00,4551.91,4581.93,4506.64,4529.2,8490475.174513
2025-09-16 06:00:00,4529.21,4545.45,4490.0,4508.53,8607054.399968
2025-09-16 07:00:00,4508.52,4555.49,4502.51,4512.65,9190918.082851
2025-09-16 08:00:00,4512.7,4579.77,4498.85,4511.35,9056549.479127
2025-09-16 09:00:00,4511.35,4530.0,4502.91,4510.98,8952173.359354
2025-09-16 10:00:00,4511.0,4535.71,4495.89,4498.36,8724333.788082
2025-09-16 11:00:00,4498.36,4526.42,4494.1,4501.28,8888116.877945
2025-09-16 12:00:00,4501.28,4514.0,4495.68,4500.04,9466703.325654
2025-09-16 13:00:00,4500.1,4555.49,4444.07,4508.72,5652095.201906
2025-09-16 14:00:00,4508.91,4531.36,4428.76,4448.0,9870713.42684
2025-09-16 15:00:00,4456.33,4497.34,4429.85,4467.45,9032650.307583
2025-09-16 16:00:00,4467.5,4500.82,4447.12,4463.05,8108430.9373
2025-09-16 17:00:00,4463.06,4526.0,4459.99,4486.1,9584430.890855
2025-09-16 18:00:00,4486.39,4523.13,4466.05,4474.31,8810633.652082
2025-09-16 19:00:00,4474.31,4549.01,4470.71,4490.75,10897196.114154
2025-09-16 20:00:00,4490.93,4555.49,4488.1,4498.0,11018509.104487
2025-09-16 21:00:00,4498.0,4530.0,4490.01,4507.45,9041620.636185
2025-09-16 22:00:00,4508.64,4530.38,4500.83,4519.74,9436849.779448
2025-09-16 23:00:00,4520.19,4530.0,4496.0,4501.28,4564738.165589
2025-09-17 00:00:00,4501.29,4516.3,4483.0,4513.1,105545.677463
2025-09-17 01:00:00,4512.99,4530.0,4483.0,4513.41,2782.805016
2025-09-17 02:00:00,4514.3,4555.49,4506.95,4530.95,49993.489016
2025-09-17 03:00:00,4539.21,4560.0,4495.64,4497.6,14762.235554
2025-09-17 04:00:00,4497.06,4526.42,4463.76,4469.23,92030.690548
2025-09-17 05:00:00,4476.66,4517.56,4457.0,4514.61,10136.707187
2025-09-17 06:00:00,4514.61,4555.49,4490.0,4545.92,21196.450608
2025-09-17 07:00:00,4545.42,4570.63,4502.0,4543.7,3024.757626
2025-09-17 08:00:00,4543.9,4573.65,4497.34,4511.26,54233.888473
2025-09-17 09:00:00,4511.27,4540.0,4490.0,4495.19,3079.588894
2025-09-17 10:00:00,4495.3,4555.49,4479.03,4483.73,20841.877355
2025-09-17 11:00:00,4483.81,4530.49,4479.36,4491.63,11602.517328
2025-09-17 12:00:00,4491.63,4541.84,4440.0,4502.61,10082.928089
2025-09-17 13:00:00,4502.61,4516.45,4468.27,4495.13,2182.520105
2025-09-17 14:00:00,4494.73,4526.42,4460.0,4490.32,2888.151625
2025-09-17 15:00:00,4489.78,4526.42,4447.45,4489.8,4255.17067
2025-09-17 16:00:00,4489.84,4498.11,4460.2,4487.9,7468.474309
2025-09-17 17:00:00,4487.52,4551.42,4439.19,4447.12,17959.50322
2025-09-17 18:00:00,4447.12,4522.47,4409.58,4456.2,26836.288606
2025-09-17 19:00:00,4455.95,4526.42,4446.42,4517.3,5615.015064
2025-09-17 20:00:00,4518.06,4552.68,4495.82,4501.8,26580.445342
2025-09-17 21:00:00,4501.56,4539.99,4486.65,4528.77,25739.46391
2025-09-17 22:00:00,4530.0,4601.15,4527.51,4586.7,55530.599734
2025-09-17 23:00:00,4587.14,4624.63,4569.88,4590.18,46333.267447
2025-09-18 00:00:00,4590.21,4613.64,4570.0,4585.15,4472.864062
2025-09-18 01:00:00,4584.95,4642.72,4569.88,4618.98,13211.069252
2025-09-18 02:00:00,4619.46,4636.17,4603.13,4614.18,238218.487163
2025-09-18 03:00:00,4614.0,4659.6,4603.13,4614.02,20748.180544
2025-09-18 04:00:00,4614.34,4640.0,4598.63,4612.05,15866.878825
2025-09-18 05:00:00,4611.95,4640.75,4581.72,4588.96,15318.250744
2025-09-18 06:00:00,4589.99,4613.0,4551.34,4571.8,33331.064834
2025-09-18 07:00:00,4571.81,4608.0,4555.49,4575.0,3807.595402
2025-09-18 08:00:00,4575.0,4607.2,4551.34,4602.9,1959.418667
2025-09-18 09:00:00,4601.56,4615.88,4584.57,4607.1,5373.971858
2025-09-18 10:00:00,4607.1,4615.88,4570.76,4574.76,10666.342796
2025-09-18 11:00:00,4574.76,4607.82,4565.0,4576.66,8996.961095
2025-09-18 12:00:00,4576.66,4607.36,4560.0,4571.32,8957.365556
2025-09-18 13:00:00,4571.32,4613.64,4555.49,4561.53,46946.906535
2025-09-18 14:00:00,4569.38,4628.02,4569.38,4596.84,203669.524146
2025-09-18 15:00:00,4596.72,4610.0,4584.57,4599.65,238952.247169
2025-09-18 16:00:00,4599.65,4637.14,4580.0,4620.87,61455.456398
2025-09-18 17:00:00,4620.7,4638.0,4593.29,4609.3,239739.700658
2025-09-18 18:00:00,4614.8,4622.4,4593.29,4618.27,1862.336447
2025-09-18 19:00:00,4618.33,4629.66,4582.55,4589.01,16723.885127
2025-09-18 20:00:00,4589.01,4612.85,4582.55,4605.25,4160.429407
2025-09-18 21:00:00,4605.21,4613.46,4582.55,4594.93,1351.557919
2025-09-18 22:00:00,4594.93,4613.64,4582.55,4591.35,2145.893799
2025-09-18 23:00:00,4591.28,4599.41,4568.59,4587.75,12476.050448
2025-09-19 00:00:00,4587.61,4613.64,4581.69,4609.99,1315.799448
2025-09-19 01:00:00,4609.82,4621.24,4598.62,4606.93,2827.767894
2025-09-19 02:00:00,4606.8,4621.24,4588.7,4589.25,152638.170422
2025-09-19 03:00:00,4590.4,4604.0,4540.0,4550.3,79726.852064
2025-09-19 04:00:00,4549.51,4562.57,4530.0,4558.07,10129.854509
2025-09-19 05:00:00,4551.65,4575.14,4528.2,4541.05,5684.123155
2025-09-19 06:00:00,4541.1,4559.08,4521.3,4524.39,8809.812083
2025-09-19 07:00:00,4524.5,4553.21,4515.0,4539.41,18418.636256
2025-09-19 08:00:00,4539.25,4573.79,4515.73,4535.0,2920.556232
2025-09-19 09:00:00,4534.8,4573.65,4515.0,4523.25,80822.32291
2025-09-19 10:00:00,4523.7,4572.74,4516.0,4528.41,66112.153099
2025-09-19 11:00:00,4527.85,4553.24,4506.64,4514.93,32511.855094
2025-09-19 12:00:00,4514.0,4540.0,4505.0,4518.94,5681669.596881
2025-09-19 13:00:00,4518.94,4538.13,4512.6,4528.2,1091519.763502
2025-09-19 14:00:00,4528.32,4553.24,4489.91,4498.94,2432144.442386
2025-09-19 15:00:00,4498.94,4525.71,4453.35,4474.89,10044121.587158
2025-09-19 16:00:00,4475.34,4555.49,4472.42,4482.23,9918453.71791
2025-09-19 17:00:00,4488.51,4497.34,4458.43,4459.56,9617894.010227
2025-09-19 18:00:00,4459.51,4474.28,4442.88,4448.85,8968393.435795
2025-09-19 19:00:00,4448.85,4529.7,4442.44,4450.72,9115702.421697
2025-09-19 20:00:00,4450.72,4497.34,4440.95,4459.64,9290340.352574
2025-09-19 21:00:00,4459.64,4500.0,4451.0,4471.91,8057561.215705
2025-09-19 22:00:00,4472.0,4493.88,4468.78,4468.78,8740736.832479
2025-09-19 23:00:00,4468.78,4497.34,4448.04,4469.1,8817574.976511
2025-09-20 00:00:00,4469.15,4497.34,4462.56,4476.5,8888004.596319
2025-09-20 01:00:00,4476.5,4483.36,4459.91,4466.72,9790862.828395
2025-09-20 02:00:00,4466.71,4516.45,4454.58,4467.99,8987364.424126
2025-09-20 03:00:00,4467.99,4474.18,4439.19,4465.62,3166272.843588
2025-09-20 04:00:00,4465.66,4477.13,4448.0,4474.2,397.319407
2025-09-20 05:00:00,4474.43,4497.34,4443.67,4478.9,825.303374
2025-09-20 06:00:00,4478.46,4478.46,4440.0,4473.3,13195.689443
2025-09-20 07:00:00,4473.3,4483.75,4439.44,4483.59,22318.511262
2025-09-20 08:00:00,4483.6,4485.0,4455.1,4465.97,1374.732235
2025-09-20 09:00:00,4465.95,4480.0,4439.19,4466.07,1512.111956
2025-09-20 10:00:00,4466.07,4485.0,4463.05,4464.13,1026.64796
2025-09-20 11:00:00,4464.13,4485.0,4463.05,4470.58,435.269112
2025-09-20 12:00:00,4470.31,4485.0,4463.05,4465.74,649.79692
2025-09-20 13:00:00,4465.71,4485.0,4463.05,4467.92,9709.543891
2025-09-20 14:00:00,4467.91,4495.83,4464.0,4487.39,15618.157135
2025-09-20 15:00:00,4487.39,4584.02,4472.99,4528.09,724047.820465
2025-09-20 16:00:00,4528.78,4586.66,4485.72,4502.04,1473834.791761
2025-09-20 17:00:00,4502.04,4514.94,4468.27,4486.45,3539.087703
2025-09-20 18:00:00,4486.45,4500.0,4466.48,4475.2,2939.754259
2025-09-20 19:00:00,4475.2,4500.0,4466.48,4480.38,4285.5085
2025-09-20 20:00:00,4479.83,4520.0,4468.27,4483.9,4755.661673
2025-09-20 21:00:00,4483.9,4501.63,4466.48,4489.98,3626.276365
2025-09-20 22:00:00,4489.98,4506.64,4466.48,4493.72,3592.859556
2025-09-20 23:00:00,4493.72,4493.73,4466.48,4480.6,5861.509241
2025-09-21 00:00:00,4480.61,4490.15,4474.17,4487.3,18133.384399
2025-09-21 01:00:00,4487.29,4495.0,4474.0,4481.47,2483.465769
2025-09-21 02:00:00,4481.47,4495.0,4458.34,4478.88,42078.613899
2025-09-21 03:00:00,4478.89,4479.99,4471.68,4478.35,2378.607499
2025-09-21 04:00:00,4478.3,4495.0,4458.0,4472.08,9626.205759
2025-09-21 05:00:00,4472.08,4495.0,4453.0,4477.94,28080.730785
2025-09-21 06:00:00,4477.94,4495.0,4453.0,4484.49,2955.407656
2025-09-21 07:00:00,4484.51,4498.52,4453.0,4478.23,3835.852008
2025-09-21 08:00:00,4478.23,4497.34,4453.0,4469.7,3463.235553
2025-09-21 09:00:00,4469.7,4480.0,4446.0,4466.34,49236.020816
2025-09-21 10:00:00,4466.34,4480.0,4450.0,4459.37,2588.783143
2025-09-21 11:00:00,4459.29,4480.0,4446.0,4461.19,2377.459958
2025-09-21 12:00:00,4461.15,4540.0,4446.0,4467.98,26821.509684
2025-09-21 13:00:00,4467.92,4485.0,4449.26,4476.31,41653.763538
2025-09-21 14:00:00,4476.31,4485.0,4446.0,4473.26,22264.510675
2025-09-21 15:00:00,4473.26,4490.0,4472.42,4482.9,80914.522638
2025-09-21 16:00:00,4482.9,4540.0,4450.0,4476.79,12966.239744
2025-09-21 17:00:00,4476.79,4500.0,4467.26,4491.33,9388.670019
2025-09-21 18:00:00,4491.33,4521.51,4450.49,4496.95,9929.028883
2025-09-21 19:00:00,4496.95,4506.55,4468.27,4494.23,7668.373042
2025-09-21 20:00:00,4494.23,4500.0,4475.2,4475.2,10656.016812
2025-09-21 21:00:00,4475.21,4498.27,4467.47,4471.27,6261.450007
2025-09-21 22:00:00,4471.2,4491.1,4446.0,4465.84,12975.414784
2025-09-21 23:00:00,4465.84,4475.55,4444.15,4445.75,16812.755323
2025-09-22 00:00:00,4445.5,4460.0,4329.05,4337.78,184186.78485
2025-09-22 01:00:00,4337.85,4372.34,4326.95,4328.47,271403.658266
2025-09-22 02:00:00,4328.47,4360.0,4271.63,4288.38,99300.437583
2025-09-22 03:00:00,4288.38,4338.78,4265.44,4305.6,28690.296103
2025-09-22 04:00:00,4305.61,4351.97,4272.28,4298.66,189628.417171
2025-09-22 05:00:00,4301.49,4320.0,4276.0,4276.0,430334.809167
2025-09-22 06:00:00,4277.84,4277.84,4083.32,4190.75,638127.775328
2025-09-22 07:00:00,4190.8,4267.34,4178.0,4192.91,107243.553553
2025-09-22 08:00:00,4192.91,4260.0,4186.42,4194.55,77491.130053
2025-09-22 09:00:00,4194.56,4239.75,4138.6,4151.02,211263.098246
2025-09-22 10:00:00,4151.02,4204.58,4121.08,4182.2,12268.135825
2025-09-22 11:00:00,4182.2,4260.0,4162.88,4181.39,61274.140175
2025-09-22 12:00:00,4182.1,4221.15,4158.28,4192.75,10432.772319
2025-09-22 13:00:00,4192.75,4233.01,4162.78,4208.01,17605.611013
2025-09-22 14:00:00,4208.2,4241.51,4183.8,4189.91,14888.401864
2025-09-22 15:00:00,4189.68,4220.0,4154.0,4168.05,30570.677837
2025-09-22 16:00:00,4168.05,4238.13,4125.0,4164.45,45618.076904
2025-09-22 17:00:00,4164.5,4197.36,4146.59,4165.2,11373.615013
2025-09-22 18:00:00,4165.06,4255.55,4155.31,4155.32,12506.80567
2025-09-22 19:00:00,4155.32,4266.22,4110.2,4135.46,23105.907503
2025-09-22 20:00:00,4135.52,4200.0,4134.65,4182.05,12459.358174
2025-09-22 21:00:00,4182.07,4220.0,4170.92,4198.5,7304.156411
2025-09-22 22:00:00,4198.5,4230.0,4170.0,4191.32,8184.70275
2025-09-22 23:00:00,4191.32,4280.0,4102.63,4198.86,38887.338901
2025-09-23 00:00:00,4198.86,4219.28,4100.0,4191.54,103043.09865
2025-09-23 01:00:00,4191.4,4230.0,4163.15,4164.0,14999.190973
2025-09-23 02:00:00,4164.0,4199.64,4130.0,4143.9,17185.358478
2025-09-23 03:00:00,4143.9,4192.22,3985.09,4157.99,19994528.934971
2025-09-23 04:00:00,4157.99,4191.9,4008.33,4017.51,36355068.373359
2025-09-23 05:00:00,4017.51,4192.0,4011.66,4133.68,17395024.222928
2025-09-23 06:00:00,4133.68,4207.12,4115.55,4169.29,20093938.746688
2025-09-23 07:00:00,4169.29,4210.0,4125.33,4191.28,20104764.195933
2025-09-23 08:00:00,4191.28,4210.0,4110.0,4200.48,21516880.068519
2025-09-23 09:00:00,4200.48,4224.62,4141.5,4144.0,20007745.361755
2025-09-23 10:00:00,4144.0,4199.08,4129.31,4182.07,20039535.815626
2025-09-23 11:00:00,4182.07,4190.0,4123.1,4175.42,19615340.621061
2025-09-23 12:00:00,4175.42,4203.22,4124.6,4162.19,21137600.315951
2025-09-23 13:00:00,4162.08,4200.0,4117.0,4127.47,22299198.98475
2025-09-23 14:00:00,4127.34,4188.75,4116.66,4118.47,29781520.73589
2025-09-23 15:00:00,4118.47,4188.0,4101.0,4149.73,20130599.937542
2025-09-23 16:00:00,4149.73,4173.41,4095.19,4096.05,55815701.130191
2025-09-23 17:00:00,4096.05,4184.69,4093.46,4093.46,41343560.379906
2025-09-23 18:00:00,4093.47,4159.2,4088.71,4157.07,20237422.947568
2025-09-23 19:00:00,4157.07,4171.67,4088.73,4103.24,19622411.444403
2025-09-23 20:00:00,4103.24,4164.1,4076.0,4137.85,22507495.417606
2025-09-23 21:00:00,4137.85,4150.0,4099.92,4129.99,21843018.456638
2025-09-23 22:00:00,4129.99,4150.0,4094.68,4094.68,31599626.582145
2025-09-23 23:00:00,4094.68,4160.0,4077.85,4107.31,26539947.873797
2025-09-24 00:00:00,4107.31,4150.0,4096.09,4124.0,31792770.024659
2025-09-24 01:00:00,4124.0,4160.0,4094.72,4150.49,28815151.937044
2025-09-24 02:00:00,4150.49,4172.44,4096.38,4109.29,23021261.260472
2025-09-24 03:00:00,4109.29,4152.58,4101.94,4147.5,26458376.139476
2025-09-24 04:00:00,4147.55,4161.02,4102.0,4141.11,2816500.081035
2025-09-24 05:00:00,4141.11,4262.0,4104.0,4172.89,775851.40487
2025-09-24 06:00:00,4172.89,4188.04,4144.24,4181.1,4008.129448
2025-09-24 07:00:00,4181.09,4200.0,4153.43,4170.74,3462.529756
2025-09-24 08:00:00,4170.74,4238.13,4150.0,4175.02,5531.275445
2025-09-24 09:00:00,4175.02,4200.0,4105.26,4182.69,5495.076284
2025-09-24 10:00:00,4182.69,4183.84,4111.0,4173.41,22803881.749168
2025-09-24 11:00:00,4173.41,4204.58,4124.1,4183.2,10670515.69508
2025-09-24 12:00:00,4182.66,4219.62,4153.01,4182.27,11809.837373
2025-09-24 13:00:00,4182.25,4200.0,4142.85,4149.73,1561.921885
2025-09-24 14:00:00,4149.91,4206.79,4140.0,4193.3,3210.251286
2025-09-24 15:00:00,4193.91,4205.0,4137.14,4165.75,2647622.047561
2025-09-24 16:00:00,4166.57,4191.4,4140.0,4173.25,1338.426129
2025-09-24 17:00:00,4173.95,4219.28,4125.0,4183.89,454527.130089
2025-09-24 18:00:00,4182.95,4223.86,4125.0,4171.48,11902.697666
2025-09-24 19:00:00,4171.26,4199.99,4150.0,4160.4,1187.167905
2025-09-24 20:00:00,4160.58,4209.71,4124.0,4164.55,21503.112401
2025-09-24 21:00:00,4164.74,4191.0,4133.26,4145.45,734.591694
2025-09-24 22:00:00,4145.96,4165.0,4124.0,4153.33,12349.483832
2025-09-24 23:00:00,4154.03,4165.0,4124.0,4152.22,6305.074319
2025-09-25 00:00:00,4152.22,4200.0,4123.02,4129.6,93022.698947
2025-09-25 01:00:00,4129.0,4138.0,4097.14,4101.92,8718437.47557
2025-09-25 02:00:00,4102.32,4140.0,4094.28,4102.68,8622312.309192
2025-09-25 03:00:00,4102.05,4109.0,4025.25,4065.2,3330253.781712
2025-09-25 04:00:00,4062.66,4074.46,3962.57,4005.2,161232.129156
2025-09-25 05:00:00,4005.2,4100.0,3969.34,4024.61,113400.75007
2025-09-25 06:00:00,4023.68,4045.34,3979.75,3998.06,350421.521591
2025-09-25 07:00:00,3997.54,4040.0,3987.33,4015.85,399382.21722
2025-09-25 08:00:00,4008.54,4040.0,3991.0,4015.54,96836.497392
2025-09-25 09:00:00,4015.23,4081.57,3991.0,4024.67,4828.20609
2025-09-25 10:00:00,4024.48,4080.0,4009.39,4013.8,1327.296928
2025-09-25 11:00:00,4014.38,4080.0,3991.0,4001.23,8104.46745
2025-09-25 12:00:00,4002.25,4059.72,3965.0,3977.75,181090.164889
2025-09-25 13:00:00,3978.06,4008.0,3950.0,3969.15,322293.302315
2025-09-25 14:00:00,3969.57,4021.9,3960.0,4017.08,245778.56874
2025-09-25 15:00:00,4018.21,4022.0,3950.0,4001.57,2689.842681
2025-09-25 16:00:00,4002.7,4022.0,3924.0,3941.16,383706.471263
2025-09-25 17:00:00,3941.46,3953.03,3832.0,3840.26,139922.238692
2025-09-25 18:00:00,3840.26,3944.0,3820.0,3924.27,13244.97273
2025-09-25 19:00:00,3924.87,3964.54,3866.54,3910.98,8336.91352
2025-09-25 20:00:00,3910.98,3950.0,3860.0,3885.71,18009.471427
2025-09-25 21:00:00,3886.57,3960.0,3881.15,3936.14,5606.250378
2025-09-25 22:00:00,3936.25,3960.0,3878.34,3892.99,9841.434653
2025-09-25 23:00:00,3893.45,3924.63,3823.07,3874.18,8137.40047
2025-09-26 00:00:00,3874.19,3940.0,3860.0,3932.26,5862.835339
2025-09-26 01:00:00,3932.24,3960.0,3880.0,3949.0,415878.053848
2025-09-26 02:00:00,3948.95,3999.93,3940.3,3959.05,1371978.76036
2025-09-26 03:00:00,3959.03,3997.95,3922.92,3965.34,134577.727778
2025-09-26 04:00:00,3965.35,4000.0,3920.54,3945.17,6846.970541
2025-09-26 05:00:00,3945.91,4000.0,3910.0,3921.2,5350.776211
2025-09-26 06:00:00,3921.29,3958.27,3889.98,3920.95,5724.353115
2025-09-26 07:00:00,3920.99,3965.33,3876.0,3939.6,7894.873037
2025-09-26 08:00:00,3939.48,4000.0,3926.05,3934.46,9216.925028
2025-09-26 09:00:00,3934.32,3983.0,3900.0,3915.46,8273.431216
2025-09-26 10:00:00,3915.48,3935.35,3860.0,3888.77,72339.549785
2025-09-26 11:00:00,3895.01,3947.75,3850.0,3918.75,23965.908232
2025-09-26 12:00:00,3918.75,3980.0,3873.33,3937.81,60733.095091
2025-09-26 13:00:00,3937.73,4005.63,3907.75,3971.39,7489.081585
2025-09-26 14:00:00,3971.55,3991.92,3901.69,3930.67,6909.921293
2025-09-26 15:00:00,3930.72,3988.88,3921.05,3946.15,6808.026775
2025-09-26 16:00:00,3946.15,4022.0,3925.39,3990.85,6453.735241
2025-09-26 17:00:00,3992.98,4069.23,3977.63,4045.15,100456.083364
2025-09-26 18:00:00,4045.18,4091.0,4016.66,4044.28,115483.674239
2025-09-26 19:00:00,4044.46,4064.71,3998.0,4025.28,7548.815531
2025-09-26 20:00:00,4025.42,4078.37,4000.0,4010.0,11726.649582
2025-09-26 21:00:00,4009.66,4061.25,3994.74,4020.85,5048.973838
2025-09-26 22:00:00,4024.6,4066.66,4014.28,4026.4,5480.060712
2025-09-26 23:00:00,4026.67,4092.85,4013.33,4032.65,4084.853434
2025-09-27 00:00:00,4032.65,4066.66,3992.9,4027.45,4238.651865
2025-09-27 01:00:00,4027.44,4053.06,3988.39,4018.46,5013.323047
2025-09-27 02:00:00,4018.46,4053.0,3991.07,4012.65,3711.810863
2025-09-27 03:00:00,4012.61,4029.28,3965.51,4019.23,2881.045353
2025-09-27 04:00:00,4019.27,4100.0,3985.34,4021.85,4742.446831
2025-09-27 05:00:00,4021.86,4040.0,4012.46,4020.21,2730.793283
2025-09-27 06:00:00,4020.16,4044.87,3991.92,4018.84,2519.153364
2025-09-27 07:00:00,4018.95,4040.0,3966.66,4008.29,4089.801202
2025-09-27 08:00:00,4008.31,4010.0,3960.0,3985.61,47180.459606
2025-09-27 09:00:00,3985.86,4070.0,3910.0,3995.4,62617.729836
2025-09-27 10:00:00,3995.4,4040.0,3958.27,4009.19,26234.775921
2025-09-27 11:00:00,4009.4,4042.0,3922.09,4001.87,12930.265101
2025-09-27 12:00:00,4002.12,4052.85,3967.39,4029.45,4293.893728
2025-09-27 13:00:00,4036.02,4062.62,4013.33,4019.74,4711.931296
2025-09-27 14:00:00,4019.75,4040.0,3950.0,4014.4,4824.168236
2025-09-27 15:00:00,4014.64,4092.0,3952.25,4031.0,7120.29572
2025-09-27 16:00:00,4039.14,4082.41,3937.0,4006.44,6997.681752
2025-09-27 17:00:00,4007.44,4040.0,3937.0,4001.77,8321.602791
2025-09-27 18:00:00,4001.62,4020.0,3963.0,3996.18,2137.594647
2025-09-27 19:00:00,3996.23,4026.72,3987.0,4002.49,1761.571794
2025-09-27 20:00:00,4002.5,4066.66,3980.65,4006.13,10314.109774
2025-09-27 21:00:00,4006.8,4033.9,4006.5,4014.56,1901.221945
2025-09-27 22:00:00,4015.62,4060.0,3999.99,4022.7,5440.230917
2025-09-27 23:00:00,4023.0,4027.29,4000.0,4018.95,2235.938365
2025-09-28 00:00:00,4019.81,4033.33,4005.71,4016.81,2765.898493
2025-09-28 01:00:00,4016.68,4029.2,3977.77,3996.85,3783.060398
2025-09-28 02:00:00,3996.85,4033.33,3966.66,4000.92,2601.278485
2025-09-28 03:00:00,4001.76,4050.0,3960.0,4002.85,3946.12817
2025-09-28 04:00:00,4003.41,4030.0,3960.0,4006.03,2949.738945
2025-09-28 05:00:00,4005.57,4033.33,4000.0,4011.0,3137.514004
2025-09-28 06:00:00,4010.95,4060.0,3997.03,4006.69,3440.666727
2025-09-28 07:00:00,4006.68,4029.2,4000.0,4014.42,2631.212561
2025-09-28 08:00:00,4014.26,4033.33,3970.0,4002.19,5335.842484
2025-09-28 09:00:00,4002.17,4022.14,3989.28,3996.0,4856.913892
2025-09-28 10:00:00,3996.01,4038.57,3980.0,4005.44,6702.014306
2025-09-28 11:00:00,4005.44,4010.0,3980.24,3993.0,4582.791232
2025-09-28 12:00:00,3992.98,4021.83,3950.0,3999.94,7083.370913
2025-09-28 13:00:00,3999.89,4046.0,3972.0,4013.24,6425.966589
2025-09-28 14:00:00,4013.26,4100.0,4001.13,4024.59,10025.447877
2025-09-28 15:00:00,4024.59,4066.66,4001.13,4021.55,6551.0823
2025-09-28 16:00:00,4021.56,4100.0,3999.99,4033.1,84977.842681
2025-09-28 17:00:00,4033.1,4066.66,4023.77,4039.79,5948.184996
2025-09-28 18:00:00,4039.51,4051.88,4002.11,4041.76,4918.639736
2025-09-28 19:00:00,4041.79,4058.39,4006.5,4039.01,4299.540424
2025-09-28 20:00:00,4039.01,4065.24,4035.71,4050.8,7733.326328
2025-09-28 21:00:00,4050.81,4071.29,4042.27,4049.74,4093.688988
2025-09-28 22:00:00,4049.74,4139.09,4040.0,4131.56,629945.78295
2025-09-28 23:00:00,4131.56,4200.0,4032.0,4142.34,1648966.630288
2025-09-29 00:00:00,4142.34,4149.14,4100.0,4127.06,6766.932231
2025-09-29 01:00:00,4127.06,4149.14,4110.0,4114.69,6442.001184
2025-09-29 02:00:00,4114.65,4138.0,4106.76,4111.92,88905.420957
2025-09-29 03:00:00,4111.92,4121.0,4068.43,4120.96,93457.735269
2025-09-29 04:00:00,4120.98,4130.0,4055.3,4119.05,20909.191184
2025-09-29 05:00:00,4119.05,4149.14,4103.57,4113.79,6794.693557
2025-09-29 06:00:00,4113.79,4127.27,4090.0,4097.23,6171.23537
2025-09-29 07:00:00,4097.24,4124.99,4080.0,4108.21,5547.917582
2025-09-29 08:00:00,4108.05,4137.91,4081.42,4122.81,5137.81856
2025-09-29 09:00:00,4129.99,4149.14,4100.0,4134.62,9923.853618
2025-09-29 10:00:00,4134.51,4149.14,4100.0,4116.65,99737.425089
2025-09-29 11:00:00,4116.64,4133.33,4060.0,4103.54,9105.527652
2025-09-29 12:00:00,4103.54,4149.14,4066.66,4098.36,193537.030974
2025-09-29 13:00:00,4098.36,4186.3,4089.65,4168.5,282244.513311
2025-09-29 14:00:00,4168.5,4199.99,4129.24,4188.74,2328135.714387
2025-09-29 15:00:00,4188.74,4195.0,4146.04,4164.92,251965.131323
2025-09-29 16:00:00,4165.62,4176.0,4139.31,4142.78,32981.968814
2025-09-29 17:00:00,4142.49,4172.92,4125.1,4155.91,1675.243313
2025-09-29 18:00:00,4155.91,4180.0,4141.66,4162.44,1509.007715
2025-09-29 19:00:00,4162.68,4191.7,4152.0,4188.65,274840.065604
2025-09-29 20:00:00,4188.65,4215.71,4141.04,4213.75,3979015.730062
2025-09-29 21:00:00,4213.75,4227.89,4201.47,4224.08,1739575.313375
2025-09-29 22:00:00,4224.08,4228.13,4181.63,4225.93,123920.927116
2025-09-29 23:00:00,4225.93,4228.41,4181.63,4214.76,159112.519814
2025-09-30 00:00:00,4214.76,4223.12,4194.05,4206.08,1968856.427355
2025-09-30 01:00:00,4206.08,4224.62,4181.63,4203.71,256722.217883
2025-09-30 02:00:00,4203.71,4211.05,4181.63,4199.34,91676.071646
2025-09-30 03:00:00,4199.34,4210.85,4186.83,4199.05,1291.837653
2025-09-30 04:00:00,4199.05,4219.0,4189.15,4189.15,955091.61895
2025-09-30 05:00:00,4189.15,4193.96,4160.62,4184.75,477071.499968
2025-09-30 06:00:00,4184.66,4197.63,4177.5,4190.48,2538818.640559
2025-09-30 07:00:00,4190.48,4199.0,4160.62,4182.8,671789.768383
2025-09-30 08:00:00,4182.84,4200.0,4160.62,4169.73,144572.159239
2025-09-30 09:00:00,4169.73,4176.42,4135.17,4140.96,5442.993028
2025-09-30 10:00:00,4140.9,4176.85,4133.42,4158.34,1847.297847
2025-09-30 11:00:00,4158.65,4219.28,4138.75,4165.1,46186.511453
2025-09-30 12:00:00,4165.1,4180.0,4155.72,4158.49,1762.289278
2025-09-30 13:00:00,4158.09,4176.85,4133.33,4153.47,5951.597168
2025-09-30 14:00:00,4153.65,4162.65,4110.0,4149.33,11044.382085
2025-09-30 15:00:00,4149.29,4165.0,4088.81,4119.59,51919.472551
2025-09-30 16:00:00,4120.23,4127.0,4088.81,4099.19,4655.705948
2025-09-30 17:00:00,4099.4,4139.92,4094.15,4100.54,2680.489799
2025-09-30 18:00:00,4100.9,4134.81,4090.0,4117.22,1712.928939
2025-09-30 19:00:00,4116.98,4169.49,4109.25,4161.45,2433.739656
2025-09-30 20:00:00,4161.28,4192.71,4120.71,4184.78,2502291.59095
2025-09-30 21:00:00,4181.14,4196.09,4128.0,4153.29,1195527.928277
2025-09-30 22:00:00,4153.12,4180.0,4131.29,4140.4,3379.970499
2025-09-30 23:00:00,4140.72,4150.0,4109.16,4145.4,3827.351584
2025-10-01 00:00:00,4144.82,4153.57,4124.99,4148.78,748.100115
2025-10-01 01:00:00,4149.0,4190.0,4111.0,4172.57,1523.992052
2025-10-01 02:00:00,4171.19,4194.61,4152.66,4153.28,1269.96321
2025-10-01 03:00:00,4153.35,4163.5,4120.0,4128.96,12174.015587
2025-10-01 04:00:00,4129.35,4186.59,4120.0,4140.53,2489.877124
2025-10-01 05:00:00,4141.0,4194.61,4137.14,4144.1,3024.912812
2025-10-01 06:00:00,4144.45,4160.0,4120.0,4126.7,1772.282649
2025-10-01 07:00:00,4126.67,4155.0,4120.0,4146.54,534.857276
2025-10-01 08:00:00,4146.16,4327.23,4120.0,4280.01,1453974.945475
2025-10-01 09:00:00,4280.01,4320.0,4262.32,4295.01,20073253.717638
2025-10-01 10:00:00,4295.01,4295.01,4262.32,4282.15,17799260.783043
2025-10-01 11:00:00,4282.15,4320.0,4262.32,4298.19,4215773.282607
2025-10-01 12:00:00,4298.29,4318.0,4278.16,4284.56,1428.549656
2025-10-01 13:00:00,4284.63,4400.0,4262.32,4320.0,12748.482189
2025-10-01 14:00:00,4312.06,4349.05,4260.0,4323.46,11450.968815
2025-10-01 15:00:00,4324.76,4343.99,4309.61,4327.22,4402.678802
2025-10-01 16:00:00,4328.99,4340.98,4309.61,4325.32,4453.29686
2025-10-01 17:00:00,4324.76,4340.98,4287.95,4292.97,6261.66262
2025-10-01 18:00:00,4293.03,4340.56,4292.12,4310.29,1810.818818
2025-10-01 19:00:00,4308.16,4340.56,4305.95,4334.22,1377.094244
2025-10-01 20:00:00,4334.24,4343.03,4306.6,4334.88,559173.63376
2025-10-01 21:00:00,4335.0,4367.68,4260.0,4305.0,30096.117606
2025-10-01 22:00:00,4304.94,4333.33,4304.94,4311.26,2213.229766
2025-10-01 23:00:00,4313.05,4351.16,4306.6,4344.43,1187.917402
2025-10-02 00:00:00,4349.44,4380.83,4332.07,4335.46,12300.297422
2025-10-02 01:00:00,4335.46,4399.99,4332.05,4393.53,6522.996216
2025-10-02 02:00:00,4393.53,4450.94,4357.54,4386.07,12640.636761
2025-10-02 03:00:00,4386.13,4405.02,4260.0,4376.65,572907.019841
2025-10-02 04:00:00,4376.75,4385.71,4360.52,4373.24,1524.274649
2025-10-02 05:00:00,4374.19,4400.0,4366.03,4383.74,2461.569474
2025-10-02 06:00:00,4383.95,4421.65,4374.77,4403.53,19335.553883
2025-10-02 07:00:00,4403.7,4460.0,4373.76,4375.96,17810.243942
2025-10-02 08:00:00,4377.13,4394.09,4366.66,4387.99,4259.813698
2025-10-02 09:00:00,4387.99,4408.49,4379.0,4392.0,771381.397998
2025-10-02 10:00:00,4392.02,4399.99,4366.03,4379.91,1408.525094
2025-10-02 11:00:00,4380.05,4394.2,4367.14,4383.01,8022.876211
2025-10-02 12:00:00,4379.21,4407.83,4372.91,4406.81,1770.935766
2025-10-02 13:00:00,4406.7,4418.29,4379.66,4416.68,6023.458785
2025-10-02 14:00:00,4416.09,4419.99,4368.0,4374.5,2098.993434
2025-10-02 15:00:00,4374.54,4449.26,4340.55,4437.46,49040.440027
2025-10-02 16:00:00,4437.58,4470.51,4407.94,4448.91,13580.501409
2025-10-02 17:00:00,4448.77,4484.9,4433.96,4465.92,4348.96789
2025-10-02 18:00:00,4466.37,4500.0,4459.81,4487.22,2731.933311
2025-10-02 19:00:00,4487.17,4518.13,4484.26,4495.58,2678.919688
2025-10-02 20:00:00,4495.59,4500.0,4464.08,4491.03,3940.072715
2025-10-02 21:00:00,4491.32,4498.52,4459.81,4468.31,1951.48439
2025-10-02 22:00:00,4468.7,4487.8,4446.97,4463.89,3320.192505
2025-10-02 23:00:00,4464.0,4485.31,4450.94,4485.0,1942.544151
2025-10-03 00:00:00,4484.64,4488.0,4450.94,4468.8,1612.430428
2025-10-03 01:00:00,4468.81,4490.0,4461.77,4472.0,1178.66154
2025-10-03 02:00:00,4472.01,4520.0,4452.95,4510.78,8878.444159
2025-10-03 03:00:00,4510.78,4561.32,4492.72,4500.77,11279.013258
2025-10-03 04:00:00,4500.77,4518.86,4481.95,4493.69,1361.888901
2025-10-03 05:00:00,4497.09,4520.0,4467.92,4477.08,4262.694468
2025-10-03 06:00:00,4477.07,4485.96,4461.64,4472.5,3330.870171
2025-10-03 07:00:00,4472.46,4476.47,4429.95,4462.2,14002.564576
2025-10-03 08:00:00,4462.79,4470.0,4428.57,4466.68,25554.569375
2025-10-03 09:00:00,4466.83,4488.0,4457.61,4473.74,13552.503156
2025-10-03 10:00:00,4473.88,4495.43,4468.31,4490.63,620.125855
2025-10-03 11:00:00,4489.45,4495.55,4467.5,4478.68,3734.722106
2025-10-03 12:00:00,4479.16,4510.37,4474.36,4482.69,11428.479636
2025-10-03 13:00:00,4482.84,4512.93,4450.94,4472.6,3777.391177
2025-10-03 14:00:00,4471.16,4493.39,4436.78,4476.0,12128.12179
2025-10-03 15:00:00,4476.0,4542.3,4458.5,4536.71,17926.531267
2025-10-03 16:00:00,4535.29,4590.67,4514.32,4522.84,25484.948493
2025-10-03 17:00:00,4524.84,4527.78,4456.25,4471.01,14526.613728
2025-10-03 18:00:00,4471.97,4512.56,4450.0,4512.56,5240.487165
2025-10-03 19:00:00,4512.59,4541.0,4502.5,4518.5,1892.051322
2025-10-03 20:00:00,4519.86,4552.6,4494.89,4533.54,4030.409802
2025-10-03 21:00:00,4536.18,4544.33,4514.94,4523.36,838.738894
2025-10-03 22:00:00,4523.93,4549.63,4518.86,4528.1,1217.673704
2025-10-03 23:00:00,4528.66,4540.0,4508.89,4512.25,1242.677351
2025-10-04 00:00:00,4512.58,4520.0,4442.64,4501.14,41041.510596
2025-10-04 01:00:00,4501.58,4502.36,4467.92,4480.0,1663.538917
2025-10-04 02:00:00,4480.0,4490.0,4455.0,4483.65,3616.188944
2025-10-04 03:00:00,4484.76,4500.0,4452.49,4486.94,4936.4582
2025-10-04 04:00:00,4487.01,4510.37,4467.92,4493.45,4115.369004
2025-10-04 05:00:00,4494.04,4510.52,4483.19,4504.28,950.135167
2025-10-04 06:00:00,4503.81,4518.86,4502.31,4506.99,765.855636
2025-10-04 07:00:00,4507.0,4514.17,4476.41,4498.43,6067.424917
2025-10-04 08:00:00,4498.43,4511.67,4416.26,4488.89,23647.634237
2025-10-04 09:00:00,4489.86,4503.84,4408.6,4490.49,13955.758408
2025-10-04 10:00:00,4490.34,4518.86,4469.71,4487.83,1948.570558
2025-10-04 11:00:00,4487.63,4495.55,4476.41,4490.0,841.78881
2025-10-04 12:00:00,4484.09,4510.37,4475.11,4480.79,2320.690904
2025-10-04 13:00:00,4480.25,4510.37,4478.33,4499.92,1415.960715
2025-10-04 14:00:00,4499.92,4520.0,4470.0,4470.0,6490.589078
2025-10-04 15:00:00,4470.8,4483.75,4442.94,4454.16,75241.700968
2025-10-04 16:00:00,4454.2,4482.97,4440.7,4467.16,8590.062367
2025-10-04 17:00:00,4467.31,4484.9,4382.02,4464.28,52218.871446
2025-10-04 18:00:00,4464.57,4493.39,4442.45,4455.31,1713.868371
2025-10-04 19:00:00,4455.32,4469.23,4450.0,4467.8,955.370884
2025-10-04 20:00:00,4467.8,4490.0,4467.8,4474.98,9412.268887
2025-10-04 21:00:00,4474.98,4496.0,4467.92,4484.66,1038.388125
2025-10-04 22:00:00,4484.93,4500.0,4480.9,4489.58,1743.402037
2025-10-04 23:00:00,4489.88,4490.19,4480.0,4487.56,1843.113324
2025-10-05 00:00:00,4487.5,4503.84,4400.0,4471.11,22206.983856
2025-10-05 01:00:00,4471.64,4489.0,4468.54,4487.83,313.442892
2025-10-05 02:00:00,4487.83,4552.83,4480.01,4549.1,40205.634703
2025-10-05 03:00:00,4549.5,4575.0,4529.24,4532.24,5695.546425
2025-10-05 04:00:00,4532.24,4588.32,4521.67,4572.01,9101.951649
2025-10-05 05:00:00,4575.88,4585.78,4557.35,4569.0,4338.284355
2025-10-05 06:00:00,4569.19,4575.0,4540.92,4560.1,2143.001498
2025-10-05 07:00:00,4560.09,4613.85,4552.83,4606.65,17976.397116
2025-10-05 08:00:00,4606.65,4625.42,4585.03,4588.52,7316.348999
2025-10-05 09:00:00,4587.9,4595.28,4540.99,4549.74,8976.820663
2025-10-05 10:00:00,4549.74,4555.0,4524.21,4542.72,2034.355837
2025-10-05 11:00:00,4542.62,4562.57,4521.27,4551.24,5119.881035
2025-10-05 12:00:00,4551.23,4615.29,4530.5,4531.37,5098.983163
2025-10-05 13:00:00,4532.16,4547.78,4527.35,4539.05,1453.478285
2025-10-05 14:00:00,4539.06,4561.53,4523.07,4536.39,2101.16877
2025-10-05 15:00:00,4535.79,4552.83,4526.88,4532.01,1028.030907
2025-10-05 16:00:00,4532.2,4553.57,4497.38,4529.15,4284.972128
2025-10-05 17:00:00,4529.12,4540.0,4503.84,4511.96,1587.579452
2025-10-05 18:00:00,4512.53,4539.0,4500.0,4519.08,2771.986486
2025-10-05 19:00:00,4519.2,4526.88,4482.95,4487.29,1737.367994
2025-10-05 20:00:00,4491.01,4516.45,4476.82,4498.76,3027.847069
2025-10-05 21:00:00,4498.82,4510.37,4484.61,4505.33,1176.411435
2025-10-05 22:00:00,4505.31,4520.31,4500.04,4513.33,1188.302291
2025-10-05 23:00:00,4513.52,4530.0,4512.82,4514.64,493.424833
2025-10-06 00:00:00,4514.75,4551.31,4487.82,4498.39,4021.034496
2025-10-06 01:00:00,4499.51,4541.49,4490.55,4528.51,1285.781512
2025-10-06 02:00:00,4527.8,4552.83,4505.43,4536.62,1856.484489
2025-10-06 03:00:00,4538.59,4544.33,4520.0,4537.04,1048.139854
2025-10-06 04:00:00,4536.9,4552.81,4503.84,4524.74,7894.307398
2025-10-06 05:00:00,4524.22,4550.0,4500.0,4527.95,5491.372691
2025-10-06 06:00:00,4528.36,4579.33,4521.82,4560.04,3603.629076
2025-10-06 07:00:00,4560.02,4584.0,4527.35,4533.56,4082.495266
2025-10-06 08:00:00,4533.54,4569.81,4533.54,4561.65,1061.616264
2025-10-06 09:00:00,4562.5,4584.0,4544.33,4573.44,1714.622258
2025-10-06 10:00:00,4573.27,4580.0,4548.33,4573.31,3050.854644
2025-10-06 11:00:00,4577.88,4595.28,4564.51,4572.62,2442.974075
2025-10-06 12:00:00,4571.84,4595.54,4561.32,4581.28,1036368.738085
2025-10-06 13:00:00,4581.29,4637.97,4560.0,4637.84,17938.019352
2025-10-06 14:00:00,4637.96,4680.0,4630.29,4638.02,14946.10083
2025-10-06 15:00:00,4638.02,4698.0,4633.2,4673.1,2888.142484
2025-10-06 16:00:00,4672.94,4688.0,4654.71,4679.4,3472.927057
2025-10-06 17:00:00,4677.89,4731.13,4671.69,4696.01,10885.628027
2025-10-06 18:00:00,4695.99,4731.13,4679.31,4711.75,6652.710324
2025-10-06 19:00:00,4711.76,4737.01,4666.24,4722.75,8378.452337
2025-10-06 20:00:00,4723.0,4737.01,4685.1,4689.49,4602.485102
2025-10-06 21:00:00,4689.49,4705.66,4673.5,4693.31,1773.642696
2025-10-06 22:00:00,4693.31,4715.28,4680.18,4698.7,2107.375482
2025-10-06 23:00:00,4698.7,4710.0,4666.24,4684.37,1939.314485
2025-10-07 00:00:00,4684.5,4692.72,4666.24,4680.01,1093.516531
2025-10-07 01:00:00,4680.01,4700.0,4665.3,4675.34,1882.273041
2025-10-07 02:00:00,4675.36,4692.09,4668.96,4686.22,855.49821
2025-10-07 03:00:00,4686.26,4708.2,4678.57,4691.15,9660.795973
2025-10-07 04:00:00,4689.46,4720.0,4680.0,4713.79,21289.432211
2025-10-07 05:00:00,4713.72,4737.0,4697.64,4711.99,14608.538067
2025-10-07 06:00:00,4712.0,4719.72,4666.24,4669.75,2577.70386
2025-10-07 07:00:00,4669.65,4689.29,4657.1,4678.22,4937.456657
2025-10-07 08:00:00,4678.6,4747.77,4637.73,4669.29,72310.675244
2025-10-07 09:00:00,4676.89,4697.16,4654.71,4680.01,3246.450621
2025-10-07 10:00:00,4680.62,4702.93,4671.45,4691.96,2481.037584
2025-10-07 11:00:00,4692.17,4712.59,4687.37,4709.15,1268.174906
2025-10-07 12:00:00,4708.96,4747.86,4688.67,4746.61,3302.168554
2025-10-07 13:00:00,4747.41,4756.6,4654.71,4705.92,21300.817093
2025-10-07 14:00:00,4708.16,4715.15,4585.3,4593.46,16349.325948
2025-10-07 15:00:00,4593.46,4612.26,4486.91,4512.39,98940.143949
2025-10-07 16:00:00,4512.29,4525.55,4455.33,4499.49,18835.231274
2025-10-07 17:00:00,4499.22,4510.0,4468.82,4474.84,2956.887927
2025-10-07 18:00:00,4476.4,4484.64,4442.45,4465.0,2785.063495
2025-10-07 19:00:00,4465.01,4501.88,4459.43,4478.95,6116.504176
2025-10-07 20:00:00,4480.08,4519.44,4476.82,4507.46,4060.085306
2025-10-07 21:00:00,4509.58,4520.31,4480.76,4492.81,1783.842001
2025-10-07 22:00:00,4493.75,4510.37,4482.7,4497.5,4999.476834
2025-10-07 23:00:00,4498.05,4501.88,4428.11,4447.3,9094.502965
2025-10-08 00:00:00,4446.77,4481.98,4436.55,4470.95,2760.829988
2025-10-08 01:00:00,4471.89,4493.39,4452.95,4483.16,3940.506505
2025-10-08 02:00:00,4483.25,4500.0,4474.55,4481.32,1982.438769
2025-10-08 03:00:00,4481.32,4487.8,4426.92,4443.94,2326.556506
2025-10-08 04:00:00,4444.0,4465.88,4414.12,4461.52,10664.865787
2025-10-08 05:00:00,4461.52,4470.51,4421.44,4437.76,2256.557389
2025-10-08 06:00:00,4437.8,4459.43,4424.0,4455.34,12156.025291
2025-10-08 07:00:00,4455.35,4467.92,4442.45,4463.67,3577.577393
2025-10-08 08:00:00,4463.67,4504.3,4454.18,4475.47,10181.1052
2025-10-08 09:00:00,4475.72,4496.65,4468.86,4484.17,6118.083558
2025-10-08 10:00:00,4484.18,4519.44,4475.55,4499.84,1523.663929
2025-10-08 11:00:00,4499.91,4514.56,4465.38,4486.52,1616.325635
2025-10-08 12:00:00,4487.59,4519.44,4455.78,4478.4,2956.653903
2025-10-08 13:00:00,4478.81,4520.0,4440.0,4476.44,4186.642541
2025-10-08 14:00:00,4476.42,4540.35,4439.95,4449.45,5088.00862
2025-10-08 15:00:00,4449.99,4484.61,4438.33,4447.78,2839.33952
2025-10-08 16:00:00,4447.79,4498.48,4437.01,4495.85,3015.518932
2025-10-08 17:00:00,4495.84,4561.53,4489.8,4536.5,3673.317492
2025-10-08 18:00:00,4540.1,4552.81,4503.84,4523.27,2278.670992
2025-10-08 19:00:00,4523.15,4537.89,4487.82,4515.05,1867.928628
2025-10-08 20:00:00,4515.52,4527.27,4480.0,4502.1,3278.464705
2025-10-08 21:00:00,4507.5,4527.93,4499.85,4525.75,1721.981491
2025-10-08 22:00:00,4525.93,4538.75,4494.66,4521.53,796.155302
2025-10-08 23:00:00,4521.65,4539.99,4509.77,4526.28,2045.310868
2025-10-09 00:00:00,4525.69,4542.3,4503.84,4511.34,685.712085
2025-10-09 01:00:00,4511.22,4540.0,4455.33,4480.0,2999.998445
2025-10-09 02:00:00,4478.95,4481.98,4400.0,4414.52,2815.914475
2025-10-09 03:00:00,4413.15,4461.82,4400.0,4451.3,6548.233363
2025-10-09 04:00:00,4451.3,4470.51,4435.29,4455.18,24864.128092
2025-10-09 05:00:00,4455.18,4467.0,4433.33,4455.12,6847.893926
2025-10-09 06:00:00,4455.12,4465.88,4422.83,4429.64,6622.87773
2025-10-09 07:00:00,4429.64,4465.38,4391.95,4426.48,5855.272796
2025-10-09 08:00:00,4426.64,4440.0,4320.73,4328.45,45366.534515
2025-10-09 09:00:00,4328.45,4360.0,4325.0,4335.39,5232.255361
2025-10-09 10:00:00,4335.87,4368.88,4320.73,4354.76,2174.675317
2025-10-09 11:00:00,4354.75,4388.46,4333.15,4373.7,5472.445471
2025-10-09 12:00:00,4373.32,4431.1,4365.28,4404.32,3477.490114
2025-10-09 13:00:00,4404.26,4422.83,4348.57,4350.57,13443.512066
2025-10-09 14:00:00,4351.1,4386.0,4296.99,4344.74,31272.717347
2025-10-09 15:00:00,4345.81,4372.65,4277.99,4314.66,41161.722156
2025-10-09 16:00:00,4315.22,4330.0,4271.06,4276.77,42516.814562
2025-10-09 17:00:00,4276.99,4400.0,4249.5,4335.12,68855.074772
2025-10-09 18:00:00,4334.89,4340.85,4300.0,4308.0,2053.772416
2025-10-09 19:00:00,4307.96,4343.1,4307.41,4341.87,1746.242486
2025-10-09 20:00:00,4337.23,4357.84,4327.93,4337.0,2944.433258
2025-10-09 21:00:00,4337.35,4358.9,4312.15,4357.3,1344.730282
2025-10-09 22:00:00,4358.12,4382.85,4325.35,4377.72,1707.735954
2025-10-09 23:00:00,4378.0,4400.0,4357.52,4368.05,1298.316085
2025-10-10 00:00:00,4368.48,4388.46,4357.84,4380.1,1462.171828
2025-10-10 01:00:00,4380.52,4409.25,4346.62,4373.32,3418.5198
2025-10-10 02:00:00,4373.25,4442.75,4340.0,4359.23,4685.120262
2025-10-10 03:00:00,4359.24,4400.0,4332.38,4346.92,1761.331562
2025-10-10 04:00:00,4348.63,4369.23,4332.0,4344.75,1581.567483
2025-10-10 05:00:00,4344.7,4375.67,4323.72,4368.48,4572.397572
2025-10-10 06:00:00,4370.0,4420.0,4305.45,4328.11,12349.369541
2025-10-10 07:00:00,4328.12,4355.08,4300.0,4323.7,1825.903044
2025-10-10 08:00:00,4323.83,4352.84,4311.96,4346.26,1542.249757
2025-10-10 09:00:00,4346.12,4368.81,4319.31,4322.36,1836.213673
2025-10-10 10:00:00,4322.39,4349.99,4319.27,4342.83,597.474416
2025-10-10 11:00:00,4343.96,4357.84,4328.94,4343.43,1243.394711
2025-10-10 12:00:00,4343.45,4419.99,4268.06,4348.46,10770.212298
2025-10-10 13:00:00,4348.45,4389.99,4345.7,4356.82,6816.391159
2025-10-10 14:00:00,4357.28,4377.0,4259.47,4280.75,10644.448689
2025-10-10 15:00:00,4280.75,4292.85,4080.0,4103.59,278810.795109
2025-10-10 16:00:00,4103.59,4195.37,4079.06,4108.92,28415.424566
2025-10-10 17:00:00,4108.81,4233.33,4079.06,4094.06,9218.777982
2025-10-10 18:00:00,4094.39,4176.92,4050.0,4054.3,51087.851717
2025-10-10 19:00:00,4054.74,4080.07,3935.42,3998.38,76204.826624
2025-10-10 20:00:00,3998.38,4032.9,3837.93,3860.0,19880.138811
2025-10-10 21:00:00,3860.0,3919.64,3164.59,3630.0,36997.071154
2025-10-10 22:00:00,3630.0,3800.0,3612.29,3791.18,3821.168744
2025-10-10 23:00:00,3791.18,3870.43,3780.0,3791.01,4455.000091
2025-10-11 00:00:00,3791.01,3847.74,3788.22,3830.42,2176.992902
2025-10-11 01:00:00,3830.42,3836.15,3725.0,3733.41,72234.905238
2025-10-11 02:00:00,3733.41,3820.0,3729.9,3784.23,3076.34031
2025-10-11 03:00:00,3780.43,3816.0,3750.0,3792.57,36005.72885
2025-10-11 04:00:00,3790.17,3814.3,3750.0,3777.0,4564.268097
2025-10-11 05:00:00,3784.41,3798.74,3740.45,3785.71,13969.028586
2025-10-11 06:00:00,3785.71,3800.0,3707.96,3750.0,14147.70479
2025-10-11 07:00:00,3750.0,3775.0,3723.38,3744.31,4008.978917
2025-10-11 08:00:00,3744.31,3791.18,3740.0,3780.0,919.311935
2025-10-11 09:00:00,3787.8,3791.18,3749.99,3772.62,1943.868836
2025-10-11 10:00:00,3772.62,3800.0,3760.0,3792.66,1832.468278
2025-10-11 11:00:00,3792.66,3822.88,3785.31,3800.0,6169.334227
2025-10-11 12:00:00,3800.0,3837.66,3785.31,3800.0,98213.266469
2025-10-11 13:00:00,3800.0,3822.42,3785.31,3785.31,105782.779734
2025-10-11 14:00:00,3785.31,3829.3,3785.31,3788.57,2357.171275
2025-10-11 15:00:00,3788.57,3814.99,3785.31,3785.31,4577.380137
2025-10-11 16:00:00,3785.31,3814.99,3785.31,3792.3,6760.149693
2025-10-11 17:00:00,3792.3,3810.65,3791.67,3810.0,7771.207285
2025-10-11 18:00:00,3810.0,3810.65,3810.0,3810.0,4194.957092
2025-10-11 19:00:00,3810.0,3810.05,3678.03,3682.85,16531.251698
2025-10-11 20:00:00,3682.85,3750.33,3650.0,3688.0,5535.644842
2025-10-11 21:00:00,3688.0,3695.94,3600.0,3600.0,3355.249011
2025-10-11 22:00:00,3600.0,3600.08,3547.27,3573.33,3159.367884
2025-10-11 23:00:00,3573.33,3607.14,3540.37,3568.51,9771.248087
2025-10-12 00:00:00,3568.84,3575.0,3350.0,3430.58,4795.815603
2025-10-12 01:00:00,3430.54,3620.0,3425.49,3610.97,22728.417225
2025-10-12 02:00:00,3610.66,3648.67,3475.0,3600.64,6086.969114
2025-10-12 03:00:00,3594.18,3790.02,3594.18,3687.49,44109.545298
2025-10-12 04:00:00,3687.49,3800.0,3650.0,3678.04,11423.012797
2025-10-12 05:00:00,3678.04,3821.42,3669.25,3799.99,32581.278871
2025-10-12 06:00:00,3799.99,3860.89,3699.99,3810.0,78508.910997
2025-10-12 07:00:00,3810.0,3833.4,3790.0,3812.49,817.319448
2025-10-12 08:00:00,3812.49,3815.9,3772.95,3792.3,1386.697236
2025-10-12 09:00:00,3792.3,3807.69,3700.0,3800.0,4293.657223
2025-10-12 10:00:00,3800.0,3815.9,3487.61,3803.54,21438.217687
2025-10-12 11:00:00,3803.54,3815.9,3625.0,3664.28,3412.656307
2025-10-12 12:00:00,3664.28,3681.62,3625.0,3666.66,1397.731446
2025-10-12 13:00:00,3666.66,3750.1,3610.48,3742.85,11440.667931
2025-10-12 14:00:00,3742.85,3800.47,3633.92,3749.99,4856.015938
2025-10-12 15:00:00,3756.41,4036.02,3740.45,3981.0,36527.345088
2025-10-12 16:00:00,3981.0,4132.92,3940.0,4053.33,747418.677377
2025-10-12 17:00:00,4060.0,4105.38,4042.84,4057.75,4443.314705
2025-10-12 18:00:00,4065.91,4080.0,3992.3,4072.0,9433.722027
2025-10-12 19:00:00,4072.04,4106.23,4071.97,4103.84,555.758014
2025-10-12 20:00:00,4103.84,4152.47,4100.0,4137.5,4435.146448
2025-10-12 21:00:00,4136.15,4143.76,4079.06,4097.41,2042.120015
2025-10-12 22:00:00,4097.41,4135.16,4090.0,4109.36,791.958959
2025-10-12 23:00:00,4109.36,4126.56,4090.0,4101.47,844.731401
2025-10-13 00:00:00,4101.47,4126.56,4101.47,4124.1,2603.288885
2025-10-13 01:00:00,4124.18,4126.56,3544.72,3544.72,46666.537122
2025-10-13 02:00:00,3544.64,4196.22,3482.0,4156.9,69150.674627
2025-10-13 03:00:00,4159.28,4268.94,4100.0,4140.31,16718.517602
2025-10-13 04:00:00,4140.4,4155.0,4110.0,4142.48,9836.740741
2025-10-13 05:00:00,4142.48,4146.99,4105.38,4132.11,2414.815926
2025-10-13 06:00:00,4132.11,4181.99,4118.04,4168.76,3207.079438
2025-10-13 07:00:00,4168.76,4168.76,4168.76,4168.76,0.0
2025-10-13 08:00:00,4168.76,4168.76,4168.76,4168.76,0.0
2025-10-13 09:00:00,4168.76,4168.76,4168.76,4168.76,0.0
2025-10-13 10:00:00,4168.76,4168.76,4168.76,4168.76,0.0
2025-10-13 11:00:00,4168.76,4168.76,4168.76,4168.76,0.0
2025-10-13 12:00:00,4168.76,4168.76,4168.76,4168.76,0.0
2025-10-13 13:00:00,4168.76,4168.76,4168.76,4168.76,0.0
2025-10-13 14:00:00,4168.76,4168.76,4168.76,4168.76,0.0
2025-10-13 15:00:00,4168.87,4171.32,4127.62,4135.52,783.935178
2025-10-13 16:00:00,4135.65,4185.0,4120.0,4165.7,36505.448787
2025-10-13 17:00:00,4165.7,4237.82,4145.51,4237.3,41858.334055
2025-10-13 18:00:00,4236.46,4245.0,4200.0,4228.34,5096.728539
2025-10-13 19:00:00,4228.34,4268.94,4221.18,4251.97,372153.118647
2025-10-13 20:00:00,4251.96,4287.93,4239.99,4287.02,71396.468863
2025-10-13 21:00:00,4287.02,4299.99,4255.0,4258.84,4932.364855
2025-10-13 22:00:00,4258.84,4276.65,4252.13,4271.54,1188.516585
2025-10-13 23:00:00,4271.79,4276.15,4227.12,4241.81,6352.88292
2025-10-14 00:00:00,4241.81,4335.0,4225.85,4242.71,43938.827332
2025-10-14 01:00:00,4242.71,4245.0,4200.0,4211.9,3350.58847
2025-10-14 02:00:00,4211.9,4221.18,4164.58,4172.7,4839.857602
2025-10-14 03:00:00,4172.69,4180.0,4127.99,4153.85,6359.68531
2025-10-14 04:00:00,4153.85,4176.92,4080.0,4100.66,65246.052939
2025-10-14 05:00:00,4100.66,4126.73,4049.15,4070.64,33291.898451
2025-10-14 06:00:00,4070.64,4091.77,3964.13,4005.43,6867.12263
2025-10-14 07:00:00,4003.92,4030.12,3964.13,3981.0,6726.699546
2025-10-14 08:00:00,3981.0,4106.66,3953.13,3997.08,115525.029546
2025-10-14 09:00:00,3997.08,4023.34,3971.73,3985.68,49685.83647
2025-10-14 10:00:00,3985.68,3988.94,3892.68,3943.35,108356.962141
2025-10-14 11:00:00,3945.02,4011.22,3942.25,3972.05,5046.542089
2025-10-14 12:00:00,3972.33,3975.0,3932.26,3941.33,49466.568181
2025-10-14 13:00:00,3941.33,3972.51,3900.0,3957.6,26879.520068
2025-10-14 14:00:00,3956.79,4010.6,3940.0,3970.56,16030.204835
2025-10-14 15:00:00,3970.56,4088.73,3951.06,4086.3,138768.981236
2025-10-14 16:00:00,4085.93,4228.67,4053.84,4095.76,195365.983113
2025-10-14 17:00:00,4095.76,4142.17,4050.0,4101.06,25177.169022
2025-10-14 18:00:00,4101.06,4140.0,4094.63,4121.16,4613.062522
2025-10-14 19:00:00,4120.85,4148.88,4050.0,4103.23,5539.378539
2025-10-14 20:00:00,4103.36,4127.99,4076.08,4118.41,6047.282038
2025-10-14 21:00:00,4118.41,4125.0,4083.55,4117.96,1914.025367
2025-10-14 22:00:00,4117.96,4139.92,4100.0,4119.12,2823.816859
2025-10-14 23:00:00,4119.12,4155.0,4117.7,4125.02,2165.145231
2025-10-15 00:00:00,4125.0,4140.0,4095.0,4119.77,2600.777983
2025-10-15 01:00:00,4119.77,4125.0,4080.0,4115.37,3971.567201
2025-10-15 02:00:00,4114.8,4145.59,4107.31,4118.51,2772.656761
2025-10-15 03:00:00,4118.0,4123.59,4062.49,4081.75,5907.055516
2025-10-15 04:00:00,4082.41,4146.15,4014.74,4115.7,11985.713439
2025-10-15 05:00:00,4117.02,4129.75,4086.4,4110.51,1449.121708
2025-10-15 06:00:00,4110.47,4127.99,4075.0,4118.36,2636.804543
2025-10-15 07:00:00,4118.45,4139.92,4104.75,4121.88,3571.277314
2025-10-15 08:00:00,4124.0,4212.0,4095.0,4181.61,8711.573264
2025-10-15 09:00:00,4181.63,4192.3,4139.4,4156.49,3088.809577
2025-10-15 10:00:00,4156.48,4160.0,4109.36,4118.55,2218.438065
2025-10-15 11:00:00,4117.31,4129.72,4086.4,4100.34,2699.043696
2025-10-15 12:00:00,4100.34,4107.63,4065.0,4094.67,2404.646469
2025-10-15 13:00:00,4095.49,4102.9,4023.34,4055.52,5869.711318
2025-10-15 14:00:00,4056.23,4110.0,3993.67,4010.4,8796.118825
2025-10-15 15:00:00,4009.89,4033.44,3960.0,3981.81,10058.45276
2025-10-15 16:00:00,3981.28,4002.74,3960.0,3976.0,4565.097536
2025-10-15 17:00:00,3976.95,4030.63,3930.0,3992.72,7996.255006
2025-10-15 18:00:00,3993.0,4020.0,3971.73,4008.15,5114.871878
2025-10-15 19:00:00,4008.14,4020.0,3971.46,3982.12,2246.165335
2025-10-15 20:00:00,3983.1,4005.0,3938.88,3960.48,5352.20227
2025-10-15 21:00:00,3960.57,3981.72,3928.75,3952.59,3503.906647
2025-10-15 22:00:00,3954.35,3981.13,3940.0,3961.53,2367.514889
2025-10-15 23:00:00,3961.83,4000.0,3954.89,3986.09,1402.676453
2025-10-16 00:00:00,3986.13,4006.14,3968.18,3982.12,2795.602269
2025-10-16 01:00:00,3982.15,4014.99,3975.0,4010.43,3085.128109
2025-10-16 02:00:00,4010.35,4034.86,2816.46,4022.18,21305150.236106
2025-10-16 03:00:00,4029.62,4038.46,4005.0,4014.13,4019.309261
2025-10-16 04:00:00,4015.01,4045.0,3993.01,3998.37,337039.828523
2025-10-16 05:00:00,3998.81,4023.34,3981.19,3996.56,2407.739646
2025-10-16 06:00:00,3996.64,4047.21,3990.0,4041.85,7435.651435
2025-10-16 07:00:00,4042.18,4066.66,3990.0,4005.67,6203.917874
2025-10-16 08:00:00,4006.49,4020.0,3976.92,3994.57,3508.366865
2025-10-16 09:00:00,3994.92,4048.03,3945.41,4030.0,6309.11963
2025-10-16 10:00:00,4036.76,4080.0,4023.07,4048.77,16444.774975
2025-10-16 11:00:00,4048.49,4063.35,4033.33,4062.15,3796.052605
2025-10-16 12:00:00,4061.85,4083.55,4030.12,4055.18,2953.472759
2025-10-16 13:00:00,4062.38,4105.69,4010.23,4021.55,7518.00142
2025-10-16 14:00:00,4021.51,4060.0,3972.64,4013.91,6881.063448
2025-10-16 15:00:00,4015.74,4023.07,3885.0,3907.32,8621.847795
2025-10-16 16:00:00,3907.27,3966.08,3851.31,3964.87,9884.708517
2025-10-16 17:00:00,3964.97,3968.66,3915.38,3920.29,9838.11111
2025-10-16 18:00:00,3921.17,3928.73,3868.54,3905.2,7827.839663
2025-10-16 19:00:00,3905.22,3913.79,3850.0,3867.14,4279.967727
2025-10-16 20:00:00,3867.3,3885.0,3826.82,3850.56,7292.332543
2025-10-16 21:00:00,3850.6,3886.63,3840.64,3884.4,2070.599715
2025-10-16 22:00:00,3884.27,3900.0,3860.0,3865.45,2283.196568
2025-10-16 23:00:00,3865.4,3900.0,3861.53,3894.91,1735.996552
2025-10-17 00:00:00,3894.84,3932.26,3889.11,3927.49,2548.648205
2025-10-17 01:00:00,3927.5,3954.53,3905.0,3920.07,3649.970985
2025-10-17 02:00:00,3920.1,3930.76,3900.0,3922.62,2353.674631
2025-10-17 03:00:00,3922.62,3937.33,3915.0,3932.55,1529.877001
2025-10-17 04:00:00,3932.55,3948.0,3900.0,3914.61,4654.402613
2025-10-17 05:00:00,3913.6,3924.0,3893.5,3895.26,1670.431936
2025-10-17 06:00:00,3895.26,3906.54,3800.0,3820.29,7944.784762
2025-10-17 07:00:00,3820.15,3883.33,3725.0,3757.6,60568.053304
2025-10-17 08:00:00,3757.6,3780.0,3705.0,3709.39,105190.972709
2025-10-17 09:00:00,3709.39,3775.0,3699.99,3725.0,22124.879056
2025-10-17 10:00:00,3732.66,3750.0,3675.0,3725.78,12100.719878
2025-10-17 11:00:00,3725.78,3822.0,3720.9,3778.6,32437.986693
2025-10-17 12:00:00,3778.26,3825.0,3763.11,3775.75,5153.346607
2025-10-17 13:00:00,3775.9,3810.0,3742.44,3789.85,11108.819991
2025-10-17 14:00:00,3789.85,3813.79,3715.4,3750.86,14016.759883
2025-10-17 15:00:00,3750.65,3868.52,3740.0,3798.15,28091.921181
2025-10-17 16:00:00,3799.12,3883.47,3780.0,3788.06,8153.409173
2025-10-17 17:00:00,3788.99,3826.3,3775.0,3819.86,2950.914072
2025-10-17 18:00:00,3818.53,3860.0,3810.0,3835.66,2304.088201
2025-10-17 19:00:00,3835.81,3851.66,3815.55,3827.35,1619.437565
2025-10-17 20:00:00,3828.15,3900.0,3819.54,3856.14,7548.088048
2025-10-17 21:00:00,3858.56,3884.61,3853.84,3876.93,1321.917253
2025-10-17 22:00:00,3877.63,3884.61,3845.16,3854.85,1559.166587
2025-10-17 23:00:00,3854.74,3868.91,3826.43,3831.88,155282.550536
2025-10-18 00:00:00,3831.69,3855.0,3819.8,3839.99,4069.805901
2025-10-18 01:00:00,3840.61,3878.43,3840.61,3868.7,1383.868244
2025-10-18 02:00:00,3869.91,3882.28,3839.99,3851.45,1651.777454
2025-10-18 03:00:00,3851.23,3883.33,3849.96,3870.7,49877.644664
2025-10-18 04:00:00,3870.71,3877.41,3820.26,3844.27,2534.149294
2025-10-18 05:00:00,3844.26,3900.0,3840.0,3867.84,2614.925192
2025-10-18 06:00:00,3867.31,3885.0,3840.0,3872.62,1848.851907
2025-10-18 07:00:00,3872.65,3932.26,3853.84,3892.71,4417.981718
2025-10-18 08:00:00,3892.72,3915.0,3870.0,3876.69,1863.092632
2025-10-18 09:00:00,3876.02,3900.0,3865.95,3878.82,1736.810408
2025-10-18 10:00:00,3878.7,3900.0,3842.27,3876.42,2094.562245
2025-10-18 11:00:00,3876.5,3900.0,3860.0,3882.3,2443.625549
2025-10-18 12:00:00,3882.55,3893.67,3855.0,3883.2,1606.108981
2025-10-18 13:00:00,3883.42,3885.0,3855.62,3865.22,996.449699
2025-10-18 14:00:00,3865.6,3899.99,3834.4,3874.04,1820.69746
2025-10-18 15:00:00,3874.45,3899.99,3844.84,3877.78,2813.814707
2025-10-18 16:00:00,3877.85,3885.0,3840.0,3865.66,1726.741414
2025-10-18 17:00:00,3865.51,3897.33,3855.0,3893.75,4251.507199
2025-10-18 18:00:00,3893.85,3900.0,3880.61,3888.53,2337.135408
2025-10-18 19:00:00,3888.77,3960.0,3880.0,3893.95,3153.252873
2025-10-18 20:00:00,3893.92,3915.0,3883.33,3886.41,3288.613999
2025-10-18 21:00:00,3886.11,3896.64,3869.36,3891.73,1137.040414
2025-10-18 22:00:00,3891.7,3915.0,3883.13,3885.7,995.115054
2025-10-18 23:00:00,3885.69,3900.0,3870.0,3888.96,672.783639
2025-10-19 00:00:00,3892.17,3892.17,3856.68,3869.02,1556.751526
2025-10-19 01:00:00,3869.02,3880.0,3855.0,3874.19,673.086179
2025-10-19 02:00:00,3874.19,3876.87,3865.01,3873.17,287.568956
2025-10-19 03:00:00,3873.17,3915.38,3868.84,3906.0,7990.126725
2025-10-19 04:00:00,3906.0,3925.0,3892.21,3902.4,1318.037406
2025-10-19 05:00:00,3902.96,3930.0,3893.9,3896.51,1111.133835
2025-10-19 06:00:00,3896.51,3901.5,3870.0,3881.25,1017.420241
2025-10-19 07:00:00,3881.25,3900.0,3868.91,3887.99,1117.153403
2025-10-19 08:00:00,3887.99,3946.15,3852.61,3863.4,5254.013018
2025-10-19 09:00:00,3863.6,3926.92,3845.0,3912.75,8561.358534
2025-10-19 10:00:00,3912.85,3948.55,3899.99,3931.08,4492.930444
2025-10-19 11:00:00,3931.08,4060.0,3918.55,3924.06,35205.006967
2025-10-19 12:00:00,3924.07,3950.0,3910.05,3921.91,945.891422
2025-10-19 13:00:00,3921.91,3985.0,3910.0,3972.42,9931.855248
2025-10-19 14:00:00,3972.42,4007.69,3950.0,3989.7,5284.463871
2025-10-19 15:00:00,3989.85,4000.0,3947.0,3979.46,1672.800636
2025-10-19 16:00:00,3979.72,4010.0,3940.0,3981.49,2913.780096
2025-10-19 17:00:00,3981.49,4042.84,3971.15,3994.04,6005.354214
2025-10-19 18:00:00,3993.82,4007.69,3981.19,4001.75,1397.716275
2025-10-19 19:00:00,4001.7,4007.12,3960.0,3986.14,2361.937232
2025-10-19 20:00:00,3985.95,4009.11,3961.53,4001.59,3356.997237
2025-10-19 21:00:00,4001.18,4020.44,3976.92,3997.95,1315.865625
2025-10-19 22:00:00,3998.52,4030.0,3980.0,4020.43,2129.175566
2025-10-19 23:00:00,4020.97,4028.57,3949.49,3982.65,3836.216076
2025-10-20 00:00:00,3982.8,3984.0,3909.0,3942.27,2439.530111
2025-10-20 01:00:00,3942.08,3960.0,3930.76,3938.54,1594.85218
2025-10-20 02:00:00,3938.54,3966.66,3912.29,3956.97,73955.125644
2025-10-20 03:00:00,3956.97,4030.12,3946.66,4027.5,15187.441925
2025-10-20 04:00:00,4027.49,4053.33,4023.07,4053.33,14718.209687
2025-10-20 05:00:00,4053.33,4070.35,4020.0,4060.78,12827.406525
2025-10-20 06:00:00,4060.73,4083.35,4040.0,4074.88,16744.855597
2025-10-20 07:00:00,4074.87,4080.0,4050.0,4054.59,15502.006854
2025-10-20 08:00:00,4054.6,4080.0,4002.74,4003.02,84098.288493
2025-10-20 09:00:00,4003.02,4061.26,3980.24,4044.86,70977.017939
2025-10-20 10:00:00,4044.86,4053.84,4008.0,4026.2,2310.626084
2025-10-20 11:00:00,4026.2,4041.15,4007.69,4035.25,844.195344
2025-10-20 12:00:00,4035.3,4064.97,4012.87,4038.23,1642.254095
2025-10-20 13:00:00,4038.33,4060.0,4005.99,4039.57,2630.703626
2025-10-20 14:00:00,4039.67,4064.63,4005.34,4039.25,3997.837304
2025-10-20 15:00:00,4039.26,4051.69,3553.57,3553.57,4917895.382608
2025-10-20 16:00:00,3553.56,4058.83,2782.76,3950.14,8167685.815035
2025-10-20 17:00:00,3950.37,3976.92,3920.0,3951.07,1429.697847
2025-10-20 18:00:00,3951.6,3979.75,3940.0,3974.56,3560.130768
2025-10-20 19:00:00,3974.6,3992.3,3953.56,3981.31,1688.847896
2025-10-20 20:00:00,3981.2,4003.33,3960.0,3998.28,3863.306861
2025-10-20 21:00:00,3998.39,4003.33,3971.51,3976.81,944.047454
2025-10-20 22:00:00,3976.14,4030.12,3960.0,3988.81,1676.333613
2025-10-20 23:00:00,3988.85,3993.52,3976.25,3979.43,702.049593
2025-10-21 00:00:00,3979.43,3991.66,3961.53,3972.24,926.428103
2025-10-21 01:00:00,3972.31,3982.67,3932.26,3948.23,1859.104763
2025-10-21 02:00:00,3948.19,3960.0,3900.0,3931.79,1790.989423
2025-10-21 03:00:00,3931.8,3960.28,3920.0,3923.02,2373.337149
2025-10-21 04:00:00,3922.74,3929.48,3845.01,3851.01,4916.516101
2025-10-21 05:00:00,3852.87,3880.0,3840.87,3863.79,1173.732624
2025-10-21 06:00:00,3864.22,3895.97,3855.14,3887.1,1471.852379
2025-10-21 07:00:00,3886.65,3928.31,3860.0,3892.67,2124.103735
2025-10-21 08:00:00,3892.8,3893.3,3852.23,3867.83,1257.811258
2025-10-21 09:00:00,3867.83,3888.0,3840.0,3864.85,2117.18094
2025-10-21 10:00:00,3864.82,3897.74,3859.64,3884.21,3031.645394
2025-10-21 11:00:00,3883.91,3898.33,3870.0,3890.2,941.467951
2025-10-21 12:00:00,3890.41,3920.0,3869.23,3881.1,1268.699442
2025-10-21 13:00:00,3880.93,3912.62,3852.23,3866.25,3500.429674
2025-10-21 14:00:00,3866.67,4023.33,3865.3,4020.81,5944.311455
2025-10-21 15:00:00,4014.94,4099.99,3995.7,4081.77,20868.94616
2025-10-21 16:00:00,4081.86,4120.0,4021.69,4028.5,4747.963006
2025-10-21 17:00:00,4028.98,4053.84,3966.89,4014.95,10480.184658
2025-10-21 18:00:00,4014.8,4040.0,3977.54,4014.65,3324.931221
2025-10-21 19:00:00,4014.29,4033.2,3980.0,3994.91,1668.918373
2025-10-21 20:00:00,3998.01,4008.92,3940.34,3953.6,4464.314957
2025-10-21 21:00:00,3954.31,3976.92,3894.15,3948.67,2872.807819
2025-10-21 22:00:00,3946.05,3960.0,3894.25,3902.1,2270.931043
2025-10-21 23:00:00,3902.1,3930.76,3857.14,3873.1,2395.087447
2025-10-22 00:00:00,3870.19,3905.0,3805.82,3842.73,5475.28508
2025-10-22 01:00:00,3843.65,3883.33,3785.24,3868.11,7335.7994
2025-10-22 02:00:00,3871.27,3891.03,3840.0,3862.54,2762.285972
2025-10-22 03:00:00,3862.2,3898.33,3838.46,3859.75,2335.823202
2025-10-22 04:00:00,3862.31,3884.16,3854.85,3879.0,967.527211
2025-10-22 05:00:00,3879.0,3899.99,3839.99,3860.62,2608.089339
2025-10-22 06:00:00,3860.46,3890.0,3842.18,3853.0,1452.819526
2025-10-22 07:00:00,3852.94,3880.0,3838.46,3869.02,1895.297409
2025-10-22 08:00:00,3868.53,3890.59,3840.0,3854.26,836.677098
2025-10-22 09:00:00,3854.24,3884.61,3826.43,3836.8,1822.572603
2025-10-22 10:00:00,3837.12,3869.56,3814.16,3820.0,4396.344181
2025-10-22 11:00:00,3820.05,3852.23,3758.33,3829.2,3196.739517
2025-10-22 12:00:00,3828.01,3877.85,3801.25,3847.1,2187.449588
2025-10-22 13:00:00,3847.09,3883.13,3810.0,3873.27,6024.510738
2025-10-22 14:00:00,3872.76,3883.33,3770.0,3849.31,12762.014309
2025-10-22 15:00:00,3852.67,3863.33,3792.3,3842.08,3365.595039
2025-10-22 16:00:00,3841.35,3869.23,3810.0,3835.34,3336.096612
2025-10-22 17:00:00,3835.5,3860.0,3792.5,3808.0,1924.407078
2025-10-22 18:00:00,3807.62,3927.54,3783.99,3802.57,5592.849158
2025-10-22 19:00:00,3805.35,3840.0,3787.06,3806.02,1671.703894
2025-10-22 20:00:00,3805.08,3820.0,3761.32,3780.8,4558.059372
2025-10-22 21:00:00,3781.11,3785.71,3701.29,3742.0,3707.607502
2025-10-22 22:00:00,3745.12,3762.71,3720.0,3752.05,1916.873691
2025-10-22 23:00:00,3752.51,3825.0,3750.66,3805.31,1881.858677
2025-10-23 00:00:00,3804.93,3832.84,3775.0,3814.68,1958.412301
2025-10-23 01:00:00,3814.77,3833.84,3780.0,3820.94,1296.258845
2025-10-23 02:00:00,3821.24,3848.0,3807.69,3825.95,1056.026416
2025-10-23 03:00:00,3825.11,3865.53,3800.0,3826.0,1641.91644
2025-10-23 04:00:00,3827.2,3864.88,3815.0,3836.0,1124.71796
2025-10-23 05:00:00,3836.0,3864.88,3820.0,3847.96,2093.230087
2025-10-23 06:00:00,3847.88,3899.99,3838.46,3892.1,3534.757979
2025-10-23 07:00:00,3891.54,3906.94,3869.23,3880.96,1490.036634
2025-10-23 08:00:00,3882.05,3920.0,3860.0,3886.3,3032.334566
2025-10-23 09:00:00,3887.31,3907.72,3874.16,3891.01,1799.974551
2025-10-23 10:00:00,3891.01,3916.34,3860.0,3877.3,2174.205428
2025-10-23 11:00:00,3877.29,3887.99,3845.0,3863.55,2056.587186
2025-10-23 12:00:00,3863.16,3879.3,3834.4,3853.89,2813.909154
2025-10-23 13:00:00,3853.87,3880.0,3827.24,3851.71,3121.290988
2025-10-23 14:00:00,3851.84,3856.16,3808.67,3847.61,2324.862749
2025-10-23 15:00:00,3847.9,3885.76,3838.46,3876.8,2529.345458
2025-10-23 16:00:00,3877.14,3950.0,3860.0,3918.6,3533.864145
2025-10-23 17:00:00,3916.42,3932.26,3853.84,3921.3,5638.440227
2025-10-23 18:00:00,3921.43,3925.0,3854.55,3870.58,2390.098049
2025-10-23 19:00:00,3870.49,3880.61,3840.0,3860.8,1306.384177
2025-10-23 20:00:00,3860.0,3880.0,3823.07,3823.07,4797.311653
2025-10-23 21:00:00,3829.57,3857.69,3820.0,3828.95,1299.991316
2025-10-23 22:00:00,3827.36,3854.8,3814.33,3851.9,878.463931
2025-10-23 23:00:00,3851.12,3860.41,3844.0,3857.36,2829.135902
2025-10-24 00:00:00,3857.46,3890.1,3840.0,3868.11,2763.345396
2025-10-24 01:00:00,3867.76,3900.0,3834.4,3881.63,2479.412414
2025-10-24 02:00:00,3881.75,3900.0,3871.28,3890.08,793.648075
2025-10-24 03:00:00,3889.6,3899.99,3878.82,3891.11,442.457098
2025-10-24 04:00:00,3891.07,3979.35,3886.03,3976.08,2883.518422
2025-10-24 05:00:00,3974.41,3997.29,3938.0,3974.46,3796.394083
2025-10-24 06:00:00,3974.46,4000.0,3941.86,3983.22,2838.765345
2025-10-24 07:00:00,3983.01,3999.99,3932.26,3949.38,2278.156144
2025-10-24 08:00:00,3949.4,3964.83,3930.69,3953.07,1446.972532
2025-10-24 09:00:00,3953.01,3970.0,3950.0,3958.68,724.435869
2025-10-24 10:00:00,3958.9,3980.0,3936.73,3956.99,1384.949881
2025-10-24 11:00:00,3956.98,3970.0,3930.76,3946.78,1463.460484
2025-10-24 12:00:00,3946.85,4005.95,3935.0,3963.9,3335.101935
2025-10-24 13:00:00,3964.03,3998.16,3914.31,3947.77,3570.510744
2025-10-24 14:00:00,3947.28,3947.28,3870.0,3904.92,5662.168507
2025-10-24 15:00:00,3903.15,3932.26,3875.89,3889.05,1891.910602
2025-10-24 16:00:00,3889.34,3899.99,3851.05,3887.88,1912.100916
2025-10-24 17:00:00,3889.59,3920.0,3860.0,3888.67,1583.447903
2025-10-24 18:00:00,3888.58,3930.0,3866.07,3911.88,2991.571359
2025-10-24 19:00:00,3911.88,3938.29,3900.0,3926.0,1198.182165
2025-10-24 20:00:00,3927.02,3942.84,3924.35,3938.92,2776.930977
2025-10-24 21:00:00,3940.8,3946.15,3925.92,3943.22,510.259446
2025-10-24 22:00:00,3945.0,3950.0,3920.0,3935.88,1382.6457
2025-10-24 23:00:00,3936.21,3960.72,3925.0,3935.0,650.612528
2025-10-25 00:00:00,3934.12,3946.15,3913.24,3918.42,884.079969
2025-10-25 01:00:00,3919.03,3949.99,3915.46,3933.31,414.424369
2025-10-25 02:00:00,3933.08,3946.15,3918.0,3934.35,597.632206
2025-10-25 03:00:00,3933.83,3975.95,3900.0,3921.92,1898.831456
2025-10-25 04:00:00,3921.59,3946.15,3920.0,3923.21,797.855837
2025-10-25 05:00:00,3923.21,3946.15,3920.0,3930.2,627.403161
2025-10-25 06:00:00,3931.7,3948.99,3926.92,3928.8,799.053159
2025-10-25 07:00:00,3928.68,3962.7,3926.06,3928.99,1286.527695
2025-10-25 08:00:00,3929.82,3956.0,3920.0,3954.22,1520.958491
2025-10-25 09:00:00,3954.58,3973.21,3929.63,3942.3,686.124729
2025-10-25 10:00:00,3942.92,3961.53,3904.35,3942.49,2588.565901
2025-10-25 11:00:00,3942.49,3974.73,3920.0,3940.56,3959.168579
2025-10-25 12:00:00,3940.36,3957.18,3919.45,3953.33,6270.800182
2025-10-25 13:00:00,3953.51,3962.86,3922.92,3942.98,1252.541118
2025-10-25 14:00:00,3943.23,3987.01,3930.0,3938.79,8024.893175
2025-10-25 15:00:00,3938.8,3961.53,3900.0,3933.23,3512.20475
2025-10-25 16:00:00,3933.28,3962.0,3906.13,3932.69,1545.798565
2025-10-25 17:00:00,3932.99,3960.0,3930.76,3935.14,1208.438374
2025-10-25 18:00:00,3934.92,3980.65,3910.0,3960.09,3147.003674
2025-10-25 19:00:00,3960.08,3981.19,3928.0,3957.64,3977.294313
2025-10-25 20:00:00,3957.44,3979.99,3945.33,3945.33,3345.253258
2025-10-25 21:00:00,3945.39,3955.35,3915.38,3952.86,1003.49754
2025-10-25 22:00:00,3952.93,3976.92,3920.0,3961.93,1557.397185
2025-10-25 23:00:00,3961.61,3986.66,3940.0,3954.25,905.969425
2025-10-26 00:00:00,3953.94,3988.48,3932.26,3950.39,2089.704757
2025-10-26 01:00:00,3950.21,3974.73,3921.07,3933.09,821.2838
2025-10-26 02:00:00,3933.09,3946.15,3921.66,3930.49,714.827199
2025-10-26 03:00:00,3930.63,3964.45,3900.0,3931.84,2069.911817
2025-10-26 04:00:00,3931.85,3960.0,3928.75,3939.75,446.880075
2025-10-26 05:00:00,3939.76,3960.0,3920.0,3942.96,696.793008
2025-10-26 06:00:00,3942.8,3976.92,3920.0,3944.58,1142.400284
2025-10-26 07:00:00,3944.64,3955.88,3920.0,3951.61,656.78678
2025-10-26 08:00:00,3951.43,3976.45,3930.76,3959.51,558.96055
2025-10-26 09:00:00,3959.72,4010.72,3950.0,3988.2,1929.277785
2025-10-26 10:00:00,3987.61,4000.0,3960.0,3983.81,2956.940596
2025-10-26 11:00:00,3983.35,4100.0,3975.86,4044.87,9582.133809
2025-10-26 12:00:00,4044.93,4100.0,4020.69,4071.35,5308.000503
2025-10-26 13:00:00,4072.68,4098.64,4040.0,4083.19,4009.586314
2025-10-26 14:00:00,4083.58,4097.0,4042.5,4068.42,1894.275635
2025-10-26 15:00:00,4067.03,4080.0,4035.0,4080.0,2958.565094
2025-10-26 16:00:00,4074.82,4080.0,4047.04,4055.47,2454.895139
2025-10-26 17:00:00,4055.5,4084.24,4030.12,4059.17,2862.743927
2025-10-26 18:00:00,4059.4,4084.24,4040.0,4071.89,827.02467
2025-10-26 19:00:00,4071.89,4080.0,4044.99,4067.49,1015.722077
2025-10-26 20:00:00,4067.49,4080.0,4049.06,4061.46,3294.469749
2025-10-26 21:00:00,4061.73,4089.57,4052.0,4080.64,958.55615
2025-10-26 22:00:00,4082.74,4178.31,4080.35,4160.61,5469.403555
2025-10-26 23:00:00,4160.78,4182.99,4137.73,4159.76,154380.102251
2025-10-27 00:00:00,4159.68,4190.0,4150.61,4170.27,493482.609528
2025-10-27 01:00:00,4170.43,4220.66,4150.54,4191.76,2963.089854
2025-10-27 02:00:00,4191.76,4240.0,4175.43,4205.03,2629.45065
2025-10-27 03:00:00,4205.45,4224.27,4180.0,4204.63,1252.168987
2025-10-27 04:00:00,4204.92,4225.0,4188.88,4213.01,2925.751596
2025-10-27 05:00:00,4213.02,4253.98,4204.0,4233.3,1861.902369
2025-10-27 06:00:00,4233.3,4245.15,4208.33,4235.15,3180.091317
2025-10-27 07:00:00,4235.32,4250.0,4196.0,4201.22,1956.859778
2025-10-27 08:00:00,4200.26,4241.98,4140.0,4166.02,6088.325745
2025-10-27 09:00:00,4166.78,4188.0,4150.0,4160.15,2749.058552
2025-10-27 10:00:00,4159.98,4180.0,4148.88,4167.35,1116.832519
2025-10-27 11:00:00,4167.37,4175.59,4127.99,4161.04,2062.719666
2025-10-27 12:00:00,4161.63,4168.85,4090.0,4145.19,4627.694445
2025-10-27 13:00:00,4145.55,4190.71,4127.99,4178.14,5144.533035
2025-10-27 14:00:00,4177.99,4185.45,4120.0,4149.04,31335.338029
2025-10-27 15:00:00,4148.18,4180.45,4129.75,4171.28,5368.671871
2025-10-27 16:00:00,4173.23,4225.85,4127.99,4214.29,3124.627265
2025-10-27 17:00:00,4214.29,4236.66,4189.99,4221.55,2144.48387
2025-10-27 18:00:00,4220.93,4253.98,4186.89,4214.7,1789.817038
2025-10-27 19:00:00,4214.57,4243.74,4188.26,4192.81,1456.899912
2025-10-27 20:00:00,4192.84,4200.0,4116.01,4116.01,4510.671748
2025-10-27 21:00:00,4123.38,4142.5,4096.49,4116.49,1534.099237
2025-10-27 22:00:00,4116.99,4160.0,4110.0,4123.36,1019.27577
2025-10-27 23:00:00,4123.63,4132.15,4103.38,4120.78,1014.063999
2025-10-28 00:00:00,4120.39,4140.0,4108.0,4114.24,1113.092478
2025-10-28 01:00:00,4119.23,4151.09,4111.96,4137.12,24375.079328
2025-10-28 02:00:00,4137.46,4150.0,4079.34,4095.66,2514.722616
2025-10-28 03:00:00,4095.0,4110.67,4060.0,4094.36,1554.251167
2025-10-28 04:00:00,4093.77,4125.39,4088.12,4100.8,1045.092051
2025-10-28 05:00:00,4100.0,4120.74,4053.84,4067.29,2230.430972
2025-10-28 06:00:00,4069.21,4113.72,4065.55,4112.88,1286.172285
2025-10-28 07:00:00,4113.73,4147.21,4090.0,4117.47,2800.132328
2025-10-28 08:00:00,4118.33,4140.0,4110.48,4123.66,587.972418
2025-10-28 09:00:00,4123.66,4145.02,4103.28,4123.05,1207.556819
2025-10-28 10:00:00,4124.54,4130.05,4100.0,4117.58,662.730583
2025-10-28 11:00:00,4118.31,4130.0,4083.2,4112.4,1393.962303
2025-10-28 12:00:00,4111.49,4133.95,4096.66,4121.43,595.871777
2025-10-28 13:00:00,4122.11,4167.25,4120.0,4158.6,1780.765946
2025-10-28 14:00:00,4158.75,4175.43,4069.46,4124.0,36752.845047
2025-10-28 15:00:00,4119.07,4160.0,4087.6,4096.98,3457.773213
2025-10-28 16:00:00,4097.25,4140.89,4080.0,4135.04,2119.872477
2025-10-28 17:00:00,4136.32,4148.0,4110.0,4140.7,1543.501068
2025-10-28 18:00:00,4140.35,4160.0,4104.37,4115.04,1362.832098
2025-10-28 19:00:00,4115.3,4125.0,4028.48,4039.58,3860.55259
2025-10-28 20:00:00,4038.0,4053.84,3960.0,3979.9,7662.092266
2025-10-28 21:00:00,3979.52,3991.89,3928.08,3982.88,2522.281402
2025-10-28 22:00:00,3981.95,4310.0,3973.08,3995.0,2670152.168777
2025-10-28 23:00:00,3995.01,3998.75,3976.92,3980.94,19274.478853
2025-10-29 00:00:00,3979.72,3993.25,3970.0,3973.41,5455.406251
2025-10-29 01:00:00,3972.83,4020.0,3960.0,3982.67,3997.583958
2025-10-29 02:00:00,3983.52,4020.0,3980.0,4003.14,930.687353
2025-10-29 03:00:00,4002.89,4100.0,3960.0,3998.25,4798.895312
2025-10-29 04:00:00,3998.14,4040.0,3992.42,4013.3,1385.013235
2025-10-29 05:00:00,4013.37,4050.0,3974.19,4026.78,9629.423239
2025-10-29 06:00:00,4026.69,4052.0,4016.98,4023.45,842.265894
2025-10-29 07:00:00,4024.61,4038.46,4007.69,4024.46,1202.497486
2025-10-29 08:00:00,4024.62,4044.64,3992.3,4008.13,1229.350735
2025-10-29 09:00:00,4008.27,4020.34,3965.0,3997.42,2228.06745
2025-10-29 10:00:00,3997.44,4020.0,3979.75,3989.74,35793.236765
2025-10-29 11:00:00,3991.0,4020.0,3977.88,4011.5,1690.202701
2025-10-29 12:00:00,4011.46,4023.07,4000.0,4016.05,873.865919
2025-10-29 13:00:00,4016.31,4040.0,3980.0,3995.3,2637.000788
2025-10-29 14:00:00,3995.1,4026.0,3960.0,3988.69,3397.859775
2025-10-29 15:00:00,3989.02,3993.84,3940.0,3951.8,3192.392168
2025-10-29 16:00:00,3952.04,3992.0,3915.34,3961.82,2627.113238
2025-10-29 17:00:00,3962.7,4040.85,3960.0,4013.77,3567.744991
2025-10-29 18:00:00,4014.14,4020.0,3825.1,3918.32,8783.927629
2025-10-29 19:00:00,3918.01,4017.85,3889.43,3903.56,8187.59993
2025-10-29 20:00:00,3905.36,3952.93,3890.12,3951.55,57451.898024
2025-10-29 21:00:00,3951.63,3963.33,3930.76,3957.15,1813.964689
2025-10-29 22:00:00,3956.25,3967.76,3922.5,3940.97,1458.910348
2025-10-29 23:00:00,3939.6,3941.07,3875.8,3903.08,1949.460842
2025-10-30 00:00:00,3903.28,3937.5,3886.07,3922.68,1581.697331
2025-10-30 01:00:00,3922.87,3935.34,3900.0,3926.66,1055.163122
2025-10-30 02:00:00,3927.69,3960.0,3920.0,3945.97,1994.524439
2025-10-30 03:00:00,3947.1,3948.95,3915.0,3934.78,1909.148431
2025-10-30 04:00:00,3934.46,3935.03,3842.18,3872.05,4742.587742
2025-10-30 05:00:00,3872.23,3927.9,3835.05,3916.73,7456.060014
2025-10-30 06:00:00,3916.64,3937.85,3881.25,3914.89,1602.617776
2025-10-30 07:00:00,3913.34,3960.0,3900.0,3940.19,1711.72174
2025-10-30 08:00:00,3939.79,3943.1,3888.83,3921.32,1990.531478
2025-10-30 09:00:00,3921.27,3933.33,3892.32,3899.35,1751.66664
2025-10-30 10:00:00,3900.1,3920.0,3875.89,3892.63,2664.858539
2025-10-30 11:00:00,3892.5,3902.0,3846.14,3881.01,4969.617662
2025-10-30 12:00:00,3880.96,3892.7,3782.0,3818.69,85645.773863
2025-10-30 13:00:00,3818.7,3850.0,3758.79,3767.0,93186.179874
2025-10-30 14:00:00,3767.52,3852.94,3737.12,3801.49,11600.202289
2025-10-30 15:00:00,3801.43,3850.72,3755.0,3774.15,4904.624462
2025-10-30 16:00:00,3774.11,3807.75,3758.33,3780.89,2651.717398
2025-10-30 17:00:00,3780.81,3781.66,3725.0,3771.0,4529.739156
2025-10-30 18:00:00,3770.62,3775.0,3709.99,3721.7,3899.78677
2025-10-30 19:00:00,3721.23,3804.99,3650.0,3688.69,62634.624065
2025-10-30 20:00:00,3689.31,3758.33,3680.0,3756.53,5561.120556
2025-10-30 21:00:00,3757.46,3815.64,3722.42,3772.47,4351.903548
2025-10-30 22:00:00,3774.0,3800.0,3764.0,3783.11,9476.312183
2025-10-30 23:00:00,3783.3,3810.0,3772.0,3802.45,1546.223501
2025-10-31 00:00:00,3804.89,3847.74,3780.0,3831.25,3011.471848
2025-10-31 01:00:00,3831.87,3868.18,3821.52,3846.95,2360.698193
2025-10-31 02:00:00,3851.84,3853.59,3800.0,3820.96,59736.161129
2025-10-31 03:00:00,3821.6,3836.19,3800.0,3828.99,1363.530123
2025-10-31 04:00:00,3829.08,3890.0,3820.0,3862.43,1900.250935
2025-10-31 05:00:00,3862.37,3887.14,3827.5,3850.15,47535.582795
2025-10-31 06:00:00,3850.28,3890.0,3771.76,3831.2,10713.75796
2025-10-31 07:00:00,3831.2,3840.0,3823.87,3835.25,223.174743
2025-10-31 08:00:00,3835.03,3858.97,3820.0,3852.25,506.671572
2025-10-31 09:00:00,3851.84,3880.0,3840.0,3845.2,187047.318886
2025-10-31 10:00:00,3845.2,3860.0,3832.98,3835.7,756362.234066
2025-10-31 11:00:00,3835.76,3880.61,3827.88,3874.4,292281.596755
2025-10-31 12:00:00,3874.0,3890.0,3834.74,3834.74,97913.58733
2025-10-31 13:00:00,3837.2,3870.23,3832.42,3857.97,12434.061155
2025-10-31 14:00:00,3859.76,3880.0,3834.28,3868.4,3588.622412
2025-10-31 15:00:00,3868.82,3882.76,3846.15,3860.81,1966.818406
2025-10-31 16:00:00,3860.79,3870.0,3815.32,3821.95,28160.076797
2025-10-31 17:00:00,3822.5,3835.8,3800.0,3827.84,1103.815966
2025-10-31 18:00:00,3828.33,3868.34,3800.0,3853.44,2742.937167
2025-10-31 19:00:00,3856.0,3910.0,3837.04,3886.48,33025.285271
2025-10-31 20:00:00,3890.28,3900.0,3857.14,3859.43,3504.835756
2025-10-31 21:00:00,3859.68,3879.99,3840.0,3861.25,2004.180202
2025-10-31 22:00:00,3861.13,3880.0,3840.0,3855.89,6275.549778
2025-10-31 23:00:00,3859.0,3870.0,3840.0,3847.95,828.782086
2025-11-01 00:00:00,3847.89,3861.53,3833.65,3847.45,272577.334583
2025-11-01 01:00:00,3847.47,3860.0,3836.0,3844.1,333.110361
2025-11-01 02:00:00,3843.63,3860.0,3833.23,3853.06,4837.780926
2025-11-01 03:00:00,3852.28,3864.17,3833.0,3861.68,4966.281075
2025-11-01 04:00:00,3861.68,3870.0,3845.0,3866.38,5784.248446
2025-11-01 05:00:00,3866.4,3870.0,3845.0,3855.3,2298.837667
2025-11-01 06:00:00,3855.22,3862.5,3840.0,3859.15,198852.313654
2025-11-01 07:00:00,3858.75,3870.0,3833.0,3860.23,997.594165
2025-11-01 08:00:00,3860.4,3882.91,3846.6,3882.23,181860.296031
2025-11-01 09:00:00,3882.23,3890.45,3861.53,3875.0,640.812048
2025-11-01 10:00:00,3875.03,3881.59,3861.53,3876.23,317376.769034
2025-11-01 11:00:00,3876.68,3882.0,3860.0,3876.94,152355.726962
2025-11-01 12:00:00,3877.95,3882.0,3863.33,3875.85,172772.512081
2025-11-01 13:00:00,3875.87,3882.0,3857.46,3870.08,5670.564418
2025-11-01 14:00:00,3869.81,3876.92,3845.0,3872.75,870.188687
2025-11-01 15:00:00,3872.71,3900.0,3840.0,3894.78,92350.961108
2025-11-01 16:00:00,3894.7,3907.0,3865.0,3893.65,13474.855176
2025-11-01 17:00:00,3891.84,3900.0,3853.47,3865.86,1241.54069
2025-11-01 18:00:00,3865.93,3885.93,3863.92,3880.54,6451.730892
2025-11-01 19:00:00,3885.93,3887.33,3871.77,3879.75,823.332517
2025-11-01 20:00:00,3880.0,3892.85,3870.0,3881.6,47669.559198
2025-11-01 21:00:00,3881.59,3900.0,3867.46,3867.46,1535.926651
2025-11-01 22:00:00,3867.46,3892.3,3864.04,3874.99,582.101667
2025-11-01 23:00:00,3874.84,3884.32,3867.61,3875.0,128.016932
2025-11-02 00:00:00,3873.9,3899.99,3861.53,3866.52,884.003133
2025-11-02 01:00:00,3866.5,3877.13,3861.93,3872.15,25800.812217
2025-11-02 02:00:00,3874.44,3886.99,3850.84,3881.73,1070.74768
2025-11-02 03:00:00,3881.19,3884.94,3877.64,3880.6,14825.422704
2025-11-02 04:00:00,3880.61,3912.76,3876.5,3908.85,904.201159
2025-11-02 05:00:00,3909.04,3912.76,3892.3,3902.85,481.0815
2025-11-02 06:00:00,3902.83,3909.87,3892.0,3902.02,382.353107
2025-11-02 07:00:00,3902.03,3917.33,3888.23,3906.3,1117.317944
2025-11-02 08:00:00,3906.26,3927.93,3880.79,3894.49,1211.04409
2025-11-02 09:00:00,3894.84,3908.23,3868.91,3872.45,1637.71338
2025-11-02 10:00:00,3872.25,3897.0,3840.0,3863.42,1689.766325
2025-11-02 11:00:00,3863.24,3896.75,3851.66,3890.54,1828.454532
2025-11-02 12:00:00,3890.55,3900.0,3863.33,3876.51,671.099308
2025-11-02 13:00:00,3877.43,3879.11,3846.15,3868.61,1027.217024
2025-11-02 14:00:00,3869.56,3963.87,3833.0,3853.22,4807.482771
2025-11-02 15:00:00,3853.01,3889.0,3840.0,3853.3,2362.504874
2025-11-02 16:00:00,3853.22,3920.06,3832.0,3864.28,40483.035537
2025-11-02 17:00:00,3864.31,3880.0,3850.0,3859.1,724.986742
2025-11-02 18:00:00,3859.27,3898.0,3837.25,3863.92,1831.393034
2025-11-02 19:00:00,3864.39,3869.79,3840.0,3855.95,938.495135
2025-11-02 20:00:00,3856.26,3868.18,3832.0,3858.99,3126.584156
2025-11-02 21:00:00,3859.81,3869.4,3840.0,3861.4,555.062812
2025-11-02 22:00:00,3861.45,3869.1,3844.5,3853.63,665.550096
2025-11-02 23:00:00,3855.36,3916.66,3850.74,3906.66,1346.057312
2025-11-03 00:00:00,3906.53,3915.0,3863.52,3864.66,1681.773234
2025-11-03 01:00:00,3867.9,3880.0,3829.31,3838.4,26104.109101
2025-11-03 02:00:00,3837.44,3842.24,3788.26,3799.45,20797.984084
2025-11-03 03:00:00,3799.26,3810.0,3720.0,3736.2,177603.091415
2025-11-03 04:00:00,3736.5,3750.0,3700.0,3746.81,3699.942713
2025-11-03 05:00:00,3746.22,3818.03,3700.0,3732.3,6501.209524
2025-11-03 06:00:00,3732.3,3750.0,3685.39,3718.89,13277.4356
2025-11-03 07:00:00,3718.65,3736.65,3700.0,3714.73,839671.45717
2025-11-03 08:00:00,3714.67,3769.13,3689.15,3717.05,927705.609457
2025-11-03 09:00:00,3716.85,3750.0,3689.0,3704.41,3164.747291
2025-11-03 10:00:00,3703.45,3720.0,3671.64,3675.0,138291.455482
2025-11-03 11:00:00,3675.65,3734.0,3670.86,3734.0,63960.142257
2025-11-03 12:00:00,3734.0,3750.0,3711.11,3738.57,84294.652897
2025-11-03 13:00:00,3738.57,3750.0,3700.0,3750.0,48558.553921
2025-11-03 14:00:00,3750.0,3770.0,3720.0,3734.8,35201.983876
2025-11-03 15:00:00,3733.61,3758.33,3583.86,3612.19,173367.260433
2025-11-03 16:00:00,3604.87,3680.0,3565.95,3635.19,189550.478928
2025-11-03 17:00:00,3635.19,3742.52,3613.32,3666.92,118066.481329
2025-11-03 18:00:00,3666.92,3730.0,3613.33,3680.0,120540.391403
2025-11-03 19:00:00,3680.0,3710.15,3620.74,3644.0,122844.669683
2025-11-03 20:00:00,3644.0,3700.0,3567.0,3608.95,121134.24174
2025-11-03 21:00:00,3601.57,3620.0,3560.0,3600.28,6765.201981
2025-11-03 22:00:00,3601.43,3660.0,3567.71,3589.69,12214.706228
2025-11-03 23:00:00,3589.7,3610.28,3564.45,3603.64,2874.094917
2025-11-04 00:00:00,3603.65,3729.57,3568.55,3618.35,9595.085366
2025-11-04 01:00:00,3618.61,3653.8,3607.14,3644.35,996.830754
2025-11-04 02:00:00,3642.99,3704.98,3627.92,3667.92,41759.037228
2025-11-04 03:00:00,3667.92,3667.92,3608.29,3642.5,3626.872613
2025-11-04 04:00:00,3643.41,3650.0,3595.28,3625.03,2754.20893
2025-11-04 05:00:00,3624.99,3631.54,3490.0,3515.0,17250.089561
2025-11-04 06:00:00,3515.0,3584.88,3477.55,3512.79,109228.597883
2025-11-04 07:00:00,3512.79,3515.0,3468.36,3494.9,414442.030433
2025-11-04 08:00:00,3494.86,3515.0,3438.88,3495.61,35884.919278
2025-11-04 09:00:00,3494.98,3515.0,3476.46,3492.01,15879.291572
2025-11-04 10:00:00,3492.03,3515.0,3458.82,3485.22,9154.235808
2025-11-04 11:00:00,3485.03,3541.0,3480.0,3530.1,22916.378126
2025-11-04 12:00:00,3529.44,3541.0,3480.0,3511.23,5911.805315
2025-11-04 13:00:00,3510.87,3530.0,3494.84,3507.18,40878.551118
2025-11-04 14:00:00,3506.95,3575.0,3460.0,3557.22,24280.46835
2025-11-04 15:00:00,3552.23,3600.0,3497.43,3506.44,13658.405249
2025-11-04 16:00:00,3507.05,3525.0,3425.0,3429.69,52757.553652
2025-11-04 17:00:00,3429.77,3436.95,3347.03,3373.17,23988.377609
2025-11-04 18:00:00,3373.23,3407.04,3250.0,3305.28,136642.800937
2025-11-04 19:00:00,3306.0,3325.0,3212.07,3231.23,7785.67966
2025-11-04 20:00:00,3231.28,3260.0,3116.07,3214.39,17433.19082
2025-11-04 21:00:00,3213.82,3253.35,3046.8,3214.64,26679.777354
2025-11-04 22:00:00,3215.0,3300.0,3199.11,3246.7,53750.823326
2025-11-04 23:00:00,3246.82,3304.86,3213.25,3286.64,52455.056947
2025-11-05 00:00:00,3286.91,3325.0,3225.0,3239.89,40570.612647
2025-11-05 01:00:00,3240.73,3254.5,3150.0,3242.79,12819.379822
2025-11-05 02:00:00,3243.34,3349.45,3242.65,3324.9,4402.251087
2025-11-05 03:00:00,3325.09,3375.92,3275.0,3334.55,10525.670205
2025-11-05 04:00:00,3334.97,3346.15,3300.0,3329.18,1898.919778
2025-11-05 05:00:00,3329.26,3361.53,3309.87,3326.1,3270.007626
2025-11-05 06:00:00,3326.05,3357.63,3312.09,3329.65,1755.345828
2025-11-05 07:00:00,3330.3,3346.15,3306.4,3331.54,1744.57804
2025-11-05 08:00:00,3331.42,3360.0,3232.99,3301.32,13389.176065
2025-11-05 09:00:00,3300.36,3325.0,3280.0,3307.67,3083.831284
2025-11-05 10:00:00,3307.68,3340.0,3266.66,3278.05,158915.863667
2025-11-05 11:00:00,3277.7,3339.28,3273.77,3322.81,2045.098334
2025-11-05 12:00:00,3323.3,3400.0,3288.46,3345.3,8356.195579
2025-11-05 13:00:00,3345.59,3376.92,3320.0,3346.15,24183.17134
2025-11-05 14:00:00,3346.15,3377.68,3303.45,3348.54,5893.790147
2025-11-05 15:00:00,3348.32,3423.44,3335.48,3398.04,10321.56429
2025-11-05 16:00:00,3398.02,3444.0,3370.8,3437.34,3936.744432
2025-11-05 17:00:00,3437.4,3460.0,3389.03,3436.79,5607.071348
2025-11-05 18:00:00,3435.54,3481.96,3405.11,3462.88,2681.409197
2025-11-05 19:00:00,3467.63,3484.61,3423.44,3455.14,9155.058009
2025-11-05 20:00:00,3454.85,3491.59,3440.0,3452.51,7218.356517
2025-11-05 21:00:00,3453.08,3460.0,3400.0,3442.59,4973.112098
2025-11-05 22:00:00,3442.33,3460.01,3407.69,3424.8,1700.592543
2025-11-05 23:00:00,3424.35,3440.0,3400.0,3424.65,1777.423727
2025-11-06 00:00:00,3424.56,3428.9,3380.0,3408.07,2227.62736
2025-11-06 01:00:00,3407.71,3410.24,3375.17,3405.5,1267.828532
2025-11-06 02:00:00,3405.6,3440.0,3392.22,3422.3,2445.587611
2025-11-06 03:00:00,3422.01,3460.0,3421.3,3432.77,2517.348243
2025-11-06 04:00:00,3433.19,3460.0,3423.07,3452.78,1920.990772
2025-11-06 05:00:00,3452.77,3466.61,3380.0,3386.47,3030.26187
2025-11-06 06:00:00,3388.22,3407.69,3360.0,3387.96,1659.156129
2025-11-06 07:00:00,3386.48,3400.0,3360.0,3380.86,2688.244518
2025-11-06 08:00:00,3380.66,3399.99,3361.53,3385.69,4035.901243
2025-11-06 09:00:00,3385.37,3441.6,3361.53,3383.17,6099.260266
2025-11-06 10:00:00,3383.02,3414.39,3348.45,3394.02,133772.070252
2025-11-06 11:00:00,3393.91,3409.87,3380.0,3399.57,1989.869849
2025-11-06 12:00:00,3399.75,3404.79,3343.34,3350.4,2092.353747
2025-11-06 13:00:00,3350.25,3407.69,3344.4,3391.27,2697.097104
2025-11-06 14:00:00,3391.53,3401.78,3322.04,3328.55,3356.407999
2025-11-06 15:00:00,3329.26,3364.74,3275.0,3300.0,6992.072357
2025-11-06 16:00:00,3300.0,3340.0,3225.0,3276.53,11643.48576
2025-11-06 17:00:00,3277.66,3353.36,3251.6,3329.43,2861.222978
2025-11-06 18:00:00,3332.5,3377.14,3284.61,3328.85,7653.46058
2025-11-06 19:00:00,3329.01,3350.0,3280.0,3325.7,8450.582838
2025-11-06 20:00:00,3325.8,3350.0,3287.69,3306.33,4222.542322
2025-11-06 21:00:00,3306.38,3340.14,3280.32,3326.26,2385.387983
2025-11-06 22:00:00,3326.26,3330.8,3273.33,3319.2,292960.586651
2025-11-06 23:00:00,3319.18,3323.55,3291.6,3315.44,654152.511202
2025-11-07 00:00:00,3315.44,3333.0,3295.85,3325.5,630035.882067
2025-11-07 01:00:00,3325.37,3330.0,3279.0,3324.98,327340.189805
2025-11-07 02:00:00,3324.78,3348.1,3294.82,3347.1,544689.41318
2025-11-07 03:00:00,3347.1,3371.4,3330.76,3344.75,31613.342409
2025-11-07 04:00:00,3344.85,3349.0,3302.5,3338.57,7585.464888
2025-11-07 05:00:00,3338.54,3375.0,3331.19,3366.75,50725.659319
2025-11-07 06:00:00,3366.94,3398.15,3300.0,3348.09,16869.893617
2025-11-07 07:00:00,3348.0,3369.0,3325.0,3358.51,3344.674633
2025-11-07 08:00:00,3358.53,3369.0,3330.0,3342.49,1170.510615
2025-11-07 09:00:00,3345.0,3369.0,3290.0,3301.61,19363.406935
2025-11-07 10:00:00,3301.72,3326.02,3272.8,3280.65,122624.461487
2025-11-07 11:00:00,3280.65,3326.0,3225.0,3260.51,17937.93865
2025-11-07 12:00:00,3260.48,3275.0,3192.3,3223.0,32542.039856
2025-11-07 13:00:00,3223.08,3269.23,3205.98,3241.05,8145.496224
2025-11-07 14:00:00,3243.75,3299.99,3192.3,3288.18,155987.629488
2025-11-07 15:00:00,3289.05,3344.81,3253.84,3297.76,12048.31556
2025-11-07 16:00:00,3297.65,3350.0,3265.84,3309.21,18609.830103
2025-11-07 17:00:00,3309.23,3398.0,3275.6,3385.37,26909.026904
2025-11-07 18:00:00,3385.8,3442.2,3361.53,3425.95,162986.87182
2025-11-07 19:00:00,3426.14,3450.0,3417.1,3443.35,13812.043682
2025-11-07 20:00:00,3443.01,3471.06,3398.18,3465.0,69637.387402
2025-11-07 21:00:00,3465.05,3500.0,3449.21,3468.6,2873.489078
2025-11-07 22:00:00,3468.49,3484.61,3437.57,3445.62,3617.738884
2025-11-07 23:00:00,3445.55,3465.0,3415.33,3435.6,1318.128976
2025-11-08 00:00:00,3435.6,3450.0,3402.91,3423.85,1421.291656
2025-11-08 01:00:00,3423.78,3462.77,3408.0,3435.11,1798.675911
2025-11-08 02:00:00,3437.32,3462.0,3422.29,3440.74,2731.548766
2025-11-08 03:00:00,3440.69,3475.0,3414.62,3453.93,3278.49851
2025-11-08 04:00:00,3453.95,3500.0,3449.03,3459.79,2069.122992
2025-11-08 05:00:00,3459.45,3473.33,3429.3,3431.15,2082.123859
2025-11-08 06:00:00,3431.77,3470.65,3400.0,3445.93,3121.945141
2025-11-08 07:00:00,3445.44,3475.0,3410.0,3447.7,3177.562999
2025-11-08 08:00:00,3447.71,3500.52,3425.0,3454.61,6988.375133
2025-11-08 09:00:00,3454.65,3475.0,3438.81,3439.66,2497.882121
2025-11-08 10:00:00,3439.61,3472.85,3400.0,3448.45,2232.5651
2025-11-08 11:00:00,3445.85,3469.23,3404.48,3413.21,2151.738755
2025-11-08 12:00:00,3413.25,3423.43,3400.0,3409.26,1427.23356
2025-11-08 13:00:00,3409.4,3425.0,3380.0,3397.65,9561.060039
2025-11-08 14:00:00,3397.2,3422.29,3349.99,3400.0,3371.520222
2025-11-08 15:00:00,3400.25,3406.08,3361.53,3375.0,1070.877498
2025-11-08 16:00:00,3377.92,3427.24,3350.0,3369.37,5421.844729
2025-11-08 17:00:00,3368.56,3400.24,3350.0,3399.29,10346.832029
2025-11-08 18:00:00,3399.2,3420.0,3375.0,3402.92,2696.690467
2025-11-08 19:00:00,3402.6,3425.0,3361.53,3390.87,2136.355036
2025-11-08 20:00:00,3389.37,3425.0,3375.0,3403.65,5563.074726
2025-11-08 21:00:00,3403.65,3416.0,3385.42,3405.95,808.461082
2025-11-08 22:00:00,3406.05,3411.42,3394.69,3409.65,130571.277211
2025-11-08 23:00:00,3409.56,3415.0,3378.7,3401.78,33327.575892
2025-11-09 00:00:00,3401.8,3402.46,3373.34,3384.75,155677.781459
2025-11-09 01:00:00,3384.75,3404.06,3380.0,3401.49,504.381356
2025-11-09 02:00:00,3400.84,3407.5,3365.73,3368.01,176172.405946
2025-11-09 03:00:00,3368.01,3384.0,3350.0,3375.64,47450.63678
2025-11-09 04:00:00,3376.33,3390.0,3355.61,3374.9,33015.934382
2025-11-09 05:00:00,3374.4,3408.0,3370.0,3404.85,106756.420448
2025-11-09 06:00:00,3405.26,3420.0,3392.3,3404.8,144544.208198
2025-11-09 07:00:00,3404.76,3424.11,3380.0,3422.65,16104.135994
2025-11-09 08:00:00,3422.76,3427.24,3388.04,3420.97,2208.940283
2025-11-09 09:00:00,3421.0,3438.46,3400.0,3401.2,32608.389739
2025-11-09 10:00:00,3401.06,3418.01,3380.0,3402.22,1504.965297
2025-11-09 11:00:00,3402.47,3449.99,3392.3,3428.15,22475.656173
2025-11-09 12:00:00,3428.75,3475.0,3400.0,3441.8,14030.595954
2025-11-09 13:00:00,3442.0,3473.0,3425.0,3454.22,236674.267673
2025-11-09 14:00:00,3454.22,3521.0,2980.0,3510.0,65988208.542821
2025-11-09 15:00:00,3506.44,3540.0,3475.0,3516.11,813154.951328
2025-11-09 16:00:00,3515.29,3540.0,3500.0,3528.06,32971.876115
2025-11-09 17:00:00,3528.16,3540.0,3495.0,3514.02,11281.360389
2025-11-09 18:00:00,3515.93,3544.48,3480.0,3541.48,17604.526823
2025-11-09 19:00:00,3541.25,3580.0,3500.0,3579.86,15424.947011
2025-11-09 20:00:00,3579.92,3600.0,3560.0,3578.8,89478.957235
2025-11-09 21:00:00,3578.59,3600.0,3560.0,3580.26,1810.461939
2025-11-09 22:00:00,3580.76,3600.0,3541.0,3587.74,3162.578522
2025-11-09 23:00:00,3587.74,3617.66,3565.33,3583.45,34001.411162
2025-11-10 00:00:00,3583.57,3652.5,3556.8,3635.7,202494.125092
2025-11-10 01:00:00,3641.02,3670.86,3617.72,3629.24,8426.116267
2025-11-10 02:00:00,3629.41,3670.0,3600.0,3628.41,2658.141783
2025-11-10 03:00:00,3628.48,3670.0,3565.91,3627.34,12517.647625
2025-11-10 04:00:00,3627.34,3640.0,3602.99,3616.51,2155.196596
2025-11-10 05:00:00,3617.15,3640.0,3551.87,3608.38,3831.275189
2025-11-10 06:00:00,3608.04,3662.5,3539.2,3604.86,6556.595566
2025-11-10 07:00:00,3605.09,3624.0,3600.0,3609.12,74541.751416
2025-11-10 08:00:00,3609.04,3638.23,3566.69,3594.49,1890.36338
2025-11-10 09:00:00,3594.49,3630.83,3580.0,3624.35,64940.992665
2025-11-10 10:00:00,3625.34,3640.0,3510.0,3606.51,166483.691181
2025-11-10 11:00:00,3606.69,3621.0,3600.0,3610.36,22396.876139
2025-11-10 12:00:00,3610.28,3620.0,3570.0,3592.0,2298.854218
2025-11-10 13:00:00,3592.06,3623.0,3586.66,3615.4,199180.695374
2025-11-10 14:00:00,3615.4,3616.0,3518.68,3542.29,480035.381369
2025-11-10 15:00:00,3542.0,3561.0,3505.66,3519.85,254431.814616
2025-11-10 16:00:00,3519.53,3561.0,3481.33,3530.46,9909.674592
2025-11-10 17:00:00,3532.62,3557.93,3521.77,3555.32,898.296153
2025-11-10 18:00:00,3555.54,3561.0,3482.14,3532.94,2640067.747372
2025-11-10 19:00:00,3532.9,3577.0,3515.48,3557.99,62953.466713
2025-11-10 20:00:00,3557.72,3583.87,3555.4,3571.45,34801.670914
2025-11-10 21:00:00,3572.18,3580.0,3530.76,3541.8,1011.523733
2025-11-10 22:00:00,3541.16,3580.41,3518.0,3575.1,12657.46038
2025-11-10 23:00:00,3576.52,3581.32,3540.0,3567.79,317580.586101
2025-11-11 00:00:00,3568.11,3592.0,3530.0,3585.96,69817.741358
2025-11-11 01:00:00,3585.79,3647.0,3560.0,3570.0,638258.970377
2025-11-11 02:00:00,3570.0,3640.0,3540.0,3615.7,4281.743279
2025-11-11 03:00:00,3615.39,3636.07,3596.98,3606.07,2389.949409
2025-11-11 04:00:00,3605.71,3614.89,3561.15,3574.23,1244.980199
2025-11-11 05:00:00,3575.42,3583.49,3536.82,3548.36,1678.282989
2025-11-11 06:00:00,3548.87,3562.5,3520.0,3557.29,2162.322621
2025-11-11 07:00:00,3557.54,3580.0,3536.82,3543.98,2419.434659
2025-11-11 08:00:00,3544.4,3626.4,3527.69,3562.86,20185.725236
2025-11-11 09:00:00,3563.27,3585.99,3552.63,3555.83,869.914203
2025-11-11 10:00:00,3555.52,3580.0,3536.82,3558.8,1541.512636
2025-11-11 11:00:00,3560.7,3600.0,3550.0,3573.91,1552.000558
2025-11-11 12:00:00,3574.08,3600.0,3536.82,3540.57,21991.133799
2025-11-11 13:00:00,3541.67,3571.99,3527.6,3531.65,4810.498313
2025-11-11 14:00:00,3532.82,3599.81,3488.23,3530.66,2949.003303
2025-11-11 15:00:00,3528.99,3529.18,3467.27,3481.47,14533.634501
2025-11-11 16:00:00,3481.42,3527.69,3463.51,3484.66,6273.169241
2025-11-11 17:00:00,3485.13,3500.0,3447.13,3474.15,2872.272559
2025-11-11 18:00:00,3473.64,3492.86,3453.84,3468.93,2289.716655
2025-11-11 19:00:00,3468.37,3472.93,3440.0,3456.6,1581.078287
2025-11-11 20:00:00,3456.89,3473.95,3430.04,3436.64,4466.165337
2025-11-11 21:00:00,3438.16,3453.84,3388.06,3418.41,3205.757248
2025-11-11 22:00:00,3418.37,3466.66,3399.99,3429.99,3451.382593
2025-11-11 23:00:00,3430.0,3437.38,3392.3,3417.44,1125.955991
2025-11-12 00:00:00,3418.26,3438.46,3410.0,3419.01,1876.834127
2025-11-12 01:00:00,3418.61,3453.84,3412.99,3447.79,1671.234319
2025-11-12 02:00:00,3447.79,3496.84,3418.02,3427.05,4798.811416
2025-11-12 03:00:00,3427.32,3450.0,3423.11,3439.58,756.093259
2025-11-12 04:00:00,3439.38,3460.0,3430.0,3444.56,1307.950007
2025-11-12 05:00:00,3444.79,3476.08,3443.65,3449.6,1228.246643
2025-11-12 06:00:00,3449.18,3467.66,3439.33,3439.33,1080.337567
2025-11-12 07:00:00,3439.54,3472.43,3424.44,3427.92,1423.991073
2025-11-12 08:00:00,3429.84,3480.0,3411.35,3468.77,4989.187161
2025-11-12 09:00:00,3468.74,3501.11,3460.0,3483.67,2665.74356
2025-11-12 10:00:00,3483.69,3560.0,3477.84,3534.5,4949.313778
2025-11-12 11:00:00,3533.63,3576.0,3526.74,3549.25,5534.026579
2025-11-12 12:00:00,3548.73,3568.92,3510.0,3552.39,3538.79186
2025-11-12 13:00:00,3552.1,3610.0,3530.0,3577.66,6129.270589
2025-11-12 14:00:00,3577.1,3588.0,3458.06,3503.02,5652.323698
2025-11-12 15:00:00,3502.44,3529.97,3420.71,3428.49,6169.379993
2025-11-12 16:00:00,3428.38,3440.0,3360.0,3399.87,9720.315444
2025-11-12 17:00:00,3399.75,3470.65,3392.25,3429.67,83408.618657
2025-11-12 18:00:00,3429.67,3473.07,3396.15,3424.26,9101.573208
2025-11-12 19:00:00,3423.95,3428.0,3373.43,3408.3,9716.43798
2025-11-12 20:00:00,3408.78,3437.57,3399.99,3415.16,5047.706579
2025-11-12 21:00:00,3416.76,3431.42,3408.42,3423.08,4008.112289
2025-11-12 22:00:00,3423.05,3447.05,3390.0,3422.51,1786.007076
2025-11-12 23:00:00,3422.52,3428.0,3402.7,3414.7,1670.706813
2025-11-13 00:00:00,3414.81,3432.38,3374.1,3412.08,2687.68325
2025-11-13 01:00:00,3412.1,3466.66,3410.0,3424.29,4249.749876
2025-11-13 02:00:00,3424.35,3464.84,3406.08,3435.5,54016.59258
2025-11-13 03:00:00,3434.85,3490.0,3373.21,3452.38,9973.584213
2025-11-13 04:00:00,3453.17,3491.07,3434.12,3482.85,2335.989484
2025-11-13 05:00:00,3481.8,3540.0,3460.87,3527.56,2217.67935
2025-11-13 06:00:00,3528.74,3553.58,3518.0,3540.5,2476.531998
2025-11-13 07:00:00,3540.68,3565.01,3510.0,3538.61,2798.203543
2025-11-13 08:00:00,3538.47,3560.0,3522.22,3524.13,2257.437196
2025-11-13 09:00:00,3524.58,3530.35,3450.0,3486.06,4205106.47392
2025-11-13 10:00:00,3486.84,3524.8,3476.0,3505.78,1403514.75411
2025-11-13 11:00:00,3505.88,3520.0,3475.38,3501.56,1203.152537
2025-11-13 12:00:00,3502.19,3520.0,3420.4,3501.9,4657.072017
2025-11-13 13:00:00,3501.73,3511.53,3413.01,3438.51,7282.880484
2025-11-13 14:00:00,3438.16,3460.0,3360.0,3459.02,7127.658564
2025-11-13 15:00:00,3460.0,3475.0,3366.57,3387.37,25642.248011
2025-11-13 16:00:00,3387.35,3400.0,3315.98,3328.2,1480226.050303
2025-11-13 17:00:00,3328.07,3349.6,3239.6,3255.96,17838.225332
2025-11-13 18:00:00,3256.14,3290.0,3174.7,3214.4,17215.466924
2025-11-13 19:00:00,3214.4,3293.33,3176.32,3197.67,17661.22784
2025-11-13 20:00:00,3197.93,3227.63,3140.0,3171.38,10910.601101
2025-11-13 21:00:00,3171.68,3201.15,3150.0,3180.26,7693.218393
2025-11-13 22:00:00,3178.79,3248.22,3176.01,3229.37,2354.28308
2025-11-13 23:00:00,3229.35,3300.0,3205.98,3231.34,39904.941905
2025-11-14 00:00:00,3231.73,3242.85,3190.0,3200.18,131641.014559
2025-11-14 01:00:00,3200.89,3221.24,3180.49,3207.02,28043.952091
2025-11-14 02:00:00,3207.34,3260.0,3205.36,3238.56,3063.147981
2025-11-14 03:00:00,3239.19,3239.66,3208.18,3228.1,12970.514324
2025-11-14 04:00:00,3227.81,3228.57,3110.0,3162.96,59303.110941
2025-11-14 05:00:00,3162.93,3215.38,3141.96,3192.61,27017.785013
2025-11-14 06:00:00,3192.59,3225.38,3135.45,3222.78,5228.781203
2025-11-14 07:00:00,3222.79,3243.33,3192.3,3215.6,13735.277998
2025-11-14 08:00:00,3215.69,3265.45,3151.0,3205.34,6860.94426
2025-11-14 09:00:00,3204.86,3245.0,3151.0,3158.43,6527.808386
2025-11-14 10:00:00,3157.42,3258.02,3151.0,3176.48,10374.986379
2025-11-14 11:00:00,3175.63,3207.34,3110.0,3145.87,39636.670843
2025-11-14 12:00:00,3145.9,3145.92,3069.0,3126.72,32695.824655
2025-11-14 13:00:00,3126.88,3166.05,3075.75,3122.13,14448.952901
2025-11-14 14:00:00,3122.13,3226.92,3105.09,3199.32,22844.607034
2025-11-14 15:00:00,3204.11,3233.67,3162.1,3197.12,29966.300333
2025-11-14 16:00:00,3197.17,3260.0,3171.42,3231.82,6373.053947
2025-11-14 17:00:00,3231.74,3246.94,3164.94,3179.94,11833.073715
2025-11-14 18:00:00,3179.99,3207.5,3155.36,3168.67,2928.776071
2025-11-14 19:00:00,3167.91,3220.76,3160.0,3207.69,3134.941863
2025-11-14 20:00:00,3208.26,3226.66,3123.07,3136.0,7207.458679
2025-11-14 21:00:00,3136.19,3220.0,3125.8,3167.44,6614.042797
2025-11-14 22:00:00,3167.59,3186.85,3141.77,3159.06,2812.047096
2025-11-14 23:00:00,3159.15,3159.32,3080.35,3112.79,5904.636761
2025-11-15 00:00:00,3112.78,3160.0,3105.71,3141.5,4245.198487
2025-11-15 01:00:00,3141.15,3218.15,3100.0,3173.95,14735.466381
2025-11-15 02:00:00,3173.87,3193.59,3146.15,3193.59,3549.730463
2025-11-15 03:00:00,3193.6,3240.0,3142.89,3179.17,149610.97301
2025-11-15 04:00:00,3179.06,3215.16,3146.15,3171.77,3263.615243
2025-11-15 05:00:00,3172.07,3188.0,3160.0,3179.19,1150.192068
2025-11-15 06:00:00,3179.19,3190.51,3153.89,3175.8,1994.333394
2025-11-15 07:00:00,3175.79,3200.0,3163.76,3176.84,2005.050219
2025-11-15 08:00:00,3176.81,3188.72,3135.79,3144.01,2168.898025
2025-11-15 09:00:00,3143.33,3198.17,3120.0,3153.3,7259.044157
2025-11-15 10:00:00,3153.14,3172.9,3124.0,3169.35,12214.782101
2025-11-15 11:00:00,3169.01,3178.25,3147.29,3152.03,1829.259181
2025-11-15 12:00:00,3151.0,3221.87,3110.0,3162.19,17517.277173
2025-11-15 13:00:00,3162.38,3200.0,3153.89,3191.57,2986.145109
2025-11-15 14:00:00,3192.41,3215.16,3174.0,3178.15,87385.95395
2025-11-15 15:00:00,3177.85,3212.0,3173.0,3185.78,22069.712943
2025-11-15 16:00:00,3185.76,3202.81,3166.05,3186.24,47855.358532
2025-11-15 17:00:00,3186.4,3230.0,3180.76,3215.34,4492.993107
2025-11-15 18:00:00,3215.21,3232.0,3203.84,3208.07,1555.611464
2025-11-15 19:00:00,3208.2,3230.0,3190.51,3197.91,11148.121464
2025-11-15 20:00:00,3198.1,3203.84,3162.0,3174.71,4309.32731
2025-11-15 21:00:00,3174.76,3188.47,3152.9,3158.11,32665.659388
2025-11-15 22:00:00,3157.94,3200.0,3152.0,3172.54,2951.954493
2025-11-15 23:00:00,3171.51,3225.5,3152.0,3168.0,108783.706764
2025-11-16 00:00:00,3168.0,3180.0,3145.0,3152.94,131595.420385
2025-11-16 01:00:00,3152.7,3166.05,3130.0,3150.19,52603.960057
2025-11-16 02:00:00,3150.3,3202.81,3142.45,3202.81,2307.750341
2025-11-16 03:00:00,3202.81,3225.94,3180.0,3203.27,1923.354768
2025-11-16 04:00:00,3202.45,3222.86,3180.76,3193.5,7399.902632
2025-11-16 05:00:00,3194.1,3215.0,3180.76,3204.61,1178.188609
2025-11-16 06:00:00,3204.2,3234.0,3198.71,3200.96,31571.917402
2025-11-16 07:00:00,3200.99,3220.55,3188.8,3219.65,1130.619509
2025-11-16 08:00:00,3219.66,3230.0,3200.0,3219.25,2789.199525
2025-11-16 09:00:00,3219.3,3248.67,3192.3,3248.67,5080.305252
2025-11-16 10:00:00,3248.42,3261.53,3227.55,3236.47,2148.278611
2025-11-16 11:00:00,3236.16,3238.1,3160.0,3168.8,3662.227654
2025-11-16 12:00:00,3168.68,3197.42,3153.89,3168.8,63718.391521
2025-11-16 13:00:00,3169.29,3176.67,3139.97,3153.89,5232.929913
2025-11-16 14:00:00,3153.94,3180.0,3146.15,3171.95,2290.782009
2025-11-16 15:00:00,3172.01,3196.0,3099.66,3105.45,311226.44216
2025-11-16 16:00:00,3105.46,3131.71,3054.94,3064.1,369987.585894
2025-11-16 17:00:00,3064.94,3083.47,3025.0,3079.9,23780.293156
2025-11-16 18:00:00,3078.01,3127.59,3043.71,3060.4,4185.835188
2025-11-16 19:00:00,3060.45,3117.82,3056.67,3091.38,13478.023002
2025-11-16 20:00:00,3091.36,3123.07,3024.06,3089.39,19425.951379
2025-11-16 21:00:00,3089.29,3097.03,3040.56,3073.6,2780.123812
2025-11-16 22:00:00,3073.7,3101.06,3040.0,3091.11,3735.69529
2025-11-16 23:00:00,3091.18,3111.53,3008.86,3095.95,8169.079459
2025-11-17 00:00:00,3095.85,3141.17,3068.42,3136.55,4539.669468
2025-11-17 01:00:00,3136.51,3146.15,3088.0,3114.86,4839.088419
2025-11-17 02:00:00,3114.67,3160.17,3112.51,3149.31,2081.90688
2025-11-17 03:00:00,3148.41,3190.51,3146.55,3176.88,2618.141171
2025-11-17 04:00:00,3176.9,3202.81,3151.78,3185.44,3592.649417
2025-11-17 05:00:00,3185.55,3205.98,3166.05,3186.72,4255.864589
2025-11-17 06:00:00,3186.8,3200.0,3169.55,3194.1,2740.114667
2025-11-17 07:00:00,3194.11,3215.16,3189.3,3198.65,3199.698258
2025-11-17 08:00:00,3198.99,3220.0,3184.63,3190.3,2583.00853
2025-11-17 09:00:00,3190.13,3227.55,3180.0,3195.03,1826.88407
2025-11-17 10:00:00,3195.1,3220.0,3178.25,3196.62,2774.236224
2025-11-17 11:00:00,3196.65,3222.0,3180.0,3204.31,8703.095184
2025-11-17 12:00:00,3203.7,3223.0,3176.55,3183.69,2662.712465
2025-11-17 13:00:00,3183.7,3188.9,3080.0,3121.98,7008.757708
2025-11-17 14:00:00,3122.12,3206.97,3072.34,3152.2,18047.620826
2025-11-17 15:00:00,3152.27,3178.25,3090.0,3120.75,59032.708297
2025-11-17 16:00:00,3120.8,3141.77,3058.27,3133.95,8583.825084
2025-11-17 17:00:00,3134.01,3137.51,3050.0,3053.58,7948.857899
2025-11-17 18:00:00,3057.81,3080.0,3022.5,3025.79,4768.214652
2025-11-17 19:00:00,3024.95,3072.82,2955.0,2982.81,336930.031735
2025-11-17 20:00:00,2982.28,3021.52,2955.0,3007.65,16392.475477
2025-11-17 21:00:00,3006.25,3037.69,2986.79,3009.33,2009.163081
2025-11-17 22:00:00,3009.37,3050.0,2990.0,3023.45,10028.729043
2025-11-17 23:00:00,3023.5,3040.56,2993.33,3031.34,10521.807083
2025-11-18 00:00:00,3031.35,3050.0,2992.07,3033.05,44729.144919
2025-11-18 01:00:00,3032.99,3053.7,3000.0,3018.65,15465.169713
2025-11-18 02:00:00,3018.6,3080.0,2955.0,2988.0,36455.366459
2025-11-18 03:00:00,2985.34,3040.0,2930.0,3024.56,26515.019378
2025-11-18 04:00:00,3024.49,3033.84,2953.35,3006.25,5685.817341
2025-11-18 05:00:00,3006.18,3038.46,2980.0,3012.0,3503.964859
2025-11-18 06:00:00,3012.05,3035.0,2974.48,2989.68,33182.769133
2025-11-18 07:00:00,2990.0,3038.46,2977.87,3025.94,17803.726936
2025-11-18 08:00:00,3025.92,3084.61,3007.48,3060.7,3153.322194
2025-11-18 09:00:00,3060.6,3088.17,3026.92,3060.1,2277.55807
2025-11-18 10:00:00,3060.08,3080.0,3033.54,3065.83,3442.079923
2025-11-18 11:00:00,3065.83,3096.15,3050.0,3057.53,60704.137385
2025-11-18 12:00:00,3057.5,3073.65,3038.0,3049.77,15528.245486
2025-11-18 13:00:00,3049.79,3090.0,3020.0,3048.4,26331.966834
2025-11-18 14:00:00,3048.4,3096.08,3025.0,3059.73,5334.088672
2025-11-18 15:00:00,3065.0,3139.66,3034.33,3106.83,6660.529703
2025-11-18 16:00:00,3106.81,3200.75,3100.0,3152.0,10010.627372
2025-11-18 17:00:00,3152.05,3180.0,3110.0,3135.3,3288.954895
2025-11-18 18:00:00,3135.4,3171.05,3130.0,3160.4,2847.978539
2025-11-18 19:00:00,3160.31,3177.22,3136.36,3145.66,1538.098287
2025-11-18 20:00:00,3146.14,3175.0,3123.65,3123.65,8032.100079
2025-11-18 21:00:00,3123.6,3132.21,3083.77,3098.4,2356.441028
2025-11-18 22:00:00,3098.21,3159.08,3097.65,3125.06,4469.757657
2025-11-18 23:00:00,3125.29,3128.0,3103.64,3123.68,1911.747803
2025-11-19 00:00:00,3123.68,3139.08,3070.51,3100.7,7465.090155
2025-11-19 01:00:00,3101.42,3119.23,3080.0,3105.25,20826.425768
2025-11-19 02:00:00,3105.33,3124.87,3097.04,3114.1,575522.644123
2025-11-19 03:00:00,3114.19,3124.0,3070.72,3073.25,219664.848366
2025-11-19 04:00:00,3073.37,3076.75,3054.0,3054.0,1068752.481214
2025-11-19 05:00:00,3054.0,3061.44,2992.66,3017.75,813776.849207
2025-11-19 06:00:00,3017.75,3062.0,3010.0,3041.24,3140.762398
2025-11-19 07:00:00,3040.91,3088.57,3039.21,3085.3,158070.404091
2025-11-19 08:00:00,3085.3,3099.86,3073.48,3079.93,464389.321511
2025-11-19 09:00:00,3080.0,3087.0,3041.0,3087.0,942360.39473
2025-11-19 10:00:00,3087.0,3111.0,3025.0,3091.71,470565.301418
2025-11-19 11:00:00,3091.71,3103.0,3040.0,3083.53,66291.255358
2025-11-19 12:00:00,3083.45,3107.0,3073.07,3100.58,122442.920158
2025-11-19 13:00:00,3100.58,3107.0,3042.23,3067.25,8217.855175
2025-11-19 14:00:00,3066.8,3072.0,3025.0,3060.08,232676.303499
2025-11-19 15:00:00,3056.6,3105.79,2964.28,2973.6,1591168.494039
2025-11-19 16:00:00,2973.51,3002.49,2923.76,2950.39,230845.396977
2025-11-19 17:00:00,2950.25,2959.75,2895.0,2923.2,61561.900144
2025-11-19 18:00:00,2923.2,2946.15,2880.0,2900.17,8168.964409
2025-11-19 19:00:00,2900.15,2925.54,2865.0,2881.9,21587.293679
2025-11-19 20:00:00,2881.81,2956.12,2875.15,2946.59,6705.479968
2025-11-19 21:00:00,2946.55,3000.24,2939.87,2992.05,52304.324686
2025-11-19 22:00:00,2991.65,2999.57,2960.26,2984.7,323434.615823
2025-11-19 23:00:00,2984.7,3031.43,2981.73,3025.55,79677.586159
2025-11-20 00:00:00,3025.75,3049.0,3005.55,3020.8,800332.194099
2025-11-20 01:00:00,3019.21,3051.0,3015.38,3047.76,768824.241476
2025-11-20 02:00:00,3047.7,3058.0,3010.0,3043.99,69391.100905
2025-11-20 03:00:00,3045.24,3053.12,3018.78,3039.4,7008.744989
2025-11-20 04:00:00,3039.15,3055.17,3012.61,3054.02,2153.796247
2025-11-20 05:00:00,3054.57,3062.0,3010.0,3035.5,67127.722779
2025-11-20 06:00:00,3035.49,3050.0,3003.84,3020.97,1320.702499
2025-11-20 07:00:00,3020.97,3044.1,3005.0,3039.7,60585.004435
2025-11-20 08:00:00,3039.69,3062.0,3009.0,3031.15,2950.785311
2025-11-20 09:00:00,3031.16,3036.87,3000.22,3011.45,14056.085315
2025-11-20 10:00:00,3011.75,3038.33,2991.02,3015.72,107902.82179
2025-11-20 11:00:00,3015.72,3033.0,3003.0,3023.84,58688.429918
2025-11-20 12:00:00,3023.94,3032.75,3010.7,3028.4,108459.808946
2025-11-20 13:00:00,3028.73,3041.52,2992.0,3000.06,132778.265178
2025-11-20 14:00:00,3000.23,3026.92,2965.92,3000.89,478690.935212
2025-11-20 15:00:00,3001.67,3010.0,2965.0,2971.49,569399.637813
2025-11-20 16:00:00,2971.25,2980.76,2845.74,2862.8,4952477.858821
2025-11-20 17:00:00,2862.65,2884.61,2805.0,2834.47,26297.478165
2025-11-20 18:00:00,2834.47,2871.96,2805.0,2814.0,657891.426257
2025-11-20 19:00:00,2814.14,2855.19,2790.0,2848.27,143191.572429
2025-11-20 20:00:00,2847.33,2875.0,2808.64,2837.51,11473.092812
2025-11-20 21:00:00,2837.51,2900.0,2822.5,2879.78,3726.061297
2025-11-20 22:00:00,2879.26,2936.29,2876.86,2886.31,3083.607649
2025-11-20 23:00:00,2886.37,2891.54,2827.34,2834.34,43769.083805
2025-11-21 00:00:00,2834.4,2902.4,2832.23,2861.31,6642.369232
2025-11-21 01:00:00,2861.29,2900.0,2850.0,2862.24,5252.297239
2025-11-21 02:00:00,2861.15,2883.63,2777.36,2784.01,371201.883611
2025-11-21 03:00:00,2788.34,2838.75,2783.68,2809.5,125707.39056
2025-11-21 04:00:00,2809.25,2827.34,2782.0,2818.61,141481.29144
2025-11-21 05:00:00,2819.15,2858.75,2788.46,2809.43,100984.071835
2025-11-21 06:00:00,2809.54,2814.99,2782.0,2790.65,504879.322977
2025-11-21 07:00:00,2790.51,2805.0,2655.0,2720.6,427804.142789
2025-11-21 08:00:00,2720.56,2760.0,2707.5,2738.28,163538.350036
2025-11-21 09:00:00,2738.2,2760.0,2680.0,2682.25,122037.215197
2025-11-21 10:00:00,2682.04,2729.16,2664.63,2697.3,394422.850582
2025-11-21 11:00:00,2697.19,2723.21,2671.0,2688.59,75028.014815
2025-11-21 12:00:00,2686.37,2741.0,2605.0,2727.65,806152.79201
2025-11-21 13:00:00,2727.65,2770.0,2680.0,2741.35,161876.169127
2025-11-21 14:00:00,2741.45,2791.03,2700.0,2771.0,13082.514188
2025-11-21 15:00:00,2770.84,2776.81,2676.0,2705.47,5956.731853
2025-11-21 16:00:00,2705.46,2763.85,2674.08,2762.92,10534.805653
2025-11-21 17:00:00,2763.18,2806.0,2753.84,2780.8,18115.101411
2025-11-21 18:00:00,2780.79,2806.0,2707.69,2779.54,5432.049998
2025-11-21 19:00:00,2779.54,2790.0,2740.8,2752.41,2468.620014
2025-11-21 20:00:00,2751.32,2760.0,2709.45,2736.68,8512.729391
2025-11-21 21:00:00,2736.76,2784.2,2722.35,2766.92,2787.658732
2025-11-21 22:00:00,2766.92,2778.69,2721.52,2722.44,2689.821113
2025-11-21 23:00:00,2722.4,2784.61,2713.75,2765.85,9533.20362
2025-11-22 00:00:00,2765.94,2786.35,2750.42,2766.15,56082.666761
2025-11-22 01:00:00,2766.2,2784.0,2759.0,2774.5,671352.684776
2025-11-22 02:00:00,2774.53,2777.0,2705.0,2752.97,130978.692995
2025-11-22 03:00:00,2753.05,2767.0,2740.0,2752.71,24365.389279
2025-11-22 04:00:00,2752.49,2767.0,2726.73,2747.13,92115.713876
2025-11-22 05:00:00,2747.13,2767.0,2726.73,2744.36,4268.002577
2025-11-22 06:00:00,2744.36,2768.0,2726.0,2766.21,10481.464558
2025-11-22 07:00:00,2766.14,2769.32,2740.0,2756.35,160126.937099
2025-11-22 08:00:00,2756.35,2762.41,2719.19,2730.14,109960.759173
2025-11-22 09:00:00,2730.14,2753.84,2720.54,2725.9,52966.006203
2025-11-22 10:00:00,2725.8,2737.0,2706.19,2713.06,74747.526067
2025-11-22 11:00:00,2713.07,2756.24,2700.0,2734.95,47000.935765
2025-11-22 12:00:00,2734.92,2739.8,2710.0,2721.32,2819.833872
2025-11-22 13:00:00,2721.25,2765.0,2710.0,2719.46,66601.27599
2025-11-22 14:00:00,2719.47,2762.35,2718.81,2746.0,9771.603146
2025-11-22 15:00:00,2746.0,2753.23,2711.43,2738.7,3277.107589
2025-11-22 16:00:00,2738.77,2765.0,2726.73,2756.0,17080.045346
2025-11-22 17:00:00,2755.38,2765.0,2726.73,2749.95,6938.831705
2025-11-22 18:00:00,2749.9,2760.0,2726.73,2752.34,75345.889475
2025-11-22 19:00:00,2752.34,2760.0,2740.0,2750.57,805.706888
2025-11-22 20:00:00,2750.51,2765.0,2730.0,2741.54,53397.318864
2025-11-22 21:00:00,2741.38,2750.42,2730.0,2747.71,1550.591207
2025-11-22 22:00:00,2747.71,2798.86,2741.61,2790.01,252774.105074
2025-11-22 23:00:00,2789.21,2799.0,2762.35,2770.31,1474.65633
2025-11-23 00:00:00,2770.19,2789.66,2727.92,2773.21,4395.08115
2025-11-23 01:00:00,2773.21,2815.38,2771.79,2808.74,72860.576487
2025-11-23 02:00:00,2808.65,2858.31,2768.62,2821.08,54769.278492
2025-11-23 03:00:00,2821.1,2840.98,2790.0,2824.7,4701.388342
2025-11-23 04:00:00,2824.71,2858.75,2800.72,2827.9,5906.20613
2025-11-23 05:00:00,2827.93,2842.21,2799.99,2825.2,86903.209082
2025-11-23 06:00:00,2825.23,2832.0,2805.49,2810.01,56982.742353
2025-11-23 07:00:00,2810.01,2815.38,2777.93,2793.84,6725.093535
2025-11-23 08:00:00,2793.86,2829.51,2793.78,2811.77,1401.666062
2025-11-23 09:00:00,2811.66,2832.0,2806.66,2816.56,8710.783462
2025-11-23 10:00:00,2816.56,2832.0,2790.0,2808.52,3384.774186
2025-11-23 11:00:00,2808.66,2832.0,2785.0,2815.97,23206.562645
2025-11-23 12:00:00,2815.98,2845.0,2805.59,2835.19,92398.547732
2025-11-23 13:00:00,2835.13,2846.0,2803.37,2844.0,8970.031162
2025-11-23 14:00:00,2843.85,2858.75,2808.88,2814.76,64998.753531
2025-11-23 15:00:00,2814.76,2858.75,2785.0,2836.51,5076.81784
2025-11-23 16:00:00,2836.51,2858.75,2798.79,2799.58,14805.693305
2025-11-23 17:00:00,2799.58,2887.79,2707.69,2792.75,109394.434607
2025-11-23 18:00:00,2792.75,2820.0,2790.29,2808.86,1335.677521
2025-11-23 19:00:00,2809.06,2857.14,2788.36,2822.82,3133.64974
2025-11-23 20:00:00,2822.75,2858.02,2801.17,2828.55,6986.67103
2025-11-23 21:00:00,2828.75,2861.53,2815.38,2842.0,1431.788154
2025-11-23 22:00:00,2841.61,2845.87,2824.52,2838.68,9502.624473
2025-11-23 23:00:00,2838.54,2843.65,2795.1,2802.24,6286.601617
2025-11-24 00:00:00,2802.1,2821.8,2760.07,2788.39,3345.557299
2025-11-24 01:00:00,2787.75,2815.38,2778.98,2806.1,6089.606858
2025-11-24 02:00:00,2806.13,2866.66,2804.36,2840.59,9268.876241
2025-11-24 03:00:00,2840.61,2870.0,2820.92,2856.59,6511.940814
2025-11-24 04:00:00,2856.41,2869.8,2798.11,2825.0,5604.377175
2025-11-24 05:00:00,2824.8,2900.0,2820.0,2867.2,7248.81994
2025-11-24 06:00:00,2867.15,2892.85,2795.4,2839.41,6439.184106
2025-11-24 07:00:00,2839.41,2850.0,2814.99,2829.91,2723.606171
2025-11-24 08:00:00,2830.0,2849.09,2790.0,2839.09,5729.961612
2025-11-24 09:00:00,2839.0,2857.14,2788.14,2797.89,2775.854159
2025-11-24 10:00:00,2797.62,2818.0,2779.09,2799.35,2687.046435
2025-11-24 11:00:00,2799.2,2814.99,2784.61,2803.4,2097.214491
2025-11-24 12:00:00,2802.6,2830.76,2780.0,2803.85,2956.999237
2025-11-24 13:00:00,2803.85,2840.0,2801.35,2815.55,2753.287479
2025-11-24 14:00:00,2814.81,2850.0,2786.94,2828.0,126107.535292
2025-11-24 15:00:00,2828.0,2880.0,2784.61,2846.39,8332.960254
2025-11-24 16:00:00,2846.45,2874.99,2809.63,2858.89,3065.183388
2025-11-24 17:00:00,2858.85,2950.0,2815.29,2940.0,12467.037553
2025-11-24 18:00:00,2939.91,2990.0,2927.94,2957.38,40694.243237
2025-11-24 19:00:00,2957.38,2999.99,2950.85,2959.07,4202.858438
2025-11-24 20:00:00,2958.91,3000.0,2952.63,2974.84,8747.573444
2025-11-24 21:00:00,2973.08,3011.21,2908.57,2959.44,6659.285364
2025-11-24 22:00:00,2959.44,2980.07,2923.07,2962.0,28696.485831
2025-11-24 23:00:00,2961.95,2969.23,2950.0,2953.45,466.417362
2025-11-25 00:00:00,2953.35,2958.76,2910.0,2942.9,2006.092324
2025-11-25 01:00:00,2942.9,2960.0,2912.68,2919.05,1545.904832
2025-11-25 02:00:00,2919.05,2938.46,2900.0,2930.68,1183.695995
2025-11-25 03:00:00,2930.68,2939.45,2905.0,2911.82,1086.18995
2025-11-25 04:00:00,2911.77,2950.0,2909.85,2938.09,734.888605
2025-11-25 05:00:00,2937.6,2942.85,2907.59,2928.64,1200.091901
2025-11-25 06:00:00,2928.33,2938.5,2910.0,2922.53,1097.140465
2025-11-25 07:00:00,2922.53,2940.0,2905.86,2918.49,1037.793956
2025-11-25 08:00:00,2918.49,2938.46,2880.0,2900.0,1585.907997
2025-11-25 09:00:00,2900.0,2926.15,2850.0,2873.63,3654.763326
2025-11-25 10:00:00,2873.63,3021.48,2865.0,2981.73,17086.115025
2025-11-25 11:00:00,2981.73,3021.48,2950.0,2955.0,1782.806528
2025-11-25 12:00:00,2955.0,2979.82,2950.0,2960.34,577.187662
2025-11-25 13:00:00,2962.0,3060.0,2960.0,3043.91,2128.493106
2025-11-25 14:00:00,3038.39,3049.0,2929.25,2995.15,5589.502246
2025-11-25 15:00:00,2995.16,3016.0,2850.0,2880.43,3315.471151
2025-11-25 16:00:00,2880.45,3030.0,2880.45,2994.38,3021.716055
2025-11-25 17:00:00,3000.0,3009.0,2938.46,2971.25,2057.634654
2025-11-25 18:00:00,2971.2,3000.0,2876.97,2882.27,2043.003686
2025-11-25 19:00:00,2876.97,2900.0,2876.92,2891.25,587.409895
2025-11-25 20:00:00,2891.25,2900.0,2877.97,2890.0,3555.420767
2025-11-25 21:00:00,2895.07,2900.0,2867.91,2900.0,24423.886177
2025-11-25 22:00:00,2900.0,2916.66,2882.92,2915.0,22800.432456
2025-11-25 23:00:00,2916.66,2933.33,2915.0,2930.0,315.896053
2025-11-26 00:00:00,2933.33,3049.0,2930.0,3034.93,3861.725294
2025-11-26 01:00:00,3038.46,3062.0,3030.0,3055.0,5840.370678
2025-11-26 02:00:00,3055.0,3062.0,3000.0,3062.0,3261.614067
2025-11-26 03:00:00,3062.0,3062.0,3020.0,3042.9,1552.088986
2025-11-26 04:00:00,3048.13,3062.0,3000.0,3061.9,2771.345674
2025-11-26 05:00:00,3062.0,3062.0,3040.62,3040.62,933.029467
2025-11-26 06:00:00,3046.51,3058.5,3031.13,3032.27,400.895264
2025-11-26 07:00:00,3038.25,3038.25,3007.69,3007.69,458.604233
2025-11-26 08:00:00,3009.34,3015.9,2992.3,3006.43,1265.383159
2025-11-26 09:00:00,3006.15,3018.7,2970.0,2981.8,2844.481306
2025-11-26 10:00:00,2981.8,3014.91,2967.04,2972.45,1496.804655
2025-11-26 11:00:00,2972.66,2990.0,2954.0,2969.5,672.791255
2025-11-26 12:00:00,2969.5,2994.4,2948.18,2979.68,945.870537
2025-11-26 13:00:00,2979.68,2989.7,2880.0,2905.17,40542.03296
2025-11-26 14:00:00,2905.17,2940.0,2900.0,2932.58,665.866601
2025-11-26 15:00:00,2932.58,2933.14,2800.0,2818.0,5732.557697
2025-11-26 16:00:00,2818.0,2948.18,2812.64,2938.27,1710.034411
2025-11-26 17:00:00,2939.18,2957.03,2900.0,2905.71,904.821458
2025-11-26 18:00:00,2905.71,3002.48,2900.0,2948.58,3533.941212
2025-11-26 19:00:00,2948.58,2999.99,2948.58,2977.36,684.783552
2025-11-26 20:00:00,2980.0,2985.4,2950.0,2960.0,3555.752768
2025-11-26 21:00:00,2960.0,2980.8,2950.85,2956.57,676.046236
2025-11-26 22:00:00,2951.23,2985.4,2951.23,2975.99,443.514454
2025-11-26 23:00:00,2975.99,2985.4,2916.66,2955.42,1124.097719
2025-11-27 00:00:00,2955.53,2969.38,2955.0,2961.17,1186.007592
2025-11-27 01:00:00,2961.37,2985.4,2955.0,2970.0,3143.139866
2025-11-27 02:00:00,2970.0,3041.13,2955.0,3037.35,8791.54469
2025-11-27 03:00:00,3037.51,3053.84,3023.07,3037.43,1231.746356
2025-11-27 04:00:00,3033.4,3054.21,3012.0,3041.24,2244.748044
2025-11-27 05:00:00,3041.15,3060.0,3008.0,3023.26,1441.059391
2025-11-27 06:00:00,3023.25,3038.31,3012.5,3027.7,3661.575207
2025-11-27 07:00:00,3027.72,3038.31,3009.8,3034.16,1832.914903
2025-11-27 08:00:00,3033.47,3048.0,3005.56,3028.26,2156.17419
2025-11-27 09:00:00,3028.14,3044.07,3015.0,3027.76,1583.580392
2025-11-27 10:00:00,3027.76,3036.0,3020.0,3034.54,984.70345
2025-11-27 11:00:00,3034.43,3061.14,3010.0,3028.28,71513.958646
2025-11-27 12:00:00,3027.63,3040.0,2988.81,2991.56,36460.02186
2025-11-27 13:00:00,2991.51,3010.0,2950.0,2995.71,132467.860334
2025-11-27 14:00:00,2995.67,3020.0,2970.0,2996.93,6468.219868
2025-11-27 15:00:00,2996.87,3021.68,2976.92,3011.47,2528.683556
2025-11-27 16:00:00,3011.25,3040.0,2989.99,3021.2,6487.472795
2025-11-27 17:00:00,3021.2,3041.66,2999.99,3020.26,1917.797191
2025-11-27 18:00:00,3020.26,3041.66,3002.0,3037.93,2189.01845
2025-11-27 19:00:00,3037.81,3050.0,3027.5,3032.0,1063.224566
2025-11-27 20:00:00,3032.0,3049.99,3020.0,3039.05,4590.830423
2025-11-27 21:00:00,3039.01,3050.0,3013.33,3033.19,1713.694616
2025-11-27 22:00:00,3032.6,3040.0,2970.93,3011.04,7882.954213
2025-11-27 23:00:00,3011.04,3024.96,2938.56,3015.23,3426.814351
2025-11-28 00:00:00,3015.26,3026.66,3007.69,3014.56,868.489558
2025-11-28 01:00:00,3014.52,3020.0,2992.0,2998.8,963.275262
2025-11-28 02:00:00,2998.01,3023.07,2996.0,3012.7,1048.468395
2025-11-28 03:00:00,3012.42,3024.96,2970.0,3008.6,2636.864633
2025-11-28 04:00:00,3008.57,3036.0,3005.74,3017.84,907.739645
2025-11-28 05:00:00,3017.34,3030.0,3000.0,3023.95,1487.900071
2025-11-28 06:00:00,3023.97,3038.55,2990.0,3009.89,3334.277207
2025-11-28 07:00:00,3009.98,3038.46,2992.3,3002.08,1452.411106
2025-11-28 08:00:00,3001.69,3068.45,3000.26,3062.01,31890.814176
2025-11-28 09:00:00,3062.01,3069.94,3031.13,3055.4,8410.805397
2025-11-28 10:00:00,3055.29,3070.0,3030.0,3056.0,1800.978868
2025-11-28 11:00:00,3056.0,3058.91,2992.3,3010.0,1309.790663
2025-11-28 12:00:00,3014.51,3040.0,3010.0,3036.14,462.314406
2025-11-28 13:00:00,3036.15,3082.0,3026.44,3074.12,87237.197701
2025-11-28 14:00:00,3073.92,3095.0,3040.0,3067.25,117256.36489
2025-11-28 15:00:00,3067.27,3095.0,3053.84,3073.63,3644.677859
2025-11-28 16:00:00,3073.63,3077.59,3013.0,3025.36,3728.551632
2025-11-28 17:00:00,3025.36,3044.64,3012.36,3031.44,1015.448583
2025-11-28 18:00:00,3028.0,3053.56,3025.0,3042.29,1116.327493
2025-11-28 19:00:00,3042.3,3060.0,3037.41,3049.74,1268.531348
2025-11-28 20:00:00,3049.98,3058.02,3036.81,3056.13,5955.714479
2025-11-28 21:00:00,3056.13,3060.0,3036.21,3036.45,784.073473
2025-11-28 22:00:00,3036.46,3049.99,3020.0,3039.52,1022.297072
2025-11-28 23:00:00,3039.55,3053.84,3030.5,3031.18,495.80948
2025-11-29 00:00:00,3031.19,3049.86,3030.0,3035.79,315.105474
2025-11-29 01:00:00,3035.98,3052.46,3023.07,3038.42,490.768039
2025-11-29 02:00:00,3038.23,3060.0,2994.35,3030.55,5147.539609
2025-11-29 03:00:00,3030.71,3040.23,2993.28,3022.72,1285.770607
2025-11-29 04:00:00,3022.7,3044.78,3020.02,3041.0,764.333872
2025-11-29 05:00:00,3040.82,3059.99,2999.5,3032.77,3253.220424
2025-11-29 06:00:00,3032.78,3070.0,2960.0,3007.74,12550.563584
2025-11-29 07:00:00,3007.56,3020.0,2996.39,3004.97,836.422874
2025-11-29 08:00:00,3004.97,3021.49,2989.21,3008.47,1719.574527
2025-11-29 09:00:00,3008.48,3030.0,2968.0,3002.06,2365.459478
2025-11-29 10:00:00,3002.05,3007.6,2921.02,2997.27,2276.611256
2025-11-29 11:00:00,2997.28,3028.32,2980.0,3000.24,2551.126354
2025-11-29 12:00:00,3000.25,3057.39,2970.0,2997.01,8615.705622
2025-11-29 13:00:00,2997.06,3351.89,2989.0,3309.18,31389892.814331
2025-11-29 14:00:00,3309.35,3312.09,2989.99,3012.85,34048133.667136
2025-11-29 15:00:00,3012.85,3039.84,3010.0,3039.84,28468057.733811
2025-11-29 16:00:00,3039.86,3053.33,3000.0,3003.86,24704283.864329
2025-11-29 17:00:00,3003.95,3030.48,2994.4,3011.45,29525480.414469
2025-11-29 18:00:00,3011.45,3039.94,2971.7,3015.68,31020714.591774
2025-11-29 19:00:00,3015.7,3049.86,2985.5,2989.06,27391712.502816
2025-11-29 20:00:00,2989.06,3063.61,2984.18,3038.85,28697591.074236
2025-11-29 21:00:00,3038.85,3060.0,2987.9,3010.38,26547785.857192
2025-11-29 22:00:00,3010.38,3093.1,2985.78,3027.82,31494622.079093
2025-11-29 23:00:00,3027.82,3074.0,2986.66,3030.56,26207816.926834
2025-11-30 00:00:00,3030.58,3089.88,2994.51,3013.29,26352416.459654
2025-11-30 01:00:00,3013.29,3067.36,2996.53,3032.0,29328944.351101
2025-11-30 02:00:00,3032.0,3055.96,2994.08,3001.72,27475486.040522
2025-11-30 03:00:00,3001.72,3039.99,2978.5,3001.65,16977470.403098
2025-11-30 04:00:00,3001.66,3010.0,2979.68,2998.85,85642.89208
2025-11-30 05:00:00,2998.84,3002.15,2976.92,2992.25,986.991827
2025-11-30 06:00:00,2992.09,3002.15,2984.0,2997.86,713.113204
2025-11-30 07:00:00,2997.81,3056.66,2948.05,2987.9,161981.059641
2025-11-30 08:00:00,2987.9,3018.25,2930.0,3006.96,28373.031139
2025-11-30 09:00:00,3006.97,3014.92,2960.0,3010.01,4679.826501
2025-11-30 10:00:00,3009.99,3021.68,2990.4,3009.26,1234.770387
2025-11-30 11:00:00,3009.45,3051.09,2946.97,3002.83,32528.027316
2025-11-30 12:00:00,3003.08,3038.46,2989.21,3025.77,3409.146979
2025-11-30 13:00:00,3025.95,3072.0,3007.69,3048.13,5360.600009
2025-11-30 14:00:00,3049.54,3084.61,3000.0,3037.95,5004.610266
2025-11-30 15:00:00,3037.72,3070.0,2982.91,3029.08,3411.599259
2025-11-30 16:00:00,3028.81,3060.0,3023.0,3043.85,1722.424268
2025-11-30 17:00:00,3043.93,3059.82,3031.57,3041.25,1936.972119
2025-11-30 18:00:00,3041.34,3049.66,3009.93,3036.74,1827.495637
2025-11-30 19:00:00,3036.77,3048.22,3023.07,3034.37,995.444651
2025-11-30 20:00:00,3034.81,3053.84,3023.42,3028.93,3648.26943
2025-11-30 21:00:00,3028.92,3032.29,3015.0,3021.2,1299.283282
2025-11-30 22:00:00,3022.4,3035.75,3016.66,3033.42,654.284534
2025-11-30 23:00:00,3033.7,3035.91,2985.6,2991.36,1753.785967
2025-12-01 00:00:00,2991.41,2998.49,2831.89,2836.8,8614.149824
2025-12-01 01:00:00,2836.78,2870.0,2801.98,2851.82,11615.651229
2025-12-01 02:00:00,2851.52,2917.5,2790.39,2838.38,12504.743323
2025-12-01 03:00:00,2838.38,2840.95,2776.71,2825.23,5634.693522
2025-12-01 04:00:00,2830.52,2830.52,2790.29,2822.2,3031.085609
2025-12-01 05:00:00,2822.31,2867.5,2800.0,2828.3,4877.612676
2025-12-01 06:00:00,2828.29,2860.0,2800.0,2824.51,2371.692209
2025-12-01 07:00:00,2824.86,2860.0,2811.99,2840.5,6953.792852
2025-12-01 08:00:00,2840.49,2868.14,2809.52,2840.8,2499.412862
2025-12-01 09:00:00,2839.88,2860.0,2816.66,2839.38,5891.010795
2025-12-01 10:00:00,2839.5,2863.47,2818.76,2843.59,3611.373681
2025-12-01 11:00:00,2843.58,2922.89,2800.0,2838.5,5540.352539
2025-12-01 12:00:00,2838.9,2846.49,2787.12,2821.15,3518.892923
2025-12-01 13:00:00,2821.1,2839.7,2786.83,2813.56,9398.928953
2025-12-01 14:00:00,2813.55,2846.62,2800.0,2818.1,7332.401821
2025-12-01 15:00:00,2819.5,2828.0,2716.36,2745.7,64242.701349
2025-12-01 16:00:00,2745.97,2784.0,2720.0,2730.13,121206.487232
2025-12-01 17:00:00,2730.32,2797.82,2725.0,2739.7,13966.708705
2025-12-01 18:00:00,2739.7,2785.99,2725.0,2750.73,6459.096121
2025-12-01 19:00:00,2749.8,2763.3,2725.0,2740.89,3329.88247
2025-12-01 20:00:00,2740.71,2780.0,2725.0,2757.71,6175.708714
2025-12-01 21:00:00,2757.54,2810.14,2742.06,2792.17,2656.220277
2025-12-01 22:00:00,2791.64,2813.28,2771.71,2798.0,1931.876378
2025-12-01 23:00:00,2797.16,2824.52,2796.53,2798.75,2684.226552
2025-12-02 00:00:00,2798.75,2820.0,2769.35,2795.69,2455.232231
2025-12-02 01:00:00,2794.97,2846.66,2791.57,2795.02,4034.43642
2025-12-02 02:00:00,2795.16,2815.38,2765.05,2801.01,1942.537558
2025-12-02 03:00:00,2801.01,2820.0,2770.0,2804.64,2662.051512
2025-12-02 04:00:00,2804.5,2840.11,2802.71,2804.42,3329.391659
2025-12-02 05:00:00,2804.66,2821.16,2797.49,2803.31,1714.436911
2025-12-02 06:00:00,2803.24,2825.34,2797.51,2812.93,898.246133
2025-12-02 07:00:00,2812.73,2833.0,2800.0,2805.7,1444.790341
2025-12-02 08:00:00,2805.79,2819.98,2779.23,2798.2,2224.688757
2025-12-02 09:00:00,2798.15,2830.66,2779.61,2798.53,2682.739093
2025-12-02 10:00:00,2798.05,2833.5,2781.78,2823.16,2284.555484
2025-12-02 11:00:00,2823.05,2833.33,2816.51,2824.75,2087.297198
2025-12-02 12:00:00,2826.05,2867.99,2816.51,2827.94,2071.420406
2025-12-02 13:00:00,2828.0,2847.79,2807.84,2843.95,18814.356879
2025-12-02 14:00:00,2843.95,2909.78,2833.51,2894.21,7831530.741903
2025-12-02 15:00:00,2894.99,3033.62,2889.09,3006.17,161859.43861
2025-12-02 16:00:00,3006.22,3060.0,2961.53,2995.62,89276.081121
2025-12-02 17:00:00,2995.43,3038.0,2986.66,3016.11,3552.328063
2025-12-02 18:00:00,3015.01,3042.39,2976.9,3014.0,5615.889635
2025-12-02 19:00:00,3013.67,3039.99,3007.69,3016.2,1988.293914
2025-12-02 20:00:00,3016.55,3023.81,2974.99,2980.0,6140.739307
2025-12-02 21:00:00,2980.15,2997.99,2960.0,2995.79,1234.364557
2025-12-02 22:00:00,2995.63,3019.87,2995.43,3017.69,933829.158323
2025-12-02 23:00:00,3017.81,3018.97,2969.99,2996.0,3259.651556
2025-12-03 00:00:00,2996.04,3016.25,2975.55,3003.16,2120.003206
2025-12-03 01:00:00,3003.51,3026.83,2994.08,3015.61,106600.427894
2025-12-03 02:00:00,3015.85,3058.0,3005.0,3031.48,3470.643596
2025-12-03 03:00:00,3031.04,3038.46,3018.25,3030.58,1938.837708
2025-12-03 04:00:00,3030.54,3060.0,3030.0,3056.69,6526.997651
2025-12-03 05:00:00,3056.89,3075.98,3030.37,3058.75,2012.912654
2025-12-03 06:00:00,3058.85,3089.28,3053.84,3066.65,1832.805717
2025-12-03 07:00:00,3067.0,3076.75,3023.07,3054.38,6901.613635
2025-12-03 08:00:00,3054.38,3066.66,2910.0,3046.85,92774.803751
2025-12-03 09:00:00,3046.85,3049.66,3024.99,3032.45,463.648089
2025-12-03 10:00:00,3032.45,3038.64,2999.99,3000.0,896.533605
2025-12-03 11:00:00,3000.0,3037.58,2961.53,2995.0,1299.05123
2025-12-03 12:00:00,2994.4,3007.69,2960.0,2976.92,1240.874327
2025-12-03 13:00:00,2977.09,2995.19,2960.0,2987.2,1262.475646
2025-12-03 14:00:00,2987.9,2999.99,2904.0,2925.0,9530.803469
2025-12-03 15:00:00,2925.0,2966.6,2915.38,2966.6,13291.781654
2025-12-03 16:00:00,2966.6,3038.64,2840.0,2985.15,20228.330168
2025-12-03 17:00:00,2985.15,2992.0,2960.0,2990.0,623.166393
2025-12-03 18:00:00,2990.0,3038.64,2980.0,3020.0,1788.401828
2025-12-03 19:00:00,3025.0,3038.64,3021.68,3033.7,420.534199
2025-12-03 20:00:00,3028.08,3100.0,2976.92,2987.9,4367.233356
2025-12-03 21:00:00,2987.9,3069.23,2981.73,3062.0,1506.935142
2025-12-03 22:00:00,3062.01,3073.0,3005.3,3015.81,1506.123959
2025-12-03 23:00:00,3020.0,3038.46,2993.15,3018.78,1069.669532
2025-12-04 00:00:00,3018.78,3023.07,2980.0,3010.0,986.868185
2025-12-04 01:00:00,3013.33,3039.99,3000.0,3032.27,1549.038537
2025-12-04 02:00:00,3038.25,3039.99,2920.0,2990.0,6110.552254
2025-12-04 03:00:00,2990.0,2999.99,2917.78,2923.96,3231.913991
2025-12-04 04:00:00,2926.15,2933.14,2900.0,2904.78,2307.570507
2025-12-04 05:00:00,2910.0,2972.0,2904.78,2938.27,1443.772145
2025-12-04 06:00:00,2943.75,2960.0,2928.01,2936.0,742.804277
2025-12-04 07:00:00,2936.0,3216.4,2916.66,3190.31,165074.809669
2025-12-04 08:00:00,3190.31,3213.33,3161.53,3184.2,65760.682684
2025-12-04 09:00:00,3184.5,3224.02,3133.33,3199.76,15369.959592
2025-12-04 10:00:00,3200.05,3210.0,3144.0,3188.52,2778.406034
2025-12-04 11:00:00,3194.11,3209.4,3155.0,3186.73,3853.741183
2025-12-04 12:00:00,3186.73,3223.07,3161.85,3176.32,4138.735894
2025-12-04 13:00:00,3176.81,3191.66,3155.0,3170.77,2585.215171
2025-12-04 14:00:00,3170.65,3191.5,3141.02,3146.1,2607.41468
2025-12-04 15:00:00,3144.85,3238.46,3140.0,3208.74,8997.565346
2025-12-04 16:00:00,3208.07,3225.0,3161.72,3169.01,3301.051784
2025-12-04 17:00:00,3169.21,3218.51,3113.51,3160.62,5664.930579
2025-12-04 18:00:00,3161.29,3176.92,3129.27,3139.89,9646.11274
2025-12-04 19:00:00,3141.43,3146.75,3068.19,3119.56,5937.049962
2025-12-04 20:00:00,3119.12,3162.29,3106.0,3142.09,6555.447263
2025-12-04 21:00:00,3141.64,3162.93,3119.08,3123.35,26370.475936
2025-12-04 22:00:00,3123.67,3148.62,3123.02,3145.01,69803.682511
2025-12-04 23:00:00,3143.73,3144.44,3130.05,3133.2,26919.496101
2025-12-05 00:00:00,3133.21,3156.45,3133.04,3146.67,25242.230069
2025-12-05 01:00:00,3146.71,3170.37,3142.3,3163.48,1028.478131
2025-12-05 02:00:00,3163.18,3189.75,3151.25,3182.95,844.551887
2025-12-05 03:00:00,3182.92,3194.26,3150.0,3170.97,3769.579666
2025-12-05 04:00:00,3171.13,3185.52,3151.55,3167.39,1129.890958
2025-12-05 05:00:00,3167.99,3173.44,3152.63,3155.8,2003.24134
2025-12-05 06:00:00,3155.8,3176.92,3141.96,3168.78,1329.723641
2025-12-05 07:00:00,3168.95,3195.74,3162.5,3173.5,3674.104458
2025-12-05 08:00:00,3173.53,3181.0,3137.0,3155.01,1346.261738
2025-12-05 09:00:00,3155.13,3160.0,3108.89,3122.1,2738.638992
2025-12-05 10:00:00,3121.8,3160.0,3120.82,3134.6,1514.450337
2025-12-05 11:00:00,3134.81,3160.0,3109.3,3130.42,2882.535789
2025-12-05 12:00:00,3131.59,3160.0,3096.73,3128.86,3866.540856
2025-12-05 13:00:00,3127.91,3137.01,3088.53,3099.47,2952.973467
2025-12-05 14:00:00,3099.48,3115.38,3086.63,3104.29,2082.838323
2025-12-05 15:00:00,3103.94,3160.0,3080.0,3106.23,4429.800984
2025-12-05 16:00:00,3106.24,3123.81,2972.68,3032.93,7689.53053
2025-12-05 17:00:00,3033.2,3059.93,3000.0,3033.46,3977.124517
2025-12-05 18:00:00,3033.47,3064.26,3004.95,3007.4,3484.769738
2025-12-05 19:00:00,3007.17,3046.5,2984.9,3037.93,2366.206126
2025-12-05 20:00:00,3038.58,3052.0,3012.61,3022.62,4184.171499
2025-12-05 21:00:00,3022.24,3038.46,3010.0,3019.64,1252.543009
2025-12-05 22:00:00,3020.78,3040.23,3010.7,3026.68,801.773464
2025-12-05 23:00:00,3027.01,3027.68,3002.85,3021.67,581.109166
2025-12-06 00:00:00,3021.85,3040.0,2999.99,3026.01,2084.326162
2025-12-06 01:00:00,3026.03,3038.46,3019.43,3026.87,1108.948049
2025-12-06 02:00:00,3026.87,3044.64,3018.78,3028.58,1007.264588
2025-12-06 03:00:00,3029.19,3062.29,3027.59,3039.98,2351.343433
2025-12-06 04:00:00,3040.09,3064.9,3021.33,3036.39,1574.062879
2025-12-06 05:00:00,3036.66,3058.23,3032.05,3037.32,1084.684356
2025-12-06 06:00:00,3037.31,3045.77,3011.0,3039.53,2992.501629
2025-12-06 07:00:00,3039.55,3051.69,3023.07,3026.33,2407.248076
2025-12-06 08:00:00,3026.73,3048.22,3000.0,3014.21,2328.614004
2025-12-06 09:00:00,3014.12,3035.08,2994.4,3029.99,2221.8282
2025-12-06 10:00:00,3030.0,3044.64,3018.25,3031.06,2740.665428
2025-12-06 11:00:00,3031.01,3045.77,3010.0,3038.6,5789.607369
2025-12-06 12:00:00,3038.62,3044.0,3020.0,3031.56,861.279112
2025-12-06 13:00:00,3031.57,3061.42,3016.0,3036.0,2423.680417
2025-12-06 14:00:00,3036.01,3068.57,3027.5,3055.01,1801.489626
2025-12-06 15:00:00,3055.01,3059.11,3010.88,3041.2,3060.473008
2025-12-06 16:00:00,3041.72,3070.0,3023.07,3052.45,2930.069795
2025-12-06 17:00:00,3052.44,3071.36,3033.83,3055.52,2294.832639
2025-12-06 18:00:00,3055.52,3070.0,3027.79,3042.2,1831.769361
2025-12-06 19:00:00,3041.86,3057.06,3013.29,3030.35,1537.596461
2025-12-06 20:00:00,3030.62,3052.14,3018.64,3040.32,4141.921373
2025-12-06 21:00:00,3040.14,3045.77,3036.35,3042.88,891.521335
2025-12-06 22:00:00,3042.89,3069.94,3023.07,3042.17,1666.552853
2025-12-06 23:00:00,3042.18,3043.7,3020.0,3038.04,952.573008
2025-12-07 00:00:00,3038.1,3049.02,3020.0,3044.99,718.981866
2025-12-07 01:00:00,3044.9,3064.0,3023.0,3043.14,1402.971447
2025-12-07 02:00:00,3043.01,3099.99,3022.22,3054.1,5365.816317
2025-12-07 03:00:00,3054.06,3069.23,3048.22,3053.85,1202.508028
2025-12-07 04:00:00,3054.02,3077.0,3034.0,3046.39,3946.364472
2025-12-07 05:00:00,3046.4,3076.15,3000.0,3044.7,5667.511235
2025-12-07 06:00:00,3044.67,3069.94,3038.46,3048.11,855.264773
2025-12-07 07:00:00,3048.12,3069.23,3031.76,3037.21,913.193387
2025-12-07 08:00:00,3037.56,3060.0,3025.0,3034.64,984.373941
2025-12-07 09:00:00,3034.64,3044.64,3017.16,3030.38,814.309984
2025-12-07 10:00:00,3030.39,3043.79,3020.0,3038.2,776.198599
2025-12-07 11:00:00,3038.21,3056.0,3009.0,3035.73,1474.037206
2025-12-07 12:00:00,3035.99,3050.83,3034.72,3047.66,418.009184
2025-12-07 13:00:00,3048.93,3053.0,3026.97,3031.01,1223.626337
2025-12-07 14:00:00,3031.39,3053.84,2928.54,2943.59,8045.537178
2025-12-07 15:00:00,2943.59,3036.36,2930.76,3027.71,142358.583823
2025-12-07 16:00:00,3028.17,3040.0,2995.0,3039.82,3094.353347
2025-12-07 17:00:00,3039.84,3133.89,3025.43,3113.12,6196.505565
2025-12-07 18:00:00,3113.77,3150.0,3104.2,3128.73,2762.72556
2025-12-07 19:00:00,3129.66,3156.52,3100.0,3137.61,6573.118695
2025-12-07 20:00:00,3137.62,3153.87,3132.01,3141.25,3661.299546
2025-12-07 21:00:00,3141.1,3146.15,3070.01,3085.35,2011.994486
2025-12-07 22:00:00,3085.16,3089.28,3023.46,3034.01,3093.893928
2025-12-07 23:00:00,3033.96,3069.23,3022.12,3060.0,3269.648141
2025-12-08 00:00:00,3060.01,3076.43,3030.0,3063.21,2124.029765
2025-12-08 01:00:00,3063.21,3134.21,3050.0,3098.17,5286.26076
2025-12-08 02:00:00,3098.23,3123.33,3069.23,3109.4,4379.450801
2025-12-08 03:00:00,3109.47,3130.76,3080.0,3110.69,3030.09966
2025-12-08 04:00:00,3110.72,3146.15,3099.99,3128.88,2197.502385
2025-12-08 05:00:00,3128.88,3150.0,3120.0,3130.37,1615.364312
2025-12-08 06:00:00,3130.53,3150.0,3115.38,3130.38,1971.821769
2025-12-08 07:00:00,3130.57,3149.28,3123.14,3133.96,1477.155386
2025-12-08 08:00:00,3133.86,3160.0,3115.0,3144.26,4127.626639
2025-12-08 09:00:00,3142.99,3180.0,3140.98,3159.43,2485.720696
2025-12-08 10:00:00,3158.91,3180.0,3145.74,3160.45,1205.848773
2025-12-08 11:00:00,3160.46,3237.06,3123.81,3141.71,7460.156492
2025-12-08 12:00:00,3142.51,3150.0,3096.08,3131.31,15108.42352
2025-12-08 13:00:00,3131.86,3171.52,3128.04,3145.93,8661.417804
2025-12-08 14:00:00,3145.93,3178.57,3127.09,3128.81,8332.552506
2025-12-08 15:00:00,3128.85,3146.15,3083.56,3101.55,9322.93864
2025-12-08 16:00:00,3101.55,3132.07,3075.43,3107.81,5980.651018
2025-12-08 17:00:00,3107.81,3129.37,3076.53,3120.59,3682.674994
2025-12-08 18:00:00,3121.5,3148.47,3080.0,3092.18,5833.599571
2025-12-08 19:00:00,3091.59,3128.12,3090.61,3118.34,1241.610535
2025-12-08 20:00:00,3118.8,3144.15,3118.8,3135.39,3718.875757
2025-12-08 21:00:00,3136.3,3151.0,3126.96,3148.69,839.106727
2025-12-08 22:00:00,3146.73,3155.4,3120.0,3129.75,1132.378343
2025-12-08 23:00:00,3129.84,3136.78,3113.33,3124.34,1619.219638
2025-12-09 00:00:00,3124.61,3146.15,3114.48,3119.46,1139.063084
2025-12-09 01:00:00,3119.48,3123.8,3100.23,3106.86,1661.187032
2025-12-09 02:00:00,3107.67,3125.13,3089.0,3098.4,5820.895972
2025-12-09 03:00:00,3098.28,3130.76,3083.33,3128.02,7778.628937
2025-12-09 04:00:00,3128.04,3141.96,3093.43,3107.0,2777.070864
2025-12-09 05:00:00,3107.03,3128.75,3092.6,3108.25,2938.917945
2025-12-09 06:00:00,3108.58,3115.83,3090.0,3113.12,1023.598426
2025-12-09 07:00:00,3113.16,3138.09,3109.06,3122.49,937.514124
2025-12-09 08:00:00,3123.05,3144.59,3110.0,3120.51,2907.638678
2025-12-09 09:00:00,3120.51,3140.0,3079.99,3105.88,4982.20745
2025-12-09 10:00:00,3105.88,3124.99,3092.39,3107.79,9402.218487
2025-12-09 11:00:00,3107.82,3120.52,3085.16,3118.6,1408.832173
2025-12-09 12:00:00,3118.6,3153.87,3098.86,3137.59,13593.809136
2025-12-09 13:00:00,3137.59,3150.0,3105.0,3117.44,2132.057354
2025-12-09 14:00:00,3117.83,3127.09,3099.08,3117.81,1340.60761
2025-12-09 15:00:00,3117.81,3258.0,3112.82,3245.42,7160.123305
2025-12-09 16:00:00,3245.42,3386.36,3241.66,3365.82,19214.624542
2025-12-09 17:00:00,3365.82,3397.08,3328.93,3374.65,4962.236544
2025-12-09 18:00:00,3374.65,3416.66,3361.0,3375.76,137559.978604
2025-12-09 19:00:00,3375.81,3379.26,3346.66,3357.57,1288.442521
2025-12-09 20:00:00,3357.45,3370.0,3306.14,3326.74,5800.81471
2025-12-09 21:00:00,3326.71,3335.17,3285.04,3303.08,1493.670437
2025-12-09 22:00:00,3302.31,3340.0,3298.1,3328.62,1656.043528
2025-12-09 23:00:00,3328.62,3400.0,3295.86,3318.0,2248.68017
2025-12-10 00:00:00,3318.0,3338.46,3297.99,3306.0,1845.309838
2025-12-10 01:00:00,3306.01,3330.0,3280.05,3303.15,3130.391878
2025-12-10 02:00:00,3302.81,3322.68,3280.0,3310.57,2094.397117
2025-12-10 03:00:00,3310.7,3319.07,3292.3,3309.58,651.501837
2025-12-10 04:00:00,3309.59,3326.99,3302.86,3322.52,720.587183
2025-12-10 05:00:00,3322.62,3336.06,3309.03,3322.4,1101.358426
2025-12-10 06:00:00,3322.41,3327.56,3302.86,3325.6,1223.946134
2025-12-10 07:00:00,3325.53,3344.0,3311.25,3330.0,3127.615512
2025-12-10 08:00:00,3326.85,3345.5,3321.42,3322.4,977.177477
2025-12-10 09:00:00,3322.4,3348.44,3303.66,3348.18,1509.754792
2025-12-10 10:00:00,3347.88,3372.0,3312.29,3312.29,1739.011186
2025-12-10 11:00:00,3312.28,3326.66,3296.0,3318.52,1677.627053
2025-12-10 12:00:00,3318.58,3328.0,3294.72,3324.43,1093.328235
2025-12-10 13:00:00,3324.43,3349.99,3312.0,3334.69,1564.444747
2025-12-10 14:00:00,3334.84,3338.0,3292.0,3320.75,3939.970789
2025-12-10 15:00:00,3319.48,3350.0,3300.67,3328.12,3189.868418
2025-12-10 16:00:00,3328.42,3369.43,3300.8,3351.54,5779.923477
2025-12-10 17:00:00,3351.53,3395.49,3333.74,3370.82,4751.478801
2025-12-10 18:00:00,3370.91,3450.0,3360.36,3382.42,5362.56562
2025-12-10 19:00:00,3381.73,3414.02,3356.34,3389.58,5294.123636
2025-12-10 20:00:00,3391.53,3455.1,3347.93,3354.54,8860.973578
2025-12-10 21:00:00,3355.53,3368.42,3329.25,3339.44,3198.204742
2025-12-10 22:00:00,3339.44,3368.0,3316.66,3346.49,2152.470194
2025-12-10 23:00:00,3346.5,3360.0,3320.0,3324.71,42347.206927
2025-12-11 00:00:00,3323.98,3327.0,3259.63,3279.67,121291.888066
2025-12-11 01:00:00,3279.67,3285.5,3243.83,3254.4,3567.820354
2025-12-11 02:00:00,3254.43,3270.0,3205.78,3210.22,4492.21923
2025-12-11 03:00:00,3210.3,3234.61,3157.69,3191.56,6533.016288
2025-12-11 04:00:00,3191.46,3215.38,3162.5,3214.94,3933.613493
2025-12-11 05:00:00,3214.94,3260.0,3171.69,3214.53,5252.862388
2025-12-11 06:00:00,3214.53,3218.1,3194.61,3203.0,13304.836554
2025-12-11 07:00:00,3203.0,3215.38,3190.0,3201.62,10963.738296
2025-12-11 08:00:00,3201.62,3214.7,3179.69,3197.22,8319.417634
2025-12-11 09:00:00,3197.22,3225.0,3193.49,3198.8,1472.599017
2025-12-11 10:00:00,3198.81,3202.91,3176.92,3196.25,960.405469
2025-12-11 11:00:00,3196.26,3220.0,3171.88,3193.1,1603.698741
2025-12-11 12:00:00,3193.02,3260.0,3185.0,3199.11,9022.136379
2025-12-11 13:00:00,3199.11,3258.92,3140.0,3192.05,19181.999929
2025-12-11 14:00:00,3192.05,3216.4,3147.05,3162.5,5810.762867
2025-12-11 15:00:00,3162.63,3210.22,3155.0,3179.52,5067.830774
2025-12-11 16:00:00,3179.52,3196.93,3150.0,3174.93,15451.757546
2025-12-11 17:00:00,3174.94,3204.0,3168.54,3182.1,14711.331169
2025-12-11 18:00:00,3182.09,3236.0,3179.87,3204.66,15941.228519
2025-12-11 19:00:00,3204.31,3232.0,3190.47,3194.39,17044.710062
2025-12-11 20:00:00,3194.39,3230.0,3192.0,3221.3,4249.586684
2025-12-11 21:00:00,3221.21,3272.58,3215.81,3249.14,2678.181361
2025-12-11 22:00:00,3249.28,3268.0,3208.33,3238.4,2461.808675
2025-12-11 23:00:00,3238.4,3245.75,3184.6,3237.44,2416.291424
2025-12-12 00:00:00,3237.44,3253.23,3188.16,3189.16,1418.661793
2025-12-12 01:00:00,3189.2,3254.0,3184.36,3235.05,4467.155209
2025-12-12 02:00:00,3234.6,3265.2,3213.97,3258.67,1656.584896
2025-12-12 03:00:00,3258.65,3264.24,3223.0,3245.4,2282.616017
2025-12-12 04:00:00,3245.5,3261.35,3234.74,3247.86,3541.164881
2025-12-12 05:00:00,3247.84,3266.66,3232.67,3250.7,2584.925525
2025-12-12 06:00:00,3250.7,3280.0,3228.75,3252.05,5758.826748
2025-12-12 07:00:00,3252.05,3273.07,3228.57,3246.39,72437.675572
2025-12-12 08:00:00,3246.39,3253.84,3210.0,3243.57,29763.397091
2025-12-12 09:00:00,3243.64,3260.0,3144.1,3251.61,40601.077877
2025-12-12 10:00:00,3251.6,3311.17,3230.0,3244.36,44028.653091
2025-12-12 11:00:00,3244.36,3280.0,3194.11,3242.86,5535.60052
2025-12-12 12:00:00,3242.86,3253.23,3151.58,3247.8,23635.006381
2025-12-12 13:00:00,3247.8,3272.68,3212.0,3242.7,1779.807624
2025-12-12 14:00:00,3242.7,3295.06,3208.99,3232.21,3742.948836
2025-12-12 15:00:00,3232.22,3236.72,3050.0,3050.0,9595.171508
2025-12-12 16:00:00,3050.0,3098.21,3017.98,3068.78,8382.895818
2025-12-12 17:00:00,3068.78,3099.55,3059.9,3066.5,1642.169486
2025-12-12 18:00:00,3066.5,3120.0,3030.0,3079.58,3787.422867
2025-12-12 19:00:00,3079.65,3096.5,3063.41,3073.35,1815.835175
2025-12-12 20:00:00,3073.33,3092.39,3067.3,3081.91,4418.56712
2025-12-12 21:00:00,3081.91,3120.0,3076.39,3081.62,1610.866136
2025-12-12 22:00:00,3081.62,3108.44,3077.59,3092.89,2299.128508
2025-12-12 23:00:00,3092.99,3119.99,3070.78,3084.56,7504.098014
2025-12-13 00:00:00,3084.54,3114.99,3079.0,3086.28,10036.427705
2025-12-13 01:00:00,3086.28,3112.0,3058.3,3083.98,1535.157017
2025-12-13 02:00:00,3083.98,3098.81,3048.15,3085.08,2114.564826
2025-12-13 03:00:00,3084.96,3117.59,3084.46,3090.02,1448.180721
2025-12-13 04:00:00,3090.03,3139.0,3040.81,3089.92,4178.845761
2025-12-13 05:00:00,3089.92,3107.14,3085.4,3089.38,663.13062
2025-12-13 06:00:00,3089.38,3113.63,3071.42,3093.95,1106.21038
2025-12-13 07:00:00,3093.96,3118.24,3072.0,3094.89,2372.618537
2025-12-13 08:00:00,3094.89,3133.33,3080.0,3116.27,2595.813384
2025-12-13 09:00:00,3116.27,3139.99,3097.56,3118.19,1852.532889
2025-12-13 10:00:00,3118.19,3137.0,3110.09,3127.59,1690.849288
2025-12-13 11:00:00,3127.59,3139.94,3096.15,3119.24,1338.5557
2025-12-13 12:00:00,3119.24,3128.89,3093.33,3114.76,1650.193738
2025-12-13 13:00:00,3114.77,3133.51,3090.0,3109.65,2017.462834
2025-12-13 14:00:00,3109.65,3139.99,3051.43,3110.48,4295.299058
2025-12-13 15:00:00,3110.48,3150.0,3057.83,3109.73,3272.525657
2025-12-13 16:00:00,3109.73,3130.5,3093.31,3105.49,3751.77115
2025-12-13 17:00:00,3105.49,3193.39,3096.09,3101.0,2403.136466
2025-12-13 18:00:00,3100.99,3130.5,3097.33,3101.92,1356.773084
2025-12-13 19:00:00,3101.72,3123.01,3089.0,3108.55,1188.353241
2025-12-13 20:00:00,3108.55,3140.24,3086.53,3104.25,5560.393212
2025-12-13 21:00:00,3104.05,3114.62,3081.25,3111.61,917.259788
2025-12-13 22:00:00,3111.61,3119.27,3099.06,3114.5,1212.212901
2025-12-13 23:00:00,3114.51,3119.0,3107.45,3114.26,706.5632
2025-12-14 00:00:00,3114.26,3122.5,3104.66,3119.3,292.674913
2025-12-14 01:00:00,3119.3,3130.5,3108.69,3119.95,879.119611
2025-12-14 02:00:00,3119.95,3148.85,3105.09,3122.75,8982.571666
2025-12-14 03:00:00,3122.75,3134.05,3102.43,3118.84,722.484431
2025-12-14 04:00:00,3118.84,3127.5,3106.43,3111.35,609.827776
2025-12-14 05:00:00,3111.25,3126.41,3099.06,3111.61,643.326104
2025-12-14 06:00:00,3111.61,3130.12,3079.46,3110.82,1637.64962
2025-12-14 07:00:00,3110.83,3117.78,3086.0,3115.36,1328.726037
2025-12-14 08:00:00,3115.36,3120.0,3084.75,3110.74,854.294329
2025-12-14 09:00:00,3110.74,3118.34,3092.3,3109.2,679.977099
2025-12-14 10:00:00,3109.2,3130.84,3094.83,3107.45,1567.994298
2025-12-14 11:00:00,3107.45,3111.42,3051.52,3084.84,2426.853433
2025-12-14 12:00:00,3084.85,3112.07,3070.68,3098.6,930.587749
2025-12-14 13:00:00,3103.42,3109.95,3070.0,3101.3,1142.381169
2025-12-14 14:00:00,3101.34,3126.58,3062.5,3085.55,3600.653866
2025-12-14 15:00:00,3085.51,3090.0,3064.26,3084.6,860.978085
2025-12-14 16:00:00,3084.6,3107.45,3066.64,3097.68,4398.68175
2025-12-14 17:00:00,3097.73,3110.0,3074.0,3084.75,1546.48374
2025-12-14 18:00:00,3084.76,3110.0,3079.99,3101.58,2062.000697
2025-12-14 19:00:00,3101.1,3105.24,3069.75,3093.6,1213.78685
2025-12-14 20:00:00,3093.17,3114.0,3066.0,3082.48,4206.202219
2025-12-14 21:00:00,3082.48,3091.12,3077.14,3081.74,650.45605
2025-12-14 22:00:00,3081.75,3118.5,3051.59,3074.37,2026.213636
2025-12-14 23:00:00,3075.13,3085.16,3033.78,3062.42,2519.358469
2025-12-15 00:00:00,3062.43,3083.75,3050.34,3074.73,2103.399612
2025-12-15 01:00:00,3074.74,3119.48,3017.98,3108.12,19209.990782
2025-12-15 02:00:00,3108.13,3149.17,3107.1,3119.99,3041.600682
2025-12-15 03:00:00,3119.99,3134.7,3099.06,3108.47,818.326417
2025-12-15 04:00:00,3108.48,3126.47,3102.02,3124.08,447.075685
2025-12-15 05:00:00,3124.08,3134.0,3114.57,3120.04,798.245646
2025-12-15 06:00:00,3120.05,3145.0,3110.0,3137.05,2733.177525
2025-12-15 07:00:00,3137.2,3150.0,3122.38,3128.71,1378.564244
2025-12-15 08:00:00,3128.72,3145.0,3120.0,3140.0,715.448546
2025-12-15 09:00:00,3140.05,3162.18,3138.74,3153.75,1162.716205
2025-12-15 10:00:00,3153.49,3195.66,3133.33,3159.56,3285.121826
2025-12-15 11:00:00,3159.58,3180.5,3126.85,3156.97,2441.398899
2025-12-15 12:00:00,3156.98,3161.77,3133.16,3156.0,1424.54584
2025-12-15 13:00:00,3156.0,3187.69,3095.0,3132.2,23136.032298
2025-12-15 14:00:00,3132.2,3176.04,3034.61,3049.14,28817.041378
2025-12-15 15:00:00,3049.0,3066.66,2987.18,3011.1,14999.25295
2025-12-15 16:00:00,3011.11,3027.82,2964.23,2988.85,4890.986344
2025-12-15 17:00:00,2988.92,2999.92,2924.48,2937.4,46294.856352
2025-12-15 18:00:00,2937.22,2979.68,2883.35,2938.05,18673.778958
2025-12-15 19:00:00,2938.11,2968.09,2926.66,2940.52,6244.274861
2025-12-15 20:00:00,2940.48,2953.75,2917.65,2929.64,5116.782855
2025-12-15 21:00:00,2929.64,2958.33,2910.0,2945.5,1589.352233
2025-12-15 22:00:00,2945.64,2971.0,2917.0,2952.4,2815.088111
2025-12-15 23:00:00,2952.41,2970.0,2940.0,2965.13,1287.709718
2025-12-16 00:00:00,2965.11,2990.0,2941.19,2942.37,913.300049
2025-12-16 01:00:00,2942.38,2999.99,2927.43,2947.28,4626.061202
2025-12-16 02:00:00,2947.3,2976.71,2938.93,2946.0,2792.357816
2025-12-16 03:00:00,2946.0,2981.25,2900.0,2937.34,70388.70514
2025-12-16 04:00:00,2937.4,2950.0,2866.32,2918.45,16346.67472
2025-12-16 05:00:00,2918.45,2950.03,2895.27,2923.23,10014.460439
2025-12-16 06:00:00,2923.23,2956.2,2920.46,2945.95,1781.034329
2025-12-16 07:00:00,2945.96,2963.33,2907.59,2924.7,2030.602983
2025-12-16 08:00:00,2924.41,2945.84,2920.45,2931.56,1974.719199
2025-12-16 09:00:00,2931.56,2957.03,2919.44,2927.2,3332.209446
2025-12-16 10:00:00,2927.16,2964.16,2902.14,2948.62,3316.135163
2025-12-16 11:00:00,2948.77,2981.62,2928.19,2957.63,4997.461806
2025-12-16 12:00:00,2957.93,2986.66,2920.0,2952.06,2379.824415
2025-12-16 13:00:00,2952.06,2993.33,2850.0,2912.0,6704.1297
2025-12-16 14:00:00,2911.96,2967.45,2890.26,2941.88,4207.669012
2025-12-16 15:00:00,2942.72,2974.99,2910.71,2963.44,5061.836527
2025-12-16 16:00:00,2963.24,2966.66,2916.18,2938.53,4430.588309
2025-12-16 17:00:00,2943.42,2975.55,2888.0,2919.83,15313.492631
2025-12-16 18:00:00,2919.46,2971.0,2890.0,2952.06,10934.552833
2025-12-16 19:00:00,2951.34,2958.91,2920.68,2946.37,1674.994031
2025-12-16 20:00:00,2945.31,2963.46,2933.72,2948.62,4497.946821
2025-12-16 21:00:00,2947.71,2979.24,2938.27,2951.02,1298.958213
2025-12-16 22:00:00,2951.15,2969.43,2944.22,2954.24,1101.095972
2025-12-16 23:00:00,2954.86,2974.84,2944.0,2962.51,1667.516271
2025-12-17 00:00:00,2962.51,2996.77,2934.36,2949.51,10788.956278
2025-12-17 01:00:00,2950.53,3014.0,2948.19,2953.96,30469.110679
2025-12-17 02:00:00,2953.96,2970.0,2939.45,2959.44,2381.408947
2025-12-17 03:00:00,2959.44,2970.0,2934.87,2947.6,2528.192981
2025-12-17 04:00:00,2947.68,2953.0,2920.0,2932.44,1195.824195
2025-12-17 05:00:00,2933.69,2941.1,2910.0,2930.67,1422.388269
2025-12-17 06:00:00,2930.64,2980.0,2899.99,2936.35,9380.790951
2025-12-17 07:00:00,2936.6,2966.66,2922.7,2948.15,1398.423704
2025-12-17 08:00:00,2947.91,2970.0,2921.37,2925.82,80871.692213
2025-12-17 09:00:00,2926.05,2950.0,2900.35,2923.4,1671.626935
2025-12-17 10:00:00,2923.41,2945.71,2907.62,2920.71,1427.705996
2025-12-17 11:00:00,2919.86,2975.55,2900.0,2928.85,11574.911313
2025-12-17 12:00:00,2928.85,2974.8,2880.0,2925.54,11201.963299
2025-12-17 13:00:00,2925.73,2953.0,2877.23,2944.68,5511.318793
2025-12-17 14:00:00,2944.83,2994.75,2889.99,2982.69,3978.489871
2025-12-17 15:00:00,2982.69,3046.52,2897.76,2904.4,51962.17018
2025-12-17 16:00:00,2904.63,2937.94,2821.25,2864.55,15138.158072
2025-12-17 17:00:00,2864.54,2887.5,2827.44,2847.97,9165.476962
2025-12-17 18:00:00,2847.97,2877.57,2800.0,2814.06,14844.893019
2025-12-17 19:00:00,2813.99,2871.74,2790.0,2820.74,15929.775569
2025-12-17 20:00:00,2820.73,2896.0,2803.57,2823.52,21653.354207
2025-12-17 21:00:00,2823.71,2851.56,2791.66,2818.89,14138.921246
2025-12-17 22:00:00,2819.83,2842.21,2814.01,2835.77,20230.905167
2025-12-17 23:00:00,2835.87,2839.03,2819.56,2835.1,8806.329519
2025-12-18 00:00:00,2834.2,2839.03,2824.34,2836.7,1288.062959
2025-12-18 01:00:00,2836.67,2845.53,2822.4,2827.76,2037.742092
2025-12-18 02:00:00,2828.7,2846.51,2822.64,2837.65,3105.014272
2025-12-18 03:00:00,2837.7,2880.0,2781.55,2832.36,17891.011554
2025-12-18 04:00:00,2832.42,2874.99,2823.87,2838.66,3808.211981
2025-12-18 05:00:00,2838.64,2840.0,2814.1,2825.98,3539.748263
2025-12-18 06:00:00,2826.0,2839.03,2824.01,2831.71,1187.211678
2025-12-18 07:00:00,2831.71,2849.09,2815.09,2836.56,6790.204868
2025-12-18 08:00:00,2836.8,2851.63,2819.86,2842.05,17568.396131
2025-12-18 09:00:00,2842.09,2876.18,2812.5,2853.11,12167.809179
2025-12-18 10:00:00,2853.11,2864.39,2840.0,2859.1,3065303.512846
2025-12-18 11:00:00,2859.85,2865.86,2845.87,2858.72,762.535318
2025-12-18 12:00:00,2859.48,2892.68,2830.0,2871.41,3008479.935668
2025-12-18 13:00:00,2871.41,2979.71,2871.35,2963.56,14975.902898
2025-12-18 14:00:00,2964.05,3008.66,2915.8,2950.44,12230.557669
2025-12-18 15:00:00,2950.44,3020.0,2933.78,2965.36,9320.167623
2025-12-18 16:00:00,2965.36,2969.28,2925.0,2944.02,17371.923329
2025-12-18 17:00:00,2944.02,2948.55,2798.87,2879.27,85804.898383
2025-12-18 18:00:00,2877.0,2880.0,2819.69,2828.11,5021.765103
2025-12-18 19:00:00,2827.5,2870.0,2776.7,2782.9,11114.404031
2025-12-18 20:00:00,2782.9,2820.0,2770.58,2782.69,8191.706172
2025-12-18 21:00:00,2781.5,2831.57,2780.0,2828.08,3542.173461
2025-12-18 22:00:00,2825.0,2868.64,2811.93,2829.46,3890.705734
2025-12-18 23:00:00,2829.41,2850.57,2822.4,2828.61,1264.021237
2025-12-19 00:00:00,2828.46,2840.4,2804.78,2831.05,1466.476134
2025-12-19 01:00:00,2830.88,2840.0,2811.9,2821.3,1028.63614
2025-12-19 02:00:00,2820.6,2856.0,2786.73,2835.95,4029.390784
2025-12-19 03:00:00,2836.32,2931.58,2835.0,2908.76,1694147.944242
2025-12-19 04:00:00,2908.76,2939.99,2890.0,2921.01,3688.205979
2025-12-19 05:00:00,2921.3,2948.55,2889.15,2922.93,6809.525926
2025-12-19 06:00:00,2922.93,2948.55,2916.0,2947.99,16270.272607
2025-12-19 07:00:00,2947.95,3000.0,2912.0,2951.7,77638.453289
2025-12-19 08:00:00,2952.5,2980.0,2929.25,2951.02,2679.859326
2025-12-19 09:00:00,2951.0,2959.75,2946.34,2955.35,1203.770382
2025-12-19 10:00:00,2954.93,2980.0,2938.5,2954.41,5323.062331
2025-12-19 11:00:00,2958.6,2980.18,2950.17,2964.68,1659.516465
2025-12-19 12:00:00,2964.68,2989.32,2913.34,2956.24,6023.235739
2025-12-19 13:00:00,2956.25,3016.25,2954.28,2961.48,81260.240168
2025-12-19 14:00:00,2961.48,2990.09,2945.0,2976.77,5928.590905
2025-12-19 15:00:00,2976.77,3068.35,2932.32,2964.72,43825.308976
2025-12-19 16:00:00,2964.72,3022.5,2955.88,2967.13,10165.448269
2025-12-19 17:00:00,2967.13,2999.99,2926.0,2940.01,14687.705572
2025-12-19 18:00:00,2939.92,2990.29,2926.04,2966.56,7769.505825
2025-12-19 19:00:00,2966.55,3019.98,2962.5,2985.3,2517.191365
2025-12-19 20:00:00,2985.3,3020.0,2977.18,3015.59,5426.367669
2025-12-19 21:00:00,3010.34,3030.0,2959.75,2975.0,6862.002042
2025-12-19 22:00:00,2977.87,2993.33,2975.0,2988.41,1011.253209
2025-12-19 23:00:00,2988.4,2992.0,2978.0,2979.85,596.298669
2025-12-20 00:00:00,2979.84,2984.9,2969.28,2974.65,707.354973
2025-12-20 01:00:00,2974.65,2994.4,2970.0,2976.89,1029.15436
2025-12-20 02:00:00,2976.89,2999.46,2963.2,2983.45,2278.553414
2025-12-20 03:00:00,2983.39,3000.0,2981.25,2989.74,1853.272103
2025-12-20 04:00:00,2989.74,3040.0,2959.75,2984.57,6529.992623
2025-12-20 05:00:00,2984.57,2999.99,2978.18,2981.16,939.423242
2025-12-20 06:00:00,2981.17,3000.0,2968.0,2980.91,2248.263099
2025-12-20 07:00:00,2980.91,3000.0,2966.49,2981.55,3073.327065
2025-12-20 08:00:00,2981.56,3030.0,2960.0,2983.35,267878.545819
2025-12-20 09:00:00,2983.15,3000.0,2970.0,2983.44,47842.998928
2025-12-20 10:00:00,2983.44,3012.5,2953.33,2979.31,6248.957763
2025-12-20 11:00:00,2979.31,2990.0,2973.17,2987.42,797.268934
2025-12-20 12:00:00,2987.43,3024.96,2933.33,2989.25,22697.89887
2025-12-20 13:00:00,2989.24,2999.99,2964.28,2980.2,1435.256813
2025-12-20 14:00:00,2980.19,2981.91,2960.0,2980.14,1189.267073
2025-12-20 15:00:00,2980.14,2997.71,2962.5,2977.22,1586.731538
2025-12-20 16:00:00,2977.23,2994.4,2954.62,2978.86,4368.048336
2025-12-20 17:00:00,2978.85,3000.0,2959.0,2978.05,3839.089335
2025-12-20 18:00:00,2978.05,2999.99,2970.0,2978.25,1609.540269
2025-12-20 19:00:00,2978.24,2990.0,2964.0,2978.25,3377.45473
2025-12-20 20:00:00,2978.26,2985.81,2956.5,2984.66,8765.292069
2025-12-20 21:00:00,2984.67,2986.58,2978.81,2979.1,796.527942
2025-12-20 22:00:00,2979.1,2986.58,2959.0,2977.6,1213.668612
2025-12-20 23:00:00,2977.61,2986.58,2973.68,2978.14,373.266159
2025-12-21 00:00:00,2978.15,2982.17,2960.0,2980.21,572.947179
2025-12-21 01:00:00,2980.21,2980.48,2950.18,2968.09,3107.17142
2025-12-21 02:00:00,2968.1,2987.18,2962.5,2966.14,1451.714408
2025-12-21 03:00:00,2966.14,2990.0,2960.0,2973.1,933.661792
2025-12-21 04:00:00,2973.09,2980.0,2955.05,2975.31,1031.532423
2025-12-21 05:00:00,2975.31,2979.02,2970.32,2973.71,1374.211288
2025-12-21 06:00:00,2973.72,2979.02,2950.85,2976.4,4235.946071
2025-12-21 07:00:00,2976.4,2982.69,2952.13,2981.5,1978.368928
2025-12-21 08:00:00,2981.49,2999.8,2961.48,2992.12,1915.581227
2025-12-21 09:00:00,2992.12,3060.0,2970.0,3003.25,19711.597322
2025-12-21 10:00:00,3003.25,3010.0,2992.3,2996.8,1031.366554
2025-12-21 11:00:00,2996.79,3002.0,2976.0,2996.7,1584.801536
2025-12-21 12:00:00,2996.69,3024.0,2982.35,2990.41,4710.9295
2025-12-21 13:00:00,2990.4,2995.65,2926.66,2952.0,12590.719131
2025-12-21 14:00:00,2950.55,2999.99,2943.99,2971.04,8525.134577
2025-12-21 15:00:00,2971.04,2979.68,2960.0,2974.67,2948.220557
2025-12-21 16:00:00,2974.67,2997.65,2953.57,2986.12,4171.111383
2025-12-21 17:00:00,2986.12,3002.97,2965.6,2983.9,2726.911763
2025-12-21 18:00:00,2983.91,2990.0,2960.0,2988.54,1250.53969
2025-12-21 19:00:00,2988.55,3039.54,2961.65,2991.39,3257.587907
2025-12-21 20:00:00,2991.39,3003.12,2985.5,2987.11,3549.551378
2025-12-21 21:00:00,2987.1,3000.0,2971.49,2973.91,1331.043249
2025-12-21 22:00:00,2973.91,2996.61,2971.5,2996.61,966.636537
2025-12-21 23:00:00,2996.59,3014.0,2981.73,3002.07,1840.810822
2025-12-22 00:00:00,3002.02,3060.0,3000.0,3029.99,4116.956287
2025-12-22 01:00:00,3024.48,3049.09,3018.08,3018.74,1155.690466
2025-12-22 02:00:00,3018.75,3024.69,2960.34,3010.21,3617.373148
2025-12-22 03:00:00,3010.21,3037.89,2981.52,3021.83,2394.015378
2025-12-22 04:00:00,3021.65,3058.0,3011.06,3040.36,3914.136188
2025-12-22 05:00:00,3040.35,3059.9,3026.29,3028.45,1051.188487
2025-12-22 06:00:00,3028.45,3048.68,3015.93,3024.73,1797.655424
2025-12-22 07:00:00,3030.0,3055.21,3013.72,3030.22,1976.33966
2025-12-22 08:00:00,3030.19,3068.19,3000.0,3027.96,5218.55499
2025-12-22 09:00:00,3027.89,3073.33,3017.03,3041.54,2703.224247
2025-12-22 10:00:00,3041.55,3045.55,3020.0,3040.82,1082.498271
2025-12-22 11:00:00,3040.84,3068.05,3020.0,3049.28,3753.859691
2025-12-22 12:00:00,3049.29,3076.47,3043.97,3058.66,1587.425091
2025-12-22 13:00:00,3058.67,3083.33,3010.51,3056.95,7877.140931
2025-12-22 14:00:00,3056.95,3078.34,3030.21,3062.04,2623.012535
2025-12-22 15:00:00,3062.04,3071.42,3022.63,3052.81,3316.874625
2025-12-22 16:00:00,3052.78,3066.11,3025.0,3043.34,3968.502624
2025-12-22 17:00:00,3043.35,3045.88,3020.0,3032.89,2414.000808
2025-12-22 18:00:00,3032.89,3053.33,3012.0,3016.0,1775.706741
2025-12-22 19:00:00,3016.01,3020.0,2974.94,2981.01,3745.872883
2025-12-22 20:00:00,2981.01,2996.0,2965.91,2976.71,5302.456351
2025-12-22 21:00:00,2977.26,3004.28,2975.11,2990.05,1174.621543
2025-12-22 22:00:00,2990.08,3015.75,2982.35,3012.6,896.348866
2025-12-22 23:00:00,3012.6,3020.0,2992.0,3009.45,1407.560667
2025-12-23 00:00:00,3009.41,3041.66,3005.22,3028.39,1467.715268
2025-12-23 01:00:00,3028.5,3040.0,3017.16,3018.71,1469.93212
2025-12-23 02:00:00,3018.71,3025.37,2980.0,2985.5,2395.958869
2025-12-23 03:00:00,2985.5,3003.06,2970.0,2994.09,2920.539352
2025-12-23 04:00:00,2992.01,3011.76,2965.6,2985.08,3256.964169
2025-12-23 05:00:00,2984.39,2999.99,2967.37,2976.28,2422.466008
2025-12-23 06:00:00,2975.77,2997.07,2947.58,2961.0,2027.281727
2025-12-23 07:00:00,2960.41,2980.0,2956.22,2965.2,1913.696486
2025-12-23 08:00:00,2969.54,2986.16,2953.73,2962.36,2030.603296
2025-12-23 09:00:00,2962.36,2969.23,2952.45,2964.0,741.401412
2025-12-23 10:00:00,2964.11,2987.5,2941.47,2967.17,1706.675489
2025-12-23 11:00:00,2967.35,2996.06,2960.0,2973.6,4037.427659
2025-12-23 12:00:00,2973.61,2991.69,2945.78,2955.53,3357.684409
2025-12-23 13:00:00,2955.5,2980.0,2920.0,2941.92,2666.341077
2025-12-23 14:00:00,2946.72,2952.93,2897.44,2917.34,3634.531374
2025-12-23 15:00:00,2917.31,2940.0,2900.0,2928.99,4396.215448
2025-12-23 16:00:00,2928.46,2973.33,2922.55,2956.8,4561.557336
2025-12-23 17:00:00,2956.75,2979.25,2910.0,2911.14,6760.198691
2025-12-23 18:00:00,2910.9,2966.66,2909.34,2947.3,3126.669105
2025-12-23 19:00:00,2947.3,2958.33,2931.09,2943.86,1223.008798
2025-12-23 20:00:00,2943.95,2988.88,2940.25,2970.09,4401.924227
2025-12-23 21:00:00,2969.75,2982.0,2954.0,2974.23,1379.458578
2025-12-23 22:00:00,2974.51,2979.68,2951.78,2960.15,1212.023342
2025-12-23 23:00:00,2960.88,2979.99,2952.93,2964.62,809.328806
2025-12-24 00:00:00,2964.89,2976.0,2946.9,2973.0,836.125987
2025-12-24 01:00:00,2973.45,2987.9,2942.3,2963.49,2374.744196
2025-12-24 02:00:00,2963.79,2964.87,2924.66,2936.0,2736.695848
2025-12-24 03:00:00,2935.55,2950.0,2922.22,2945.82,2577.233542
2025-12-24 04:00:00,2945.87,2966.63,2924.13,2936.69,1490.281612
2025-12-24 05:00:00,2935.77,2957.99,2918.36,2929.89,1078.301433
2025-12-24 06:00:00,2929.33,2956.0,2921.37,2933.56,1088.653928
2025-12-24 07:00:00,2933.68,2946.15,2932.2,2932.75,1376.647927
2025-12-24 08:00:00,2932.72,2949.99,2920.0,2923.09,2135.942511
2025-12-24 09:00:00,2924.0,2940.0,2911.92,2919.51,2381.907229
2025-12-24 10:00:00,2919.41,2939.92,2910.0,2927.91,1573.055592
2025-12-24 11:00:00,2927.86,2949.99,2910.0,2925.8,2729.820354
2025-12-24 12:00:00,2925.46,2946.15,2922.89,2936.6,1427.32966
2025-12-24 13:00:00,2936.6,2950.0,2912.68,2931.03,3493.413669
2025-12-24 14:00:00,2931.1,2955.0,2881.85,2914.8,3984.74091
2025-12-24 15:00:00,2915.0,2929.91,2903.36,2925.8,1203.765823
2025-12-24 16:00:00,2925.57,2948.0,2916.0,2940.6,2027.676598
2025-12-24 17:00:00,2940.66,2957.42,2920.0,2937.29,2704.341327
2025-12-24 18:00:00,2937.24,2958.33,2930.5,2942.1,1308.945053
2025-12-24 19:00:00,2941.62,2950.0,2937.25,2945.9,711.808718
2025-12-24 20:00:00,2946.0,2962.83,2942.09,2942.8,3722.525302
2025-12-24 21:00:00,2943.3,2966.66,2942.89,2948.27,800.585047
2025-12-24 22:00:00,2950.91,2968.5,2940.0,2959.76,1057.142793
2025-12-24 23:00:00,2960.0,2963.17,2946.34,2947.47,1149.150437
2025-12-25 00:00:00,2947.48,2952.43,2933.56,2939.4,897.139069
2025-12-25 01:00:00,2939.5,2963.2,2938.27,2948.79,949.055724
2025-12-25 02:00:00,2948.66,2965.6,2929.5,2952.91,964.493085
2025-12-25 03:00:00,2952.51,3039.29,2943.68,2947.25,3965.787222
2025-12-25 04:00:00,2947.26,2962.5,2935.35,2945.0,957.127852
2025-12-25 05:00:00,2944.91,2948.57,2930.0,2942.5,1255.652681
2025-12-25 06:00:00,2942.4,2956.91,2920.51,2943.41,1686.774031
2025-12-25 07:00:00,2943.41,2950.85,2930.0,2942.23,758.646866
2025-12-25 08:00:00,2942.25,2946.88,2912.28,2930.76,3228.474791
2025-12-25 09:00:00,2930.71,2931.5,2910.0,2928.6,727.93964
2025-12-25 10:00:00,2928.47,2929.24,2912.68,2920.65,11505.696384
2025-12-25 11:00:00,2920.75,2933.14,2915.0,2924.94,370.402879
2025-12-25 12:00:00,2924.95,2940.0,2923.91,2928.2,4174.178665
2025-12-25 13:00:00,2928.16,2940.0,2912.5,2931.38,985.026633
2025-12-25 14:00:00,2931.36,2940.0,2910.0,2933.55,1531.68234
2025-12-25 15:00:00,2933.4,2970.84,2932.0,2960.89,5235.863798
2025-12-25 16:00:00,2960.89,2980.0,2940.0,2948.31,2546.206018
2025-12-25 17:00:00,2948.17,2959.99,2944.04,2952.9,541.549915
2025-12-25 18:00:00,2952.95,2965.08,2948.8,2959.33,906.860373
2025-12-25 19:00:00,2959.2,2963.2,2949.75,2956.8,546.548996
2025-12-25 20:00:00,2956.29,2960.0,2944.63,2950.28,3482.936243
2025-12-25 21:00:00,2950.16,2965.81,2938.76,2946.85,755.863329
2025-12-25 22:00:00,2946.94,2950.0,2909.4,2921.88,1771.104422
2025-12-25 23:00:00,2921.89,2926.99,2883.33,2903.85,3160.480102
2025-12-26 00:00:00,2904.1,2911.76,2895.25,2904.22,1383.072266
2025-12-26 01:00:00,2904.33,2930.0,2900.0,2918.86,1532.328271
2025-12-26 02:00:00,2918.3,2999.73,2916.12,2973.19,5706.008133
2025-12-26 03:00:00,2973.99,2980.76,2952.28,2964.6,2022.341731
2025-12-26 04:00:00,2964.88,2979.43,2952.25,2971.9,1200.587626
2025-12-26 05:00:00,2971.66,2979.43,2960.0,2972.7,922.680878
2025-12-26 06:00:00,2973.75,2981.73,2969.54,2976.41,6479.823287
2025-12-26 07:00:00,2976.55,3000.0,2949.22,2957.0,2912.395515
2025-12-26 08:00:00,2956.85,2987.9,2950.0,2964.73,2139.776897
2025-12-26 09:00:00,2964.26,2988.92,2951.42,2972.85,1172.247026
2025-12-26 10:00:00,2973.0,2991.75,2961.53,2971.6,1153.838845
2025-12-26 11:00:00,2971.66,2980.0,2960.0,2964.58,567.618604
2025-12-26 12:00:00,2964.75,2982.16,2964.42,2972.06,518.291177
2025-12-26 13:00:00,2972.49,3000.0,2970.0,2984.4,959.803556
2025-12-26 14:00:00,2985.15,3001.38,2903.37,2918.35,5309.61982
2025-12-26 15:00:00,2917.91,2961.45,2895.5,2923.14,7546.008218
2025-12-26 16:00:00,2923.4,2956.25,2907.3,2909.71,3223.286925
2025-12-26 17:00:00,2910.99,2935.2,2906.94,2920.25,1333.516166
2025-12-26 18:00:00,2922.03,2940.0,2911.2,2923.55,3103.806822
2025-12-26 19:00:00,2923.31,2930.5,2918.62,2926.05,703.860125
2025-12-26 20:00:00,2925.96,2969.02,2922.56,2930.48,5110.254326
2025-12-26 21:00:00,2931.46,2965.81,2921.11,2924.61,2264.676366
2025-12-26 22:00:00,2924.81,2932.32,2920.0,2931.25,688.459596
2025-12-26 23:00:00,2931.45,2934.28,2926.05,2928.0,248.09915
2025-12-27 00:00:00,2928.71,2931.01,2920.0,2927.4,369.346713
2025-12-27 01:00:00,2927.52,2929.06,2922.0,2927.76,176.879756
2025-12-27 02:00:00,2927.76,2938.46,2924.01,2927.65,253.603148
2025-12-27 03:00:00,2928.15,2933.54,2913.84,2933.31,576.508699
2025-12-27 04:00:00,2933.4,2938.93,2925.5,2930.4,2006.229003
2025-12-27 05:00:00,2930.46,2939.99,2910.62,2931.02,1049.240488
2025-12-27 06:00:00,2931.01,2942.5,2925.33,2930.05,15245.751879
2025-12-27 07:00:00,2929.8,2940.0,2900.0,2933.05,23138.083815
2025-12-27 08:00:00,2933.06,2960.34,2887.3,2933.89,14257.93961
2025-12-27 09:00:00,2934.0,2950.56,2910.0,2935.07,2870.097414
2025-12-27 10:00:00,2935.09,2940.0,2917.78,2927.19,551.846496
2025-12-27 11:00:00,2926.87,2942.22,2923.75,2931.16,50640.752311
2025-12-27 12:00:00,2931.01,2980.25,2882.0,2931.9,98627.274188
2025-12-27 13:00:00,2931.95,2986.66,2905.75,2929.85,1721659.581648
2025-12-27 14:00:00,2929.86,2950.0,2910.0,2929.61,1848.18522
2025-12-27 15:00:00,2929.67,2960.42,2880.6,2923.07,13238.64101
2025-12-27 16:00:00,2923.07,2975.91,2880.0,2921.19,21720.699575
2025-12-27 17:00:00,2920.81,2940.0,2911.95,2928.36,1380.794791
2025-12-27 18:00:00,2928.36,2940.0,2925.21,2926.65,736.261129
2025-12-27 19:00:00,2926.56,2933.14,2911.96,2930.67,776.193364
2025-12-27 20:00:00,2930.8,2948.97,2927.79,2929.24,3668.536278
2025-12-27 21:00:00,2929.25,2938.46,2928.5,2934.54,956.414841
2025-12-27 22:00:00,2935.0,2958.33,2926.0,2933.41,1516.175383
2025-12-27 23:00:00,2933.11,2959.74,2930.0,2944.67,549.258705
2025-12-28 00:00:00,2948.65,2965.51,2943.35,2945.39,908.878949
2025-12-28 01:00:00,2945.5,2960.0,2898.48,2943.99,32471.215176
2025-12-28 02:00:00,2944.0,2960.0,2933.14,2947.6,827.436587
2025-12-28 03:00:00,2947.15,2948.35,2939.99,2943.72,523.540276
2025-12-28 04:00:00,2943.35,2960.0,2938.59,2938.7,999.987322
2025-12-28 05:00:00,2944.0,2944.46,2930.0,2935.05,678.747097
2025-12-28 06:00:00,2935.06,2953.73,2930.0,2942.8,970.387861
2025-12-28 07:00:00,2942.8,2956.5,2880.97,2884.4,13184.531617
2025-12-28 08:00:00,2889.42,2897.44,2845.75,2857.17,7215.417545
2025-12-28 09:00:00,2857.17,2960.0,2700.0,2937.89,55244.637486
2025-12-28 10:00:00,2937.89,2960.34,2936.32,2943.18,62945.191346
2025-12-28 11:00:00,2943.25,2961.71,2930.0,2944.04,1784.560546
2025-12-28 12:00:00,2944.2,2962.38,2924.46,2939.11,1596.773677
2025-12-28 13:00:00,2939.2,2960.0,2920.0,2940.35,3333.149564
2025-12-28 14:00:00,2940.35,2970.0,2939.03,2945.75,14379.721703
2025-12-28 15:00:00,2945.48,2960.0,2941.34,2949.2,35221.501961
2025-12-28 16:00:00,2949.25,2973.27,2921.49,2943.12,24647.450228
2025-12-28 17:00:00,2943.12,2999.99,2892.81,2945.96,36118.838348
2025-12-28 18:00:00,2945.95,2962.38,2889.73,2931.45,21479.912479
2025-12-28 19:00:00,2931.49,2955.0,2926.66,2933.65,7073.114984
2025-12-28 20:00:00,2933.69,2951.78,2920.0,2932.35,4612.340737
2025-12-28 21:00:00,2932.35,2948.75,2928.5,2937.6,963.16808
2025-12-28 22:00:00,2938.5,2955.36,2935.66,2950.28,2570.350344
2025-12-28 23:00:00,2950.29,2965.81,2930.0,2950.3,1494.926926
2025-12-29 00:00:00,2951.05,2977.01,2943.68,2966.64,3377.430344
2025-12-29 01:00:00,2966.65,2986.66,2953.29,2980.99,2130.429075
2025-12-29 02:00:00,2980.99,3017.5,2970.0,3003.55,5386.702195
2025-12-29 03:00:00,3003.55,3048.47,2990.0,3043.8,6088.183945
2025-12-29 04:00:00,3043.73,3060.0,3006.86,3039.7,7040.371661
2025-12-29 05:00:00,3039.71,3046.04,3030.0,3037.15,1892.401058
2025-12-29 06:00:00,3037.59,3056.25,3018.7,3036.23,1906.413706
2025-12-29 07:00:00,3036.24,3072.38,3005.75,3019.4,7045.443035
2025-12-29 08:00:00,3019.45,3036.0,2999.99,3014.39,2984.853416
2025-12-29 09:00:00,3014.34,3060.52,2942.9,2975.96,8133.265543
2025-12-29 10:00:00,2976.96,2989.4,2953.99,2966.7,3015.563662
2025-12-29 11:00:00,2966.59,3010.88,2952.0,2979.0,13959.838044
2025-12-29 12:00:00,2984.0,3018.11,2900.0,2930.88,28827.134956
2025-12-29 13:00:00,2931.16,3000.61,2915.86,2927.23,7750.78328
2025-12-29 14:00:00,2927.35,2970.0,2915.38,2928.44,11430.84746
2025-12-29 15:00:00,2928.44,2957.03,2853.05,2936.0,16776.05939
2025-12-29 16:00:00,2935.69,2990.9,2901.24,2936.4,28138.527752
2025-12-29 17:00:00,2936.46,2992.3,2881.81,2943.63,31024.852705
2025-12-29 18:00:00,2943.63,3020.0,2883.3,2918.7,10674.744052
2025-12-29 19:00:00,2919.33,2954.81,2860.0,2932.45,5319.510358
2025-12-29 20:00:00,2932.58,2958.33,2915.86,2930.69,5075.388509
2025-12-29 21:00:00,2930.69,2950.0,2916.66,2938.0,1172.198098
2025-12-29 22:00:00,2937.28,2953.33,2920.0,2938.21,2679.328954
2025-12-29 23:00:00,2938.22,2958.03,2912.68,2938.85,4304.223812
2025-12-30 00:00:00,2938.31,2956.72,2920.0,2937.95,2149.462055
2025-12-30 01:00:00,2938.2,2965.81,2908.36,2936.91,8085.105889
2025-12-30 02:00:00,2936.9,2981.8,2916.66,2928.8,3256.043856
2025-12-30 03:00:00,2928.24,2961.11,2917.78,2951.65,4172.416011
2025-12-30 04:00:00,2951.6,3001.38,2946.02,2946.13,6194.757241
2025-12-30 05:00:00,2946.13,2961.53,2932.32,2941.47,2210.065833
2025-12-30 06:00:00,2941.46,2992.0,2940.0,2945.75,7248.953813
2025-12-30 07:00:00,2945.75,2969.23,2945.15,2951.17,2422.316087
2025-12-30 08:00:00,2951.15,3002.97,2945.15,2977.55,7399.427403
2025-12-30 09:00:00,2977.6,2987.5,2950.65,2985.35,4993.205032
2025-12-30 10:00:00,2985.36,3000.0,2962.0,2976.76,2870.852706
2025-12-30 11:00:00,2977.21,2992.0,2956.8,2978.7,2338.083655
2025-12-30 12:00:00,2978.7,2990.59,2971.76,2980.59,875.94387
2025-12-30 13:00:00,2980.95,3000.0,2966.0,2986.66,3302.954465
2025-12-30 14:00:00,2986.66,3014.03,2959.99,2996.45,5727.73843
2025-12-30 15:00:00,2996.8,3003.64,2962.55,2989.3,7350.003465
2025-12-30 16:00:00,2989.65,2999.52,2964.7,2982.7,3295.320974
2025-12-30 17:00:00,2982.69,2997.26,2962.98,2976.94,1914.213202
2025-12-30 18:00:00,2976.85,3025.44,2928.39,2971.9,12185.554021
2025-12-30 19:00:00,2976.0,2987.9,2946.89,2971.64,3398.455517
2025-12-30 20:00:00,2971.37,2990.0,2956.52,2958.4,5714.648287
2025-12-30 21:00:00,2958.7,2980.98,2948.42,2967.45,1881.36063
2025-12-30 22:00:00,2968.81,2973.69,2960.0,2970.05,572.471156
2025-12-30 23:00:00,2969.79,3019.97,2925.33,2973.73,15765.057946
2025-12-31 00:00:00,2973.75,2979.43,2950.0,2966.41,1274.329868
2025-12-31 01:00:00,2966.41,2990.0,2949.15,2980.23,48323.193564
2025-12-31 02:00:00,2980.01,2992.43,2974.48,2981.8,202272.131526
2025-12-31 03:00:00,2981.46,2999.99,2966.59,2970.81,21101.358346
2025-12-31 04:00:00,2970.86,2990.0,2960.0,2969.01,1711.247202
2025-12-31 05:00:00,2970.0,2994.67,2958.6,2975.6,1080.139919
2025-12-31 06:00:00,2975.45,2998.64,2975.0,2975.6,2914.419059
2025-12-31 07:00:00,2975.61,2995.0,2961.35,2976.95,22447.042154
2025-12-31 08:00:00,2976.95,2985.15,2952.25,2969.62,847.668789
2025-12-31 09:00:00,2969.55,3060.0,2943.76,2976.92,6103.655121
2025-12-31 10:00:00,2976.92,3005.49,2975.55,2981.18,846.273749
2025-12-31 11:00:00,2981.36,3006.43,2970.0,3001.97,5263.736813
2025-12-31 12:00:00,3001.46,3078.4,2976.66,2987.4,4717.460634
2025-12-31 13:00:00,2987.38,3000.11,2970.0,2997.02,1662.35592
2025-12-31 14:00:00,2996.81,3032.0,2979.5,2993.99,4283.949859
2025-12-31 15:00:00,2994.0,3008.0,2965.6,2985.25,2539.343008
2025-12-31 16:00:00,2985.8,3012.0,2960.0,2976.65,13793.63064
2025-12-31 17:00:00,2976.4,3000.0,2958.82,2975.85,2073.184603
2025-12-31 18:00:00,2975.87,3000.0,2970.0,2974.55,33572.368055
2025-12-31 19:00:00,2974.92,2981.73,2970.56,2971.86,1971.701777
2025-12-31 20:00:00,2971.32,2985.14,2952.0,2976.21,5611.302277
2025-12-31 21:00:00,2976.37,2984.9,2965.0,2982.3,2848.69878
2025-12-31 22:00:00,2982.3,2996.28,2964.09,2977.24,1506.449127
2025-12-31 23:00:00,2977.25,2997.37,2970.23,2971.6,2228.864803
2026-01-01 00:00:00,2971.63,2993.11,2971.37,2979.91,634.920845
2026-01-01 01:00:00,2979.86,2989.06,2978.0,2984.61,401.149459
2026-01-01 02:00:00,2984.5,3002.2,2936.0,2982.73,4099.066987
2026-01-01 03:00:00,2982.74,2993.11,2979.88,2980.3,507.724072
2026-01-01 04:00:00,2980.55,2987.9,2973.66,2976.01,503.466696
2026-01-01 05:00:00,2976.01,2985.0,2974.19,2982.0,332.968117
2026-01-01 06:00:00,2982.15,2982.18,2961.65,2976.62,918.359981
2026-01-01 07:00:00,2976.63,2991.0,2961.79,2978.83,1240.98205
2026-01-01 08:00:00,2980.0,3028.4,2960.0,2982.61,2200.407764
2026-01-01 09:00:00,2982.61,2988.92,2979.43,2984.09,7885.956554
2026-01-01 10:00:00,2984.1,2999.13,2970.06,2985.09,902.164832
2026-01-01 11:00:00,2985.0,3010.0,2985.0,2989.5,2999.171549
2026-01-01 12:00:00,2989.5,3000.0,2975.0,2987.6,3508.678523
2026-01-01 13:00:00,2987.6,3000.0,2963.0,2983.02,5900.007461
2026-01-01 14:00:00,2983.02,3000.62,2975.91,2985.25,15236.24852
2026-01-01 15:00:00,2985.32,3008.62,2967.97,2989.72,4176.161897
2026-01-01 16:00:00,2989.82,3000.0,2970.0,2982.63,1961.920704
2026-01-01 17:00:00,2982.63,3045.98,2937.04,2990.88,18651.26276
2026-01-01 18:00:00,2990.87,3027.5,2969.18,2990.08,3186.702107
2026-01-01 19:00:00,2990.32,3000.0,2987.43,2995.4,907.768265
2026-01-01 20:00:00,2995.4,3010.0,2987.6,2989.16,8952.994373
2026-01-01 21:00:00,2989.15,2994.08,2985.15,2989.82,5269.886798
2026-01-01 22:00:00,2989.82,3000.33,2985.1,2999.0,660.833139
2026-01-01 23:00:00,2999.1,3016.0,2991.41,3004.22,828.309657
2026-01-02 00:00:00,3004.22,3020.0,2995.0,3005.83,702.276863
2026-01-02 01:00:00,3006.0,3048.47,2998.22,3003.67,1874.435323
2026-01-02 02:00:00,3002.87,3005.22,2969.39,3001.53,2769.530779
2026-01-02 03:00:00,3002.13,3033.17,3000.01,3022.5,1359.148202
2026-01-02 04:00:00,3022.6,3026.78,3010.0,3012.14,1053.234501
2026-01-02 05:00:00,3011.76,3018.45,3006.86,3016.7,461.726273
2026-01-02 06:00:00,3016.61,3058.77,3005.46,3026.67,186742.288904
2026-01-02 07:00:00,3026.7,3042.76,3009.63,3018.06,17955.259941
2026-01-02 08:00:00,3018.12,3073.49,3009.63,3032.29,6500.129675
2026-01-02 09:00:00,3032.08,3069.32,3009.63,3047.9,17281.973971
2026-01-02 10:00:00,3048.1,3068.33,3044.44,3056.9,17039.01941
2026-01-02 11:00:00,3056.93,3075.0,3033.3,3047.75,2435546.054328
2026-01-02 12:00:00,3047.45,3070.82,3022.5,3048.88,62583.357913
2026-01-02 13:00:00,3048.51,3060.83,3009.63,3022.86,10444.15201
2026-01-02 14:00:00,3022.86,3104.83,3009.63,3082.61,2452867.019149
2026-01-02 15:00:00,3082.42,3098.21,3057.82,3084.26,5513.060687
2026-01-02 16:00:00,3086.35,3151.78,3076.53,3132.2,9030.267686
2026-01-02 17:00:00,3132.1,3158.98,3111.77,3122.36,10185.861315
2026-01-02 18:00:00,3126.74,3140.0,3089.28,3110.85,6624.347886
2026-01-02 19:00:00,3110.76,3171.42,3100.0,3123.55,3742.452042
2026-01-02 20:00:00,3124.14,3140.0,3107.15,3118.56,5362.078881
2026-01-02 21:00:00,3117.84,3146.0,3111.42,3130.85,1522.123427
2026-01-02 22:00:00,3130.76,3160.0,3119.99,3132.0,1859.463626
2026-01-02 23:00:00,3133.76,3145.0,3113.83,3125.44,3704.265935
2026-01-03 00:00:00,3125.44,3136.88,3119.23,3130.96,1299.992586
2026-01-03 01:00:00,3131.02,3136.58,3107.11,3131.05,28640.547587
2026-01-03 02:00:00,3130.86,3136.74,3120.22,3125.98,384.508882
2026-01-03 03:00:00,3125.98,3139.77,3099.99,3125.46,1568.969167
2026-01-03 04:00:00,3125.5,3150.0,3098.0,3116.45,1795.603225
2026-01-03 05:00:00,3116.61,3120.0,3100.0,3112.0,1900.553041
2026-01-03 06:00:00,3112.01,3118.34,3098.41,3098.41,1110.487539
2026-01-03 07:00:00,3104.0,3118.7,3062.47,3090.62,2880.048062
2026-01-03 08:00:00,3090.63,3119.71,3072.72,3095.62,1465.669014
2026-01-03 09:00:00,3095.95,3119.11,3089.8,3100.61,1438.628888
2026-01-03 10:00:00,3100.94,3120.82,3087.85,3097.35,3661.916802
2026-01-03 11:00:00,3097.82,3102.43,3080.0,3098.62,1055.461808
2026-01-03 12:00:00,3098.56,3150.0,3086.5,3104.55,2876.854155
2026-01-03 13:00:00,3105.02,3112.89,3087.82,3103.31,1984.920361
2026-01-03 14:00:00,3103.11,3127.93,3090.66,3106.31,7784.839524
2026-01-03 15:00:00,3106.31,3110.0,3099.99,3100.43,2414.834309
2026-01-03 16:00:00,3101.22,3124.99,3080.0,3107.43,3291.965292
2026-01-03 17:00:00,3107.09,3125.78,3105.24,3108.93,758.860076
2026-01-03 18:00:00,3108.93,3120.0,3102.0,3115.82,877.281532
2026-01-03 19:00:00,3116.46,3117.78,3100.0,3112.85,931.421828
2026-01-03 20:00:00,3113.27,3119.8,3107.43,3115.53,3662.88477
2026-01-03 21:00:00,3115.54,3129.37,3112.89,3120.51,1088.140417
2026-01-03 22:00:00,3121.0,3130.32,3107.0,3122.69,15019.73578
2026-01-03 23:00:00,3122.7,3140.0,3120.0,3126.79,407.404406
2026-01-04 00:00:00,3126.9,3190.0,3124.32,3157.79,25761.794489
2026-01-04 01:00:00,3158.1,3167.56,3126.0,3150.2,30759.160249
2026-01-04 02:00:00,3150.2,3151.0,3122.44,3140.85,1321.80221
2026-01-04 03:00:00,3140.85,3150.63,3134.75,3147.68,3577.403094
2026-01-04 04:00:00,3147.38,3160.82,3122.41,3148.26,919.228977
2026-01-04 05:00:00,3148.26,3162.27,3100.0,3150.94,1573.630077
2026-01-04 06:00:00,3150.94,3165.06,3091.79,3156.76,4850.181366
2026-01-04 07:00:00,3156.76,3168.0,3134.21,3140.95,1693.80858
2026-01-04 08:00:00,3140.95,3159.54,3110.0,3139.02,3412.130537
2026-01-04 09:00:00,3140.54,3155.85,3124.29,3143.86,815.966803
2026-01-04 10:00:00,3143.92,3168.34,3130.0,3146.4,2356.286746
2026-01-04 11:00:00,3146.39,3165.38,3126.07,3139.73,2156.995541
2026-01-04 12:00:00,3139.8,3157.5,3104.0,3137.12,5694.289889
2026-01-04 13:00:00,3136.94,3157.26,3120.0,3140.69,3594.763899
2026-01-04 14:00:00,3140.72,3154.0,3131.1,3137.29,808.019436
2026-01-04 15:00:00,3137.29,3160.0,3121.18,3135.99,17830.080058
2026-01-04 16:00:00,3135.59,3153.84,3131.0,3139.42,1190.022719
2026-01-04 17:00:00,3139.42,3158.91,3123.77,3137.74,1586.474735
2026-01-04 18:00:00,3138.0,3182.75,3098.9,3135.24,9752.310325
2026-01-04 19:00:00,3135.24,3139.73,3085.78,3133.01,4510.845043
2026-01-04 20:00:00,3133.01,3148.47,3118.18,3141.2,3737.11714
2026-01-04 21:00:00,3142.12,3154.64,3137.61,3145.42,661.064818
2026-01-04 22:00:00,3145.39,3151.57,3136.6,3140.36,636.533354
2026-01-04 23:00:00,3139.43,3152.0,3134.83,3145.09,659.177538
2026-01-05 00:00:00,3144.71,3191.31,3122.0,3167.2,3211.50023
2026-01-05 01:00:00,3169.6,3232.08,3159.77,3197.67,8887.993198
2026-01-05 02:00:00,3198.05,3210.73,3176.03,3193.37,8440.510249
2026-01-05 03:00:00,3193.37,3201.25,3167.78,3185.91,1848.705924
2026-01-05 04:00:00,3186.23,3192.01,3159.08,3167.15,1934.0694
2026-01-05 05:00:00,3167.21,3180.0,3130.0,3148.33,2664.998871
2026-01-05 06:00:00,3149.9,3175.0,3136.9,3157.46,2324.270691
2026-01-05 07:00:00,3157.76,3178.57,3134.37,3157.48,3986.235632
2026-01-05 08:00:00,3157.48,3182.52,3142.89,3163.55,4933.433978
2026-01-05 09:00:00,3163.55,3181.84,3144.64,3168.21,1883.373477
2026-01-05 10:00:00,3168.21,3191.38,3162.27,3173.12,2263.405775
2026-01-05 11:00:00,3173.12,3192.01,3160.0,3180.23,2461.586597
2026-01-05 12:00:00,3180.23,3184.5,3162.29,3170.62,1729.259668
2026-01-05 13:00:00,3170.62,3179.0,3124.99,3154.45,4639.155363
2026-01-05 14:00:00,3154.45,3176.79,3135.51,3165.91,3109.482094
2026-01-05 15:00:00,3167.4,3210.09,3140.0,3196.59,20808.690865
2026-01-05 16:00:00,3196.62,3201.25,3151.25,3184.3,5116.199222
2026-01-05 17:00:00,3184.39,3226.34,3160.0,3213.48,3209.371329
2026-01-05 18:00:00,3213.4,3233.4,3190.4,3228.01,2945.465447
2026-01-05 19:00:00,3228.01,3240.0,3213.0,3223.15,2857.875871
2026-01-05 20:00:00,3223.11,3348.0,3170.0,3202.0,3596281.254414
2026-01-05 21:00:00,3199.99,3299.96,3169.0,3238.14,13018771.438871
2026-01-05 22:00:00,3238.15,3277.94,3204.66,3240.33,372348.019946
2026-01-05 23:00:00,3240.14,3270.11,3198.06,3225.31,353294.907166
2026-01-06 00:00:00,3225.24,3263.45,3180.76,3216.4,403498.72669
2026-01-06 01:00:00,3216.37,3278.09,3186.39,3218.25,412081.546982
2026-01-06 02:00:00,3218.41,3252.75,3180.76,3217.1,449274.69493
2026-01-06 03:00:00,3217.1,3268.01,3184.98,3225.2,503764.171194
2026-01-06 04:00:00,3225.14,3279.99,3184.83,3223.09,578734.809668
2026-01-06 05:00:00,3222.4,3288.23,3180.76,3221.83,652026.834984
2026-01-06 06:00:00,3221.83,3286.19,3180.76,3230.0,512171.320083
2026-01-06 07:00:00,3230.0,3280.33,3180.76,3230.0,496028.693287
2026-01-06 08:00:00,3230.0,3280.0,3170.03,3208.38,611841.306248
2026-01-06 09:00:00,3208.38,3278.16,3186.57,3217.5,121560.790013
2026-01-06 10:00:00,3220.0,3290.0,3181.87,3239.99,648206.97917
2026-01-06 11:00:00,3239.99,3288.55,3185.92,3250.0,750961.071404
2026-01-06 12:00:00,3245.88,3293.15,3195.0,3250.0,718908.94926
2026-01-06 13:00:00,3250.0,3291.66,3180.0,3238.2,1610486.94613
2026-01-06 14:00:00,3238.16,3344.62,3190.0,3278.16,1213027.537641
2026-01-06 15:00:00,3278.16,3330.0,3205.0,3241.1,1313459.693471
2026-01-06 16:00:00,3241.1,3310.2,3180.0,3230.27,2446468.701654
2026-01-06 17:00:00,3230.27,3300.0,3166.66,3196.86,2684058.110111
2026-01-06 18:00:00,3196.61,3318.98,3160.0,3252.5,3605789.372163
2026-01-06 19:00:00,3252.47,3288.46,3180.43,3223.59,5025525.240156
2026-01-06 20:00:00,3223.6,3296.64,3192.66,3235.0,4832229.220134
2026-01-06 21:00:00,3235.0,3340.0,3200.8,3276.05,2856014.002048
2026-01-06 22:00:00,3275.97,3316.54,3208.75,3277.45,3837753.460119
2026-01-06 23:00:00,3277.54,3348.39,3240.0,3309.07,1592158.357689
2026-01-07 00:00:00,3309.03,3340.0,3200.0,3258.78,3257239.15668
2026-01-07 01:00:00,3257.82,3300.0,3200.0,3259.91,5280878.117092
2026-01-07 02:00:00,3261.25,3330.0,3222.31,3299.45,2087242.255826
2026-01-07 03:00:00,3299.45,3340.0,3265.22,3294.72,781982.009262
2026-01-07 04:00:00,3294.72,3312.63,3257.0,3270.0,322641.746872
2026-01-07 05:00:00,3264.04,3310.0,3248.1,3248.83,688056.212601
2026-01-07 06:00:00,3248.75,3275.0,3243.75,3251.24,10573.654936
2026-01-07 07:00:00,3251.21,3265.0,3251.15,3255.27,1646.538368
2026-01-07 08:00:00,3255.27,3270.0,3250.0,3254.65,1717.576456
2026-01-07 09:00:00,3254.63,3260.0,3199.43,3201.8,10886.456947
2026-01-07 10:00:00,3200.49,3226.25,3192.3,3220.56,21145.252476
2026-01-07 11:00:00,3218.63,3228.87,3217.03,3221.47,1831.891884
2026-01-07 12:00:00,3220.81,3226.25,3211.53,3213.42,2242.658781
2026-01-07 13:00:00,3213.16,3228.75,3202.85,3212.36,5826.818552
2026-01-07 14:00:00,3212.12,3217.4,3184.99,3191.84,5467877.255064
2026-01-07 15:00:00,3191.89,3210.0,3150.0,3164.85,5516399.318339
2026-01-07 16:00:00,3164.78,3199.99,3152.85,3157.02,4851.478689
2026-01-07 17:00:00,3157.53,3171.42,3147.83,3152.5,3837.586693
2026-01-07 18:00:00,3152.41,3169.49,3119.99,3146.52,27203.277712
2026-01-07 19:00:00,3146.52,3158.98,3091.27,3145.67,10853.910364
2026-01-07 20:00:00,3145.66,3153.84,3129.18,3139.5,3926.592877
2026-01-07 21:00:00,3139.18,3162.5,3120.0,3150.25,5918.654249
2026-01-07 22:00:00,3149.01,3184.99,3140.0,3153.17,4178.696253
2026-01-07 23:00:00,3153.17,3181.4,3143.55,3168.65,2467.097549
2026-01-08 00:00:00,3168.66,3175.63,3151.57,3170.75,1967.592411
2026-01-08 01:00:00,3171.5,3185.09,3167.83,3175.67,2886.799574
2026-01-08 02:00:00,3175.67,3191.89,3148.21,3159.5,3135.1271
2026-01-08 03:00:00,3159.5,3208.33,3132.5,3142.7,7889.342528
2026-01-08 04:00:00,3142.7,3160.0,3133.43,3154.3,8640.097119
2026-01-08 05:00:00,3154.3,3163.33,3128.92,3143.7,4610.559115
2026-01-08 06:00:00,3144.29,3151.57,3098.33,3105.38,6030.806661
2026-01-08 07:00:00,3105.55,3141.66,3095.16,3128.0,8262.000616
2026-01-08 08:00:00,3128.0,3160.0,3113.91,3116.74,5675.801261
2026-01-08 09:00:00,3116.8,3132.14,3105.55,3112.14,1907.144374
2026-01-08 10:00:00,3112.02,3132.92,3098.14,3123.81,3427.972872
2026-01-08 11:00:00,3123.81,3132.0,3105.55,3121.08,1281.61846
2026-01-08 12:00:00,3121.22,3133.66,3087.49,3095.31,5577.103008
2026-01-08 13:00:00,3095.35,3104.0,3084.12,3097.15,1848.216202
2026-01-08 14:00:00,3098.46,3120.0,3055.21,3077.24,12787.818199
2026-01-08 15:00:00,3077.06,3110.59,3067.18,3104.15,8197.606106
2026-01-08 16:00:00,3104.55,3123.61,3090.47,3122.84,3477.975609
2026-01-08 17:00:00,3122.38,3141.66,3105.55,3134.56,4173.284354
2026-01-08 18:00:00,3134.42,3141.66,3115.03,3119.95,2302.032185
2026-01-08 19:00:00,3120.0,3143.27,3105.04,3111.35,6173.332381
2026-01-08 20:00:00,3111.35,3117.59,3087.49,3108.03,7947.332097
2026-01-08 21:00:00,3107.63,3122.53,3095.0,3118.84,3052.725823
2026-01-08 22:00:00,3119.21,3132.45,3108.17,3119.35,1710.032963
2026-01-08 23:00:00,3120.0,3122.5,3106.06,3106.44,506.566882
2026-01-09 00:00:00,3106.7,3123.61,3100.0,3115.71,1497.499694
2026-01-09 01:00:00,3116.44,3144.0,3080.0,3105.9,6709.912279
2026-01-09 02:00:00,3105.72,3126.0,3090.0,3109.65,2677.41359
2026-01-09 03:00:00,3109.65,3122.68,3103.67,3120.29,3293.97002
2026-01-09 04:00:00,3119.71,3140.0,3112.65,3116.48,1336.74351
2026-01-09 05:00:00,3116.5,3123.77,3113.57,3118.78,1546.984728
2026-01-09 06:00:00,3118.82,3130.0,3113.88,3123.59,489.992605
2026-01-09 07:00:00,3123.33,3130.0,3110.5,3111.17,694.139117
2026-01-09 08:00:00,3111.12,3115.38,3067.94,3082.99,7567.286557
2026-01-09 09:00:00,3082.99,3101.69,3082.19,3092.64,3919.477668
2026-01-09 10:00:00,3092.64,3100.0,3088.28,3097.03,2380.59202
2026-01-09 11:00:00,3097.01,3104.98,3088.63,3090.01,1456.051274
2026-01-09 12:00:00,3090.29,3100.0,3070.94,3084.52,1644.106837
2026-01-09 13:00:00,3084.51,3110.0,3071.31,3098.59,3588.223104
2026-01-09 14:00:00,3098.43,3101.69,3062.71,3078.63,6305.369594
2026-01-09 15:00:00,3079.22,3147.21,3058.0,3112.26,16911.372114
2026-01-09 16:00:00,3112.3,3150.0,3111.38,3133.61,4493.274788
2026-01-09 17:00:00,3133.61,3137.6,3101.69,3114.56,2330.711361
2026-01-09 18:00:00,3114.46,3126.3,3076.11,3095.33,4340.874825
2026-01-09 19:00:00,3095.32,3100.0,3066.66,3080.82,17148.047425
2026-01-09 20:00:00,3080.39,3095.22,3061.41,3073.6,4941.775403
2026-01-09 21:00:00,3073.54,3092.89,3067.05,3086.07,1543.773169
2026-01-09 22:00:00,3086.2,3099.17,3076.65,3086.8,1322.89526
2026-01-09 23:00:00,3086.75,3098.0,3070.94,3088.45,908.967582
2026-01-10 00:00:00,3088.5,3092.0,3070.13,3083.54,584.755834
2026-01-10 01:00:00,3083.55,3091.6,3069.44,3090.26,960.6982
2026-01-10 02:00:00,3090.26,3101.75,3080.0,3088.29,913.445103
2026-01-10 03:00:00,3088.3,3101.28,3077.16,3086.85,2306.343605
2026-01-10 04:00:00,3086.82,3097.82,3079.13,3079.85,892.521309
2026-01-10 05:00:00,3080.25,3096.0,3069.44,3086.65,1029.747937
2026-01-10 06:00:00,3086.85,3100.0,3077.16,3087.65,1826.049126
2026-01-10 07:00:00,3087.65,3095.22,3080.54,3093.09,397.557271
2026-01-10 08:00:00,3093.12,3102.42,3080.0,3090.39,882.513988
2026-01-10 09:00:00,3090.4,3123.61,3089.7,3096.3,4442.819275
2026-01-10 10:00:00,3096.11,3103.47,3057.5,3103.47,5562.079642
2026-01-10 11:00:00,3103.23,3104.85,3080.28,3097.0,875.907213
2026-01-10 12:00:00,3097.0,3105.55,3090.0,3099.47,2029.657929
2026-01-10 13:00:00,3099.2,3105.55,3073.56,3095.02,3082.002734
2026-01-10 14:00:00,3095.02,3100.0,3070.0,3092.05,1632.977027
2026-01-10 15:00:00,3092.02,3104.85,3041.85,3095.6,13130.050336
2026-01-10 16:00:00,3095.56,3105.13,3084.38,3095.69,1501.668491
2026-01-10 17:00:00,3095.7,3199.73,3087.49,3092.8,90708.040299
2026-01-10 18:00:00,3092.82,3141.66,3090.66,3092.83,8716.903635
2026-01-10 19:00:00,3092.84,3110.0,3090.0,3092.23,607.233029
2026-01-10 20:00:00,3092.2,3115.0,3087.49,3089.58,4843.553767
2026-01-10 21:00:00,3089.59,3096.0,3085.56,3086.29,517.022964
2026-01-10 22:00:00,3086.22,3091.19,3078.79,3081.17,732.328582
2026-01-10 23:00:00,3080.71,3089.2,3080.0,3086.84,45259.410974
2026-01-11 00:00:00,3086.85,3092.99,3080.0,3092.49,25579.798977
2026-01-11 01:00:00,3092.49,3097.82,3072.0,3095.69,1461.329627
2026-01-11 02:00:00,3095.7,3105.55,3092.0,3092.5,564.757144
2026-01-11 03:00:00,3092.56,3105.55,3084.38,3097.29,1038.566933
2026-01-11 04:00:00,3096.91,3105.55,3087.4,3098.09,394.285614
2026-01-11 05:00:00,3098.1,3102.15,3096.0,3099.1,2143.840124
2026-01-11 06:00:00,3099.29,3113.33,3090.0,3097.39,1107.498188
2026-01-11 07:00:00,3097.4,3111.26,3078.23,3095.35,3849.492646
2026-01-11 08:00:00,3095.36,3111.26,3080.0,3103.45,5639.611757
2026-01-11 09:00:00,3103.46,3120.0,3087.49,3104.36,2554.976382
2026-01-11 10:00:00,3104.34,3119.11,3100.0,3107.8,744.199272
2026-01-11 11:00:00,3107.55,3114.57,3101.69,3104.28,356.902003
2026-01-11 12:00:00,3105.07,3125.0,3092.0,3114.26,3047.587567
2026-01-11 13:00:00,3114.26,3125.9,3105.55,3109.7,1138.071375
2026-01-11 14:00:00,3109.65,3129.37,3100.0,3125.75,3252.419412
2026-01-11 15:00:00,3125.68,3135.59,3110.59,3118.24,2540.126763
2026-01-11 16:00:00,3118.11,3150.0,3115.0,3129.61,2007.877769
2026-01-11 17:00:00,3129.61,3142.29,3120.43,3127.21,1160.07368
2026-01-11 18:00:00,3127.22,3141.66,3106.75,3129.26,2106.663904
2026-01-11 19:00:00,3129.68,3145.17,3117.78,3125.29,3868.15116
2026-01-11 20:00:00,3124.66,3139.75,3100.0,3115.19,6273.877279
2026-01-11 21:00:00,3115.31,3126.66,3108.02,3121.31,1100.863751
2026-01-11 22:00:00,3121.26,3126.66,3107.03,3109.83,1632.344767
2026-01-11 23:00:00,3109.81,3125.0,3093.22,3123.65,2565.089383
2026-01-12 00:00:00,3123.63,3136.36,3098.21,3120.45,3183.815441
2026-01-12 01:00:00,3120.45,3137.5,3115.0,3125.1,4192.189602
2026-01-12 02:00:00,3125.11,3167.48,3122.83,3157.4,2696.6348
2026-01-12 03:00:00,3158.64,3175.0,3145.0,3152.49,3320.500212
2026-01-12 04:00:00,3152.5,3177.77,3143.25,3159.4,1972.392821
2026-01-12 05:00:00,3159.4,3174.99,3143.27,3158.9,1539.510439
2026-01-12 06:00:00,3158.87,3177.77,3130.0,3154.77,4003.02136
2026-01-12 07:00:00,3154.86,3208.33,3125.9,3135.62,10740.141324
2026-01-12 08:00:00,3135.61,3147.82,3099.06,3115.87,3789.19379
2026-01-12 09:00:00,3115.88,3131.5,3105.55,3116.58,1959.466935
2026-01-12 10:00:00,3116.71,3120.0,3104.66,3106.79,1178.414353
2026-01-12 11:00:00,3107.13,3123.25,3100.0,3119.99,1200.077692
2026-01-12 12:00:00,3115.6,3123.61,3104.85,3117.22,2226.114937
2026-01-12 13:00:00,3117.26,3204.46,3020.0,3109.36,52250.860637
2026-01-12 14:00:00,3109.36,3115.1,3070.02,3105.31,6361.362844
2026-01-12 15:00:00,3105.35,3133.08,3093.22,3130.58,3526.97726
2026-01-12 16:00:00,3130.59,3145.94,3115.38,3130.71,8561.183751
2026-01-12 17:00:00,3130.77,3137.14,3087.8,3105.24,7187.630337
2026-01-12 18:00:00,3105.23,3119.38,3096.08,3107.91,2830.645221
2026-01-12 19:00:00,3108.43,3122.56,3097.23,3121.76,1280.071035
2026-01-12 20:00:00,3121.76,3131.5,3100.52,3103.1,4573.061034
2026-01-12 21:00:00,3102.44,3110.0,3085.52,3092.4,2629.503822
2026-01-12 22:00:00,3092.4,3116.0,3092.4,3095.83,2019.390557
2026-01-12 23:00:00,3095.86,3108.66,3087.49,3095.66,1892.133836
2026-01-13 00:00:00,3095.66,3115.0,3088.1,3108.95,6841.517078
2026-01-13 01:00:00,3109.01,3114.4,3091.66,3097.84,899.691081
2026-01-13 02:00:00,3097.84,3162.29,3096.15,3101.85,11303.898056
2026-01-13 03:00:00,3101.65,3130.0,3038.46,3116.26,12391.77955
2026-01-13 04:00:00,3116.31,3131.5,3111.42,3122.35,1649.507189
2026-01-13 05:00:00,3122.4,3150.0,3115.38,3131.4,3607.281505
2026-01-13 06:00:00,3131.57,3138.09,3123.61,3134.58,912.130523
2026-01-13 07:00:00,3134.51,3139.75,3120.0,3120.0,2273.200574
2026-01-13 08:00:00,3122.3,3138.61,3118.64,3136.0,1789.47824
2026-01-13 09:00:00,3138.61,3151.78,3125.0,3138.6,3446.573839
2026-01-13 10:00:00,3138.68,3144.23,3124.99,3134.98,1927.871816
2026-01-13 11:00:00,3134.98,3173.07,3123.61,3134.09,11667.905154
2026-01-13 12:00:00,3134.05,3144.23,3129.37,3135.27,6626.540413
2026-01-13 13:00:00,3135.24,3159.83,3130.16,3143.2,3944.33643
2026-01-13 14:00:00,3142.45,3167.0,3131.46,3145.62,6792.923761
2026-01-13 15:00:00,3145.09,3188.56,3133.43,3184.0,5341.223749
2026-01-13 16:00:00,3184.42,3195.83,3171.9,3180.83,3693.101617
2026-01-13 17:00:00,3180.95,3190.0,3170.0,3180.28,55394.699671
2026-01-13 18:00:00,3180.37,3201.51,3167.79,3201.08,4271971.198146
2026-01-13 19:00:00,3201.08,3216.09,3184.5,3215.84,7351166.171848
2026-01-13 20:00:00,3216.0,3222.25,3191.31,3204.6,6690.326675
2026-01-13 21:00:00,3204.45,3220.0,3197.87,3209.86,1599.825068
2026-01-13 22:00:00,3209.91,3370.0,3204.14,3329.39,16507.631148
2026-01-13 23:00:00,3330.59,3345.67,3310.0,3325.18,4316.431542
2026-01-14 00:00:00,3325.27,3416.66,3310.0,3324.15,32532.281835
2026-01-14 01:00:00,3324.11,3400.0,3320.0,3336.01,9161.368268
2026-01-14 02:00:00,3336.01,3355.55,3320.0,3326.74,12502.4149
2026-01-14 03:00:00,3326.74,3425.21,3307.81,3352.49,19798.019523
2026-01-14 04:00:00,3352.49,3365.38,3336.0,3339.23,5371.109674
2026-01-14 05:00:00,3339.22,3350.0,3316.66,3330.6,4227.39484
2026-01-14 06:00:00,3330.66,3337.6,3317.3,3334.55,2115.101632
2026-01-14 07:00:00,3334.5,3346.15,3327.18,3334.71,6352.695567
2026-01-14 08:00:00,3335.6,3350.0,3321.0,3327.54,3895.838719
2026-01-14 09:00:00,3327.52,3336.53,3317.3,3327.92,2730.411601
2026-01-14 10:00:00,3328.0,3334.29,3305.48,3313.2,6703.249266
2026-01-14 11:00:00,3313.2,3320.0,3288.46,3291.41,2065.235153
2026-01-14 12:00:00,3291.38,3300.0,3290.12,3296.5,1611.34914
2026-01-14 13:00:00,3296.54,3307.25,3287.5,3303.33,807323.257762
2026-01-14 14:00:00,3303.11,3357.9,3302.2,3349.62,370393.800297
2026-01-14 15:00:00,3349.41,3451.87,3333.33,3345.79,3652421.808633
2026-01-14 16:00:00,3345.67,3418.21,3345.54,3370.48,320028.507547
2026-01-14 17:00:00,3370.03,3430.0,3335.99,3342.0,192688.89876
2026-01-14 18:00:00,3342.24,3354.09,3322.47,3339.5,6515496.727576
2026-01-14 19:00:00,3339.5,3394.7,3333.23,3367.31,935433.464171
2026-01-14 20:00:00,3367.54,3390.0,3362.13,3382.36,5244.738548
2026-01-14 21:00:00,3382.55,3382.65,3357.92,3372.7,1359.47424
2026-01-14 22:00:00,3372.88,3374.99,3340.9,3349.83,2002.611273
2026-01-14 23:00:00,3348.83,3369.33,3348.77,3354.74,4928.613592
2026-01-15 00:00:00,3354.75,3358.97,3327.01,3330.85,4978165.57025
2026-01-15 01:00:00,3331.61,3350.22,3320.91,3340.0,10754745.154079
2026-01-15 02:00:00,3340.0,3350.0,3306.28,3313.95,496985.32547
2026-01-15 03:00:00,3314.25,3333.33,3278.06,3287.05,469227.126359
2026-01-15 04:00:00,3286.46,3333.3,3284.75,3305.92,309785.611511
2026-01-15 05:00:00,3308.98,3333.33,3302.86,3311.85,625107.302922
2026-01-15 06:00:00,3310.83,3324.15,3307.69,3316.21,3275.170597
2026-01-15 07:00:00,3316.19,3335.75,3310.0,3329.8,2254.468793
2026-01-15 08:00:00,3330.04,3340.99,3320.08,3336.44,30056.471306
2026-01-15 09:00:00,3336.44,3374.99,3327.18,3366.15,4165.295691
2026-01-15 10:00:00,3366.15,3384.61,3355.76,3364.34,4536.646215
2026-01-15 11:00:00,3364.31,3370.62,3347.07,3349.45,1586.007489
2026-01-15 12:00:00,3349.45,3370.75,3342.03,3369.14,1818.289165
2026-01-15 13:00:00,3369.14,3384.43,3357.33,3371.35,1484.106968
2026-01-15 14:00:00,3371.3,3387.23,3322.69,3342.65,8563.061581
2026-01-15 15:00:00,3342.57,3360.0,3286.37,3332.05,9345.883958
2026-01-15 16:00:00,3331.25,3335.02,3310.84,3330.8,7765.671661
2026-01-15 17:00:00,3330.61,3339.28,3297.71,3301.04,4265.267962
2026-01-15 18:00:00,3301.59,3307.69,3280.0,3289.0,4398.242318
2026-01-15 19:00:00,3289.0,3301.65,3277.59,3295.82,2825.132749
2026-01-15 20:00:00,3295.69,3308.69,3278.24,3287.14,6830.444113
2026-01-15 21:00:00,3288.92,3310.52,3280.37,3299.12,4022.828669
2026-01-15 22:00:00,3299.65,3319.25,3296.48,3309.81,1357.517156
2026-01-15 23:00:00,3310.73,3322.24,3300.0,3319.14,2062.001935
2026-01-16 00:00:00,3318.75,3334.29,3307.69,3316.89,3177.548908
2026-01-16 01:00:00,3317.15,3326.92,3302.01,3314.2,1899.436431
2026-01-16 02:00:00,3314.06,3324.33,3292.32,3302.57,1840.935689
2026-01-16 03:00:00,3303.77,3325.0,3295.19,3295.26,5453.35724
2026-01-16 04:00:00,3295.26,3307.69,3277.94,3288.56,2639.30885
2026-01-16 05:00:00,3288.16,3315.91,3278.84,3309.41,2462.388896
2026-01-16 06:00:00,3309.41,3316.66,3298.07,3313.14,1190.118878
2026-01-16 07:00:00,3313.14,3313.14,3313.14,3313.14,0.0
2026-01-16 08:00:00,3313.39,3324.15,3300.0,3313.72,1385.777459
2026-01-16 09:00:00,3313.39,3330.0,3307.69,3307.85,2084.752261
2026-01-16 10:00:00,3307.84,3317.3,3291.12,3297.85,1370.506546
2026-01-16 11:00:00,3297.85,3312.5,3291.06,3302.0,1399.216454
2026-01-16 12:00:00,3302.12,3320.82,3300.0,3309.16,1729.585191
2026-01-16 13:00:00,3309.2,3312.5,3296.68,3308.07,1862.621812
2026-01-16 14:00:00,3307.91,3318.87,3291.15,3294.4,3546.785231
2026-01-16 15:00:00,3294.2,3311.66,3253.49,3264.31,8514.232349
2026-01-16 16:00:00,3264.51,3288.46,3250.41,3279.2,3760.430852
2026-01-16 17:00:00,3279.2,3288.69,3266.43,3284.45,1865.361771
2026-01-16 18:00:00,3284.42,3290.51,3278.0,3278.9,1614.553793
2026-01-16 19:00:00,3278.86,3286.25,3268.64,3276.54,2389.509816
2026-01-16 20:00:00,3276.8,3293.33,3264.74,3292.08,5511.093126
2026-01-16 21:00:00,3293.12,3299.45,3288.46,3294.3,1030.068396
2026-01-16 22:00:00,3295.5,3298.0,3282.0,3293.76,1173.450265
2026-01-16 23:00:00,3294.15,3300.0,3286.51,3296.39,876.535349
2026-01-17 00:00:00,3296.27,3300.0,3278.46,3293.24,1352.919838
2026-01-17 01:00:00,3297.56,3301.61,3288.23,3290.51,600.541095
2026-01-17 02:00:00,3290.75,3299.45,3284.01,3292.54,506.818449
2026-01-17 03:00:00,3292.36,3292.5,3283.33,3291.36,434.574347
2026-01-17 04:00:00,3289.41,3292.59,3286.03,3292.2,113.672535
2026-01-17 05:00:00,3292.1,3298.07,3286.37,3291.62,540.964187
2026-01-17 06:00:00,3291.6,3293.33,3281.5,3291.55,516.485557
2026-01-17 07:00:00,3291.55,3300.0,3285.0,3291.0,2106.300385
2026-01-17 08:00:00,3291.87,3306.37,3280.0,3296.55,2018.213537
2026-01-17 09:00:00,3296.45,3307.69,3280.0,3298.98,8369.897881
2026-01-17 10:00:00,3298.98,3342.03,3253.61,3296.61,10332.100749
2026-01-17 11:00:00,3296.61,3305.22,3287.5,3302.57,1084.18396
2026-01-17 12:00:00,3302.51,3306.0,3300.35,3302.69,204.81811
2026-01-17 13:00:00,3302.69,3306.37,3296.61,3303.88,324.684462
2026-01-17 14:00:00,3303.84,3320.0,3298.07,3310.51,2763.479391
2026-01-17 15:00:00,3311.6,3330.0,3305.47,3329.68,1667.164759
2026-01-17 16:00:00,3329.8,3332.69,3312.14,3319.34,2192.665345
2026-01-17 17:00:00,3319.31,3327.82,3317.3,3319.3,8649.61434
2026-01-17 18:00:00,3319.35,3330.0,3310.0,3318.05,1379.25928
2026-01-17 19:00:00,3317.9,3321.19,3310.03,3316.46,426.898653
2026-01-17 20:00:00,3316.46,3322.69,3314.03,3317.46,2967.43559
2026-01-17 21:00:00,3317.46,3321.05,3308.69,3312.8,533.612851
2026-01-17 22:00:00,3312.79,3320.0,3297.95,3301.95,2198.8657
2026-01-17 23:00:00,3301.91,3310.73,3299.99,3310.6,443.320061
2026-01-18 00:00:00,3310.6,3319.88,3300.0,3304.8,1403.718511
2026-01-18 01:00:00,3304.8,3317.3,3296.65,3301.3,1394.846233
2026-01-18 02:00:00,3301.25,3305.83,3290.0,3303.52,9221.883803
2026-01-18 03:00:00,3303.51,3324.15,3300.0,3316.35,1969.901084
2026-01-18 04:00:00,3316.1,3320.0,3298.07,3312.1,6952.969793
2026-01-18 05:00:00,3312.13,3317.94,3300.0,3315.95,1150.713118
2026-01-18 06:00:00,3315.93,3318.0,3307.69,3315.56,217.90898
2026-01-18 07:00:00,3315.57,3324.15,3306.42,3307.0,835.077153
2026-01-18 08:00:00,3307.24,3317.3,3300.0,3315.5,804.394655
2026-01-18 09:00:00,3315.48,3324.99,3307.69,3322.82,902.477264
2026-01-18 10:00:00,3322.84,3330.0,3307.69,3325.61,1631.547965
2026-01-18 11:00:00,3325.61,3326.92,3312.61,3322.23,541.260225
2026-01-18 12:00:00,3322.23,3423.07,3310.0,3322.29,19933.130817
2026-01-18 13:00:00,3322.24,3329.77,3305.47,3326.11,11013.218613
2026-01-18 14:00:00,3326.11,3355.55,3312.5,3325.0,4427.227599
2026-01-18 15:00:00,3325.02,3339.99,3319.88,3334.05,3175.328313
2026-01-18 16:00:00,3334.02,3342.03,3329.99,3333.63,1094.6229
2026-01-18 17:00:00,3333.69,3345.67,3332.5,3345.43,684.414123
2026-01-18 18:00:00,3345.2,3374.1,3337.04,3361.29,3436.345705
2026-01-18 19:00:00,3361.85,3366.66,3336.06,3346.64,2456.207549
2026-01-18 20:00:00,3346.75,3355.0,3337.5,3341.03,4472.903601
2026-01-18 21:00:00,3341.03,3396.79,3336.53,3341.91,22601.689182
2026-01-18 22:00:00,3341.91,3355.76,3340.01,3350.92,747.864432
2026-01-18 23:00:00,3350.91,3410.0,3279.16,3284.04,30942.158555
2026-01-19 00:00:00,3284.35,3295.39,3180.0,3212.45,51475.162943
2026-01-19 01:00:00,3212.45,3230.76,3194.94,3207.02,931426.471216
2026-01-19 02:00:00,3207.02,3218.61,3194.34,3204.47,2145.724515
2026-01-19 03:00:00,3204.6,3218.61,3190.0,3212.31,7726.363793
2026-01-19 04:00:00,3212.26,3218.9,3200.0,3212.77,20643.196713
2026-01-19 05:00:00,3212.8,3218.9,3196.71,3202.43,2298.632178
2026-01-19 06:00:00,3202.41,3210.0,3188.52,3195.71,21176.813828
2026-01-19 07:00:00,3195.9,3209.42,3184.56,3207.02,2594.689403
2026-01-19 08:00:00,3207.25,3220.76,3197.5,3214.63,1390.688693
2026-01-19 09:00:00,3214.0,3225.0,3201.69,3209.4,2056.101479
2026-01-19 10:00:00,3209.4,3216.66,3198.18,3215.5,2964.901114
2026-01-19 11:00:00,3216.0,3247.83,3210.52,3223.84,6920.18699
2026-01-19 12:00:00,3223.84,3235.55,3219.02,3225.04,6703.309838
2026-01-19 13:00:00,3225.0,3228.53,3212.5,3218.0,1363.181442
2026-01-19 14:00:00,3218.01,3223.73,3204.61,3212.75,12456.489187
2026-01-19 15:00:00,3212.74,3314.8,3205.98,3215.95,49228.133971
2026-01-19 16:00:00,3215.96,3228.0,3211.53,3223.18,2039.551533
2026-01-19 17:00:00,3223.05,3236.21,3206.04,3219.89,2672.972571
2026-01-19 18:00:00,3219.84,3223.73,3208.38,3214.72,1198.417024
2026-01-19 19:00:00,3214.55,3230.76,3205.35,3219.55,3081.911714
2026-01-19 20:00:00,3219.69,3233.42,3206.04,3214.0,4267.210838
2026-01-19 21:00:00,3214.18,3221.15,3207.01,3212.57,778.521587
2026-01-19 22:00:00,3212.57,3216.4,3187.68,3188.74,2160.572953
2026-01-19 23:00:00,3188.51,3197.47,3167.78,3189.44,2781.185165
2026-01-20 00:00:00,3189.45,3290.0,3175.79,3184.35,28750.466405
2026-01-20 01:00:00,3184.11,3200.0,3176.15,3193.49,2350.059134
2026-01-20 02:00:00,3193.83,3200.0,3179.47,3192.8,1372.013722
2026-01-20 03:00:00,3192.87,3195.66,3172.3,3188.8,2191.060508
2026-01-20 04:00:00,3188.85,3192.3,3170.75,3173.0,793.599533
2026-01-20 05:00:00,3173.0,3180.0,3152.98,3171.78,22959.614231
2026-01-20 06:00:00,3171.76,3172.6,3103.74,3117.17,6359.321014
2026-01-20 07:00:00,3117.06,3132.41,3107.87,3123.45,2079.14212
2026-01-20 08:00:00,3123.46,3129.94,3086.22,3107.13,5631.965805
2026-01-20 09:00:00,3106.87,3112.5,3085.0,3094.35,4384.263807
2026-01-20 10:00:00,3094.35,3110.0,3090.97,3102.78,2973.842162
2026-01-20 11:00:00,3102.78,3114.36,3096.15,3109.65,4868.466712
2026-01-20 12:00:00,3109.65,3135.07,3100.31,3111.34,5158.595854
2026-01-20 13:00:00,3111.06,3115.38,3077.2,3078.84,3043.252109
2026-01-20 14:00:00,3078.85,3140.0,3035.42,3045.0,30639.349114
2026-01-20 15:00:00,3045.95,3052.46,3000.0,3032.92,19313.561947
2026-01-20 16:00:00,3032.85,3042.9,2999.37,3009.43,12866.163666
2026-01-20 17:00:00,3009.48,3025.0,2980.76,3000.29,15970.576585
2026-01-20 18:00:00,2999.8,3010.0,2987.08,2992.03,9455.62042
2026-01-20 19:00:00,2992.01,3005.86,2983.2,2996.75,2370016.047738
2026-01-20 20:00:00,2996.46,3017.29,2987.4,3004.45,864684.330519
2026-01-20 21:00:00,3005.81,3009.61,2990.0,2994.7,23193.539885
2026-01-20 22:00:00,2994.49,3000.61,2940.0,2950.36,6841734.626886
2026-01-20 23:00:00,2950.94,2953.57,2930.0,2939.9,4028888.431653
2026-01-21 00:00:00,2939.91,2969.39,2922.73,2960.22,5351.634263
2026-01-21 01:00:00,2960.16,2974.06,2951.92,2965.32,2259.699431
2026-01-21 02:00:00,2965.32,2986.1,2958.16,2961.55,4025.664557
2026-01-21 03:00:00,2961.55,2984.66,2961.01,2981.82,1734.47634
2026-01-21 04:00:00,2981.81,2986.12,2970.13,2979.49,2202.459692
2026-01-21 05:00:00,2979.31,3001.69,2971.15,2993.0,4018.543504
2026-01-21 06:00:00,2993.0,3000.0,2970.13,2980.18,4615.293282
2026-01-21 07:00:00,2980.21,2990.38,2960.0,2970.75,4427.323363
2026-01-21 08:00:00,2970.75,3016.66,2938.44,2965.3,318489.499573
2026-01-21 09:00:00,2965.3,3016.0,2950.0,2953.99,946833.186858
2026-01-21 10:00:00,2953.89,2971.15,2950.0,2964.09,2934.360024
2026-01-21 11:00:00,2969.28,2980.76,2939.55,2944.48,10507.845767
2026-01-21 12:00:00,2943.4,2951.92,2900.0,2931.73,14411.059803
2026-01-21 13:00:00,2931.73,2952.25,2921.37,2928.41,16190.141096
2026-01-21 14:00:00,2928.25,3068.92,2924.69,2981.07,27901.535806
2026-01-21 15:00:00,2981.01,3024.0,2970.37,3002.91,10887.60412
2026-01-21 16:00:00,3002.69,3010.0,2882.27,2891.87,25613.28047
2026-01-21 17:00:00,2892.03,2922.73,2865.38,2904.01,17345.496814
2026-01-21 18:00:00,2904.01,2933.33,2888.53,2927.39,7407.755001
2026-01-21 19:00:00,2927.48,3067.95,2916.66,3055.21,17163.954267
2026-01-21 20:00:00,3055.05,3059.32,3003.96,3030.89,10261.987212
2026-01-21 21:00:00,3031.07,3043.48,3021.28,3031.71,2677.582411
2026-01-21 22:00:00,3031.39,3045.71,3009.8,3010.42,2711.587926
2026-01-21 23:00:00,3010.42,3024.75,2972.45,2982.18,4289.615582
2026-01-22 00:00:00,2982.18,3010.84,2980.95,3005.55,2390.620677
2026-01-22 01:00:00,3005.59,3032.75,3002.0,3028.81,3091.989256
2026-01-22 02:00:00,3028.75,3037.58,3015.55,3017.85,2278.877828
2026-01-22 03:00:00,3017.85,3031.43,3000.95,3013.53,3026.593476
2026-01-22 04:00:00,3013.53,3025.32,3002.15,3022.83,3312.588657
2026-01-22 05:00:00,3022.94,3029.62,3012.61,3020.05,1015.803924
2026-01-22 06:00:00,3019.99,3033.33,3009.09,3019.25,2228.598215
2026-01-22 07:00:00,3019.21,3076.92,2989.56,3001.14,24760.471202
2026-01-22 08:00:00,3001.06,3009.61,2990.38,3005.81,2988.021195
2026-01-22 09:00:00,3005.81,3016.66,3000.61,3013.84,1781.373398
2026-01-22 10:00:00,3013.76,3018.29,3000.0,3003.06,2383.196768
2026-01-22 11:00:00,3003.04,3006.6,2978.24,2986.85,4841.925597
2026-01-22 12:00:00,2986.84,3000.0,2978.67,2991.1,1883.307167
2026-01-22 13:00:00,2991.1,3008.88,2962.6,2973.59,5471.761456
2026-01-22 14:00:00,2973.02,2986.1,2935.0,2941.77,15598.998907
2026-01-22 15:00:00,2941.63,2967.24,2855.76,2942.68,18609.61785
2026-01-22 16:00:00,2942.01,2958.48,2925.13,2946.51,4662.245944
2026-01-22 17:00:00,2946.64,2964.01,2935.47,2963.75,4446.200083
2026-01-22 18:00:00,2962.0,2971.27,2938.76,2939.85,6955.453528
2026-01-22 19:00:00,2939.75,2962.6,2928.97,2954.14,4816.818577
2026-01-22 20:00:00,2954.08,2961.53,2930.0,2938.44,5707.741165
2026-01-22 21:00:00,2941.08,2951.59,2934.03,2946.36,1326.181074
2026-01-22 22:00:00,2946.35,2961.53,2940.0,2952.62,2913.753525
2026-01-22 23:00:00,2951.89,2955.73,2920.0,2952.89,6096.904269
2026-01-23 00:00:00,2952.89,2957.5,2945.0,2953.05,979.303348
2026-01-23 01:00:00,2953.7,2969.95,2945.0,2969.3,1645.929986
2026-01-23 02:00:00,2969.25,2974.06,2953.01,2953.01,1632.813282
2026-01-23 03:00:00,2953.01,2965.81,2952.17,2964.49,906.001875
2026-01-23 04:00:00,2964.49,2984.61,2963.02,2978.46,1738.017915
2026-01-23 05:00:00,2982.69,2987.83,2964.55,2968.85,20319.220635
2026-01-23 06:00:00,2968.64,2975.91,2939.26,2939.46,54615.995445
2026-01-23 07:00:00,2939.99,2954.24,2936.0,2948.8,14942.25583
2026-01-23 08:00:00,2948.8,2951.19,2923.07,2927.51,59951.899273
2026-01-23 09:00:00,2928.63,2959.27,2916.24,2924.92,83126.3551
2026-01-23 10:00:00,2924.92,2938.44,2916.4,2931.0,33111.836413
2026-01-23 11:00:00,2931.03,2950.0,2929.06,2940.8,65767.067737
2026-01-23 12:00:00,2940.92,2948.18,2929.42,2935.01,36524.585093
2026-01-23 13:00:00,2935.01,2944.39,2929.19,2930.87,35786.795365
2026-01-23 14:00:00,2930.85,2942.0,2898.36,2915.1,64212.14193
2026-01-23 15:00:00,2916.14,2959.52,2901.58,2952.78,58734.512787
2026-01-23 16:00:00,2952.73,2980.0,2940.63,2967.84,49860.1461
2026-01-23 17:00:00,2968.0,3015.37,2960.22,2987.44,40746.069768
2026-01-23 18:00:00,2987.51,3009.61,2980.0,2988.47,71480.721026
2026-01-23 19:00:00,2988.38,2994.52,2940.0,2959.01,62880.780898
2026-01-23 20:00:00,2959.98,2970.0,2932.16,2940.59,95821.700641
2026-01-23 21:00:00,2940.22,2953.16,2938.97,2944.25,50568.716232
2026-01-23 22:00:00,2944.24,2962.0,2943.57,2959.77,26209.934328
2026-01-23 23:00:00,2961.8,2971.15,2951.55,2956.57,22889.448244
2026-01-24 00:00:00,2956.32,2960.67,2949.47,2951.01,24034.463938
2026-01-24 01:00:00,2951.01,2961.53,2950.0,2956.4,4543.097244
2026-01-24 02:00:00,2956.21,2963.2,2954.55,2959.47,12945.076363
2026-01-24 03:00:00,2959.47,2970.13,2957.21,2962.7,15759.075965
2026-01-24 04:00:00,2962.63,2970.13,2959.4,2963.18,14082.345761
2026-01-24 05:00:00,2963.18,2970.13,2957.09,2961.0,24880.523924
2026-01-24 06:00:00,2961.0,2970.0,2957.88,2961.55,571.628345
2026-01-24 07:00:00,2961.39,2968.36,2954.96,2957.03,19030.130574
2026-01-24 08:00:00,2957.01,2970.0,2955.22,2962.93,4443.806223
2026-01-24 09:00:00,2962.88,2971.15,2957.97,2960.49,831.095872
2026-01-24 10:00:00,2960.4,2974.06,2958.53,2961.77,11424.166635
2026-01-24 11:00:00,2961.67,2965.91,2958.53,2961.1,395.981936
2026-01-24 12:00:00,2961.1,2971.15,2955.55,2962.41,8002.721345
2026-01-24 13:00:00,2962.32,2970.0,2954.24,2957.59,5469.64253
2026-01-24 14:00:00,2957.59,2960.0,2945.24,2959.91,7806.401906
2026-01-24 15:00:00,2959.86,2970.13,2955.96,2957.22,28183.282166
2026-01-24 16:00:00,2957.17,2964.09,2952.35,2959.01,69888.104596
2026-01-24 17:00:00,2959.01,2976.89,2956.61,2963.92,85852.604652
2026-01-24 18:00:00,2964.13,2980.0,2960.0,2963.7,1701796.997791
2026-01-24 19:00:00,2963.67,2969.28,2953.28,2953.72,105793.516745
2026-01-24 20:00:00,2954.01,2968.6,2953.73,2956.58,3454.831861
2026-01-24 21:00:00,2956.51,2961.82,2950.45,2958.3,19672.26641
2026-01-24 22:00:00,2958.22,2965.81,2958.22,2962.85,800.715416
2026-01-24 23:00:00,2963.2,2970.0,2952.35,2953.5,980.666257
2026-01-25 00:00:00,2953.5,2965.81,2951.92,2959.0,5333.572098
2026-01-25 01:00:00,2959.0,2965.81,2950.0,2955.41,3498.802535
2026-01-25 02:00:00,2955.28,2970.0,2950.0,2953.23,1089.819579
2026-01-25 03:00:00,2953.21,2960.34,2938.1,2942.73,78150.74911
2026-01-25 04:00:00,2942.73,2949.72,2940.43,2945.04,7121.339553
2026-01-25 05:00:00,2945.04,2960.0,2942.0,2947.24,36271.1134
2026-01-25 06:00:00,2947.16,2947.21,2935.16,2944.22,71578.757647
2026-01-25 07:00:00,2944.09,2951.92,2938.0,2939.86,16070.199949
2026-01-25 08:00:00,2939.86,2948.19,2925.28,2929.34,73768.114988
2026-01-25 09:00:00,2929.35,2940.0,2926.77,2935.91,7911.787163
2026-01-25 10:00:00,2935.9,2960.0,2935.6,2945.57,2618.326604
2026-01-25 11:00:00,2945.51,2950.0,2932.38,2937.45,81813.400273
2026-01-25 12:00:00,2937.34,2949.78,2932.38,2942.63,30024.676234
2026-01-25 13:00:00,2942.53,2945.66,2935.2,2942.17,59991.421326
2026-01-25 14:00:00,2941.92,2999.99,2925.1,2932.7,130841.62462
2026-01-25 15:00:00,2932.51,2940.0,2923.58,2926.94,19937.442055
2026-01-25 16:00:00,2926.95,2932.62,2883.29,2896.97,218466.793509
2026-01-25 17:00:00,2896.97,2901.96,2880.0,2884.49,27646.592606
2026-01-25 18:00:00,2884.46,2892.0,2834.22,2848.13,237280.013804
2026-01-25 19:00:00,2848.13,2855.74,2804.64,2813.09,264770.716063
2026-01-25 20:00:00,2813.0,2828.5,2789.28,2809.76,122649.841843
2026-01-25 21:00:00,2809.75,2830.19,2800.0,2818.97,6824.999292
2026-01-25 22:00:00,2819.06,2822.4,2790.32,2806.97,12890.507183
2026-01-25 23:00:00,2806.99,2825.3,2787.41,2818.0,16614.717266
2026-01-26 00:00:00,2817.37,2845.4,2812.95,2841.89,6655.172767
2026-01-26 01:00:00,2841.89,2897.79,2838.74,2882.18,3721629.243664
2026-01-26 02:00:00,2882.58,2887.32,2863.95,2865.98,119786.82421
2026-01-26 03:00:00,2865.98,2874.99,2841.88,2850.92,160657.483684
2026-01-26 04:00:00,2850.92,2876.08,2846.15,2865.79,8115.81325
2026-01-26 05:00:00,2866.0,2876.08,2857.14,2869.69,2352.831003
2026-01-26 06:00:00,2869.76,2891.89,2865.38,2891.51,2235.20235
2026-01-26 07:00:00,2891.48,2907.1,2860.7,2874.0,8715.638359
2026-01-26 08:00:00,2868.47,2923.92,2867.82,2912.3,4424.245604
2026-01-26 09:00:00,2912.29,2913.8,2880.9,2885.92,1589786.481484
2026-01-26 10:00:00,2885.86,2913.46,2880.85,2896.43,1826834.716626
2026-01-26 11:00:00,2896.43,2910.0,2888.64,2891.93,241533.981941
2026-01-26 12:00:00,2892.21,2916.42,2892.08,2902.63,17715.003512
2026-01-26 13:00:00,2902.69,2912.68,2898.03,2909.88,137967.472376
2026-01-26 14:00:00,2909.88,2938.44,2880.85,2922.91,456567.410392
2026-01-26 15:00:00,2922.92,2949.98,2888.36,2899.5,9922.603934
2026-01-26 16:00:00,2899.5,2920.0,2891.55,2901.42,9555.957495
2026-01-26 17:00:00,2901.64,2915.75,2882.92,2909.58,3643.955942
2026-01-26 18:00:00,2909.6,2932.94,2908.37,2932.2,3389.8564
2026-01-26 19:00:00,2932.38,2936.88,2919.98,2923.4,1687.795387
2026-01-26 20:00:00,2923.36,2930.0,2898.7,2901.47,4922.337529
2026-01-26 21:00:00,2901.72,2942.3,2890.0,2928.65,31838.990617
2026-01-26 22:00:00,2928.98,2940.0,2920.01,2927.46,2356.313302
2026-01-26 23:00:00,2927.16,2945.0,2918.6,2930.0,5182.860007
2026-01-27 00:00:00,2930.0,2936.7,2916.42,2920.56,4122.40896
2026-01-27 01:00:00,2920.6,2939.55,2911.95,2932.65,4880.738741
2026-01-27 02:00:00,2932.65,2950.0,2923.32,2934.93,4377.898238
2026-01-27 03:00:00,2934.93,2947.96,2908.96,2941.15,15168.955946
2026-01-27 04:00:00,2940.96,2954.24,2936.7,2940.63,332582.58303
2026-01-27 05:00:00,2940.63,2951.92,2933.55,2939.31,125554.562515
2026-01-27 06:00:00,2939.31,2945.25,2924.81,2929.41,235483.236836
2026-01-27 07:00:00,2929.41,2940.0,2927.49,2929.0,281874.021966
2026-01-27 08:00:00,2929.0,2943.42,2920.27,2923.41,199634.43065
2026-01-27 09:00:00,2923.41,2937.73,2905.15,2908.1,553509.821919
2026-01-27 10:00:00,2908.01,2915.38,2902.73,2903.57,127438.739764
2026-01-27 11:00:00,2903.57,2922.73,2902.61,2917.28,7678.087406
2026-01-27 12:00:00,2922.65,2930.83,2915.73,2918.3,84925.545306
2026-01-27 13:00:00,2918.37,2930.0,2906.94,2912.85,243174.144532
2026-01-27 14:00:00,2912.85,2940.0,2908.34,2916.42,8260.372648
2026-01-27 15:00:00,2916.42,2940.25,2912.5,2937.71,3502.286797
2026-01-27 16:00:00,2937.65,2999.99,2935.55,2991.1,157934.244726
2026-01-27 17:00:00,2995.0,2999.99,2943.79,2948.71,423653.435061
2026-01-27 18:00:00,2948.71,2985.0,2940.47,2978.2,39246.49226
2026-01-27 19:00:00,2978.2,2993.0,2961.53,2980.4,4922.171534
2026-01-27 20:00:00,2980.4,3028.84,2979.26,3022.13,7556.780246
2026-01-27 21:00:00,3022.15,3030.0,3005.86,3015.56,3599.56038
2026-01-27 22:00:00,3015.7,3022.75,3004.31,3019.35,1627.381344
2026-01-27 23:00:00,3019.59,3038.46,3011.23,3025.86,7413.272691
2026-01-28 00:00:00,3025.86,3031.7,3009.61,3026.19,2097273.427413
2026-01-28 01:00:00,3030.32,3032.27,3008.08,3017.85,1781628.411512
2026-01-28 02:00:00,3017.97,3020.0,3005.61,3010.73,227571.33438
2026-01-28 03:00:00,3010.72,3016.4,2990.47,3004.95,3690.909682
2026-01-28 04:00:00,3004.9,3019.23,2992.94,2999.5,39527.237912
2026-01-28 05:00:00,2999.48,3008.48,2990.0,3000.68,1605879.311943
2026-01-28 06:00:00,3000.68,3019.86,2986.1,3014.55,1438973.359586
2026-01-28 07:00:00,3014.51,3018.29,2999.99,3004.9,1513.262958
2026-01-28 08:00:00,3004.91,3010.0,2988.0,2990.75,5202.580758
2026-01-28 09:00:00,2990.72,3080.45,2986.97,3017.42,61079.90621
2026-01-28 10:00:00,3017.46,3040.0,3009.61,3028.84,7650.560512
2026-01-28 11:00:00,3034.14,3050.0,3010.0,3040.24,22263.559889
2026-01-28 12:00:00,3043.9,3045.05,3021.72,3031.35,14281.200756
2026-01-28 13:00:00,3031.35,3044.44,3028.84,3034.75,2444210.883258
2026-01-28 14:00:00,3034.66,3037.31,3007.26,3013.25,6112.611212
2026-01-28 15:00:00,3013.3,3021.24,2986.1,3007.36,43179.806921
2026-01-28 16:00:00,3007.89,3018.29,2996.14,2999.86,4379.643253
2026-01-28 17:00:00,2999.85,3031.0,2991.07,3014.96,1005475.703875
2026-01-28 18:00:00,3014.94,3024.48,3000.56,3015.45,3109.069888
2026-01-28 19:00:00,3015.52,3024.31,2997.9,3016.75,7188.267542
2026-01-28 20:00:00,3022.47,3035.91,3008.59,3012.03,6768.797876
2026-01-28 21:00:00,3012.03,3030.0,2997.0,3021.48,3994.475712
2026-01-28 22:00:00,3021.95,3027.71,3008.75,3018.93,1497.900916
2026-01-28 23:00:00,3018.94,3029.62,3008.0,3010.9,2954.21256
2026-01-29 00:00:00,3010.85,3019.23,2994.8,3009.54,1976.52948
2026-01-29 01:00:00,3009.5,3011.9,2986.1,2992.89,2335.405383
2026-01-29 02:00:00,2992.86,3000.0,2945.29,2959.75,5531.382559
2026-01-29 03:00:00,2959.45,2971.94,2944.44,2952.92,3038.096098
2026-01-29 04:00:00,2952.9,2970.0,2938.44,2959.45,4244.175562
2026-01-29 05:00:00,2959.4,2970.13,2943.42,2951.05,4370.096857
2026-01-29 06:00:00,2951.24,2965.81,2938.44,2956.45,42570.780377
2026-01-29 07:00:00,2956.45,2970.0,2950.0,2961.77,4304.550233
2026-01-29 08:00:00,2961.98,2968.75,2942.3,2952.79,6115.619465
2026-01-29 09:00:00,2952.79,2960.0,2940.0,2942.72,3552.754439
2026-01-29 10:00:00,2942.73,2951.92,2900.0,2944.8,47527.643753
2026-01-29 11:00:00,2944.78,2947.36,2922.73,2929.36,2279.8415
2026-01-29 12:00:00,2929.36,2943.37,2923.07,2936.73,3011.981404
2026-01-29 13:00:00,2936.73,2950.0,2922.73,2936.02,6195.087721
2026-01-29 14:00:00,2936.14,2950.0,2887.32,2887.32,6823.928835
2026-01-29 15:00:00,2892.0,2893.63,2800.0,2824.37,111268.181042
2026-01-29 16:00:00,2824.55,2836.66,2805.55,2835.22,109731.304426
2026-01-29 17:00:00,2835.41,2860.17,2821.08,2824.3,90513.818112
2026-01-29 18:00:00,2824.3,2856.76,2763.3,2764.07,265466.863394
2026-01-29 19:00:00,2764.05,2815.0,2761.4,2797.7,24004.840359
2026-01-29 20:00:00,2797.65,2811.85,2788.46,2806.39,10989.068175
2026-01-29 21:00:00,2806.31,2828.5,2802.71,2820.54,96779.742482
2026-01-29 22:00:00,2820.63,2836.53,2811.95,2820.4,65817.983868
2026-01-29 23:00:00,2820.4,2830.19,2813.19,2823.05,29905.451856
2026-01-30 00:00:00,2822.58,2829.66,2803.57,2805.01,97542.68672
2026-01-30 01:00:00,2805.01,2815.87,2710.5,2747.26,113385.781722
2026-01-30 02:00:00,2747.26,2759.69,2680.95,2736.79,1571216.146428
2026-01-30 03:00:00,2736.79,2749.99,2734.5,2741.06,4560.937831
2026-01-30 04:00:00,2741.06,2774.56,2730.0,2753.23,131648.127095
2026-01-30 05:00:00,2753.23,2764.0,2747.08,2747.59,70201.189084
2026-01-30 06:00:00,2747.59,2759.61,2701.92,2718.36,661686.086787
2026-01-30 07:00:00,2718.36,2750.5,2711.53,2741.02,62801.244913
2026-01-30 08:00:00,2740.69,2764.27,2723.99,2737.86,308295.454585
2026-01-30 09:00:00,2738.1,2749.99,2711.75,2722.14,1511919.174988
2026-01-30 10:00:00,2722.1,2740.0,2712.81,2736.25,26714.504152
2026-01-30 11:00:00,2736.52,2768.56,2733.41,2760.23,18607.639759
2026-01-30 12:00:00,2759.89,2788.55,2738.2,2740.85,5090838.911799
2026-01-30 13:00:00,2740.78,2759.69,2724.77,2730.25,108541.47971
2026-01-30 14:00:00,2730.14,2763.44,2725.65,2736.03,76511.90522
2026-01-30 15:00:00,2737.27,2752.0,2700.57,2729.7,411718.066837
2026-01-30 16:00:00,2729.48,2744.81,2711.53,2726.78,579993.869425
2026-01-30 17:00:00,2726.71,2740.38,2707.0,2712.66,1403517.210444
2026-01-30 18:00:00,2712.74,2746.5,2654.77,2740.37,474308.77371
2026-01-30 19:00:00,2740.55,2775.0,2730.76,2742.25,113562.154306
2026-01-30 20:00:00,2742.36,2760.0,2669.66,2681.74,220184.18565
2026-01-30 21:00:00,2681.49,2713.5,2678.6,2708.76,29666.861538
2026-01-30 22:00:00,2708.69,2710.36,2693.33,2710.0,1856.849231
2026-01-30 23:00:00,2710.0,2711.53,2694.54,2707.25,143956.324426
2026-01-31 00:00:00,2707.25,2718.56,2703.01,2706.4,57649.382861
2026-01-31 01:00:00,2706.4,2719.0,2699.22,2699.99,63870.135888
2026-01-31 02:00:00,2699.99,2711.53,2684.69,2702.0,132963.092189
2026-01-31 03:00:00,2702.0,2716.9,2692.3,2696.11,73346.030416
2026-01-31 04:00:00,2696.1,2711.53,2693.4,2695.92,62790.65431
2026-01-31 05:00:00,2695.97,2706.35,2691.14,2698.1,23476.036355
2026-01-31 06:00:00,2698.1,2707.5,2685.55,2692.9,21621.480727
2026-01-31 07:00:00,2692.8,2706.66,2670.0,2680.51,50526.986919
2026-01-31 08:00:00,2680.5,2683.87,2610.0,2644.14,118651.545587
2026-01-31 09:00:00,2644.5,2666.66,2634.99,2648.7,83649.629836
2026-01-31 10:00:00,2648.7,2696.0,2635.55,2651.65,253950.441087
2026-01-31 11:00:00,2651.65,2661.61,2635.78,2640.7,287653.044209
2026-01-31 12:00:00,2640.7,2726.32,2610.0,2649.34,10492515.657153
2026-01-31 13:00:00,2651.68,2654.0,2618.86,2629.34,348974.27339
2026-01-31 14:00:00,2629.34,2636.26,2519.36,2538.89,409844.456685
2026-01-31 15:00:00,2538.89,2585.71,2528.76,2534.25,111442.214867
2026-01-31 16:00:00,2534.31,2556.11,2473.27,2482.8,183236.130858
2026-01-31 17:00:00,2482.8,2500.0,2368.03,2402.74,140805.325185
2026-01-31 18:00:00,2403.05,2479.3,2259.4,2380.2,266908.986537
2026-01-31 19:00:00,2380.68,2432.69,2369.42,2385.86,75777.477227
2026-01-31 20:00:00,2390.24,2420.0,2357.0,2382.75,4574327.971617
2026-01-31 21:00:00,2382.46,2423.07,2374.12,2419.41,48969.998423
2026-01-31 22:00:00,2419.61,2432.69,2409.17,2419.4,62922.185753
2026-01-31 23:00:00,2418.99,2472.5,2417.64,2452.14,55162.324373
2026-02-01 00:00:00,2452.2,2480.0,2442.3,2452.25,956869.677712
2026-02-01 01:00:00,2452.16,2456.0,2430.6,2444.64,773561.261907
2026-02-01 02:00:00,2444.64,2469.19,2437.5,2452.65,168820.000503
2026-02-01 03:00:00,2452.65,2474.54,2439.99,2445.55,91924.729477
2026-02-01 04:00:00,2445.56,2461.53,2441.8,2449.48,750846.174618
2026-02-01 05:00:00,2449.48,2490.0,2426.15,2430.93,617587.271004
2026-02-01 06:00:00,2430.9,2442.3,2412.3,2418.65,75044.532813
2026-02-01 07:00:00,2418.61,2435.49,2395.05,2411.7,580750.652643
2026-02-01 08:00:00,2411.61,2426.3,2399.0,2413.16,5328397.136266
2026-02-01 09:00:00,2413.16,2440.0,2407.24,2432.4,442665.010716
2026-02-01 10:00:00,2432.4,2440.0,2379.71,2381.49,1410455.589033
2026-02-01 11:00:00,2386.06,2423.0,2381.01,2412.05,298567.10832
2026-02-01 12:00:00,2412.05,2415.46,2386.52,2395.84,189570.585606
2026-02-01 13:00:00,2395.8,2416.46,2382.0,2386.04,2592802.627685
2026-02-01 14:00:00,2386.04,2390.0,2340.58,2372.67,912978.267771
2026-02-01 15:00:00,2373.41,2375.75,2294.87,2324.26,4573456.991868
2026-02-01 16:00:00,2328.56,2340.05,2293.7,2304.3,518181.605471
2026-02-01 17:00:00,2304.52,2324.26,2298.07,2314.6,62334.143623
2026-02-01 18:00:00,2314.6,2410.95,2305.21,2351.21,120519.098698
2026-02-01 19:00:00,2351.72,2361.15,2309.09,2320.73,143702.988143
2026-02-01 20:00:00,2320.79,2350.0,2300.0,2316.47,131256.951834
2026-02-01 21:00:00,2316.28,2320.63,2283.58,2290.7,84037.861931
2026-02-01 22:00:00,2290.89,2333.33,2288.0,2318.99,434062.999527
2026-02-01 23:00:00,2321.0,2321.0,2243.44,2270.47,2206485.751378
2026-02-02 00:00:00,2270.47,2325.64,2253.33,2293.29,129917.904895
2026-02-02 01:00:00,2293.4,2315.79,2255.97,2299.99,92535.968697
2026-02-02 02:00:00,2299.99,2301.04,2261.25,2262.55,213529.955744
2026-02-02 03:00:00,2262.55,2268.52,2172.65,2238.74,934209.914105
2026-02-02 04:00:00,2238.74,2267.85,2210.28,2240.56,339023.649384
2026-02-02 05:00:00,2240.56,2249.99,2182.69,2198.44,130102.385133
2026-02-02 06:00:00,2198.24,2232.16,2163.85,2226.51,88615.950336
2026-02-02 07:00:00,2227.03,2250.18,2221.03,2231.2,241497.533824
2026-02-02 08:00:00,2235.57,2267.85,2230.72,2249.45,161761.058061
2026-02-02 09:00:00,2249.97,2315.83,2239.44,2291.5,56595.563753
2026-02-02 10:00:00,2291.55,2304.0,2275.01,2278.11,274181.289781
2026-02-02 11:00:00,2278.11,2298.0,2274.62,2282.4,647712.819545
2026-02-02 12:00:00,2282.3,2326.92,2281.82,2312.05,85754.026489
2026-02-02 13:00:00,2311.96,2335.0,2302.81,2329.86,922241.589946
2026-02-02 14:00:00,2332.49,2370.0,2301.45,2329.87,464455.689449
2026-02-02 15:00:00,2335.58,2415.46,2326.92,2372.45,157149.551822
2026-02-02 16:00:00,2372.5,2399.0,2352.9,2359.02,119883.274176
2026-02-02 17:00:00,2359.0,2392.0,2347.11,2356.59,89041.660921
2026-02-02 18:00:00,2356.56,2365.38,2335.24,2344.76,61368.509368
2026-02-02 19:00:00,2344.7,2355.76,2328.81,2331.9,39893.048983
2026-02-02 20:00:00,2331.9,2346.15,2314.13,2321.45,76068.594162
2026-02-02 21:00:00,2321.42,2348.21,2319.21,2341.92,32565.870106
2026-02-02 22:00:00,2341.92,2353.61,2336.49,2351.09,140007.832475
2026-02-02 23:00:00,2351.4,2355.25,2339.79,2347.0,265144.003776
2026-02-03 00:00:00,2347.0,2355.0,2326.31,2354.05,768105.987823
2026-02-03 01:00:00,2354.05,2360.0,2338.19,2354.84,92176.115384
2026-02-03 02:00:00,2354.63,2356.89,2294.67,2299.52,141148.639311
2026-02-03 03:00:00,2299.65,2344.82,2288.35,2343.35,99987.799743
2026-02-03 04:00:00,2343.81,2360.0,2333.5,2345.84,68500.579887
2026-02-03 05:00:00,2345.84,2362.0,2315.96,2316.66,220770.913146
2026-02-03 06:00:00,2316.9,2330.0,2300.0,2320.82,120629.779691
2026-02-03 07:00:00,2320.82,2354.46,2314.19,2323.15,91442.958842
2026-02-03 08:00:00,2323.14,2333.33,2310.75,2315.79,76522.970399
2026-02-03 09:00:00,2315.83,2355.76,2274.1,2303.52,153905.400079
2026-02-03 10:00:00,2303.52,2308.06,2277.0,2281.87,78056.393976
2026-02-03 11:00:00,2281.87,2289.23,2271.32,2276.56,140256.632591
2026-02-03 12:00:00,2276.65,2306.0,2273.31,2301.51,113369.022677
2026-02-03 13:00:00,2301.51,2320.0,2297.4,2312.5,25971.045164
2026-02-03 14:00:00,2312.31,2323.06,2270.99,2270.99,383653.362289
2026-02-03 15:00:00,2270.99,2307.0,2260.98,2303.53,1659896.236648
2026-02-03 16:00:00,2303.4,2307.0,2239.23,2241.13,488564.427829
2026-02-03 17:00:00,2241.13,2259.61,2202.0,2209.92,248405.136823
2026-02-03 18:00:00,2209.94,2225.0,2120.0,2131.82,2170304.336078
2026-02-03 19:00:00,2131.82,2221.15,2124.01,2205.88,91585.368804
2026-02-03 20:00:00,2210.8,2316.15,2190.0,2300.23,92394.279912
2026-02-03 21:00:00,2299.98,2336.53,2283.0,2284.0,128641.53889
2026-02-03 22:00:00,2284.0,2290.23,2232.45,2236.8,554472.910092
2026-02-03 23:00:00,2239.19,2265.0,2217.86,2233.83,498599.350295
2026-02-04 00:00:00,2233.81,2257.93,2225.55,2241.25,142215.204591
2026-02-04 01:00:00,2242.73,2282.0,2242.5,2268.96,336768.796863
2026-02-04 02:00:00,2268.96,2277.58,2246.3,2252.24,91195.784478
2026-02-04 03:00:00,2252.0,2294.89,2247.75,2283.26,167787.514945
2026-02-04 04:00:00,2283.49,2295.0,2271.44,2273.61,81883.781145
2026-02-04 05:00:00,2273.9,2280.47,2257.38,2265.27,72671.402385
2026-02-04 06:00:00,2265.23,2287.47,2258.77,2277.46,99831.266341
2026-02-04 07:00:00,2277.46,2292.77,2264.76,2284.0,41786.12934
2026-02-04 08:00:00,2283.94,2289.23,2264.71,2280.09,47119.499893
2026-02-04 09:00:00,2280.05,2284.54,2253.18,2266.66,103344.87494
2026-02-04 10:00:00,2261.27,2271.57,2251.35,2260.91,249883.95818
2026-02-04 11:00:00,2260.91,2263.5,2230.21,2261.76,342659.552009
2026-02-04 12:00:00,2257.13,2263.5,2238.51,2244.35,123479.830733
2026-02-04 13:00:00,2243.8,2250.0,2198.63,2198.91,446712.294947
2026-02-04 14:00:00,2203.76,2222.41,2180.0,2187.47,128311.053878
2026-02-04 15:00:00,2187.47,2222.41,2146.36,2161.76,170525.69376
2026-02-04 16:00:00,2161.76,2176.0,2120.0,2135.34,2094032.124719
2026-02-04 17:00:00,2135.34,2163.46,2100.0,2129.92,567781.543536
2026-02-04 18:00:00,2133.82,2174.81,2077.92,2148.29,273082.815694
2026-02-04 19:00:00,2148.28,2191.91,2134.7,2188.4,209816.458327
2026-02-04 20:00:00,2188.4,2210.37,2163.41,2172.05,273877.956865
2026-02-04 21:00:00,2172.25,2179.86,2113.29,2130.4,375570.772681
2026-02-04 22:00:00,2129.89,2173.33,2100.0,2121.39,333384.556004
2026-02-04 23:00:00,2121.36,2198.99,2115.38,2148.3,134179.92678
2026-02-05 00:00:00,2148.11,2164.55,2130.0,2150.05,51843.91634
2026-02-05 01:00:00,2150.2,2171.85,2130.04,2148.64,176420.924019
2026-02-05 02:00:00,2148.65,2163.41,2120.0,2128.05,232538.781709
2026-02-05 03:00:00,2128.05,2140.0,2105.76,2118.29,197630.20582
2026-02-05 04:00:00,2122.38,2132.48,2088.1,2113.97,291761.752027
2026-02-05 05:00:00,2113.97,2144.0,2080.96,2103.76,228906.52227
2026-02-05 06:00:00,2103.76,2120.0,2079.17,2087.7,281666.70625
2026-02-05 07:00:00,2087.71,2134.61,2086.59,2098.01,109737.116904
2026-02-05 08:00:00,2098.01,2134.56,2096.29,2114.8,89878.521798
2026-02-05 09:00:00,2114.8,2199.99,2111.35,2133.44,288085.770481
2026-02-05 10:00:00,2133.63,2141.0,2095.91,2099.99,1239998.100441
2026-02-05 11:00:00,2105.1,2119.99,2071.59,2079.9,179884.845453
2026-02-05 12:00:00,2079.92,2108.91,2050.04,2063.78,533902.705634
2026-02-05 13:00:00,2063.69,2108.58,2054.79,2063.34,229896.117442
2026-02-05 14:00:00,2063.34,2108.58,2056.15,2057.63,166246.307683
2026-02-05 15:00:00,2057.63,2075.81,1933.0,1971.61,2181473.997738
2026-02-05 16:00:00,1975.59,2017.64,1948.14,1999.0,422579.059515
2026-02-05 17:00:00,1999.0,2020.35,1949.84,1970.0,502618.648769
2026-02-05 18:00:00,1970.0,2000.0,1917.25,1975.17,1339686.020601
2026-02-05 19:00:00,1975.08,1982.11,1918.64,1940.49,6132148.639691
2026-02-05 20:00:00,1936.82,1979.82,1830.0,1870.1,12218238.53552
2026-02-05 21:00:00,1870.16,1946.82,1843.52,1856.58,12173184.463691
2026-02-05 22:00:00,1852.38,1932.66,1820.99,1882.63,13199007.682058
2026-02-05 23:00:00,1882.63,1942.28,1820.93,1838.02,12001071.817393
2026-02-06 00:00:00,1838.89,1899.08,1749.8,1891.28,11984808.009608
2026-02-06 01:00:00,1891.28,1960.43,1874.29,1952.54,14214643.501799
2026-02-06 02:00:00,1952.54,1965.77,1896.18,1934.46,9325222.494678
2026-02-06 03:00:00,1934.57,1938.06,1882.1,1918.52,4844606.384531
2026-02-06 04:00:00,1918.52,1937.0,1886.45,1927.2,3280728.585482
2026-02-06 05:00:00,1931.56,1975.81,1915.28,1963.68,1425344.294488
2026-02-06 06:00:00,1963.68,1969.0,1913.35,1929.21,5174851.419049
2026-02-06 07:00:00,1930.27,1942.28,1895.38,1899.52,1628549.800677
2026-02-06 08:00:00,1899.52,1931.37,1868.63,1875.15,684625.379311
2026-02-06 09:00:00,1875.15,1932.11,1872.25,1926.63,537526.486634
2026-02-06 10:00:00,1921.95,1935.0,1910.94,1927.0,63301.376425
2026-02-06 11:00:00,1927.0,1959.9,1920.2,1933.21,802709.11872
2026-02-06 12:00:00,1934.0,1934.0,1918.0,1930.65,704816.206403
2026-02-06 13:00:00,1930.4,1959.9,1924.4,1954.46,1471509.383392
2026-02-06 14:00:00,1958.41,2005.24,1948.91,1982.37,2382651.51716
2026-02-06 15:00:00,1983.33,1999.0,1961.25,1994.13,658044.089658
2026-02-06 16:00:00,1998.14,2058.41,1993.8,2040.72,1588231.016672
2026-02-06 17:00:00,2041.66,2113.38,2035.0,2096.21,737052.419455
2026-02-06 18:00:00,2096.21,2100.0,2032.45,2067.46,1318248.995903
2026-02-06 19:00:00,2069.0,2096.06,2039.25,2085.18,568618.986527
2026-02-06 20:00:00,2085.18,2104.0,2044.24,2085.58,615503.188399
2026-02-06 21:00:00,2085.58,2091.59,2043.51,2081.63,630192.042248
2026-02-06 22:00:00,2081.63,2104.97,2053.33,2089.12,576858.563177
2026-02-06 23:00:00,2091.71,2097.0,2058.3,2086.53,760681.525183
2026-02-07 00:00:00,2086.53,2089.77,2039.7,2061.25,605037.847542
2026-02-07 01:00:00,2066.09,2096.19,2035.3,2083.43,562150.111919
2026-02-07 02:00:00,2083.43,2096.19,2056.2,2087.5,664921.68769
2026-02-07 03:00:00,2084.92,2103.26,2076.92,2097.78,583243.868892
2026-02-07 04:00:00,2103.21,2130.66,2085.35,2087.91,603903.116621
2026-02-07 05:00:00,2087.91,2110.0,2078.6,2083.61,220943.442979
2026-02-07 06:00:00,2083.86,2110.0,2050.0,2050.0,263671.239595
2026-02-07 07:00:00,2054.89,2056.72,2004.57,2028.4,288504.054979
2026-02-07 08:00:00,2028.39,2045.19,2016.2,2022.21,98479.55921
2026-02-07 09:00:00,2022.21,2032.53,2005.41,2014.71,133507.387395
2026-02-07 10:00:00,2014.99,2022.24,2000.6,2010.95,91955.87603
2026-02-07 11:00:00,2010.9,2023.05,2007.74,2020.27,70441.167794
2026-02-07 12:00:00,2018.93,2074.51,2016.61,2041.6,103903.516553
2026-02-07 13:00:00,2041.6,2057.69,2032.09,2041.85,114713.620886
2026-02-07 14:00:00,2042.0,2051.34,2016.0,2020.35,224802.42603
2026-02-07 15:00:00,2020.59,2061.94,2016.61,2052.59,143065.318221
2026-02-07 16:00:00,2052.59,2096.15,2016.0,2076.92,336135.714043
2026-02-07 17:00:00,2076.92,2076.92,2026.69,2061.16,77744.237957
2026-02-07 18:00:00,2061.1,2110.0,2041.89,2097.76,102353.931929
2026-02-07 19:00:00,2097.76,2110.49,2075.76,2091.2,59534.188044
2026-02-07 20:00:00,2091.21,2111.18,2086.97,2105.24,56653.60049
2026-02-07 21:00:00,2106.0,2115.38,2096.15,2100.63,59304.108869
2026-02-07 22:00:00,2100.63,2107.71,2088.09,2088.09,49459.527622
2026-02-07 23:00:00,2088.75,2106.0,2073.29,2087.38,1094304.764313
2026-02-08 00:00:00,2087.34,2096.15,2070.0,2084.35,4656.274176
2026-02-08 01:00:00,2084.35,2097.82,2082.56,2096.16,16774.810939
2026-02-08 02:00:00,2096.16,2107.48,2083.33,2089.25,130651.680166
2026-02-08 03:00:00,2089.25,2099.99,2077.91,2078.69,85400.729951
2026-02-08 04:00:00,2078.85,2090.0,2057.16,2087.75,30426.180695
2026-02-08 05:00:00,2087.76,2099.99,2064.76,2084.89,47880.540853
2026-02-08 06:00:00,2084.75,2095.0,2077.88,2079.7,148636.688987
2026-02-08 07:00:00,2079.7,2089.0,2070.52,2084.26,479671.145634
2026-02-08 08:00:00,2084.54,2122.0,2078.16,2115.5,942597.074181
2026-02-08 09:00:00,2115.96,2122.91,2097.45,2101.7,89697.941386
2026-02-08 10:00:00,2101.7,2122.0,2080.0,2096.1,19059.714275
2026-02-08 11:00:00,2096.1,2134.61,2094.62,2132.25,489381.807852
2026-02-08 12:00:00,2132.25,2144.23,2120.0,2135.91,564243.371163
2026-02-08 13:00:00,2135.91,2141.0,2120.0,2126.65,624742.062016
2026-02-08 14:00:00,2126.7,2141.0,2115.0,2128.0,122402.422073
2026-02-08 15:00:00,2128.0,2133.61,2098.0,2109.07,705475.339939
2026-02-08 16:00:00,2108.65,2130.0,2075.0,2080.8,217465.867355
2026-02-08 17:00:00,2080.94,2099.1,2080.69,2092.4,5961.976509
2026-02-08 18:00:00,2092.35,2121.1,2090.95,2109.48,42006.014091
2026-02-08 19:00:00,2109.38,2129.46,2100.0,2126.93,8313.940854
2026-02-08 20:00:00,2126.93,2133.36,2096.15,2104.55,14084.513326
2026-02-08 21:00:00,2104.65,2117.06,2090.04,2094.91,12320.695109
2026-02-08 22:00:00,2096.7,2110.4,2091.71,2108.05,11990.40987
2026-02-08 23:00:00,2108.2,2144.0,2075.0,2090.01,470492.531531
2026-02-09 00:00:00,2090.01,2097.27,2077.0,2084.4,627398.186562
2026-02-09 01:00:00,2084.4,2100.85,2055.25,2071.0,559897.400216
2026-02-09 02:00:00,2071.0,2095.79,2061.69,2081.65,3029.697839
2026-02-09 03:00:00,2081.92,2103.04,2081.63,2100.51,2857.167323
2026-02-09 04:00:00,2100.87,2105.0,2086.73,2090.55,2866.041763
2026-02-09 05:00:00,2090.45,2105.0,2083.76,2096.0,2441.290782
2026-02-09 06:00:00,2095.99,2096.27,2067.3,2081.7,3181.061685
2026-02-09 07:00:00,2081.7,2105.0,2064.76,2065.85,5484.250756
2026-02-09 08:00:00,2065.9,2074.04,2020.0,2051.1,29226.700422
2026-02-09 09:00:00,2050.69,2060.0,2034.75,2042.35,216872.326492
2026-02-09 10:00:00,2042.35,2047.15,2014.15,2022.7,382300.013172
2026-02-09 11:00:00,2022.75,2037.46,2021.62,2028.0,414273.53023
2026-02-09 12:00:00,2028.31,2040.0,2022.0,2035.96,429059.123153
2026-02-09 13:00:00,2036.01,2050.2,2022.85,2022.85,992675.898114
2026-02-09 14:00:00,2022.81,2049.99,2010.0,2044.62,942286.07241
2026-02-09 15:00:00,2044.6,2073.09,2040.25,2062.2,175480.854073
2026-02-09 16:00:00,2062.2,2110.0,2047.75,2091.11,127908.787184
2026-02-09 17:00:00,2091.11,2135.0,2074.51,2127.25,262006.329141
2026-02-09 18:00:00,2127.55,2142.72,2109.69,2130.45,713488.493826
2026-02-09 19:00:00,2130.65,2137.56,2115.38,2131.59,14484.505693
2026-02-09 20:00:00,2131.57,2144.0,2118.55,2130.0,363086.382201
2026-02-09 21:00:00,2130.0,2131.59,2090.17,2122.15,5276.080471
2026-02-09 22:00:00,2123.14,2128.0,2109.51,2115.31,690373.81036
2026-02-09 23:00:00,2115.31,2124.99,2090.0,2104.75,132322.628559
2026-02-10 00:00:00,2104.9,2112.9,2096.22,2099.26,1843.125271
2026-02-10 01:00:00,2097.78,2124.31,2096.15,2117.4,1975.715908
2026-02-10 02:00:00,2120.79,2124.99,2101.84,2108.76,1928.15951
2026-02-10 03:00:00,2108.2,2111.09,2055.1,2065.05,4664.447701
2026-02-10 04:00:00,2065.05,2074.75,2057.69,2070.83,2722.939697
2026-02-10 05:00:00,2070.81,2090.09,2045.94,2053.36,44272.935272
2026-02-10 06:00:00,2053.36,2058.0,1996.16,2009.27,59662.943298
2026-02-10 07:00:00,2009.5,2019.23,2000.52,2008.0,2791.267121
2026-02-10 08:00:00,2008.17,2057.69,2004.24,2015.16,5528.132194
2026-02-10 09:00:00,2015.11,2038.46,2010.0,2017.16,4001.767006
2026-02-10 10:00:00,2017.02,2022.32,2010.0,2014.2,8863.581471
2026-02-10 11:00:00,2014.15,2025.0,2000.0,2003.2,389715.21943
2026-02-10 12:00:00,2003.16,2019.23,2003.16,2019.23,72254.317648
2026-02-10 13:00:00,2019.23,2061.69,2011.53,2022.7,8615.754735
2026-02-10 14:00:00,2022.66,2039.11,1990.38,2009.89,10983.207701
2026-02-10 15:00:00,2009.9,2069.11,2002.4,2028.84,242256.645926
2026-02-10 16:00:00,2023.34,2037.0,2012.52,2026.0,213625.846131
2026-02-10 17:00:00,2026.29,2046.62,1992.0,2040.46,77710.064439
2026-02-10 18:00:00,2040.59,2043.51,1996.6,2009.4,5571.047817
2026-02-10 19:00:00,2009.36,2025.52,2004.76,2017.91,2189.33045
2026-02-10 20:00:00,2017.91,2026.78,2005.43,2013.45,6627.816491
2026-02-10 21:00:00,2011.56,2019.23,1998.08,2008.31,1873.000675
2026-02-10 22:00:00,2008.75,2020.17,2006.68,2015.41,2078.224358
2026-02-10 23:00:00,2020.0,2033.33,2012.6,2022.95,6464.529957
2026-02-11 00:00:00,2022.85,2030.0,2019.37,2025.91,65052.010815
2026-02-11 01:00:00,2025.56,2031.89,2016.0,2023.85,33887.537671
2026-02-11 02:00:00,2024.55,2035.0,2014.0,2017.6,17567.338698
2026-02-11 03:00:00,2017.68,2022.24,1998.0,2009.6,105442.360781
2026-02-11 04:00:00,2009.54,2016.3,1964.01,1971.61,59469.292628
2026-02-11 05:00:00,1971.85,1990.38,1963.5,1974.51,2690.412996
2026-02-11 06:00:00,1975.03,1980.0,1939.8,1950.54,7674.811491
2026-02-11 07:00:00,1948.91,1960.0,1940.0,1951.11,3963.4897
2026-02-11 08:00:00,1951.11,1959.86,1931.83,1950.15,6619.029048
2026-02-11 09:00:00,1950.65,1960.0,1942.28,1946.9,2633.741917
2026-02-11 10:00:00,1946.9,1951.9,1931.45,1937.65,3797.807898
2026-02-11 11:00:00,1939.82,1970.0,1938.2,1953.6,125507.888264
2026-02-11 12:00:00,1953.73,1971.14,1949.0,1952.2,124674.319403
2026-02-11 13:00:00,1952.29,1970.0,1942.28,1959.84,149752.044108
2026-02-11 14:00:00,1960.55,2006.58,1938.2,1943.39,1563529.543315
2026-02-11 15:00:00,1943.06,1951.27,1903.6,1929.37,84480.556453
2026-02-11 16:00:00,1929.22,1961.52,1900.0,1915.66,39861.212037
2026-02-11 17:00:00,1915.66,1942.53,1904.69,1930.02,28858.932977
2026-02-11 18:00:00,1929.82,1950.0,1914.26,1944.49,5267.805111
2026-02-11 19:00:00,1944.17,1959.28,1938.55,1952.5,3733.279246
2026-02-11 20:00:00,1952.3,1963.99,1940.67,1953.8,12028.740859
2026-02-11 21:00:00,1954.52,1987.64,1951.0,1970.36,3759.038995
2026-02-11 22:00:00,1970.35,1976.59,1949.14,1951.98,3575.418324
2026-02-11 23:00:00,1951.45,1957.01,1932.69,1942.4,508315.142393
2026-02-12 00:00:00,1943.99,1965.41,1933.5,1958.83,165855.30589
2026-02-12 01:00:00,1959.53,1980.0,1951.9,1965.61,2934.831708
2026-02-12 02:00:00,1965.63,1980.76,1956.88,1958.13,75039.046598
2026-02-12 03:00:00,1958.87,1991.51,1957.19,1968.99,897450.366114
2026-02-12 04:00:00,1968.51,2015.43,1960.0,1965.75,80394.550297
2026-02-12 05:00:00,1965.7,1974.18,1951.27,1969.7,6510.899347
2026-02-12 06:00:00,1970.4,1983.71,1962.18,1971.3,2517.452799
2026-02-12 07:00:00,1974.21,1981.37,1950.42,1971.05,4792.999464
2026-02-12 08:00:00,1972.05,1978.94,1957.14,1965.69,1004.301522
2026-02-12 09:00:00,1965.69,1987.39,1963.75,1982.74,9324.251325
2026-02-12 10:00:00,1982.11,1995.26,1970.0,1994.1,2296.303006
2026-02-12 11:00:00,1994.1,2001.7,1981.37,1989.15,2477.805308
2026-02-12 12:00:00,1989.09,1995.27,1974.18,1980.69,827.327394
2026-02-12 13:00:00,1980.84,1996.16,1962.03,1995.19,145767.821818
2026-02-12 14:00:00,1995.19,1997.82,1974.09,1979.75,4963.598951
2026-02-12 15:00:00,1979.79,1984.59,1944.64,1948.82,4135.067827
2026-02-12 16:00:00,1948.84,1961.25,1898.0,1909.0,34118.658527
2026-02-12 17:00:00,1909.09,1927.34,1900.0,1910.51,8735.5209
2026-02-12 18:00:00,1910.51,1930.24,1902.1,1918.71,68587.418059
2026-02-12 19:00:00,1918.65,1940.82,1912.76,1925.16,8137.323167
2026-02-12 20:00:00,1925.35,1939.95,1909.95,1915.8,7475.165251
2026-02-12 21:00:00,1915.93,1927.5,1913.3,1923.3,2709.932264
2026-02-12 22:00:00,1923.7,1948.8,1920.37,1943.05,84853.002003
2026-02-12 23:00:00,1943.0,1953.0,1937.79,1947.73,1717.988049
2026-02-13 00:00:00,1948.0,1953.58,1928.0,1933.39,73677.149548
2026-02-13 01:00:00,1933.48,1949.84,1928.0,1943.42,1632.1504
2026-02-13 02:00:00,1943.89,1951.27,1940.0,1948.18,2702.260818
2026-02-13 03:00:00,1948.99,1965.62,1941.33,1953.36,9814.5658
2026-02-13 04:00:00,1953.6,1960.0,1941.33,1944.59,1441.825034
2026-02-13 05:00:00,1944.6,1948.0,1932.66,1934.25,975.937721
2026-02-13 06:00:00,1934.16,1939.36,1925.08,1936.8,32826.099373
2026-02-13 07:00:00,1936.94,1950.42,1925.0,1935.96,3370.523259
2026-02-13 08:00:00,1936.0,1982.0,1925.0,1959.05,29363.82079
2026-02-13 09:00:00,1958.98,1970.0,1941.39,1961.99,2645.768558
2026-02-13 10:00:00,1961.93,1968.31,1951.9,1959.39,6595.01068
2026-02-13 11:00:00,1959.39,1965.41,1946.66,1960.31,3236.77067
2026-02-13 12:00:00,1960.32,1965.41,1934.0,1961.02,138017.61621
2026-02-13 13:00:00,1961.01,1979.82,1956.3,1970.59,53901.743807
2026-02-13 14:00:00,1970.55,2000.0,1962.96,1992.94,947574.202583
2026-02-13 15:00:00,1991.14,2053.84,1987.94,2034.95,554121.549768
2026-02-13 16:00:00,2034.95,2074.51,2029.78,2061.33,1838817.689363
2026-02-13 17:00:00,2061.15,2069.6,2030.23,2059.19,295112.497471
2026-02-13 18:00:00,2059.29,2066.66,2050.75,2057.25,2402.704951
2026-02-13 19:00:00,2057.38,2066.37,2041.91,2059.35,101889.235803
2026-02-13 20:00:00,2058.81,2066.28,2040.0,2046.7,6206.402828
2026-02-13 21:00:00,2045.85,2067.3,2040.0,2051.06,1735.800674
2026-02-13 22:00:00,2053.98,2063.27,2045.74,2054.05,1036.18966
2026-02-13 23:00:00,2054.34,2055.1,2040.0,2049.5,2072.096566
2026-02-14 00:00:00,2048.93,2069.6,2038.46,2055.23,4793.089549
2026-02-14 01:00:00,2054.85,2069.6,2047.6,2054.39,1845.230807
2026-02-14 02:00:00,2054.36,2057.69,2048.13,2050.64,1504.896507
2026-02-14 03:00:00,2050.3,2059.22,2046.64,2054.35,1023.158274
2026-02-14 04:00:00,2054.45,2067.3,2048.07,2053.4,3545.428531
2026-02-14 05:00:00,2053.4,2069.6,2038.46,2051.34,235343.605372
2026-02-14 06:00:00,2051.11,2054.8,2042.99,2053.57,100776.816063
2026-02-14 07:00:00,2053.57,2069.6,2028.84,2056.97,9966.016532
2026-02-14 08:00:00,2056.96,2086.53,2056.84,2082.18,194421.152953
2026-02-14 09:00:00,2082.18,2090.0,2076.25,2078.23,261612.075309
2026-02-14 10:00:00,2078.3,2079.5,2072.62,2077.4,70306.403796
2026-02-14 11:00:00,2077.36,2106.52,2063.95,2099.48,542238.739121
2026-02-14 12:00:00,2099.49,2104.25,2068.7,2071.05,487893.713922
2026-02-14 13:00:00,2070.95,2080.69,2063.95,2071.05,64150.210483
2026-02-14 14:00:00,2071.7,2090.0,2067.3,2085.34,430773.697094
2026-02-14 15:00:00,2085.25,2096.15,2080.24,2087.43,167092.745806
2026-02-14 16:00:00,2087.51,2095.79,2067.3,2082.65,1899.002061
2026-02-14 17:00:00,2082.95,2090.0,2076.92,2080.46,787.03899
2026-02-14 18:00:00,2080.45,2088.48,2067.89,2084.36,2258.874211
2026-02-14 19:00:00,2084.4,2096.6,2074.51,2088.01,6399.766994
2026-02-14 20:00:00,2088.53,2096.6,2080.69,2089.96,23085.778941
2026-02-14 21:00:00,2089.96,2100.0,2074.83,2086.15,426860.348115
2026-02-14 22:00:00,2086.15,2097.67,2083.42,2090.5,2763.665354
2026-02-14 23:00:00,2090.55,2096.15,2079.84,2086.4,3029.69567
2026-02-15 00:00:00,2086.7,2089.41,2073.09,2080.04,1197.362478
2026-02-15 01:00:00,2081.87,2085.12,2054.62,2064.16,2331.274398
2026-02-15 02:00:00,2064.15,2080.0,2048.07,2060.28,3038.895924
2026-02-15 03:00:00,2060.0,2063.95,2039.38,2059.21,267363.086602
2026-02-15 04:00:00,2059.26,2089.55,2059.26,2076.55,725278.531597
2026-02-15 05:00:00,2076.59,2096.15,2074.51,2088.75,2597.544408
2026-02-15 06:00:00,2088.8,2094.54,2081.65,2086.02,381364.752253
2026-02-15 07:00:00,2086.02,2100.0,2083.22,2090.79,434266.563127
2026-02-15 08:00:00,2091.5,2097.43,2051.87,2069.5,4404.522106
2026-02-15 09:00:00,2069.31,2079.21,2066.25,2068.6,1050.644581
2026-02-15 10:00:00,2068.65,2076.16,2053.44,2061.46,7406.796747
2026-02-15 11:00:00,2061.5,2085.93,2057.69,2062.0,6009.959279
2026-02-15 12:00:00,2062.0,2072.04,2030.0,2035.69,2974920.370177
2026-02-15 13:00:00,2035.69,2036.58,2000.0,2002.84,19660933.544458
2026-02-15 14:00:00,2002.84,2014.71,1997.81,2010.18,18822434.142172
2026-02-15 15:00:00,2014.26,2022.24,2003.8,2011.64,9103596.164547
2026-02-15 16:00:00,2011.61,2012.6,1993.44,2006.67,4222.169768
2026-02-15 17:00:00,2006.61,2009.37,1960.59,1971.4,2584948.384782
2026-02-15 18:00:00,1971.38,1987.5,1955.0,1959.79,1460803.417432
2026-02-15 19:00:00,1959.7,1964.69,1931.0,1942.42,2016177.729272
2026-02-15 20:00:00,1942.34,1962.96,1934.64,1950.08,8415.919511
2026-02-15 21:00:00,1950.51,1962.65,1950.0,1958.69,1643.930586
2026-02-15 22:00:00,1958.76,1979.82,1951.9,1969.4,3198.506689
2026-02-15 23:00:00,1970.39,1973.03,1945.45,1966.0,1032460.561264
2026-02-16 00:00:00,1966.6,1979.09,1963.76,1969.53,312988.463217
2026-02-16 01:00:00,1969.53,1980.56,1959.68,1963.4,4676525.017608
2026-02-16 02:00:00,1963.21,1971.09,1953.86,1957.0,2369358.198151
2026-02-16 03:00:00,1957.39,1960.03,1949.72,1958.95,3076640.019992
2026-02-16 04:00:00,1958.95,1975.34,1958.31,1973.18,1999.032712
2026-02-16 05:00:00,1973.2,1974.18,1953.31,1958.06,1288166.206592
2026-02-16 06:00:00,1958.06,1971.14,1956.34,1967.07,50234.197645
2026-02-16 07:00:00,1967.17,1978.34,1961.25,1971.46,9536.975616
2026-02-16 08:00:00,1971.49,1996.38,1960.0,1977.35,6622.567841
2026-02-16 09:00:00,1977.33,1993.44,1976.36,1987.55,953082.414286
2026-02-16 10:00:00,1987.31,1993.0,1978.5,1979.01,1765703.611598
2026-02-16 11:00:00,1979.01,1990.0,1958.1,1976.66,2703693.235254
2026-02-16 12:00:00,1976.46,2009.87,1972.7,2006.39,193651.320466
2026-02-16 13:00:00,2006.65,2022.41,1961.66,1968.09,3574414.608616
2026-02-16 14:00:00,1967.82,1980.26,1959.25,1972.88,547515.651299
2026-02-16 15:00:00,1973.4,1985.23,1944.41,1956.75,3028845.816558
2026-02-16 16:00:00,1956.61,1979.82,1956.56,1973.65,739120.002654
2026-02-16 17:00:00,1973.61,1996.39,1965.06,1979.1,3296520.636715
2026-02-16 18:00:00,1978.91,1997.82,1968.0,1968.47,2281678.326692
2026-02-16 19:00:00,1968.8,1979.56,1966.77,1974.08,379417.702765
2026-02-16 20:00:00,1974.3,1994.13,1972.01,1993.8,5912.502987
2026-02-16 21:00:00,1993.29,2003.71,1986.53,2000.44,1883.563283
2026-02-16 22:00:00,1999.4,2002.93,1986.79,1990.91,1514.213018
2026-02-16 23:00:00,1990.26,2002.52,1981.37,1998.65,41303.880623
2026-02-17 00:00:00,1998.32,2007.19,1993.3,1998.41,70813.232287
2026-02-17 01:00:00,1998.7,2008.0,1991.11,1991.89,93751.169822
2026-02-17 02:00:00,1991.49,2007.48,1982.19,1998.74,1089894.89784
2026-02-17 03:00:00,1998.69,2007.0,1985.05,1985.86,1047482.477372
2026-02-17 04:00:00,1985.86,2000.0,1982.6,1989.83,1021826.029065
2026-02-17 05:00:00,1989.5,1991.07,1965.11,1975.81,3834767.553457
2026-02-17 06:00:00,1975.78,1990.38,1974.2,1981.05,23068.470799
2026-02-17 07:00:00,1981.0,1988.33,1973.6,1985.91,1134498.053617
2026-02-17 08:00:00,1986.0,1991.51,1974.6,1977.05,1339734.761953
2026-02-17 09:00:00,1977.0,2004.5,1970.94,1976.03,2271431.290371
2026-02-17 10:00:00,1979.04,1979.04,1962.37,1967.05,2567984.629841
2026-02-17 11:00:00,1967.25,1980.76,1965.41,1968.77,1794956.660641
2026-02-17 12:00:00,1968.72,1980.0,1968.0,1969.66,250794.306627
2026-02-17 13:00:00,1969.9,1998.52,1965.84,1990.79,1935394.193472
2026-02-17 14:00:00,1990.56,2000.54,1948.28,1950.0,9726345.000296
2026-02-17 15:00:00,1950.0,1970.0,1946.86,1968.25,4591515.54221
2026-02-17 16:00:00,1968.63,2006.8,1963.52,1980.33,4741029.11208
2026-02-17 17:00:00,1980.5,1990.0,1955.49,1966.56,3442752.211265
2026-02-17 18:00:00,1966.32,2006.66,1957.0,1998.49,396273.31361
2026-02-17 19:00:00,1998.68,2017.0,1992.59,1999.32,142986.354356
2026-02-17 20:00:00,1998.38,2010.0,1981.37,1996.46,8292.875266
2026-02-17 21:00:00,1994.65,2017.0,1981.37,1999.6,3975.416301
2026-02-17 22:00:00,1999.76,2005.29,1980.76,1994.2,1607.593723
2026-02-17 23:00:00,1993.61,1998.44,1989.93,1991.3,1227.606658
2026-02-18 00:00:00,1991.8,2000.0,1981.46,1981.46,770409.807177
2026-02-18 01:00:00,1981.51,1992.6,1965.41,1977.41,1061687.902226
2026-02-18 02:00:00,1978.16,1993.44,1970.99,1988.49,31516.577885
2026-02-18 03:00:00,1987.55,2000.0,1986.84,1997.0,535345.41051
2026-02-18 04:00:00,1996.67,2004.0,1991.51,1998.55,38991.074953
2026-02-18 05:00:00,1999.2,2004.0,1986.8,1996.25,3289.287085
2026-02-18 06:00:00,1996.16,2010.0,1991.51,2002.05,340033.300099
2026-02-18 07:00:00,2002.0,2022.0,1990.38,2017.8,181557.240958
2026-02-18 08:00:00,2017.85,2039.11,2009.61,2020.35,141225.159336
2026-02-18 09:00:00,2020.35,2025.0,2009.61,2016.45,323129.268658
2026-02-18 10:00:00,2016.45,2021.27,1995.52,1997.15,2935.225208
2026-02-18 11:00:00,1997.15,2009.61,1978.31,1981.41,1103623.399087
2026-02-18 12:00:00,1981.41,1990.0,1973.13,1982.39,816468.534884
2026-02-18 13:00:00,1982.39,1992.0,1965.3,1970.8,1642680.932183
2026-02-18 14:00:00,1970.8,1975.0,1959.07,1974.65,3000867.761138
2026-02-18 15:00:00,1974.78,2009.92,1961.25,1985.65,744655.849854
2026-02-18 16:00:00,1985.46,1992.0,1966.8,1971.95,3022686.059065
2026-02-18 17:00:00,1971.8,1987.23,1970.81,1974.4,407406.003118
2026-02-18 18:00:00,1974.25,1982.03,1951.27,1952.92,4593080.642823
2026-02-18 19:00:00,1952.82,1963.09,1931.0,1941.05,1545246.726321
2026-02-18 20:00:00,1941.07,1952.72,1936.85,1939.86,2134630.858483
2026-02-18 21:00:00,1939.75,1951.0,1936.0,1941.99,536894.050693
2026-02-18 22:00:00,1942.1,1951.92,1939.8,1947.94,371847.976271
2026-02-18 23:00:00,1949.0,1960.0,1944.46,1956.2,11569.911223
2026-02-19 00:00:00,1956.09,1961.25,1950.0,1956.6,56696.675205
2026-02-19 01:00:00,1956.59,1972.66,1956.36,1967.15,1791.49095
2026-02-19 02:00:00,1967.14,1990.0,1962.9,1967.9,23744.991431
2026-02-19 03:00:00,1967.95,1980.0,1959.07,1972.44,78589.848165
2026-02-19 04:00:00,1972.44,1980.76,1961.52,1969.66,289864.39433
2026-02-19 05:00:00,1969.56,1977.55,1962.5,1970.55,5287.723128
2026-02-19 06:00:00,1970.41,1985.0,1968.0,1983.11,1595.482959
2026-02-19 07:00:00,1983.11,1990.0,1978.94,1981.78,2182.639352
2026-02-19 08:00:00,1981.79,1990.0,1951.92,1970.55,3356.704081
2026-02-19 09:00:00,1970.58,1980.76,1961.25,1963.8,88829.702234
2026-02-19 10:00:00,1963.89,1971.14,1958.0,1959.69,758532.259854
2026-02-19 11:00:00,1959.89,1964.69,1949.22,1949.51,73351.717706
2026-02-19 12:00:00,1949.83,1959.86,1942.8,1947.7,22433.855668
2026-02-19 13:00:00,1947.7,1952.29,1914.0,1921.91,1204777.082757
2026-02-19 14:00:00,1921.91,1947.82,1915.55,1936.36,55271.53546
2026-02-19 15:00:00,1937.0,1950.0,1915.0,1926.61,118113.416612
2026-02-19 16:00:00,1926.47,1952.29,1909.87,1922.11,435857.645012
2026-02-19 17:00:00,1922.11,1945.0,1911.64,1920.81,805197.639844
2026-02-19 18:00:00,1920.8,1944.33,1916.82,1939.6,19933.079315
2026-02-19 19:00:00,1939.72,1948.14,1910.0,1941.45,21596.93522
2026-02-19 20:00:00,1941.46,1951.9,1934.87,1949.3,10095.242427
2026-02-19 21:00:00,1950.05,1959.5,1942.28,1946.65,51627.887088
2026-02-19 22:00:00,1947.11,1951.9,1936.82,1943.94,1667.264669
2026-02-19 23:00:00,1944.15,1951.2,1941.39,1948.69,564.117026
2026-02-20 00:00:00,1948.84,1970.0,1942.28,1957.4,3235.882343
2026-02-20 01:00:00,1957.4,1963.52,1940.0,1953.55,1852.648052
2026-02-20 02:00:00,1953.78,1960.0,1945.84,1949.94,1386.43946
2026-02-20 03:00:00,1949.39,1960.0,1949.36,1954.93,993.930041
2026-02-20 04:00:00,1954.89,1957.97,1931.45,1939.2,135485.501457
2026-02-20 05:00:00,1939.2,1964.69,1935.14,1955.05,50830.528049
2026-02-20 06:00:00,1955.75,1960.63,1949.65,1958.51,1386.571656
2026-02-20 07:00:00,1958.51,1968.44,1951.31,1961.03,1686.276919
2026-02-20 08:00:00,1960.91,1980.0,1954.0,1959.99,54958.275669
2026-02-20 09:00:00,1959.89,1980.0,1959.07,1967.9,7883.01709
2026-02-20 10:00:00,1967.9,1980.0,1956.8,1956.83,1680.021385
2026-02-20 11:00:00,1957.48,1961.48,1940.82,1943.44,80575.018876
2026-02-20 12:00:00,1943.47,1960.0,1942.2,1949.93,2444.085188
2026-02-20 13:00:00,1949.89,1950.0,1924.4,1934.41,1098224.272998
2026-02-20 14:00:00,1934.09,1953.52,1933.0,1942.76,948612.921128
2026-02-20 15:00:00,1942.78,1979.9,1936.22,1963.74,7320.520578
2026-02-20 16:00:00,1963.79,1972.58,1951.0,1968.45,3750.588654
2026-02-20 17:00:00,1968.45,1972.22,1939.35,1966.55,4064.912422
2026-02-20 18:00:00,1966.53,1980.67,1951.27,1975.53,3508.462536
2026-02-20 19:00:00,1975.54,1981.37,1960.0,1963.7,105294.347344
2026-02-20 20:00:00,1963.7,1971.0,1957.1,1970.78,302816.398485
2026-02-20 21:00:00,1970.78,1975.0,1965.62,1974.41,49980.578923
2026-02-20 22:00:00,1975.0,1975.0,1935.0,1971.49,13138.933164
2026-02-20 23:00:00,1971.14,1975.0,1952.0,1969.15,1406.091483
2026-02-21 00:00:00,1968.85,1975.0,1961.25,1963.15,2005.943742
2026-02-21 01:00:00,1963.5,1975.0,1950.0,1965.64,2702.785671
2026-02-21 02:00:00,1966.45,1970.65,1964.81,1965.71,1388.238794
2026-02-21 03:00:00,1965.71,1971.14,1955.04,1959.01,1310.338882
2026-02-21 04:00:00,1959.25,1971.14,1956.29,1962.49,10423.642714
2026-02-21 05:00:00,1962.5,1965.62,1954.06,1963.0,1362.300719
2026-02-21 06:00:00,1962.96,1970.99,1951.0,1961.55,2103.808922
2026-02-21 07:00:00,1961.55,1965.0,1959.0,1962.95,2065.449799
2026-02-21 08:00:00,1962.96,1970.6,1960.15,1969.25,415.175455
2026-02-21 09:00:00,1969.02,1978.0,1960.0,1970.28,132707.265964
2026-02-21 10:00:00,1970.28,1978.0,1959.0,1973.97,7614.896167
2026-02-21 11:00:00,1974.0,1988.42,1972.05,1977.1,342501.475349
2026-02-21 12:00:00,1977.06,1978.21,1949.12,1975.91,867356.432861
2026-02-21 13:00:00,1976.0,1981.46,1969.43,1981.3,1171374.593148
2026-02-21 14:00:00,1981.17,1995.0,1978.91,1987.5,267759.723867
2026-02-21 15:00:00,1987.51,1995.0,1961.06,1988.23,371011.645309
2026-02-21 16:00:00,1988.15,1995.0,1965.41,1986.3,1960160.443476
2026-02-21 17:00:00,1986.31,1995.0,1971.14,1988.45,94626.851935
2026-02-21 18:00:00,1988.47,1995.44,1971.65,1991.85,24206.093759
2026-02-21 19:00:00,1992.01,1996.0,1982.19,1988.55,1860.72649
2026-02-21 20:00:00,1988.55,1996.0,1974.42,1974.42,726616.280174
2026-02-21 21:00:00,1974.41,1982.4,1971.42,1982.35,154299.542878
2026-02-21 22:00:00,1982.41,1982.6,1964.69,1974.59,2552.467151
2026-02-21 23:00:00,1974.45,1978.41,1960.0,1974.15,851.780588
2026-02-22 00:00:00,1973.56,1980.76,1968.35,1972.82,811.601258
2026-02-22 01:00:00,1973.05,1981.37,1972.81,1977.51,571.018141
2026-02-22 02:00:00,1977.52,1982.6,1970.0,1972.46,14669.129425
2026-02-22 03:00:00,1972.51,1978.57,1960.0,1975.1,2705.465847
2026-02-22 04:00:00,1975.01,1979.02,1971.22,1973.98,241.944692
2026-02-22 05:00:00,1973.97,1976.59,1961.52,1975.3,288.612742
2026-02-22 06:00:00,1975.26,1979.82,1974.4,1976.19,228.751007
2026-02-22 07:00:00,1976.19,1979.82,1974.48,1976.24,228.176702
2026-02-22 08:00:00,1976.2,1981.81,1961.52,1974.1,2453.244699
2026-02-22 09:00:00,1973.8,1982.6,1969.43,1975.85,2621.130173
2026-02-22 10:00:00,1976.0,1982.6,1975.0,1977.67,568.762208
2026-02-22 11:00:00,1977.65,1983.54,1971.14,1980.69,113477.027883
2026-02-22 12:00:00,1980.7,1985.0,1961.25,1966.59,112878.994645
2026-02-22 13:00:00,1966.55,1972.0,1945.84,1951.25,349236.96303
2026-02-22 14:00:00,1951.22,1954.45,1944.61,1950.78,217898.194614
2026-02-22 15:00:00,1950.85,1965.92,1946.2,1954.15,114697.202575
2026-02-22 16:00:00,1954.06,1960.0,1947.82,1952.66,439658.823239
2026-02-22 17:00:00,1952.77,1972.0,1935.27,1940.3,804872.743297
2026-02-22 18:00:00,1940.21,1948.0,1935.0,1943.11,33856.152002
2026-02-22 19:00:00,1943.09,1949.82,1940.84,1943.8,446404.160457
2026-02-22 20:00:00,1944.05,1950.0,1940.0,1940.88,242010.07116
2026-02-22 21:00:00,1941.2,1952.42,1941.2,1950.65,31960.675421
2026-02-22 22:00:00,1950.65,1975.0,1946.97,1958.7,70558.321691
2026-02-22 23:00:00,1958.83,1961.25,1947.11,1957.98,1665.38834
2026-02-23 00:00:00,1957.98,1960.58,1928.95,1929.1,484769.179672
2026-02-23 01:00:00,1929.26,1933.56,1832.4,1856.7,928229.950393
2026-02-23 02:00:00,1856.65,1880.0,1840.0,1863.1,2194004.797492
2026-02-23 03:00:00,1863.43,1883.27,1855.0,1863.25,1495426.194793
2026-02-23 04:00:00,1867.02,1882.79,1855.0,1859.99,491012.583326
2026-02-23 05:00:00,1859.9,1880.0,1859.76,1866.26,42969.846987
2026-02-23 06:00:00,1865.76,1884.56,1864.27,1879.56,20570.362239
2026-02-23 07:00:00,1879.21,1890.0,1876.77,1885.27,17032.84337
2026-02-23 08:00:00,1885.27,1919.99,1874.94,1880.65,94620.614348
2026-02-23 09:00:00,1880.69,1920.0,1880.0,1918.05,37253.482544
2026-02-23 10:00:00,1920.0,1951.0,1909.53,1913.65,217839.275564
2026-02-23 11:00:00,1913.65,1923.04,1911.05,1915.25,3356.975767
2026-02-23 12:00:00,1915.25,1926.41,1906.01,1919.85,26018.789811
2026-02-23 13:00:00,1919.9,1941.17,1900.0,1921.6,3089742.263851
2026-02-23 14:00:00,1921.6,1940.0,1895.13,1907.1,16921.76721
2026-02-23 15:00:00,1906.92,1938.28,1867.0,1896.05,58199.495053
2026-02-23 16:00:00,1895.61,1903.52,1874.94,1884.46,1515629.220101
2026-02-23 17:00:00,1884.61,1917.56,1837.16,1863.89,90757.048249
2026-02-23 18:00:00,1864.0,1888.39,1855.0,1857.78,2108190.56053
2026-02-23 19:00:00,1857.78,1875.53,1848.14,1857.39,49063.317884
2026-02-23 20:00:00,1857.26,1881.39,1846.08,1860.86,68587.790792
2026-02-23 21:00:00,1865.46,1880.0,1855.7,1863.69,194877.341869
2026-02-23 22:00:00,1863.56,1885.0,1860.01,1860.16,53746.37173
2026-02-23 23:00:00,1860.17,1876.77,1851.08,1856.58,43327.574855
2026-02-24 00:00:00,1856.58,1877.69,1855.7,1867.9,33790.581873
2026-02-24 01:00:00,1868.85,1868.85,1807.6,1840.94,212018.260106
2026-02-24 02:00:00,1840.94,1899.0,1837.25,1848.86,68302.102376
2026-02-24 03:00:00,1848.86,1884.56,1825.4,1831.99,109450.057499
2026-02-24 04:00:00,1832.01,1852.94,1814.0,1830.89,62499.623678
2026-02-24 05:00:00,1830.9,1846.08,1815.03,1826.6,6852.428608
2026-02-24 06:00:00,1826.52,1840.0,1818.39,1820.85,3688.888905
2026-02-24 07:00:00,1820.9,1836.46,1815.59,1826.12,5384.475974
2026-02-24 08:00:00,1825.99,1886.74,1818.89,1843.78,3814719.091609
2026-02-24 09:00:00,1843.78,1843.78,1814.0,1827.14,49063.66517
2026-02-24 10:00:00,1827.14,1864.7,1820.0,1825.92,43665.918809
2026-02-24 11:00:00,1826.05,1855.7,1816.71,1826.8,469120.303677
2026-02-24 12:00:00,1826.81,1830.05,1821.0,1824.02,54401.970571
2026-02-24 13:00:00,1824.02,1828.0,1808.05,1815.8,2448514.741213
2026-02-24 14:00:00,1818.99,1847.37,1805.26,1834.8,801322.100232
2026-02-24 15:00:00,1834.9,1855.0,1829.2,1847.36,92773.447752
2026-02-24 16:00:00,1847.36,1865.0,1837.88,1858.55,32103.019018
2026-02-24 17:00:00,1859.16,1865.0,1849.97,1855.76,167883.28349
2026-02-24 18:00:00,1855.49,1860.2,1845.75,1854.94,49025.040018
2026-02-24 19:00:00,1854.95,1864.7,1846.08,1852.44,3136.874203
2026-02-24 20:00:00,1852.32,1862.0,1849.29,1858.31,272797.291098
2026-02-24 21:00:00,1858.25,1862.0,1829.22,1853.95,308371.579529
2026-02-24 22:00:00,1853.94,1870.58,1852.66,1860.6,786858.77542
2026-02-24 23:00:00,1860.45,1863.3,1851.38,1851.7,166191.327276
2026-02-25 00:00:00,1851.85,1864.55,1846.47,1852.03,115448.940455
2026-02-25 01:00:00,1851.81,1925.0,1850.41,1918.53,23046.702623
2026-02-25 02:00:00,1918.5,1937.64,1918.26,1921.35,7380.794238
2026-02-25 03:00:00,1921.35,1928.01,1902.12,1906.24,7864.808969
2026-02-25 04:00:00,1906.24,1969.65,1894.18,1906.4,158742.816027
2026-02-25 05:00:00,1906.45,1912.04,1879.39,1888.13,601198.913575
2026-02-25 06:00:00,1888.03,1897.0,1885.09,1885.23,252637.906487
2026-02-25 07:00:00,1885.4,1897.0,1882.62,1893.4,97852.845487
2026-02-25 08:00:00,1893.38,1913.4,1888.51,1910.33,122084.397854
2026-02-25 09:00:00,1910.36,1918.0,1904.94,1915.55,167073.028305
2026-02-25 10:00:00,1915.44,1920.0,1910.55,1912.71,287472.493786
2026-02-25 11:00:00,1912.71,1927.52,1910.0,1926.02,62996.059604
2026-02-25 12:00:00,1926.37,1957.13,1922.54,1953.56,22910.784577
2026-02-25 13:00:00,1953.56,2025.0,1950.54,1964.4,1429656.182111
2026-02-25 14:00:00,1964.4,1998.86,1955.24,1997.75,517376.356673
2026-02-25 15:00:00,1997.75,2026.23,1987.09,2013.86,130436.62394
2026-02-25 16:00:00,2013.86,2051.87,2009.81,2046.19,388754.375114
2026-02-25 17:00:00,2046.27,2081.42,2042.58,2074.21,940240.973258
2026-02-25 18:00:00,2074.24,2080.69,2058.82,2073.89,163893.126045
2026-02-25 19:00:00,2073.9,2076.47,2061.93,2071.09,83565.348276
2026-02-25 20:00:00,2071.05,2085.6,2059.07,2076.77,43538.515818
2026-02-25 21:00:00,2076.48,2134.7,2067.08,2100.32,518214.889429
2026-02-25 22:00:00,2096.23,2115.38,2074.19,2084.4,8701.105646
2026-02-25 23:00:00,2085.43,2087.21,2039.05,2057.6,355325.884422
2026-02-26 00:00:00,2057.6,2076.92,2047.05,2062.59,8232.601062
2026-02-26 01:00:00,2062.71,2067.3,2049.76,2058.05,5646.931305
2026-02-26 02:00:00,2058.45,2060.71,2039.11,2053.35,34709.833959
2026-02-26 03:00:00,2053.35,2062.0,2045.0,2054.48,56084.946623
2026-02-26 04:00:00,2054.35,2082.67,2043.63,2075.11,124420.569
2026-02-26 05:00:00,2075.13,2086.0,2058.36,2066.61,348309.657556
2026-02-26 06:00:00,2066.55,2075.7,2060.0,2062.7,96878.630992
2026-02-26 07:00:00,2062.77,2070.0,2030.0,2053.12,299743.821496
2026-02-26 08:00:00,2053.12,2059.17,2044.44,2054.5,490333.110664
2026-02-26 09:00:00,2054.56,2080.0,2050.9,2075.24,31035.612084
2026-02-26 10:00:00,2075.2,2082.82,2062.5,2065.47,276690.729794
2026-02-26 11:00:00,2065.47,2069.41,2055.0,2057.36,232861.968428
2026-02-26 12:00:00,2057.56,2072.2,2056.72,2070.09,16088.643957
2026-02-26 13:00:00,2070.09,2072.58,2061.69,2065.26,2627440.201686
2026-02-26 14:00:00,2065.26,2072.0,2037.65,2050.9,2724815.408741
2026-02-26 15:00:00,2050.89,2051.77,2015.3,2032.85,4957209.662586
2026-02-26 16:00:00,2033.1,2038.46,1981.8,1983.3,574727.015132
2026-02-26 17:00:00,1983.94,1998.82,1982.35,1988.44,8853.568785
2026-02-26 18:00:00,1988.21,2011.76,1979.85,2004.17,169155.764157
2026-02-26 19:00:00,2004.03,2032.35,2003.88,2029.9,10384.158592
2026-02-26 20:00:00,2030.22,2043.51,2022.63,2022.96,479633.43865
2026-02-26 21:00:00,2026.5,2035.29,2019.23,2030.1,944674.602751
2026-02-26 22:00:00,2030.69,2036.8,2027.21,2033.28,1275177.320943
2026-02-26 23:00:00,2033.07,2036.8,2024.5,2027.65,100900.035226
2026-02-27 00:00:00,2027.65,2032.0,2009.61,2014.61,207886.735188
2026-02-27 01:00:00,2014.85,2022.41,2003.9,2021.56,183415.085753
2026-02-27 02:00:00,2021.88,2035.97,2018.94,2026.03,4313.899483
2026-02-27 03:00:00,2026.03,2048.32,2019.23,2045.2,253021.541588
2026-02-27 04:00:00,2045.2,2063.04,2041.74,2042.29,105938.056121
2026-02-27 05:00:00,2042.74,2051.77,2039.5,2041.29,149058.210681
2026-02-27 06:00:00,2041.61,2045.83,2015.0,2036.25,564454.827183
2026-02-27 07:00:00,2036.14,2041.0,2023.24,2032.59,266282.414422
2026-02-27 08:00:00,2032.59,2045.76,2028.84,2033.92,339397.322462
2026-02-27 09:00:00,2033.92,2042.01,2010.95,2016.94,446569.704795
2026-02-27 10:00:00,2016.94,2017.64,1980.51,1980.9,518275.303345
2026-02-27 11:00:00,1980.81,1988.23,1955.4,1962.45,1375181.966097
2026-02-27 12:00:00,1962.49,1970.85,1953.3,1960.08,2593127.802254
2026-02-27 13:00:00,1960.13,1968.0,1950.54,1963.35,1420317.073838
2026-02-27 14:00:00,1963.37,1964.7,1941.5,1943.59,1092694.67448
2026-02-27 15:00:00,1944.95,1958.79,1941.76,1948.88,124804.466145
2026-02-27 16:00:00,1948.66,1954.06,1925.47,1927.59,356642.181891
2026-02-27 17:00:00,1927.39,1935.29,1912.0,1933.3,2059082.449162
2026-02-27 18:00:00,1932.4,1934.54,1916.16,1918.4,302903.921138
2026-02-27 19:00:00,1918.19,1923.52,1915.0,1921.09,939567.197558
2026-02-27 20:00:00,1921.3,1938.2,1919.99,1923.4,154912.689408
2026-02-27 21:00:00,1923.4,1934.54,1918.0,1921.35,45488.810604
2026-02-27 22:00:00,1921.35,1928.57,1905.1,1921.35,983490.652175
2026-02-27 23:00:00,1922.22,1935.29,1917.91,1929.64,65502.196149
2026-02-28 00:00:00,1929.81,1936.93,1924.99,1932.26,135335.995163
2026-02-28 01:00:00,1932.49,1936.0,1921.7,1925.07,52738.435111
2026-02-28 02:00:00,1924.61,1934.0,1922.29,1930.3,1575.981811
2026-02-28 03:00:00,1930.24,1935.29,1921.45,1924.34,98551.602124
2026-02-28 04:00:00,1924.36,1952.94,1915.99,1925.1,91771.367846
2026-02-28 05:00:00,1924.99,1932.0,1916.0,1920.59,123512.238784
2026-02-28 06:00:00,1920.11,1922.54,1844.12,1844.12,1021851.586635
2026-02-28 07:00:00,1848.18,1883.31,1843.08,1866.7,169747.115041
2026-02-28 08:00:00,1866.91,1870.92,1850.33,1852.17,1323893.476481
2026-02-28 09:00:00,1852.62,1862.56,1846.0,1855.42,647480.937665
2026-02-28 10:00:00,1855.66,1878.11,1840.0,1864.71,757829.041947
2026-02-28 11:00:00,1865.13,1882.35,1862.86,1863.42,1080258.169794
2026-02-28 12:00:00,1863.5,1876.47,1863.08,1868.45,754660.725165
2026-02-28 13:00:00,1868.75,1910.0,1865.65,1905.69,857822.724807
2026-02-28 14:00:00,1905.69,1959.07,1885.56,1887.97,496744.735555
2026-02-28 15:00:00,1888.46,1907.24,1879.67,1898.74,87958.534594
2026-02-28 16:00:00,1898.68,1911.76,1890.0,1903.97,88930.370339
2026-02-28 17:00:00,1904.0,1909.67,1888.88,1907.01,68219.992245
2026-02-28 18:00:00,1907.0,1945.99,1900.0,1936.24,7320.859944
2026-02-28 19:00:00,1936.03,1954.06,1922.19,1943.99,377245.5786
2026-02-28 20:00:00,1939.99,1968.61,1939.95,1965.92,11630419.782369
2026-02-28 21:00:00,1965.91,1969.0,1945.0,1957.79,820180.8749
2026-02-28 22:00:00,1957.75,1983.43,1956.02,1965.6,3910554.971659
2026-02-28 23:00:00,1965.58,1970.0,1954.99,1964.7,1169587.48007
2026-03-01 00:00:00,1964.31,1970.0,1954.74,1962.62,222661.681719
2026-03-01 01:00:00,1962.65,2021.71,1945.42,2012.65,460994.591037
2026-03-01 02:00:00,2012.65,2053.44,2008.66,2033.1,315389.968487
2026-03-01 03:00:00,2033.06,2062.0,2018.05,2022.98,942562.516515
2026-03-01 04:00:00,2022.98,2029.56,2000.18,2015.72,191240.771831
2026-03-01 05:00:00,2015.79,2027.45,2005.55,2010.99,180413.880823
2026-03-01 06:00:00,2010.96,2013.0,1989.12,1998.39,32714.832235
2026-03-01 07:00:00,1998.44,2009.61,1990.0,2007.0,12390.733676
2026-03-01 08:00:00,2007.03,2010.0,1982.38,1986.39,70207.649329
2026-03-01 09:00:00,1986.25,1998.6,1975.0,1980.55,45468.504115
2026-03-01 10:00:00,1980.65,2010.0,1970.53,1984.77,76685.199935
2026-03-01 11:00:00,1984.79,1993.33,1961.52,1983.14,274190.584686
2026-03-01 12:00:00,1983.16,1988.0,1968.0,1977.66,329883.804522
2026-03-01 13:00:00,1978.1,2018.53,1960.0,2006.6,1173415.639435
2026-03-01 14:00:00,2006.6,2029.13,1989.12,2001.79,669404.638433
2026-03-01 15:00:00,2001.78,2018.0,1980.0,1992.64,802267.633974
2026-03-01 16:00:00,1993.15,2008.05,1962.15,1973.36,1741825.586625
2026-03-01 17:00:00,1974.05,1987.98,1953.78,1968.07,392472.067199
2026-03-01 18:00:00,1968.07,1997.82,1961.41,1975.85,7704.426141
2026-03-01 19:00:00,1975.77,1990.38,1950.0,1954.11,868091.92352
2026-03-01 20:00:00,1954.12,1964.69,1907.86,1914.18,1496133.682724
2026-03-01 21:00:00,1914.06,1931.42,1912.75,1928.65,324754.36637
2026-03-01 22:00:00,1929.29,1956.66,1915.0,1923.53,89857.761982
2026-03-01 23:00:00,1926.65,1948.8,1919.0,1939.25,3027.0249
2026-03-02 00:00:00,1939.7,1977.0,1923.04,1961.0,58075.465264
2026-03-02 01:00:00,1961.01,1989.12,1959.73,1963.75,31722.665736
2026-03-02 02:00:00,1964.08,1971.14,1941.14,1955.41,7271.088166
2026-03-02 03:00:00,1955.64,1981.81,1941.33,1971.95,7003.479481
2026-03-02 04:00:00,1972.1,1981.37,1962.22,1972.7,2269.038168
2026-03-02 05:00:00,1972.99,2000.24,1951.92,1971.09,84726.285928
2026-03-02 06:00:00,1971.09,1971.44,1939.0,1944.5,9228.038279
2026-03-02 07:00:00,1943.63,1945.77,1915.0,1941.45,7139.894343
2026-03-02 08:00:00,1941.64,1950.54,1924.13,1950.54,3323.527331
2026-03-02 09:00:00,1949.3,1966.66,1945.84,1948.59,2593.04554
2026-03-02 10:00:00,1948.01,1961.52,1940.0,1952.54,5276.464586
2026-03-02 11:00:00,1952.6,1956.0,1933.54,1947.4,33291.213971
2026-03-02 12:00:00,1947.85,1955.0,1926.66,1938.74,206041.851796
2026-03-02 13:00:00,1938.5,1946.0,1922.19,1928.11,1382138.922154
2026-03-02 14:00:00,1928.11,1985.0,1922.25,1979.65,1916893.978655
2026-03-02 15:00:00,1979.59,2062.0,1974.18,2038.0,5456379.76495
2026-03-02 16:00:00,2042.52,2078.43,2037.9,2064.5,3592981.189143
2026-03-02 17:00:00,2064.48,2074.51,2024.0,2041.23,9410.170263
2026-03-02 18:00:00,2041.01,2043.51,2016.15,2029.48,381352.258601
2026-03-02 19:00:00,2029.33,2045.78,2020.55,2043.37,803460.50706
2026-03-02 20:00:00,2043.61,2057.69,2027.99,2035.97,10264.203688
2026-03-02 21:00:00,2035.98,2047.83,2004.0,2042.81,1440121.74373
2026-03-02 22:00:00,2042.85,2058.48,2037.03,2053.39,141357.892836
2026-03-02 23:00:00,2053.88,2056.72,2025.11,2027.34,3302.62198
2026-03-03 00:00:00,2027.5,2039.0,2018.0,2035.29,152542.468439
2026-03-03 01:00:00,2035.21,2040.9,2019.91,2019.91,23094.053525
2026-03-03 02:00:00,2020.2,2028.84,1998.36,2013.72,4285.449467
2026-03-03 03:00:00,2013.99,2020.0,2000.0,2008.85,2655872.167993
2026-03-03 04:00:00,2008.85,2016.66,1996.04,1999.97,1288.978513
2026-03-03 05:00:00,1999.62,2018.65,1987.95,1993.52,213086.026406
2026-03-03 06:00:00,1993.6,2001.58,1988.37,1999.51,235948.157481
2026-03-03 07:00:00,1999.48,2003.69,1990.0,1996.25,4310.529776
2026-03-03 08:00:00,1996.43,2005.29,1948.42,1953.26,67350.255327
2026-03-03 09:00:00,1953.4,1974.0,1939.48,1951.72,6759.122352
2026-03-03 10:00:00,1951.73,1965.92,1944.0,1958.15,25241.504286
2026-03-03 11:00:00,1959.26,1968.0,1952.0,1961.37,116282.431946
2026-03-03 12:00:00,1961.36,1990.0,1958.0,1967.89,9191.670067
2026-03-03 13:00:00,1967.9,1969.74,1944.3,1952.71,217843.649713
2026-03-03 14:00:00,1952.35,1974.1,1935.0,1942.95,1579039.020386
2026-03-03 15:00:00,1942.95,1972.32,1932.0,1969.91,980005.775167
2026-03-03 16:00:00,1969.0,2013.31,1951.9,1983.61,2734533.771082
2026-03-03 17:00:00,1982.68,1986.24,1960.0,1980.46,110313.138901
2026-03-03 18:00:00,1980.52,1999.97,1961.52,1987.84,1871146.662557
2026-03-03 19:00:00,1988.08,1997.82,1977.02,1986.65,165628.032513
2026-03-03 20:00:00,1986.09,1998.0,1970.54,1978.25,29994.16853
2026-03-03 21:00:00,1978.32,1980.0,1960.0,1968.85,646217.151676
2026-03-03 22:00:00,1968.49,1986.66,1965.0,1982.71,96795.655596
2026-03-03 23:00:00,1985.8,2000.61,1980.76,1982.39,599617.296483
2026-03-04 00:00:00,1982.9,1994.44,1962.22,1976.85,1171.100693
2026-03-04 01:00:00,1976.82,1998.0,1970.08,1980.89,24413.695052
2026-03-04 02:00:00,1981.56,1983.33,1969.43,1979.04,3052.51524
2026-03-04 03:00:00,1979.13,1979.91,1945.22,1961.01,715430.817298
2026-03-04 04:00:00,1961.18,1965.92,1950.0,1960.16,2128.354664
2026-03-04 05:00:00,1960.16,2006.0,1935.0,1971.2,40324.420574
2026-03-04 06:00:00,1971.2,1988.5,1961.25,1980.13,52967.171298
2026-03-04 07:00:00,1980.1,2008.64,1966.66,2006.46,150095.546982
2026-03-04 08:00:00,2006.63,2063.73,2000.0,2063.65,1782944.283572
2026-03-04 09:00:00,2063.59,2091.71,2042.99,2074.81,668791.607415
2026-03-04 10:00:00,2075.12,2095.21,2067.33,2071.8,6385.38629
2026-03-04 11:00:00,2073.51,2080.0,2040.0,2054.73,162124.017231
2026-03-04 12:00:00,2054.97,2058.64,2029.33,2048.0,9202.37367
2026-03-04 13:00:00,2048.0,2074.0,2041.0,2063.05,333624.208966
2026-03-04 14:00:00,2063.1,2111.99,2060.75,2079.41,1070151.212394
2026-03-04 15:00:00,2079.59,2198.24,2075.7,2149.96,228205.810351
2026-03-04 16:00:00,2149.96,2155.81,2129.94,2142.69,151131.025297
2026-03-04 17:00:00,2142.46,2159.19,2129.94,2145.95,49477.972624
2026-03-04 18:00:00,2145.95,2162.7,2141.47,2157.14,103952.344861
2026-03-04 19:00:00,2157.14,2201.92,2156.88,2178.04,60220.491842
2026-03-04 20:00:00,2177.84,2181.68,2151.23,2152.35,15118.303262
2026-03-04 21:00:00,2156.06,2162.28,2139.02,2149.84,12914.240996
2026-03-04 22:00:00,2149.83,2168.0,2127.41,2132.0,9144.29282
2026-03-04 23:00:00,2132.0,2141.47,2116.72,2127.6,9230.176248
2026-03-05 00:00:00,2127.83,2135.78,2121.32,2128.38,15097.650682
2026-03-05 01:00:00,2128.55,2141.4,2102.0,2113.96,7696.211863
2026-03-05 02:00:00,2113.8,2133.92,2112.0,2122.19,7199.95822
2026-03-05 03:00:00,2122.19,2130.0,2105.0,2120.2,4405.476708
2026-03-05 04:00:00,2120.14,2143.92,2117.06,2137.48,114922.276358
2026-03-05 05:00:00,2137.54,2144.23,2113.65,2119.05,6965.741705
2026-03-05 06:00:00,2119.75,2131.25,2110.5,2128.34,3692.690753
2026-03-05 07:00:00,2128.39,2163.46,2090.0,2105.1,38566.687314
2026-03-05 08:00:00,2105.15,2130.0,2086.0,2117.95,55796.44975
2026-03-05 09:00:00,2117.9,2140.0,2110.0,2125.42,8815.006801
2026-03-05 10:00:00,2125.8,2168.69,2120.65,2155.37,11258.352016
2026-03-05 11:00:00,2156.31,2160.0,2134.0,2137.9,3042.904958
2026-03-05 12:00:00,2138.06,2152.28,2124.37,2139.0,65832.878528
2026-03-05 13:00:00,2138.33,2153.84,2108.91,2117.65,226619.475734
2026-03-05 14:00:00,2117.88,2128.13,2097.73,2118.68,6549.833965
2026-03-05 15:00:00,2118.18,2122.38,2067.3,2086.87,2469415.825098
2026-03-05 16:00:00,2086.92,2088.88,2057.15,2080.4,253279.447328
2026-03-05 17:00:00,2080.36,2093.06,2055.4,2059.98,223262.691615
2026-03-05 18:00:00,2062.05,2078.27,2057.69,2076.72,60295.206421
2026-03-05 19:00:00,2076.85,2095.0,2071.65,2074.55,3898.380865
2026-03-05 20:00:00,2074.46,2098.68,2072.22,2093.14,36793.773116
2026-03-05 21:00:00,2092.71,2099.99,2076.33,2080.81,2482.769779
2026-03-05 22:00:00,2080.71,2091.04,2077.5,2080.22,1555.46585
2026-03-05 23:00:00,2080.16,2105.76,2055.0,2072.75,21801.579426
2026-03-06 00:00:00,2072.66,2085.12,2068.02,2071.42,2486.154593
2026-03-06 01:00:00,2075.01,2106.52,2062.46,2087.67,20923.800652
2026-03-06 02:00:00,2087.85,2100.0,2079.99,2083.71,22827.885442
2026-03-06 03:00:00,2088.23,2094.73,2060.0,2083.95,26750.889779
2026-03-06 04:00:00,2083.91,2090.0,2059.84,2070.8,3136.31479
2026-03-06 05:00:00,2071.15,2121.56,2059.0,2069.24,115977.558401
2026-03-06 06:00:00,2068.96,2080.0,2058.0,2074.0,43449.654632
2026-03-06 07:00:00,2074.01,2087.3,2068.0,2082.66,8675.83502
2026-03-06 08:00:00,2082.85,2100.0,2067.3,2076.09,7196.718078
2026-03-06 09:00:00,2076.09,2085.0,2022.47,2060.0,31537.204902
2026-03-06 10:00:00,2059.92,2071.42,2055.74,2063.38,2390.843987
2026-03-06 11:00:00,2063.4,2093.47,2049.99,2051.39,110451.28141
2026-03-06 12:00:00,2054.34,2057.69,2038.46,2048.7,349965.697004
2026-03-06 13:00:00,2048.56,2060.71,2026.78,2026.78,561265.457344
2026-03-06 14:00:00,2028.87,2032.09,1971.29,1982.15,1976264.151567
2026-03-06 15:00:00,1982.25,2010.0,1966.8,1977.73,452403.897072
2026-03-06 16:00:00,1977.73,1990.54,1966.8,1971.59,46653.898524
2026-03-06 17:00:00,1971.4,1991.51,1956.0,1967.27,1968641.480688
2026-03-06 18:00:00,1966.88,1990.0,1963.81,1974.78,11490.364232
2026-03-06 19:00:00,1974.54,1998.11,1972.0,1985.0,1729280.909126
2026-03-06 20:00:00,1984.0,1991.0,1968.31,1979.5,2849332.064422
2026-03-06 21:00:00,1979.43,1985.0,1971.3,1983.89,2014475.149153
2026-03-06 22:00:00,1983.89,1989.99,1976.0,1987.58,41269.99065
2026-03-06 23:00:00,1987.51,1991.0,1976.95,1978.78,22552.994145
2026-03-07 00:00:00,1978.78,1991.0,1976.92,1981.4,113473.482549
2026-03-07 01:00:00,1981.4,1985.0,1975.99,1980.72,777220.931103
2026-03-07 02:00:00,1980.49,1991.0,1972.81,1984.54,64928.579844
2026-03-07 03:00:00,1983.49,1999.97,1971.3,1980.35,16906.061426
2026-03-07 04:00:00,1980.37,1980.76,1964.81,1975.49,534055.465464
2026-03-07 05:00:00,1975.44,1983.71,1968.0,1977.72,11570.952632
2026-03-07 06:00:00,1978.61,1990.38,1963.81,1972.65,5563.400189
2026-03-07 07:00:00,1971.8,1987.5,1966.66,1983.15,19362.915281
2026-03-07 08:00:00,1983.5,2016.26,1975.5,1977.69,12631.676421
2026-03-07 09:00:00,1977.74,1991.51,1975.5,1986.3,83727.49555
2026-03-07 10:00:00,1986.55,1988.8,1978.8,1984.16,13201.258869
2026-03-07 11:00:00,1984.16,1997.0,1978.8,1988.5,13633.235743
2026-03-07 12:00:00,1988.61,1998.0,1965.21,1982.34,653846.445511
2026-03-07 13:00:00,1982.31,1986.96,1977.55,1981.46,28112.033746
2026-03-07 14:00:00,1981.49,1990.26,1970.15,1986.95,141580.739875
2026-03-07 15:00:00,1986.92,2028.0,1970.15,1981.05,3393336.605102
2026-03-07 16:00:00,1981.07,1986.79,1975.0,1977.2,264905.016445
2026-03-07 17:00:00,1977.2,1986.79,1976.4,1977.59,740.906592
2026-03-07 18:00:00,1977.59,1983.33,1968.53,1971.39,1237012.397792
2026-03-07 19:00:00,1971.34,1978.94,1950.0,1955.51,257380.008919
2026-03-07 20:00:00,1958.16,1972.79,1951.27,1966.31,7784.378375
2026-03-07 21:00:00,1966.31,1971.65,1955.55,1970.5,3204.932551
2026-03-07 22:00:00,1970.5,1986.79,1959.68,1966.6,6302.885369
2026-03-07 23:00:00,1966.51,1981.37,1958.0,1969.5,6684.724888
2026-03-08 00:00:00,1969.75,1980.76,1966.6,1968.77,4275.140703
2026-03-08 01:00:00,1968.77,1976.48,1960.0,1968.57,3044.24734
2026-03-08 02:00:00,1968.95,1974.0,1936.59,1942.2,7103.227382
2026-03-08 03:00:00,1942.24,1951.9,1941.47,1947.75,18553.719183
2026-03-08 04:00:00,1947.63,1961.52,1935.0,1938.3,1832145.687047
2026-03-08 05:00:00,1938.43,1958.0,1935.0,1948.85,16766.739306
2026-03-08 06:00:00,1948.8,1961.0,1941.33,1947.68,6219.543804
2026-03-08 07:00:00,1947.71,1980.76,1945.3,1955.45,142020.033311
2026-03-08 08:00:00,1955.21,1964.02,1948.0,1959.67,463532.401139
2026-03-08 09:00:00,1959.67,1979.82,1956.66,1963.5,7510.002057
2026-03-08 10:00:00,1963.5,1986.9,1956.78,1974.33,22709.863597
2026-03-08 11:00:00,1974.05,1980.31,1946.8,1951.2,1660653.850364
2026-03-08 12:00:00,1951.3,1954.6,1931.82,1945.89,4253581.325528
2026-03-08 13:00:00,1946.1,1949.4,1926.85,1944.8,1361138.683799
2026-03-08 14:00:00,1944.49,1950.28,1934.0,1945.7,132522.136795
2026-03-08 15:00:00,1945.41,1947.7,1937.0,1943.05,53933.97573
2026-03-08 16:00:00,1943.06,1947.7,1934.35,1936.5,166144.8503
2026-03-08 17:00:00,1937.0,1947.8,1934.3,1935.32,67743.239582
2026-03-08 18:00:00,1935.65,1941.0,1928.32,1930.1,1244754.709326
2026-03-08 19:00:00,1930.09,1970.0,1928.25,1964.5,268512.810387
2026-03-08 20:00:00,1964.5,1970.99,1953.0,1958.05,477577.23267
2026-03-08 21:00:00,1958.0,1970.0,1942.28,1952.78,445885.620474
2026-03-08 22:00:00,1956.49,1963.33,1917.04,1942.59,492463.613876
2026-03-08 23:00:00,1943.0,1955.0,1920.5,1936.9,64665.548236
2026-03-09 00:00:00,1936.9,1967.9,1930.0,1951.05,360050.89209
2026-03-09 01:00:00,1950.93,1967.9,1940.0,1945.8,13332.009633
2026-03-09 02:00:00,1945.66,1966.0,1937.5,1959.58,20096.084799
2026-03-09 03:00:00,1959.59,2004.24,1954.66,1977.59,73679.719816
2026-03-09 04:00:00,1977.6,1990.38,1973.67,1977.06,7728.101033
2026-03-09 05:00:00,1977.38,2013.95,1968.0,2010.47,26328.990463
2026-03-09 06:00:00,2010.47,2011.76,1983.99,1984.64,23265.735088
2026-03-09 07:00:00,1985.0,2000.0,1948.8,1983.7,10809.220864
2026-03-09 08:00:00,1983.7,2000.0,1970.99,1996.7,25044.309147
2026-03-09 09:00:00,1996.7,2020.94,1987.5,2004.55,5808.308999
2026-03-09 10:00:00,2004.37,2011.94,1990.0,1995.25,77276.96886
2026-03-09 11:00:00,1995.45,2001.7,1982.0,1992.2,50910.826155
2026-03-09 12:00:00,1992.2,2014.0,1990.0,2002.39,26339.249117
2026-03-09 13:00:00,2002.7,2028.84,1989.16,2018.41,24803.512784
2026-03-09 14:00:00,2018.17,2042.99,2006.68,2019.23,32983.388319
2026-03-09 15:00:00,2019.23,2037.46,2009.61,2022.46,144297.951455
2026-03-09 16:00:00,2022.46,2038.0,2012.6,2027.19,7665.262454
2026-03-09 17:00:00,2027.2,2040.0,2002.5,2016.48,165329.605945
2026-03-09 18:00:00,2016.56,2028.0,2006.46,2012.05,11239.322822
2026-03-09 19:00:00,2012.05,2051.95,1958.0,2034.22,18819.020532
2026-03-09 20:00:00,2034.08,2041.91,2019.04,2025.92,20883.928759
2026-03-09 21:00:00,2025.77,2046.64,2020.0,2028.56,5714.198611
2026-03-09 22:00:00,2029.94,2039.11,1999.49,1999.49,6445.626834
2026-03-09 23:00:00,2002.76,2010.0,1990.38,1993.44,6930.733002
2026-03-10 00:00:00,1993.37,2028.0,1990.0,2015.61,9969.223933
2026-03-10 01:00:00,2015.61,2030.23,2006.0,2019.59,4671.98938
2026-03-10 02:00:00,2019.23,2052.84,2010.34,2042.34,60648.36779
2026-03-10 03:00:00,2042.32,2060.0,2022.0,2027.0,17594.706252
2026-03-10 04:00:00,2027.0,2046.92,2022.24,2045.59,7765.091743
2026-03-10 05:00:00,2045.7,2060.53,2010.0,2044.15,46998.667569
2026-03-10 06:00:00,2044.19,2052.78,2030.0,2044.2,6192.064614
2026-03-10 07:00:00,2043.71,2062.33,2027.59,2051.12,13170.660052
2026-03-10 08:00:00,2051.12,2070.21,2042.99,2057.08,8383.775612
2026-03-10 09:00:00,2057.06,2075.78,2053.44,2068.39,12092.521144
2026-03-10 10:00:00,2068.36,2074.51,2020.16,2063.0,28601.760813
2026-03-10 11:00:00,2063.0,2068.48,2053.44,2061.95,8276.1758
2026-03-10 12:00:00,2061.95,2067.3,2041.0,2049.26,11413.771027
2026-03-10 13:00:00,2050.57,2062.0,2023.3,2033.5,18570.014869
2026-03-10 14:00:00,2033.5,2099.94,1979.82,2075.6,200412.169658
2026-03-10 15:00:00,2075.6,2096.15,2060.0,2079.65,25022.530341
2026-03-10 16:00:00,2079.65,2097.67,2062.33,2080.61,15671.225629
2026-03-10 17:00:00,2080.6,2102.54,2050.0,2071.9,18665.032165
2026-03-10 18:00:00,2071.91,2076.64,2036.05,2039.51,6261.667267
2026-03-10 19:00:00,2039.68,2044.41,2027.63,2037.05,3148.992732
2026-03-10 20:00:00,2037.11,2080.0,2000.0,2042.64,47831.643939
2026-03-10 21:00:00,2042.64,2052.0,2022.1,2029.41,4005.911424
2026-03-10 22:00:00,2029.51,2059.67,1991.31,2027.14,24514.257121
2026-03-10 23:00:00,2027.65,2048.07,2024.0,2036.8,3972.309597
2026-03-11 00:00:00,2036.7,2050.0,2028.84,2037.89,2642.86875
2026-03-11 01:00:00,2038.0,2048.07,2028.98,2036.25,1894.575672
2026-03-11 02:00:00,2036.14,2063.17,2014.0,2026.62,47793.04532
2026-03-11 03:00:00,2026.81,2040.0,2011.94,2021.3,15441.551952
2026-03-11 04:00:00,2021.21,2060.0,2018.41,2039.44,8908.422614
2026-03-11 05:00:00,2039.15,2044.44,2013.79,2014.65,4166.144011
2026-03-11 06:00:00,2014.64,2029.96,1989.12,2024.59,8280.492777
2026-03-11 07:00:00,2024.46,2037.0,2006.0,2012.6,7450.711997
2026-03-11 08:00:00,2012.52,2031.56,2005.0,2024.39,250542.929791
2026-03-11 09:00:00,2024.38,2032.09,2006.02,2018.16,343252.227047
2026-03-11 10:00:00,2018.16,2157.49,2017.05,2072.8,20428.607443
2026-03-11 11:00:00,2074.51,2077.23,2017.46,2018.1,10876.922489
2026-03-11 12:00:00,2018.1,2038.0,2013.09,2032.97,12623.369733
2026-03-11 13:00:00,2032.97,2086.0,2001.7,2051.02,34985.585956
2026-03-11 14:00:00,2051.02,2076.92,2043.47,2062.75,32362.916078
2026-03-11 15:00:00,2063.08,2066.66,2030.85,2041.91,13693.490985
2026-03-11 16:00:00,2041.91,2076.5,2040.0,2066.86,26360.446242
2026-03-11 17:00:00,2067.4,2085.82,2051.77,2068.1,9624.905687
2026-03-11 18:00:00,2068.09,2086.53,2057.69,2076.7,12095.0072
2026-03-11 19:00:00,2076.7,2080.72,2060.0,2076.9,21600.526284
2026-03-11 20:00:00,2076.39,2080.69,2063.95,2068.42,6052.114163
2026-03-11 21:00:00,2068.7,2078.78,2063.85,2072.99,9263.745055
2026-03-11 22:00:00,2072.99,2084.34,2059.3,2061.95,2484.952468
2026-03-11 23:00:00,2061.94,2067.3,2042.99,2052.18,3284.458304
2026-03-12 00:00:00,2052.11,2058.3,2048.45,2055.75,2024.674329
2026-03-12 01:00:00,2055.76,2058.59,2042.99,2045.97,1127.813563
2026-03-12 02:00:00,2045.96,2099.99,1981.37,2024.69,235418.702846
2026-03-12 03:00:00,2024.75,2037.46,2018.56,2023.46,45614.101286
2026-03-12 04:00:00,2023.5,2030.0,2021.5,2023.26,751.76798
2026-03-12 05:00:00,2025.77,2030.23,1989.3,2027.3,33482.751135
2026-03-12 06:00:00,2027.16,2032.0,2022.32,2030.01,1149.529594
2026-03-12 07:00:00,2030.58,2044.0,2021.02,2040.81,5439.368828
2026-03-12 08:00:00,2040.81,2066.28,2030.23,2047.76,13871.789934
2026-03-12 09:00:00,2047.76,2064.0,2038.46,2055.81,45501.441908
2026-03-12 10:00:00,2055.83,2076.0,2050.0,2070.0,6287.08907
2026-03-12 11:00:00,2070.87,2080.0,2048.07,2062.04,53151.880665
2026-03-12 12:00:00,2062.98,2078.0,2057.69,2065.68,5994.770484
2026-03-12 13:00:00,2065.82,2100.0,2031.56,2065.63,278050.309509
2026-03-12 14:00:00,2066.09,2094.0,2037.73,2045.54,226586.243249
2026-03-12 15:00:00,2045.53,2086.53,2039.46,2072.56,9735.280025
2026-03-12 16:00:00,2072.57,2077.72,2056.54,2069.77,24078.995667
2026-03-12 17:00:00,2069.77,2075.14,2050.0,2058.34,58984.009832
2026-03-12 18:00:00,2058.34,2063.95,2046.84,2048.92,2963.867811
2026-03-12 19:00:00,2048.93,2074.51,2045.99,2070.29,509753.999349
2026-03-12 20:00:00,2070.25,2073.0,2054.0,2062.46,356865.346249
2026-03-12 21:00:00,2062.51,2069.44,2057.69,2063.1,7918.991372
2026-03-12 22:00:00,2063.1,2072.7,2055.85,2065.61,213660.426396
2026-03-12 23:00:00,2065.61,2093.18,2065.15,2073.85,1761123.171848
2026-03-13 00:00:00,2073.86,2144.24,2071.02,2119.38,2960812.151498
2026-03-13 01:00:00,2119.38,2134.61,2106.52,2124.76,15338.290437
2026-03-13 02:00:00,2124.76,2127.58,2103.49,2105.67,3606.220751
2026-03-13 03:00:00,2105.67,2126.0,2102.0,2118.96,10323.359528
2026-03-13 04:00:00,2118.95,2130.66,2106.52,2111.86,7205.935724
2026-03-13 05:00:00,2111.86,2115.38,2100.0,2110.6,10769.265797
2026-03-13 06:00:00,2110.61,2113.44,2090.04,2096.24,17446.844904
2026-03-13 07:00:00,2096.25,2109.58,2086.53,2099.3,4966.962864
2026-03-13 08:00:00,2099.3,2115.88,2082.66,2100.15,5305.48871
2026-03-13 09:00:00,2100.15,2119.1,2096.15,2113.46,9178.640451
2026-03-13 10:00:00,2113.46,2133.61,2112.06,2126.75,34499.275495
2026-03-13 11:00:00,2126.74,2133.0,2111.11,2120.87,12436.396579
2026-03-13 12:00:00,2120.82,2149.49,2118.33,2146.37,1924556.546025
2026-03-13 13:00:00,2146.36,2196.18,2142.06,2185.31,7500542.078083
2026-03-13 14:00:00,2185.41,2203.6,2146.98,2150.0,4886147.305821
2026-03-13 15:00:00,2149.95,2164.11,2125.38,2128.24,155520.481597
2026-03-13 16:00:00,2128.22,2143.0,2111.8,2134.04,1171992.086447
2026-03-13 17:00:00,2134.04,2140.1,2090.0,2102.48,5912698.847476
2026-03-13 18:00:00,2102.5,2108.2,2090.0,2100.96,231599.03224
2026-03-13 19:00:00,2100.96,2108.2,2094.0,2102.41,2439.437513
2026-03-13 20:00:00,2102.46,2114.7,2092.0,2111.74,134876.490833
2026-03-13 21:00:00,2111.74,2119.1,2101.63,2103.24,298293.082711
2026-03-13 22:00:00,2103.22,2105.12,2078.78,2089.01,63364.282615
2026-03-13 23:00:00,2089.01,2095.11,2085.72,2092.61,1509.490447
2026-03-14 00:00:00,2092.64,2095.79,2082.97,2085.66,20701.22083
2026-03-14 01:00:00,2085.66,2096.15,2081.0,2092.75,59931.202086
2026-03-14 02:00:00,2092.66,2096.02,2086.92,2094.28,14397.765586
2026-03-14 03:00:00,2094.09,2108.83,2086.53,2101.5,12505.870102
2026-03-14 04:00:00,2101.5,2108.83,2087.96,2090.43,150789.88178
2026-03-14 05:00:00,2090.43,2108.83,2086.0,2092.46,4429.222071
2026-03-14 06:00:00,2092.46,2096.65,2071.1,2078.12,114000.707503
2026-03-14 07:00:00,2078.15,2086.53,2071.1,2077.61,117187.41617
2026-03-14 08:00:00,2077.75,2108.83,2071.1,2074.65,18179.242125
2026-03-14 09:00:00,2074.65,2123.8,2063.5,2067.35,151717.044031
2026-03-14 10:00:00,2067.35,2080.0,2061.8,2066.3,77669.777264
2026-03-14 11:00:00,2066.3,2115.38,2052.0,2073.85,157781.86136
2026-03-14 12:00:00,2073.86,2078.4,2070.0,2075.67,13336.969684
2026-03-14 13:00:00,2075.67,2081.0,2070.69,2078.55,10512.375418
2026-03-14 14:00:00,2078.52,2081.48,2067.3,2071.07,76604.58285
2026-03-14 15:00:00,2071.07,2084.0,2055.55,2074.71,10375.709117
2026-03-14 16:00:00,2074.71,2079.84,2062.0,2077.76,2412.103479
2026-03-14 17:00:00,2077.76,2103.84,2067.3,2075.35,21889.515219
2026-03-14 18:00:00,2075.35,2100.0,2070.73,2077.02,46964.279764
2026-03-14 19:00:00,2077.02,2086.53,2070.73,2077.56,227351.640467
2026-03-14 20:00:00,2077.56,2087.32,2070.73,2086.1,1177759.024802
2026-03-14 21:00:00,2085.91,2092.05,2070.73,2086.92,168634.921357
2026-03-14 22:00:00,2086.92,2088.66,2082.98,2084.6,34535.855034
2026-03-14 23:00:00,2084.6,2100.0,2084.55,2096.3,75357.416457
2026-03-15 00:00:00,2096.3,2100.0,2081.31,2087.82,95059.144742
2026-03-15 01:00:00,2087.84,2095.17,2076.92,2088.36,3379.248975
2026-03-15 02:00:00,2088.36,2109.75,2086.16,2102.25,5826.475042
2026-03-15 03:00:00,2102.18,2105.76,2093.54,2096.25,6789.345652
2026-03-15 04:00:00,2096.25,2105.76,2095.17,2104.23,10434.334842
2026-03-15 05:00:00,2104.23,2122.5,2096.15,2107.82,415762.128523
2026-03-15 06:00:00,2107.82,2123.0,2092.97,2107.55,180584.657522
2026-03-15 07:00:00,2107.54,2118.0,2096.15,2105.67,8964.170514
2026-03-15 08:00:00,2105.67,2118.0,2096.15,2113.1,11369.22338
2026-03-15 09:00:00,2113.1,2125.46,2111.09,2117.15,38040.647771
2026-03-15 10:00:00,2117.15,2129.26,2111.0,2118.35,35474.852084
2026-03-15 11:00:00,2118.35,2129.23,2109.75,2119.8,101029.572258
2026-03-15 12:00:00,2119.8,2126.96,2105.76,2109.45,145402.655904
2026-03-15 13:00:00,2109.5,2122.0,2086.53,2097.65,13372.103888
2026-03-15 14:00:00,2097.56,2116.26,2086.53,2096.9,28761.762874
2026-03-15 15:00:00,2096.9,2114.45,2090.24,2093.84,30368.441354
2026-03-15 16:00:00,2093.84,2104.46,2080.18,2091.65,29664.157829
2026-03-15 17:00:00,2091.65,2118.04,2086.53,2110.9,28095.247758
2026-03-15 18:00:00,2110.81,2117.06,2095.35,2099.16,2432.187633
2026-03-15 19:00:00,2099.16,2115.24,2097.08,2113.65,3168.539852
2026-03-15 20:00:00,2113.65,2138.23,2104.67,2129.3,33407.585104
2026-03-15 21:00:00,2129.36,2143.92,2118.0,2139.2,397782.30719
2026-03-15 22:00:00,2139.2,2193.0,2125.99,2184.03,801917.554501
2026-03-15 23:00:00,2184.39,2200.0,2164.26,2177.91,592181.759517
2026-03-16 00:00:00,2178.17,2187.8,2158.27,2170.98,358542.625061
2026-03-16 01:00:00,2171.19,2190.0,2163.46,2185.9,21248.948396
2026-03-16 02:00:00,2185.86,2192.0,2168.69,2180.68,5500.759666
2026-03-16 03:00:00,2180.68,2265.85,2177.35,2253.94,1204237.862214
2026-03-16 04:00:00,2253.94,2280.0,2232.0,2269.04,14958.844815
2026-03-16 05:00:00,2267.46,2289.77,2249.0,2279.77,26239.553677
2026-03-16 06:00:00,2280.03,2288.0,2256.0,2261.38,12145.126153
2026-03-16 07:00:00,2261.35,2268.83,2245.47,2248.51,5396.696744
2026-03-16 08:00:00,2248.51,2258.66,2230.87,2243.26,23907.869498
2026-03-16 09:00:00,2243.2,2280.0,2238.88,2260.47,44539.762853
2026-03-16 10:00:00,2260.46,2336.53,2240.38,2278.0,139647.868225
2026-03-16 11:00:00,2278.02,2286.18,2265.85,2270.0,8625.483595
2026-03-16 12:00:00,2270.0,2304.0,2269.92,2279.36,49422.019629
2026-03-16 13:00:00,2279.36,2307.4,2258.1,2287.76,80228.233855
2026-03-16 14:00:00,2287.76,2346.15,2257.13,2287.93,47742.527277
2026-03-16 15:00:00,2288.09,2296.82,2269.38,2274.09,55226.942861
2026-03-16 16:00:00,2273.39,2300.0,2270.29,2296.97,20263.412001
2026-03-16 17:00:00,2296.96,2320.58,2292.12,2314.42,21431.402317
2026-03-16 18:00:00,2314.42,2345.42,2314.02,2321.33,57983.718967
2026-03-16 19:00:00,2321.5,2349.84,2318.81,2330.26,26974.628853
2026-03-16 20:00:00,2330.7,2349.84,2320.0,2344.84,93213.58058
2026-03-16 21:00:00,2345.2,2376.86,2332.0,2360.97,40654.934753
2026-03-16 22:00:00,2360.97,2384.5,2349.84,2358.34,34441.567703
2026-03-16 23:00:00,2358.12,2362.06,2329.67,2352.67,46011.157584
2026-03-17 00:00:00,2352.68,2374.99,2340.05,2357.71,23852.037843
2026-03-17 01:00:00,2357.71,2374.99,2343.9,2360.9,31104.455209
2026-03-17 02:00:00,2360.9,2373.49,2344.75,2350.96,10802.662538
2026-03-17 03:00:00,2351.1,2361.69,2307.4,2320.17,10357.21498
2026-03-17 04:00:00,2320.21,2338.27,2296.0,2311.51,13427.204625
2026-03-17 05:00:00,2311.55,2324.39,2297.38,2307.5,36192.426327
2026-03-17 06:00:00,2307.5,2325.0,2298.82,2315.3,11200.181002
2026-03-17 07:00:00,2315.3,2343.9,2305.52,2327.88,58563.6438
2026-03-17 08:00:00,2327.88,2336.53,2316.0,2320.48,9856.480302
2026-03-17 09:00:00,2320.78,2328.84,2307.69,2316.0,13124.62776
2026-03-17 10:00:00,2316.0,2317.3,2304.87,2313.21,2449.357906
2026-03-17 11:00:00,2313.21,2340.0,2303.35,2327.01,22848.894646
2026-03-17 12:00:00,2327.0,2336.5,2309.21,2315.73,10478.692301
2026-03-17 13:00:00,2315.66,2346.68,2313.49,2328.75,31491.447806
2026-03-17 14:00:00,2328.95,2363.41,2320.68,2343.44,39484.435402
2026-03-17 15:00:00,2343.44,2358.33,2300.0,2316.18,150726.348491
2026-03-17 16:00:00,2316.18,2337.34,2306.72,2327.05,312504.927751
2026-03-17 17:00:00,2327.05,2342.8,2317.3,2340.89,140302.722346
2026-03-17 18:00:00,2340.89,2342.85,2320.0,2333.31,8851.291131
2026-03-17 19:00:00,2333.31,2343.9,2317.64,2322.93,13928.541796
2026-03-17 20:00:00,2322.93,2332.5,2317.3,2328.11,31303.909688
2026-03-17 21:00:00,2328.03,2346.15,2325.24,2338.43,15117.977705
2026-03-17 22:00:00,2338.43,2342.53,2318.79,2329.68,3166.175228
2026-03-17 23:00:00,2329.68,2333.15,2316.58,2317.55,1138.658065
2026-03-18 00:00:00,2317.55,2325.64,2307.4,2324.19,4164.849274
2026-03-18 01:00:00,2324.22,2336.53,2319.65,2325.01,1536.216671
2026-03-18 02:00:00,2325.01,2341.8,2317.3,2331.29,3497.927088
2026-03-18 03:00:00,2331.28,2349.84,2316.66,2340.74,4669.201068
2026-03-18 04:00:00,2340.74,2342.22,2324.39,2327.45,5696.694557
2026-03-18 05:00:00,2327.39,2336.53,2314.3,2318.53,2439017.094414
2026-03-18 06:00:00,2318.53,2336.95,2249.99,2322.77,38192.724528
2026-03-18 07:00:00,2322.83,2332.99,2304.87,2317.65,21616.511267
2026-03-18 08:00:00,2317.64,2327.1,2288.0,2322.71,46461.891721
2026-03-18 09:00:00,2322.71,2349.84,2303.85,2329.19,446767.735992
2026-03-18 10:00:00,2329.19,2338.07,2308.18,2312.96,51669.561746
2026-03-18 11:00:00,2312.97,2326.31,2263.68,2266.01,114423.007507
2026-03-18 12:00:00,2266.01,2272.5,2232.32,2237.95,57541.249606
2026-03-18 13:00:00,2237.95,2246.34,2220.27,2235.98,86944.852557
2026-03-18 14:00:00,2235.98,2246.34,2187.8,2189.89,38288.611461
2026-03-18 15:00:00,2190.32,2200.0,2167.62,2187.59,918125.300673
2026-03-18 16:00:00,2187.59,2200.0,2169.23,2181.42,1716870.09461
2026-03-18 17:00:00,2181.42,2219.41,2169.6,2204.47,1669533.678458
2026-03-18 18:00:00,2204.55,2219.99,2176.0,2181.44,873488.265882
2026-03-18 19:00:00,2181.35,2200.0,2175.0,2185.88,25075.609386
2026-03-18 20:00:00,2185.88,2191.16,2155.18,2187.79,121522.396824
2026-03-18 21:00:00,2187.66,2206.89,2186.13,2202.95,18324.684773
2026-03-18 22:00:00,2202.88,2207.31,2188.0,2193.66,18026.588053
2026-03-18 23:00:00,2194.48,2207.0,2184.0,2203.42,34588.687445
2026-03-19 00:00:00,2203.43,2208.0,2187.8,2193.98,12855.235157
2026-03-19 01:00:00,2193.39,2208.0,2187.42,2196.87,2451968.155607
2026-03-19 02:00:00,2196.94,2210.86,2186.72,2196.7,15347.09379
2026-03-19 03:00:00,2196.84,2237.95,2194.66,2212.54,9600.021778
2026-03-19 04:00:00,2212.12,2216.2,2180.09,2193.43,13975.704734
2026-03-19 05:00:00,2193.42,2199.99,2180.09,2189.22,16357.613598
2026-03-19 06:00:00,2189.25,2199.84,2172.0,2180.69,23935.056545
2026-03-19 07:00:00,2180.69,2196.0,2147.32,2166.79,7181471.714249
2026-03-19 08:00:00,2166.79,2178.68,2148.78,2160.63,39386.32238
2026-03-19 09:00:00,2160.66,2190.0,2160.66,2188.72,30130.995784
2026-03-19 10:00:00,2189.31,2200.08,2157.6,2168.69,17921.722703
2026-03-19 11:00:00,2168.69,2196.86,2158.87,2170.27,679746.74473
2026-03-19 12:00:00,2170.09,2173.07,2129.4,2133.4,12279.211516
2026-03-19 13:00:00,2133.35,2145.2,2111.81,2129.94,58695.160333
2026-03-19 14:00:00,2129.94,2141.07,2100.31,2120.11,1012149.846939
2026-03-19 15:00:00,2120.11,2136.0,2100.0,2119.26,132428.497066
2026-03-19 16:00:00,2118.93,2132.53,2100.0,2115.81,21704.947835
2026-03-19 17:00:00,2115.81,2131.0,2105.04,2126.94,476884.834654
2026-03-19 18:00:00,2127.14,2137.65,2111.81,2125.26,10864.98237
2026-03-19 19:00:00,2125.26,2158.87,2120.0,2138.09,28069.827662
2026-03-19 20:00:00,2138.09,2152.58,2132.52,2146.43,12918.860377
2026-03-19 21:00:00,2146.43,2158.87,2144.0,2150.74,23484.344097
2026-03-19 22:00:00,2150.26,2163.0,2117.06,2139.99,310395.300465
2026-03-19 23:00:00,2140.0,2148.0,2120.0,2137.64,107385.153282
2026-03-20 00:00:00,2137.86,2158.87,2133.33,2145.61,4267.877046
2026-03-20 01:00:00,2145.85,2160.71,2136.0,2151.03,285656.323958
2026-03-20 02:00:00,2151.01,2158.27,2133.14,2144.72,2681.82904
2026-03-20 03:00:00,2144.67,2163.0,2129.92,2151.44,19394.90767
2026-03-20 04:00:00,2151.44,2163.0,2133.63,2148.47,8340.211249
2026-03-20 05:00:00,2148.47,2157.48,2130.66,2140.47,8292.262931
2026-03-20 06:00:00,2140.45,2158.04,2125.92,2137.02,13219.417248
2026-03-20 07:00:00,2136.85,2158.27,2121.04,2150.86,5322.289178
2026-03-20 08:00:00,2150.84,2184.66,2139.73,2164.22,33048.498892
2026-03-20 09:00:00,2164.03,2174.99,2132.0,2141.48,41752.194153
2026-03-20 10:00:00,2141.33,2152.0,2124.47,2148.36,14343.735557
2026-03-20 11:00:00,2148.36,2158.87,2134.88,2141.93,8514.473736
2026-03-20 12:00:00,2141.88,2158.54,2120.0,2144.99,29314.827662
2026-03-20 13:00:00,2144.78,2152.5,2120.0,2130.8,10203.943158
2026-03-20 14:00:00,2130.8,2147.23,2119.54,2129.42,13380.042859
2026-03-20 15:00:00,2129.27,2146.73,2116.43,2134.09,85432.828086
2026-03-20 16:00:00,2134.02,2153.27,2128.0,2137.59,15394.163503
2026-03-20 17:00:00,2137.81,2142.72,2120.0,2136.21,26957.923674
2026-03-20 18:00:00,2137.6,2144.05,2115.48,2120.0,6071.928926
2026-03-20 19:00:00,2123.66,2134.96,2117.54,2132.74,11001.500899
2026-03-20 20:00:00,2132.82,2137.65,2124.0,2133.35,18089.703685
2026-03-20 21:00:00,2133.35,2161.43,2126.07,2147.81,15337.126097
2026-03-20 22:00:00,2147.78,2167.74,2147.78,2154.92,11841.62862
2026-03-20 23:00:00,2154.86,2161.43,2136.0,2145.27,7666.576935
2026-03-21 00:00:00,2145.28,2158.87,2134.7,2153.69,100171.172072
2026-03-21 01:00:00,2153.48,2163.47,2146.15,2147.36,11424.919449
2026-03-21 02:00:00,2147.59,2158.42,2137.84,2154.83,12712.88678
2026-03-21 03:00:00,2155.08,2158.39,2146.96,2153.52,6208.279033
2026-03-21 04:00:00,2153.52,2169.23,2137.65,2151.84,7481.45104
2026-03-21 05:00:00,2151.84,2219.0,2151.84,2153.33,28856.487592
2026-03-21 06:00:00,2153.33,2200.0,2152.27,2155.83,14334.393657
2026-03-21 07:00:00,2155.76,2168.0,2146.25,2152.72,13887.491141
2026-03-21 08:00:00,2152.72,2171.68,2148.0,2154.01,23358.202309
2026-03-21 09:00:00,2154.04,2172.0,2143.95,2158.87,17314.494295
2026-03-21 10:00:00,2158.81,2160.0,2146.96,2154.22,6467.557865
2026-03-21 11:00:00,2154.24,2163.47,2146.96,2157.29,2710.437258
2026-03-21 12:00:00,2157.41,2168.69,2153.49,2157.8,2699.6602
2026-03-21 13:00:00,2157.92,2173.07,2140.0,2155.99,19496.256728
2026-03-21 14:00:00,2155.87,2174.06,2150.54,2151.66,30536.425802
2026-03-21 15:00:00,2151.66,2160.0,2145.0,2155.56,23501.880896
2026-03-21 16:00:00,2155.49,2161.43,2144.8,2146.73,13553.574343
2026-03-21 17:00:00,2146.76,2155.33,2137.31,2148.62,10222.582957
2026-03-21 18:00:00,2148.28,2158.87,2138.33,2151.71,11121.214233
2026-03-21 19:00:00,2151.5,2157.48,2146.25,2152.68,897.492544
2026-03-21 20:00:00,2152.42,2158.87,2140.0,2155.62,8546.130025
2026-03-21 21:00:00,2155.62,2157.48,2150.72,2153.71,1933.877086
2026-03-21 22:00:00,2153.64,2160.0,2149.51,2150.01,2267.950057
2026-03-21 23:00:00,2150.02,2152.28,2074.59,2085.36,37100.83026
2026-03-22 00:00:00,2085.2,2095.21,2046.84,2087.15,44502.039157
2026-03-22 01:00:00,2087.56,2095.21,2077.5,2091.51,14752.129865
2026-03-22 02:00:00,2091.51,2116.43,2080.0,2098.87,313439.483886
2026-03-22 03:00:00,2099.0,2125.95,2080.56,2113.8,93484.70884
2026-03-22 04:00:00,2113.85,2127.9,2106.97,2118.6,39996.639054
2026-03-22 05:00:00,2119.16,2123.66,2112.32,2112.75,9286.951862
2026-03-22 06:00:00,2112.75,2113.44,2100.0,2108.4,163733.3142
2026-03-22 07:00:00,2108.4,2117.06,2093.08,2093.75,658279.309261
2026-03-22 08:00:00,2093.67,2100.0,2074.0,2086.61,1495092.866128
2026-03-22 09:00:00,2086.61,2096.44,2074.99,2085.35,52955.452329
2026-03-22 10:00:00,2085.32,2096.65,2074.74,2081.5,19498.523165
2026-03-22 11:00:00,2081.41,2092.88,2062.75,2069.8,13463.853954
2026-03-22 12:00:00,2069.85,2095.21,2062.78,2082.7,4778.431033
2026-03-22 13:00:00,2082.85,2101.8,2066.0,2078.58,52670.113633
2026-03-22 14:00:00,2078.57,2100.1,2066.09,2089.37,214383.752991
2026-03-22 15:00:00,2089.12,2097.33,2068.79,2083.05,17958.482455
2026-03-22 16:00:00,2083.2,2092.88,2076.64,2082.33,10229.24737
2026-03-22 17:00:00,2082.21,2100.0,2063.6,2073.89,36189.018087
2026-03-22 18:00:00,2074.7,2095.21,2054.56,2068.57,35748.865237
2026-03-22 19:00:00,2072.11,2075.36,2054.5,2062.75,10893.863128
2026-03-22 20:00:00,2063.11,2072.0,2054.08,2059.4,11245.078204
2026-03-22 21:00:00,2058.85,2060.5,2024.54,2045.96,22777.283271
2026-03-22 22:00:00,2045.97,2070.52,2034.74,2062.3,16208.93699
2026-03-22 23:00:00,2062.75,2073.58,2051.2,2053.9,2659.195028
2026-03-23 00:00:00,2053.86,2063.12,2031.56,2043.23,76503.418731
2026-03-23 01:00:00,2043.47,2062.75,2039.73,2047.71,14200.340429
2026-03-23 02:00:00,2047.7,2082.35,2040.27,2063.8,72062.59207
2026-03-23 03:00:00,2063.44,2071.67,2052.08,2052.45,2180.677629
2026-03-23 04:00:00,2052.7,2073.68,2044.61,2065.41,24313.775065
2026-03-23 05:00:00,2065.62,2074.0,2051.77,2069.6,5915.616574
2026-03-23 06:00:00,2069.55,2069.55,2024.54,2037.58,6250.083665
2026-03-23 07:00:00,2037.49,2051.77,2020.0,2044.55,54677.346202
2026-03-23 08:00:00,2044.8,2060.0,2040.0,2048.48,4093.629419
2026-03-23 09:00:00,2048.16,2061.73,2027.25,2043.31,28747.022802
2026-03-23 10:00:00,2043.75,2054.56,2034.57,2049.08,21150.170937
2026-03-23 11:00:00,2049.65,2192.4,2049.26,2136.33,77365.067733
2026-03-23 12:00:00,2136.23,2147.88,2104.34,2143.18,64207.049249
2026-03-23 13:00:00,2145.0,2185.57,2137.18,2185.57,51772.76795
2026-03-23 14:00:00,2185.63,2191.81,2168.05,2182.06,54576.670342
2026-03-23 15:00:00,2181.85,2188.27,2125.35,2128.46,27239.853503
2026-03-23 16:00:00,2128.55,2144.44,2115.71,2135.7,45955.501434
2026-03-23 17:00:00,2136.39,2159.25,2125.25,2151.85,13098.709371
2026-03-23 18:00:00,2152.9,2171.0,2138.88,2169.78,18227.909006
2026-03-23 19:00:00,2169.78,2177.77,2152.73,2155.43,43498.362503
2026-03-23 20:00:00,2154.69,2167.14,2150.94,2161.24,19661.892335
2026-03-23 21:00:00,2161.74,2175.0,2153.07,2157.76,3238.737001
2026-03-23 22:00:00,2158.06,2163.47,2144.61,2153.0,2340.603708
2026-03-23 23:00:00,2152.92,2156.88,2140.0,2152.14,1768.807403
2026-03-24 00:00:00,2152.05,2159.25,2131.57,2143.08,16936.111526
2026-03-24 01:00:00,2143.13,2157.8,2123.0,2138.16,7720.570718
2026-03-24 02:00:00,2137.78,2147.88,2124.37,2136.0,2870.27596
2026-03-24 03:00:00,2135.99,2157.0,2126.88,2141.72,5119.24804
2026-03-24 04:00:00,2141.81,2149.75,2130.0,2130.0,2394.018586
2026-03-24 05:00:00,2133.82,2158.42,2128.11,2134.04,13789.90195
2026-03-24 06:00:00,2133.9,2147.88,2129.65,2145.59,2524.15541
2026-03-24 07:00:00,2145.56,2173.07,2144.22,2165.85,37512.033453
2026-03-24 08:00:00,2165.68,2172.0,2149.99,2155.01,2647.897915
2026-03-24 09:00:00,2155.0,2168.0,2147.35,2165.09,1619.071028
2026-03-24 10:00:00,2165.03,2171.42,2155.55,2161.74,6443.557393
2026-03-24 11:00:00,2161.58,2175.75,2147.88,2165.92,2545.49389
2026-03-24 12:00:00,2166.0,2177.06,2151.44,2162.73,2941.168306
2026-03-24 13:00:00,2162.68,2167.14,2131.29,2138.69,18886.628294
2026-03-24 14:00:00,2138.57,2152.73,2114.22,2134.2,28776.455686
2026-03-24 15:00:00,2134.27,2147.0,2131.66,2135.05,9088.974584
2026-03-24 16:00:00,2135.12,2155.45,2086.88,2126.97,31267.718306
2026-03-24 17:00:00,2127.69,2137.56,2104.15,2109.2,12885.565277
2026-03-24 18:00:00,2109.61,2127.1,2105.39,2119.26,2536.318547
2026-03-24 19:00:00,2119.27,2133.61,2114.64,2116.88,1918.038951
2026-03-24 20:00:00,2117.07,2154.25,2115.82,2148.52,16479.36773
2026-03-24 21:00:00,2148.85,2154.33,2138.32,2149.04,1000.735359
2026-03-24 22:00:00,2149.08,2159.25,2140.54,2149.0,4606.810191
2026-03-24 23:00:00,2148.99,2164.0,2125.88,2156.39,13310.202681
2026-03-25 00:00:00,2156.87,2168.96,2149.18,2161.96,1828.498103
2026-03-25 01:00:00,2161.75,2172.21,2146.96,2157.47,3258.539031
2026-03-25 02:00:00,2157.45,2162.16,2149.85,2155.64,1199.014075
2026-03-25 03:00:00,2155.96,2161.11,2147.56,2158.6,4395.241696
2026-03-25 04:00:00,2158.61,2171.68,2150.0,2166.34,1604.995543
2026-03-25 05:00:00,2166.55,2180.0,2160.0,2168.87,18366.69328
2026-03-25 06:00:00,2168.98,2172.98,2161.43,2163.72,554.222714
2026-03-25 07:00:00,2163.56,2177.77,2159.96,2164.53,4145.427614
2026-03-25 08:00:00,2164.93,2190.36,2159.42,2177.16,2704.005228
2026-03-25 09:00:00,2176.64,2194.2,2168.94,2186.87,1735.586755
2026-03-25 10:00:00,2186.87,2188.59,2170.0,2185.25,69012.399405
2026-03-25 11:00:00,2185.25,2199.09,2180.83,2186.34,708918.67427
2026-03-25 12:00:00,2186.35,2193.74,2165.42,2183.79,888423.520884
2026-03-25 13:00:00,2183.77,2199.09,2179.31,2184.45,98413.198326
2026-03-25 14:00:00,2184.83,2196.73,2168.05,2178.09,3280.227839
2026-03-25 15:00:00,2177.84,2180.0,2148.42,2162.7,11449.542266
2026-03-25 16:00:00,2162.5,2184.53,2156.0,2174.43,22296.489859
2026-03-25 17:00:00,2174.22,2176.25,2160.0,2164.14,6351.234189
2026-03-25 18:00:00,2164.14,2181.05,2158.58,2163.97,2495.488891
2026-03-25 19:00:00,2162.71,2180.0,2152.42,2172.39,2532.481727
2026-03-25 20:00:00,2172.85,2181.55,2159.85,2166.43,12323.870658
2026-03-25 21:00:00,2166.79,2180.0,2162.07,2163.4,1670.981642
2026-03-25 22:00:00,2163.9,2179.63,2161.71,2175.23,980.093456
2026-03-25 23:00:00,2174.56,2177.44,2152.0,2168.96,3162.812409
2026-03-26 00:00:00,2169.28,2176.0,2160.0,2166.63,6925.923746
2026-03-26 01:00:00,2166.63,2169.23,2153.07,2165.86,1604.369949
2026-03-26 02:00:00,2165.04,2167.85,2144.0,2150.3,3637.92206
2026-03-26 03:00:00,2150.05,2162.0,2144.0,2153.66,1102.428809
2026-03-26 04:00:00,2153.36,2161.19,2142.72,2149.8,7181.123453
2026-03-26 05:00:00,2149.67,2154.33,2109.51,2119.99,3628.515884
2026-03-26 06:00:00,2120.1,2132.42,2112.05,2122.05,2184.601882
2026-03-26 07:00:00,2122.33,2136.49,2115.71,2117.15,2905.243423
2026-03-26 08:00:00,2122.11,2134.58,2097.73,2110.0,8753.30089
2026-03-26 09:00:00,2110.0,2122.08,2075.0,2084.09,11515.982068
2026-03-26 10:00:00,2083.25,2096.65,2074.74,2075.0,11334.27808
2026-03-26 11:00:00,2079.06,2092.24,2060.0,2068.76,8216.729856
2026-03-26 12:00:00,2068.97,2085.61,2060.0,2073.8,5805.183378
2026-03-26 13:00:00,2073.66,2092.88,2064.63,2090.0,4481.625257
2026-03-26 14:00:00,2089.6,2095.1,2070.0,2076.53,3157.260008
2026-03-26 15:00:00,2076.89,2089.52,2050.0,2070.27,6107.764673
2026-03-26 16:00:00,2070.46,2084.0,2060.15,2060.95,4693.766063
2026-03-26 17:00:00,2060.95,2071.25,2040.0,2048.67,2195.765737
2026-03-26 18:00:00,2048.9,2060.0,2029.96,2046.61,4522.211289
2026-03-26 19:00:00,2046.99,2053.54,2039.35,2047.88,1050.435387
2026-03-26 20:00:00,2049.03,2084.91,2046.95,2064.8,22527.725698
2026-03-26 21:00:00,2064.83,2084.0,2060.0,2070.25,2258.927062
2026-03-26 22:00:00,2068.7,2080.0,2056.66,2065.6,1432.803252
2026-03-26 23:00:00,2065.68,2069.45,2056.64,2060.16,2262.945607
2026-03-27 00:00:00,2060.16,2081.48,2050.0,2065.15,3918.847997
2026-03-27 01:00:00,2065.21,2080.0,2059.42,2073.77,1296.992033
2026-03-27 02:00:00,2074.69,2089.38,2067.47,2068.02,3990.468545
2026-03-27 03:00:00,2068.02,2069.11,2050.0,2061.16,4929.906079
2026-03-27 04:00:00,2061.33,2064.63,2043.7,2064.0,1656.261855
2026-03-27 05:00:00,2064.0,2084.91,2058.97,2069.0,2457.522568
2026-03-27 06:00:00,2069.22,2118.43,2062.79,2080.23,2990.66688
2026-03-27 07:00:00,2085.75,2118.53,2072.96,2108.3,8241.777928
2026-03-27 08:00:00,2115.68,2118.45,2101.97,2118.43,2322.085743
2026-03-27 09:00:00,2118.43,2118.45,2108.0,2118.43,1822.627809
2026-03-27 10:00:00,2118.45,2118.45,2040.0,2100.0,4264.118757
2026-03-27 11:00:00,2100.0,2118.43,1980.0,1991.57,539345.502851
2026-03-27 12:00:00,1991.57,2024.54,1976.0,1985.97,19001.011912
2026-03-27 13:00:00,1986.0,2004.0,1969.99,1975.27,479942.401938
2026-03-27 14:00:00,1975.27,2032.74,1915.45,1989.43,239631.163329
2026-03-27 15:00:00,1989.31,2014.78,1975.77,1990.95,17019.531205
2026-03-27 16:00:00,1990.95,2004.95,1965.41,1986.79,102635.671805
2026-03-27 17:00:00,1986.86,1997.74,1965.92,1977.15,12065.248649
2026-03-27 18:00:00,1977.15,1994.11,1972.8,1984.3,7150.646396
2026-03-27 19:00:00,1984.3,2000.0,1972.8,1991.59,6185.025274
2026-03-27 20:00:00,1991.64,2000.7,1976.0,1985.66,10422.914251
2026-03-27 21:00:00,1986.0,1992.0,1977.42,1985.65,5860.928839
2026-03-27 22:00:00,1985.87,1990.0,1981.81,1985.69,3025.816864
2026-03-27 23:00:00,1985.61,1995.18,1972.75,1992.86,4489.362363
2026-03-28 00:00:00,1992.97,2000.0,1970.0,1992.6,4354.903522
2026-03-28 01:00:00,1992.75,2002.72,1976.5,1989.99,8195.228999
2026-03-28 02:00:00,1990.44,1995.18,1980.54,1986.51,6400.778805
2026-03-28 03:00:00,1987.26,1991.22,1983.69,1988.9,11311.991459
2026-03-28 04:00:00,1989.1,2000.0,1980.0,1992.3,10252.146771
2026-03-28 05:00:00,1990.67,2010.11,1988.16,1994.04,3200.285526
2026-03-28 06:00:00,1994.14,2020.0,1993.13,2001.35,12309.247016
2026-03-28 07:00:00,2000.91,2013.33,2000.53,2007.36,1794.464784
2026-03-28 08:00:00,2007.21,2020.0,1998.36,1999.2,2346.222711
2026-03-28 09:00:00,1999.3,2004.95,1990.8,1999.49,2571.962594
2026-03-28 10:00:00,1999.5,2007.76,1989.0,1996.94,7231.197798
2026-03-28 11:00:00,1996.82,2008.0,1985.45,1998.3,4640.442809
2026-03-28 12:00:00,1997.62,2004.85,1988.0,1999.64,3026.689392
2026-03-28 13:00:00,1999.65,2031.6,1994.44,2026.38,6237.96089
2026-03-28 14:00:00,2026.58,2036.0,2016.76,2020.99,312914.11101
2026-03-28 15:00:00,2020.81,2040.0,2015.41,2026.9,13546.610043
2026-03-28 16:00:00,2026.93,2086.74,2000.0,2024.71,55280.254748
2026-03-28 17:00:00,2024.66,2027.1,2017.46,2020.91,2563.40841
2026-03-28 18:00:00,2020.91,2044.61,2014.02,2021.7,8656.757524
2026-03-28 19:00:00,2021.71,2034.57,2015.0,2020.55,2322.115146
2026-03-28 20:00:00,2020.65,2027.12,2012.6,2024.75,7405.08047
2026-03-28 21:00:00,2024.67,2026.16,2008.01,2010.83,2463.847067
2026-03-28 22:00:00,2010.43,2013.55,2005.58,2011.92,2553.7501
2026-03-28 23:00:00,2011.92,2013.55,1990.52,1994.4,54154.215972
2026-03-29 00:00:00,1994.66,1999.75,1990.0,1999.7,4656.733204
2026-03-29 01:00:00,1999.21,2006.68,1993.3,2005.12,3868.111355
2026-03-29 02:00:00,2005.12,2014.78,1990.29,2008.85,20026.58069
2026-03-29 03:00:00,2009.2,2019.14,2000.0,2011.59,11524.622445
2026-03-29 04:00:00,2011.14,2016.66,2004.76,2005.9,3420.398166
2026-03-29 05:00:00,2005.9,2010.31,1995.18,2006.3,4604.010052
2026-03-29 06:00:00,2005.53,2010.0,2000.0,2005.05,6722.059226
2026-03-29 07:00:00,2004.85,2010.0,1998.23,2006.1,2329.193427
2026-03-29 08:00:00,2006.06,2010.0,1990.52,2004.46,4072.406195
2026-03-29 09:00:00,2004.47,2005.71,1997.45,1998.94,2216.260491
2026-03-29 10:00:00,2001.84,2002.92,1988.88,1996.11,3012.01445
2026-03-29 11:00:00,1996.11,2016.16,1985.0,2001.98,14100.919366
2026-03-29 12:00:00,2002.0,2022.22,1980.0,2002.04,44803.778522
2026-03-29 13:00:00,2002.05,2051.81,1980.9,1987.2,39279.233286
2026-03-29 14:00:00,1987.24,2053.05,1969.97,1994.34,96711.057767
2026-03-29 15:00:00,1994.35,1998.5,1981.81,1993.05,3645.718711
2026-03-29 16:00:00,1993.15,2003.73,1992.25,1998.0,4934.844178
2026-03-29 17:00:00,1998.0,2040.0,1979.1,1995.26,22173.292226
2026-03-29 18:00:00,1995.5,2030.75,1980.0,1997.41,17124.034366
2026-03-29 19:00:00,1997.41,2020.0,1974.82,1995.89,13012.041295
2026-03-29 20:00:00,1996.01,2011.53,1995.8,2002.69,7095.218651
2026-03-29 21:00:00,2002.7,2007.69,2001.42,2006.76,2110.200598
2026-03-29 22:00:00,2006.45,2006.45,1940.92,1973.49,15133.446394
2026-03-29 23:00:00,1973.96,1994.23,1973.96,1984.15,9499.824178
2026-03-30 00:00:00,1984.7,2016.33,1980.24,1997.43,17088.049394
2026-03-30 01:00:00,1997.55,2016.12,1997.55,2010.28,5878.765587
2026-03-30 02:00:00,2011.07,2042.01,2004.0,2029.99,105728.203013
2026-03-30 03:00:00,2029.99,2043.9,2024.65,2041.93,11713.20443
2026-03-30 04:00:00,2038.7,2051.49,2024.0,2048.95,14051.751939
2026-03-30 05:00:00,2048.6,2100.0,2036.0,2048.09,9653.228466
2026-03-30 06:00:00,2047.87,2080.69,2030.23,2042.5,13271.921167
2026-03-30 07:00:00,2042.5,2063.6,2030.23,2059.04,10546.994318
2026-03-30 08:00:00,2059.24,2070.35,2036.0,2062.5,8047.006097
2026-03-30 09:00:00,2062.5,2080.23,2040.0,2055.11,6570.193914
2026-03-30 10:00:00,2055.5,2059.42,2030.0,2057.64,4982.991874
2026-03-30 11:00:00,2058.34,2075.05,2057.85,2071.0,5490.92096
2026-03-30 12:00:00,2072.0,2078.31,2064.74,2074.67,6421.109194
2026-03-30 13:00:00,2074.76,2092.5,2058.41,2060.82,9213.035733
2026-03-30 14:00:00,2061.31,2074.35,2034.57,2072.4,15650.172688
2026-03-30 15:00:00,2072.2,2092.0,2050.0,2074.79,15949.79377
2026-03-30 16:00:00,2074.8,2096.65,2052.0,2066.36,6898.260886
2026-03-30 17:00:00,2066.37,2081.34,2028.14,2041.86,22741.199976
2026-03-30 18:00:00,2041.86,2048.39,2020.0,2033.04,9579.157253
2026-03-30 19:00:00,2032.88,2057.5,2013.62,2024.11,13081.724372
2026-03-30 20:00:00,2024.1,2032.0,2021.36,2023.45,6901.454587
2026-03-30 21:00:00,2023.48,2049.03,2021.61,2036.11,4730.157096
2026-03-30 22:00:00,2036.65,2044.61,2030.17,2033.49,2861.238218
2026-03-30 23:00:00,2033.26,2035.97,2014.24,2026.61,4742.593504
2026-03-31 00:00:00,2026.8,2040.62,2016.5,2036.41,9723.101594
2026-03-31 01:00:00,2037.0,2100.0,2024.65,2073.31,26096.506278
2026-03-31 02:00:00,2073.21,2109.51,2067.52,2072.94,14457.168288
2026-03-31 03:00:00,2072.96,2079.66,2060.0,2066.81,13736.888043
2026-03-31 04:00:00,2067.07,2079.84,2037.26,2060.8,6582.272674
2026-03-31 05:00:00,2060.81,2070.52,2051.85,2064.12,4778.124753
2026-03-31 06:00:00,2064.38,2065.0,2044.23,2062.39,5238.690813
2026-03-31 07:00:00,2062.49,2063.2,2040.0,2055.86,5548.721811
2026-03-31 08:00:00,2055.86,2064.0,2036.25,2039.88,6135.76149
2026-03-31 09:00:00,2039.87,2064.0,2013.29,2018.31,12698.401877
2026-03-31 10:00:00,2018.36,2030.36,2015.0,2026.87,11318.857552
2026-03-31 11:00:00,2026.67,2044.21,2023.18,2041.72,5681.22543
2026-03-31 12:00:00,2041.73,2095.1,2035.77,2081.33,40566.882569
2026-03-31 13:00:00,2081.27,2081.27,2049.69,2074.0,10325.804629
2026-03-31 14:00:00,2074.66,2096.63,2038.15,2045.83,232967.580489
2026-03-31 15:00:00,2046.22,2089.38,2045.56,2054.51,74884.358269
2026-03-31 16:00:00,2054.89,2108.0,2054.71,2091.8,16343.051361
2026-03-31 17:00:00,2091.9,2131.89,2076.37,2093.41,36733.597427
2026-03-31 18:00:00,2093.51,2122.3,2087.29,2099.99,10024.082883
2026-03-31 19:00:00,2099.99,2111.09,2092.35,2097.35,7283.579494
2026-03-31 20:00:00,2097.15,2123.44,2087.0,2107.89,8385.444097
2026-03-31 21:00:00,2107.97,2110.0,2094.26,2102.75,3941.888226
2026-03-31 22:00:00,2102.46,2109.51,2089.58,2096.55,4241.468121
2026-03-31 23:00:00,2096.91,2112.3,2093.15,2105.6,3849.795063
2026-04-01 00:00:00,2108.0,2115.22,2097.2,2114.34,7022.264879
2026-04-01 01:00:00,2115.22,2120.0,2090.0,2090.0,5355.666335
2026-04-01 02:00:00,2093.69,2120.0,2080.0,2088.7,7181.087952
2026-04-01 03:00:00,2088.78,2106.97,2066.28,2102.76,6197.956054
2026-04-01 04:00:00,2102.97,2115.91,2100.76,2110.8,3803.694149
2026-04-01 05:00:00,2111.47,2134.34,2106.59,2123.07,11518.372006
2026-04-01 06:00:00,2122.92,2155.45,2122.22,2151.1,9266.104322
2026-04-01 07:00:00,2151.11,2156.29,2130.01,2130.14,4678.686201
2026-04-01 08:00:00,2130.75,2147.88,2125.18,2137.99,5212.835216
2026-04-01 09:00:00,2136.93,2145.2,2120.0,2136.0,3792.422973
2026-04-01 10:00:00,2136.0,2152.73,2124.99,2130.66,1290.487481
2026-04-01 11:00:00,2130.66,2200.0,2092.88,2176.0,29429.569401
2026-04-01 12:00:00,2176.0,2192.0,2160.0,2161.11,1935.241064
2026-04-01 13:00:00,2166.31,2187.55,2153.07,2157.62,1749.857646
2026-04-01 14:00:00,2157.62,2161.11,2089.7,2089.7,4573.990512
2026-04-01 15:00:00,2090.0,2111.81,1658.31,1658.31,45192.015715
2026-04-01 16:00:00,1658.3,2073.9,1487.61,1743.6,70448.794236
2026-04-01 17:00:00,1743.6,1768.35,1493.84,1495.0,24214.047618
2026-04-01 18:00:00,1496.11,1547.72,1486.8,1489.46,6875.260334
2026-04-01 19:00:00,1489.46,1555.0,1489.46,1498.4,4933.137544
2026-04-01 20:00:00,1498.39,1742.71,1491.66,1501.69,24235.85946
2026-04-01 21:00:00,1500.99,1511.11,1500.41,1508.86,340.284784
2026-04-01 22:00:00,1508.86,1514.35,1496.59,1497.9,2091.210502
2026-04-01 23:00:00,1497.9,1556.74,1494.89,1497.28,13279.189422
2026-04-02 00:00:00,1498.18,1956.0,1495.37,1509.3,49395.367735
2026-04-02 01:00:00,1509.3,1585.0,1464.93,1469.0,19995.488918
2026-04-02 02:00:00,1469.0,1626.26,1447.35,1452.39,16902.536497
2026-04-02 03:00:00,1452.42,1464.41,1432.65,1438.71,6807.069912
2026-04-02 04:00:00,1439.05,1514.79,1429.29,1429.42,15233.369936
2026-04-02 05:00:00,1429.42,1520.0,1427.97,1435.42,6298.575865
2026-04-02 06:00:00,1435.42,1501.53,1432.09,1489.75,29955.567372
2026-04-02 07:00:00,1489.79,2074.36,1489.79,2074.36,108379.738278
2026-04-02 08:00:00,2074.36,2091.99,1432.27,1432.3,76313.311493
2026-04-02 09:00:00,1432.3,1606.66,1428.99,1430.91,19894.023066
2026-04-02 10:00:00,1430.91,2039.91,1422.93,2039.09,44657.58459
2026-04-02 11:00:00,2039.09,2040.55,2020.0,2033.16,60316.667524
2026-04-02 12:00:00,2033.2,2040.0,2015.0,2027.2,74139.856928
2026-04-02 13:00:00,2027.2,2037.42,1936.0,1937.03,49752.144277
2026-04-02 14:00:00,1941.16,1942.2,1909.09,1914.3,2745.079563
2026-04-02 15:00:00,1914.3,1914.86,1760.0,1775.65,7107.89742
2026-04-02 16:00:00,1775.65,1776.37,1686.86,1691.45,5151.487884
2026-04-02 17:00:00,1695.35,1707.07,1680.3,1692.08,3038.379011
2026-04-02 18:00:00,1692.08,1692.08,1584.33,1587.68,4050.426177
2026-04-02 19:00:00,1587.68,1589.3,1555.0,1555.0,3535.644468
2026-04-02 20:00:00,1558.79,1590.09,1555.0,1580.02,2669.731222
2026-04-02 21:00:00,1584.33,1610.97,1580.0,1590.0,1846.251651
2026-04-02 22:00:00,1593.37,1621.09,1587.0,1610.0,1642.601813
2026-04-02 23:00:00,1613.49,1632.75,1610.0,1610.0,1693.971687
2026-04-03 00:00:00,1613.49,1635.92,1604.69,1629.23,2140.95815
2026-04-03 01:00:00,1633.72,1648.41,1606.06,1616.35,1992.832615
2026-04-03 02:00:00,1616.35,1661.84,1612.44,1655.75,2294.804353
2026-04-03 03:00:00,1659.01,1760.58,1634.0,1747.96,9174.63377
2026-04-03 04:00:00,1747.96,1776.7,1746.98,1776.7,709.558297
2026-04-03 05:00:00,1776.7,1833.07,1776.7,1833.07,1755.820034
2026-04-03 06:00:00,1833.07,1836.0,1802.73,1810.9,877.819694
2026-04-03 07:00:00,1810.9,1810.9,1800.0,1805.27,678.076405
2026-04-03 08:00:00,1805.33,1829.62,1788.47,1826.66,6814.752194
2026-04-03 09:00:00,1826.66,1845.85,1826.66,1845.85,988.073162
2026-04-03 10:00:00,1845.85,1885.71,1845.85,1885.71,6217.140675
2026-04-03 11:00:00,1885.71,1922.19,1881.93,1905.0,5624.951908
2026-04-03 12:00:00,1905.0,1922.54,1896.48,1896.48,975.406963
2026-04-03 13:00:00,1896.48,1947.96,1895.0,1904.0,4128.907664
2026-04-03 14:00:00,1904.0,1908.69,1895.75,1895.75,576.155346
2026-04-03 15:00:00,1895.75,1899.37,1881.62,1882.0,628.219989
2026-04-03 16:00:00,1882.0,1895.43,1881.3,1886.44,1464.77941
2026-04-03 17:00:00,1886.44,1897.94,1880.0,1884.0,1032.681826
2026-04-03 18:00:00,1884.0,1903.7,1882.76,1886.9,1299.971085
2026-04-03 19:00:00,1886.9,1919.2,1885.88,1904.1,1821.687428
2026-04-03 20:00:00,1904.1,1920.01,1901.66,1920.0,539.498638
2026-04-03 21:00:00,1920.01,1972.5,1916.32,1937.27,3461.483635
2026-04-03 22:00:00,1942.2,1954.0,1940.51,1947.49,258.615187
2026-04-03 23:00:00,1951.84,1962.09,1947.49,1948.93,373.694564
2026-04-04 00:00:00,1952.91,1965.92,1948.93,1954.71,593.020769
2026-04-04 01:00:00,1954.71,1964.0,1937.51,1954.77,3691.849735
2026-04-04 02:00:00,1954.77,1957.05,1882.18,1882.18,2827.923413
2026-04-04 03:00:00,1882.5,1884.4,1881.16,1881.3,56.776507
2026-04-04 04:00:00,1881.3,1885.83,1881.3,1881.3,47.461224
2026-04-04 05:00:00,1883.39,1890.21,1882.5,1890.21,238.754054
2026-04-04 06:00:00,1890.21,1891.23,1888.88,1888.89,275.280966
2026-04-04 07:00:00,1891.23,1909.09,1888.88,1895.99,1910.245431
2026-04-04 08:00:00,1899.27,1910.0,1888.39,1894.94,633.469534
2026-04-04 09:00:00,1894.94,1904.1,1887.18,1887.18,1293.680446
2026-04-04 10:00:00,1890.25,1910.0,1887.18,1910.0,948.470217
2026-04-04 11:00:00,1910.02,1927.18,1908.69,1924.25,1301.142238
2026-04-04 12:00:00,1924.25,1945.84,1920.0,1924.96,2755.108048
2026-04-04 13:00:00,1924.96,1938.68,1920.0,1927.99,405.119835
2026-04-04 14:00:00,1927.99,1930.07,1900.0,1925.95,2663.984855
2026-04-04 15:00:00,1925.95,1931.13,1920.0,1927.88,224.719303
2026-04-04 16:00:00,1931.13,1950.62,1923.8,1938.56,1196.482475
2026-04-04 17:00:00,1938.56,1949.49,1920.0,1941.69,2883.01658
2026-04-04 18:00:00,1945.77,1948.62,1934.61,1935.0,88.132725
2026-04-04 19:00:00,1935.0,1941.16,1932.0,1933.0,185.452677
2026-04-04 20:00:00,1933.0,1935.0,1907.78,1920.0,1171.014853
2026-04-04 21:00:00,1920.0,1927.5,1909.48,1909.48,476.280477
2026-04-04 22:00:00,1913.94,1922.19,1903.65,1913.94,623.184872
2026-04-04 23:00:00,1917.91,1921.45,1911.57,1918.36,93.977784
2026-04-05 00:00:00,1918.36,1921.45,1903.36,1911.62,265.99077
2026-04-05 01:00:00,1911.62,1916.0,1902.5,1902.5,151.962637
2026-04-05 02:00:00,1902.5,1902.5,1890.38,1894.94,748.712747
2026-04-05 03:00:00,1899.23,1902.5,1890.0,1895.99,326.418684
2026-04-05 04:00:00,1895.99,1929.29,1888.88,1901.68,2329.973169
2026-04-05 05:00:00,1901.68,1901.68,1894.56,1901.68,133.14188
2026-04-05 06:00:00,1901.68,1909.84,1892.71,1909.65,512.545463
2026-04-05 07:00:00,1909.84,1928.76,1909.65,1916.07,3565.348568
2026-04-05 08:00:00,1916.07,1916.72,1903.65,1903.65,289.806691
2026-04-05 09:00:00,1907.94,1913.3,1900.0,1911.32,833.785952
2026-04-05 10:00:00,1911.32,1911.32,1903.46,1908.69,85.577815
2026-04-05 11:00:00,1908.69,1908.69,1896.0,1905.81,223.13772
2026-04-05 12:00:00,1905.81,1906.6,1880.79,1880.79,868.47773
2026-04-05 13:00:00,1880.79,1885.33,1879.95,1885.33,172.44844
2026-04-05 14:00:00,1885.33,1890.38,1882.0,1890.0,110.534694
2026-04-05 15:00:00,1890.38,1895.0,1883.75,1886.76,581.6982
2026-04-05 16:00:00,1891.57,1904.0,1885.83,1900.29,580.860578
2026-04-05 17:00:00,1896.48,2062.37,1890.66,2062.34,15932.098713
2026-04-05 18:00:00,2062.37,2070.7,2047.5,2062.7,15556.036294
2026-04-05 19:00:00,2062.75,2070.0,2046.36,2061.93,6420.037381
2026-04-05 20:00:00,2061.95,2074.55,2055.0,2068.75,2980.999282
2026-04-05 21:00:00,2068.9,2069.05,2055.42,2059.31,2120.389014
2026-04-05 22:00:00,2060.11,2087.6,2040.46,2085.64,24435.624659
2026-04-05 23:00:00,2086.69,2122.5,2082.34,2108.83,86824.732293
2026-04-06 00:00:00,2110.05,2134.57,2098.99,2121.8,102436.22731
2026-04-06 01:00:00,2121.85,2124.29,2112.0,2118.75,9014.162587
2026-04-06 02:00:00,2120.99,2120.99,2108.0,2111.0,321.661673
2026-04-06 03:00:00,2111.0,2115.93,1976.0,2007.19,37140.247415
2026-04-06 04:00:00,2007.19,2007.4,1949.33,1959.03,9292.139274
2026-04-06 05:00:00,1963.2,1971.57,1957.19,1971.57,1140.725754
2026-04-06 06:00:00,1971.57,1971.57,1959.03,1964.69,450.537452
2026-04-06 07:00:00,1967.94,2009.63,1940.0,1996.04,11770.650419
2026-04-06 08:00:00,1996.04,2007.53,1996.0,2000.0,718.197748
2026-04-06 09:00:00,2004.11,2012.0,2000.0,2000.23,1015.922039
2026-04-06 10:00:00,2000.23,2009.63,1995.18,2009.63,1273.589098
2026-04-06 11:00:00,2009.63,2009.63,2000.34,2009.63,126.777598
2026-04-06 12:00:00,2009.63,2009.63,1993.15,2002.4,1369.506403
2026-04-06 13:00:00,2002.4,2007.19,1990.21,2005.18,1262.236928
2026-04-06 14:00:00,2005.18,2009.63,1970.0,1981.39,6902.009934
2026-04-06 15:00:00,1985.39,1987.95,1959.03,1970.66,3554.075722
2026-04-06 16:00:00,1970.66,1970.66,1964.38,1964.38,474.357184
2026-04-06 17:00:00,1967.53,1970.66,1959.03,1963.22,915.079065
2026-04-06 18:00:00,1965.92,1973.49,1962.16,1973.49,714.735302
2026-04-06 19:00:00,1973.49,1976.57,1970.0,1976.57,353.67564
2026-04-06 20:00:00,1976.57,1977.18,1970.0,1972.05,137.523431
2026-04-06 21:00:00,1975.99,1977.18,1970.0,1972.1,51.398642
2026-04-06 22:00:00,1977.18,1977.18,1970.0,1970.66,55.014631
2026-04-06 23:00:00,1970.66,1970.66,1964.38,1964.38,1906.981031
2026-04-07 00:00:00,1968.52,1970.0,1954.95,1959.26,1494.047553
2026-04-07 01:00:00,1959.26,1964.38,1954.95,1960.0,119.138639
2026-04-07 02:00:00,1960.08,1964.38,1954.0,1955.33,316.289607
2026-04-07 03:00:00,1960.0,1966.26,1950.0,1957.19,1737.769656
2026-04-07 04:00:00,1957.19,2023.77,1952.91,2018.53,7868.63573
2026-04-07 05:00:00,2022.32,2022.32,2012.61,2012.61,1306.14838
2026-04-07 06:00:00,2015.0,2015.0,2012.36,2012.61,182.831799
2026-04-07 07:00:00,2012.61,2040.0,2011.37,2029.33,5563.377559
2026-04-07 08:00:00,2033.04,2064.74,2024.09,2056.64,5320.332139
2026-04-07 09:00:00,2061.69,2065.06,2048.0,2048.64,2880.141903
2026-04-07 10:00:00,2049.15,2063.17,2043.49,2063.17,2070.859972
2026-04-07 11:00:00,2063.17,2071.94,2053.01,2065.51,3566.610984
2026-04-07 12:00:00,2065.51,2065.51,2052.16,2055.02,2437.56025
2026-04-07 13:00:00,2055.02,2065.51,2050.35,2062.4,2669.997969
2026-04-07 14:00:00,2062.4,2064.74,2053.01,2055.02,790.039299
2026-04-07 15:00:00,2059.25,2120.08,2050.68,2113.34,30669.316243
2026-04-07 16:00:00,2113.34,2125.3,2009.14,2113.51,59987.569333
2026-04-07 17:00:00,2116.66,2118.99,2100.71,2113.51,2780.250348
2026-04-07 18:00:00,2113.51,2116.66,2096.65,2096.65,646.86208
2026-04-07 19:00:00,2101.03,2126.35,2096.63,2125.67,1866.129981
2026-04-07 20:00:00,2125.74,2126.71,2115.68,2122.17,49.319309
2026-04-07 21:00:00,2122.17,2131.31,2113.86,2125.06,905.22308
2026-04-07 22:00:00,2125.06,2127.23,2120.72,2120.72,156.308878
2026-04-07 23:00:00,2120.72,2181.25,2110.0,2114.9,16981.603609
2026-04-08 00:00:00,2118.99,2124.5,2114.9,2124.5,898.223497
2026-04-08 01:00:00,2124.5,2133.6,2113.86,2121.53,1602.029987
2026-04-08 02:00:00,2126.18,2126.18,2112.66,2124.47,318.034608
2026-04-08 03:00:00,2124.47,2147.37,1896.31,1896.31,29433.53591
2026-04-08 04:00:00,1896.31,1896.31,1867.66,1867.66,3779.927958
2026-04-08 05:00:00,1867.66,1867.66,1863.8,1863.82,404.490045
2026-04-08 06:00:00,1863.82,1902.2,1863.82,1895.99,4325.892014
2026-04-08 07:00:00,1899.82,1928.0,1891.0,1923.33,1682.315106
2026-04-08 08:00:00,1927.99,1937.27,1883.23,1925.74,9535.137511
2026-04-08 09:00:00,1930.1,1934.53,1907.05,1907.05,1472.636822
2026-04-08 10:00:00,1911.32,1931.56,1907.05,1931.56,925.594201
2026-04-08 11:00:00,1931.56,1931.56,1902.25,1931.56,2905.44008
2026-04-08 12:00:00,1931.56,1989.89,1917.69,1986.24,5280.259456
2026-04-08 13:00:00,1986.24,2029.85,1976.0,2029.85,3003.27313
2026-04-08 14:00:00,2029.78,2030.6,2015.0,2026.43,2307.613977
2026-04-08 15:00:00,2030.6,2051.1,2012.5,2022.32,5695.44079
2026-04-08 16:00:00,2023.26,2029.41,2012.0,2020.0,583.731333
2026-04-08 17:00:00,2020.0,2023.64,2011.31,2013.96,763.155635
2026-04-08 18:00:00,2013.96,2060.0,1991.85,2002.3,6795.86683
2026-04-08 19:00:00,2002.3,2023.05,1990.57,1998.23,2312.702221
2026-04-08 20:00:00,1998.23,2012.0,1990.21,1999.37,750.490276
2026-04-08 21:00:00,1999.37,2016.0,1994.23,2007.74,603.567993
2026-04-08 22:00:00,2012.6,2024.75,2007.74,2023.99,591.358146
2026-04-08 23:00:00,2023.99,2046.36,2018.64,2031.15,2532.724697
2026-04-09 00:00:00,2031.31,2035.97,2021.35,2027.31,519.134436
2026-04-09 01:00:00,2031.41,2037.03,2029.4,2037.03,138.047037
2026-04-09 02:00:00,2037.03,2039.53,2033.2,2038.4,178.909405
2026-04-09 03:00:00,2038.4,2144.0,2028.77,2139.35,6354.122588
2026-04-09 04:00:00,2144.0,2145.0,2107.14,2120.0,1441.090974
2026-04-09 05:00:00,2120.0,2120.0,2074.43,2074.43,2479.030634
2026-04-09 06:00:00,2078.46,2081.65,2071.81,2081.65,241.851831
2026-04-09 07:00:00,2079.9,2185.48,2077.34,2181.08,9241.128081
2026-04-09 08:00:00,2181.07,2190.32,2169.73,2186.15,1400.406539
2026-04-09 09:00:00,2186.11,2195.45,2167.14,2194.4,2173.798713
2026-04-09 10:00:00,2194.22,2195.71,2180.0,2190.7,4160.23643
2026-04-09 11:00:00,2190.71,2192.72,2171.71,2180.14,3530.202356
2026-04-09 12:00:00,2180.11,2186.66,2168.14,2182.9,1930.135468
2026-04-09 13:00:00,2183.78,2185.55,2159.5,2165.5,1105.432765
2026-04-09 14:00:00,2165.25,2181.2,2158.27,2177.53,3117.520995
2026-04-09 15:00:00,2177.53,2224.88,2170.01,2217.99,5066.933721
2026-04-09 16:00:00,2218.09,2233.31,2188.0,2208.3,9311.905015
2026-04-09 17:00:00,2208.29,2232.0,2206.39,2223.18,4272.81342
2026-04-09 18:00:00,2223.15,2228.36,2200.0,2207.45,2478.615054
2026-04-09 19:00:00,2206.91,2224.44,2200.0,2216.41,2612.082107
2026-04-09 20:00:00,2216.5,2222.28,2208.0,2213.4,373.06408
2026-04-09 21:00:00,2213.45,2226.11,2207.78,2210.93,2495.844402
2026-04-09 22:00:00,2211.51,2241.12,2197.69,2197.69,3772.280135
2026-04-09 23:00:00,2197.88,2202.34,2178.72,2190.59,1706.035622
2026-04-10 00:00:00,2190.15,2197.47,2174.74,2192.58,1239.817804
2026-04-10 01:00:00,2195.19,2204.88,2178.66,2194.85,1651.546353
2026-04-10 02:00:00,2194.66,2199.81,2187.2,2188.05,4155.324273
2026-04-10 03:00:00,2189.13,2201.92,2177.27,2186.23,2581.73032
2026-04-10 04:00:00,2186.37,2200.36,2165.23,2196.0,5633.122345
2026-04-10 05:00:00,2195.9,2213.84,2191.91,2197.24,1818.873302
2026-04-10 06:00:00,2197.02,2198.21,2164.0,2186.5,6648.024519
2026-04-10 07:00:00,2186.5,2189.5,2171.79,2179.15,1674.942052
2026-04-10 08:00:00,2179.78,2190.5,2177.41,2186.34,246.935307
2026-04-10 09:00:00,2185.96,2200.36,2184.43,2200.36,1135.198366
2026-04-10 10:00:00,2196.23,2200.27,2183.84,2197.3,875.86635
2026-04-10 11:00:00,2197.62,2228.0,2194.98,2215.56,2150.954144
2026-04-10 12:00:00,2215.57,2232.0,2207.78,2219.35,1869.703102
2026-04-10 13:00:00,2218.62,2225.26,2208.38,2223.07,1494.090492
2026-04-10 14:00:00,2225.29,2255.5,2218.95,2242.68,4922.478541
2026-04-10 15:00:00,2242.4,2255.2,2220.0,2224.0,2945.457379
2026-04-10 16:00:00,2224.29,2260.0,2219.85,2245.55,7305.895608
2026-04-10 17:00:00,2245.55,2252.52,2222.74,2247.88,4589.861678
2026-04-10 18:00:00,2248.51,2256.0,2233.94,2249.12,2217.57656
2026-04-10 19:00:00,2249.12,2257.5,2240.0,2253.1,5608.73526
2026-04-10 20:00:00,2253.15,2263.25,2242.85,2255.63,1467.374168
2026-04-10 21:00:00,2255.33,2262.01,2226.31,2254.67,3003.255486
2026-04-10 22:00:00,2255.16,2256.49,2232.93,2242.27,1401.057373
2026-04-10 23:00:00,2242.32,2254.06,2232.3,2245.25,3109.840716
2026-04-11 00:00:00,2245.26,2247.62,2233.94,2239.14,541.39322
2026-04-11 01:00:00,2239.39,2247.62,2232.32,2243.65,680.582129
2026-04-11 02:00:00,2244.44,2253.6,2238.17,2247.55,5774.679565
2026-04-11 03:00:00,2248.28,2260.0,2235.0,2236.97,1526.685542
2026-04-11 04:00:00,2237.32,2259.37,2232.32,2241.02,19549.167582
2026-04-11 05:00:00,2241.1,2245.18,2228.0,2232.96,1674.436987
2026-04-11 06:00:00,2236.28,2237.7,2224.78,2235.97,525.990473
2026-04-11 07:00:00,2236.0,2246.12,2220.0,2232.16,1983.77371
2026-04-11 08:00:00,2232.55,2240.0,2224.78,2232.93,939.166182
2026-04-11 09:00:00,2232.62,2250.0,2224.13,2244.0,915.417627
2026-04-11 10:00:00,2243.56,2246.12,2230.21,2240.64,1071.725811
2026-04-11 11:00:00,2240.26,2252.19,2231.09,2246.08,1592.653933
2026-04-11 12:00:00,2246.08,2252.0,2238.51,2244.75,387.360236
2026-04-11 13:00:00,2245.31,2246.93,2225.0,2239.7,2247.584084
2026-04-11 14:00:00,2239.84,2246.7,2230.23,2242.5,786.701106
2026-04-11 15:00:00,2241.98,2253.6,2237.09,2249.85,1167.103808
2026-04-11 16:00:00,2249.46,2269.95,2237.36,2258.88,7029.966782
2026-04-11 17:00:00,2258.83,2266.18,2253.6,2259.37,374.853138
2026-04-11 18:00:00,2260.2,2316.55,2257.04,2304.95,11270.152377
2026-04-11 19:00:00,2305.07,2328.15,2304.0,2315.99,6627.298905
2026-04-11 20:00:00,2315.97,2325.24,2288.36,2298.72,2333.125581
2026-04-11 21:00:00,2298.31,2308.9,2288.0,2300.59,907.735158
2026-04-11 22:00:00,2299.44,2313.13,2289.53,2296.61,824.544139
2026-04-11 23:00:00,2297.05,2297.6,2277.52,2284.9,719.582941
2026-04-12 00:00:00,2285.09,2290.0,2279.58,2285.84,3034.422495
2026-04-12 01:00:00,2285.77,2300.0,2209.41,2219.35,6033.953792
2026-04-12 02:00:00,2219.35,2232.7,2207.64,2224.0,1384.826156
2026-04-12 03:00:00,2223.74,2239.19,2212.12,2214.64,1155.545373
2026-04-12 04:00:00,2214.19,2226.66,2206.25,2212.41,768.847197
2026-04-12 05:00:00,2212.41,2220.1,2208.84,2217.39,875.559939
2026-04-12 06:00:00,2217.39,2232.32,2204.24,2216.36,2529.113891
2026-04-12 07:00:00,2216.36,2221.58,2195.96,2219.05,3332.782313
2026-04-12 08:00:00,2218.48,2239.19,2200.36,2214.36,4962.179961
2026-04-12 09:00:00,2214.37,2220.0,2203.73,2214.54,856.151824
2026-04-12 10:00:00,2214.46,2222.21,2194.7,2201.6,914.314519
2026-04-12 11:00:00,2201.8,2232.32,2197.57,2204.7,12260.938223
2026-04-12 12:00:00,2207.71,2216.0,2193.81,2196.4,860.911644
2026-04-12 13:00:00,2195.06,2204.0,2184.43,2187.0,1376.679629
2026-04-12 14:00:00,2187.07,2204.57,2178.87,2180.88,3039.761345
2026-04-12 15:00:00,2180.88,2190.0,2164.26,2185.77,2362.92639
2026-04-12 16:00:00,2186.65,2196.65,2174.61,2187.49,1590.094844
2026-04-12 17:00:00,2187.5,2205.26,2184.43,2202.7,4336.752669
2026-04-12 18:00:00,2203.78,2207.78,2200.17,2200.74,306.213698
2026-04-12 19:00:00,2200.48,2211.62,2184.16,2198.51,2095.953632
2026-04-12 20:00:00,2198.37,2217.16,2192.36,2213.99,628.331882
2026-04-12 21:00:00,2213.55,2217.43,2205.03,2211.67,349.595779
2026-04-12 22:00:00,2211.69,2212.77,2180.0,2199.55,5541.452615
2026-04-12 23:00:00,2199.34,2200.27,2185.18,2191.15,477.043805
2026-04-13 00:00:00,2191.33,2208.0,2182.55,2204.93,3351.455013
2026-04-13 01:00:00,2204.98,2210.9,2188.79,2203.97,696.165445
2026-04-13 02:00:00,2203.39,2212.12,2186.28,2194.03,1060.406023
2026-04-13 03:00:00,2194.38,2208.66,2183.43,2194.91,3209.551607
2026-04-13 04:00:00,2194.26,2206.39,2187.34,2190.16,862.671571
2026-04-13 05:00:00,2190.2,2203.84,2181.43,2191.53,2009.552531
2026-04-13 06:00:00,2191.5,2212.12,2182.74,2196.85,1215.556176
2026-04-13 07:00:00,2198.87,2202.16,2174.83,2187.09,1866.366076
2026-04-13 08:00:00,2187.15,2195.96,2178.0,2185.57,5399.177683
2026-04-13 09:00:00,2185.43,2196.0,2180.0,2188.46,1111.328898
2026-04-13 10:00:00,2188.15,2199.09,2173.22,2182.61,1648.685068
2026-04-13 11:00:00,2183.79,2192.0,2183.01,2187.45,4627.424122
2026-04-13 12:00:00,2187.46,2198.85,2175.92,2192.87,1665.447083
2026-04-13 13:00:00,2192.65,2215.35,2182.1,2215.35,2740.278791
2026-04-13 14:00:00,2215.26,2234.72,2198.44,2234.72,1827.171629
2026-04-13 15:00:00,2234.14,2239.19,2194.98,2209.6,5241.016703
2026-04-13 16:00:00,2209.46,2235.0,2200.81,2226.11,2867.182376
2026-04-13 17:00:00,2226.12,2241.26,2209.52,2224.79,3330.881822
2026-04-13 18:00:00,2225.05,2240.0,2212.12,2232.53,3306.362294
2026-04-13 19:00:00,2232.33,2267.85,2228.0,2262.65,2569.781797
2026-04-13 20:00:00,2262.59,2270.29,2246.12,2252.63,3272.484272
2026-04-13 21:00:00,2252.5,2264.82,2249.71,2260.07,290.188283
2026-04-13 22:00:00,2259.86,2361.82,2257.64,2352.74,9025.170225
2026-04-13 23:00:00,2352.74,2397.69,2341.84,2368.87,5893.767367
2026-04-14 00:00:00,2369.44,2386.0,2359.91,2360.28,4988.324594
2026-04-14 01:00:00,2364.8,2373.07,2355.05,2368.18,392.097617
2026-04-14 02:00:00,2368.41,2389.3,2346.19,2367.6,14507.000999
2026-04-14 03:00:00,2367.36,2381.19,2354.3,2365.18,2586.351084
2026-04-14 04:00:00,2365.16,2367.88,2353.53,2363.98,1617.334534
2026-04-14 05:00:00,2364.0,2376.0,2352.0,2355.64,1621.113436
2026-04-14 06:00:00,2355.4,2375.39,2355.0,2372.91,1026.395824
2026-04-14 07:00:00,2372.92,2391.0,2355.08,2377.36,4067.564167
2026-04-14 08:00:00,2377.45,2395.45,2361.36,2387.53,2534.339744
2026-04-14 09:00:00,2387.4,2400.0,2374.61,2386.88,2342.214968
2026-04-14 10:00:00,2386.98,2389.14,2354.54,2374.95,1713.201893
2026-04-14 11:00:00,2374.7,2399.94,2345.0,2373.76,8967.970739
2026-04-14 12:00:00,2374.01,2380.0,2364.83,2374.61,998.453739
2026-04-14 13:00:00,2373.95,2395.45,2372.41,2391.51,1441.787124
2026-04-14 14:00:00,2391.51,2418.68,2355.0,2355.17,6591.63901
2026-04-14 15:00:00,2355.0,2372.0,2333.52,2365.03,4126.579782
2026-04-14 16:00:00,2365.15,2372.0,2329.65,2333.81,1489.000585
2026-04-14 17:00:00,2334.51,2351.45,2320.0,2338.2,3648.595662
2026-04-14 18:00:00,2338.21,2351.81,2309.68,2314.47,3038.046563
2026-04-14 19:00:00,2314.14,2324.0,2280.0,2312.78,5967.688752
2026-04-14 20:00:00,2313.34,2325.0,2300.0,2312.18,1228.069713
2026-04-14 21:00:00,2315.31,2326.11,2300.0,2323.39,1642.097861
2026-04-14 22:00:00,2326.11,2331.75,2308.9,2311.42,963.190912
2026-04-14 23:00:00,2315.08,2333.52,2304.0,2322.6,2823.021726
2026-04-15 00:00:00,2322.3,2342.95,2319.63,2334.63,1277.313463
2026-04-15 01:00:00,2333.71,2347.36,2328.0,2335.76,2195.914433
2026-04-15 02:00:00,2335.83,2342.53,2317.63,2324.96,2321.858253
2026-04-15 03:00:00,2324.99,2333.35,2320.06,2331.27,461.03003
2026-04-15 04:00:00,2328.9,2347.32,2316.0,2333.81,5463.331569
2026-04-15 05:00:00,2333.14,2338.02,2315.06,2319.89,1509.903563
2026-04-15 06:00:00,2319.69,2325.66,2313.13,2317.35,562.99444
2026-04-15 07:00:00,2317.31,2324.0,2290.7,2315.81,8998.314073
2026-04-15 08:00:00,2316.62,2333.33,2311.0,2328.0,711.290942
2026-04-15 09:00:00,2327.71,2336.0,2308.18,2320.22,1538.860176
2026-04-15 10:00:00,2320.16,2328.15,2307.14,2316.61,2108.003324
2026-04-15 11:00:00,2317.04,2338.4,2315.78,2337.24,597.315432
2026-04-15 12:00:00,2337.25,2340.0,2325.0,2332.8,1019.47323
2026-04-15 13:00:00,2332.88,2338.07,2309.75,2325.66,8481.599876
2026-04-15 14:00:00,2325.66,2344.85,2312.0,2337.62,3759.691806
2026-04-15 15:00:00,2338.79,2349.41,2320.0,2327.88,1589.558772
2026-04-15 16:00:00,2332.83,2349.92,2325.57,2341.65,3681.659609
2026-04-15 17:00:00,2341.73,2360.0,2333.33,2348.97,5489.183983
2026-04-15 18:00:00,2349.0,2382.4,2329.99,2358.85,10886.542525
2026-04-15 19:00:00,2358.68,2390.0,2340.0,2374.78,7915.392904
2026-04-15 20:00:00,2374.88,2379.8,2353.84,2363.12,1638.033635
2026-04-15 21:00:00,2362.95,2373.25,2348.85,2361.37,2057.390026
2026-04-15 22:00:00,2361.3,2379.73,2359.52,2363.01,1441.112044
2026-04-15 23:00:00,2363.55,2368.0,2348.18,2360.0,713.463318
2026-04-16 00:00:00,2360.06,2363.74,2349.41,2360.66,412.794648
2026-04-16 01:00:00,2360.53,2361.2,2346.68,2351.93,622.347915
2026-04-16 02:00:00,2352.21,2372.5,2340.05,2357.31,2223.435903
2026-04-16 03:00:00,2356.61,2373.25,2353.84,2357.99,728.182791
2026-04-16 04:00:00,2357.99,2364.65,2349.25,2354.38,575.86151
2026-04-16 05:00:00,2354.39,2364.0,2348.0,2356.58,1283.494323
2026-04-16 06:00:00,2356.74,2373.63,2347.36,2356.02,1844.174992
2026-04-16 07:00:00,2356.08,2365.48,2336.0,2341.67,3430.22435
2026-04-16 08:00:00,2341.66,2353.53,2331.66,2339.14,2347.898029
2026-04-16 09:00:00,2339.15,2358.17,2335.48,2338.1,1627.011368
2026-04-16 10:00:00,2338.31,2340.63,2324.0,2332.09,1873.914679
2026-04-16 11:00:00,2332.38,2340.0,2330.11,2336.19,963.014121
2026-04-16 12:00:00,2336.26,2351.81,2326.0,2340.63,2106.438223
2026-04-16 13:00:00,2340.64,2360.0,2293.96,2308.44,5910.135144
2026-04-16 14:00:00,2308.45,2317.63,2283.33,2309.83,7235.819102
2026-04-16 15:00:00,2309.85,2347.65,2304.0,2339.33,4899.813371
2026-04-16 16:00:00,2339.08,2352.51,2310.0,2316.74,5403.301876
2026-04-16 17:00:00,2316.83,2333.33,2310.0,2325.41,3368.9449
2026-04-16 18:00:00,2325.78,2346.64,2316.0,2343.0,4617.02854
2026-04-16 19:00:00,2343.3,2361.96,2335.27,2359.85,5219.303431
2026-04-16 20:00:00,2359.95,2368.87,2341.47,2350.1,6964.821917
2026-04-16 21:00:00,2350.2,2356.63,2336.45,2341.27,1008.524041
2026-04-16 22:00:00,2341.34,2357.36,2339.27,2342.4,1492.197926
2026-04-16 23:00:00,2342.4,2365.64,2336.0,2348.08,3306.303957
2026-04-17 00:00:00,2348.15,2362.83,2331.03,2344.12,5622.041595
2026-04-17 01:00:00,2344.42,2349.41,2325.57,2335.72,2230.114772
2026-04-17 02:00:00,2335.26,2340.05,2324.0,2331.47,910.2167
2026-04-17 03:00:00,2331.7,2340.0,2313.13,2325.46,2004.614129
2026-04-17 04:00:00,2325.72,2333.52,2314.99,2329.18,508.686988
2026-04-17 05:00:00,2329.25,2345.67,2320.0,2333.33,758.021629
2026-04-17 06:00:00,2334.73,2353.53,2333.0,2335.97,702.598603
2026-04-17 07:00:00,2336.0,2336.74,2328.28,2336.5,241.523661
2026-04-17 08:00:00,2336.5,2360.0,2330.23,2353.84,1543.678427
2026-04-17 09:00:00,2354.7,2373.63,2340.05,2358.9,3150.764285
2026-04-17 10:00:00,2358.9,2362.5,2316.0,2344.54,5713506.94783
2026-04-17 11:00:00,2343.92,2361.55,2343.39,2354.55,1091.308
2026-04-17 12:00:00,2354.65,2376.26,2349.41,2373.49,3683.797908
2026-04-17 13:00:00,2372.54,2439.09,2360.0,2436.29,11181.233151
2026-04-17 14:00:00,2436.94,2460.65,2420.0,2447.16,5711.623419
2026-04-17 15:00:00,2446.69,2459.23,2428.87,2442.03,2757.436565
2026-04-17 16:00:00,2442.0,2475.33,2436.82,2450.78,4280.914705
2026-04-17 17:00:00,2451.46,2456.8,2414.14,2440.12,4738.46583
2026-04-17 18:00:00,2440.18,2443.02,2412.1,2421.53,1942.818983
2026-04-17 19:00:00,2420.32,2436.0,2417.27,2430.06,2468.392621
2026-04-17 20:00:00,2428.33,2435.29,2416.53,2427.4,746.828559
2026-04-17 21:00:00,2426.71,2433.84,2419.54,2430.28,382.530583
2026-04-17 22:00:00,2429.45,2442.19,2422.9,2432.78,1234.876646
2026-04-17 23:00:00,2433.34,2443.91,2395.55,2419.04,7225.51351
2026-04-18 00:00:00,2419.03,2424.27,2394.36,2419.83,20108.609513
2026-04-18 01:00:00,2421.5,2435.7,2417.07,2421.55,758.076397
2026-04-18 02:00:00,2421.37,2428.87,2414.35,2419.78,626.274715
2026-04-18 03:00:00,2419.73,2426.4,2401.07,2411.04,4380.244095
2026-04-18 04:00:00,2411.04,2418.68,2400.45,2409.07,2236.331126
2026-04-18 05:00:00,2407.74,2417.6,2405.03,2409.09,403.934059
2026-04-18 06:00:00,2409.1,2413.22,2400.0,2409.95,442.753639
2026-04-18 07:00:00,2410.18,2422.9,2402.0,2404.74,597.766018
2026-04-18 08:00:00,2403.8,2406.82,2357.75,2381.0,4347.876637
2026-04-18 09:00:00,2381.13,2388.12,2365.21,2376.21,2419.642758
2026-04-18 10:00:00,2376.23,2379.2,2347.5,2358.35,2732.674583
2026-04-18 11:00:00,2360.57,2384.0,2340.76,2353.07,7205.899979
2026-04-18 12:00:00,2353.18,2380.0,2330.0,2358.34,14647.614573
2026-04-18 13:00:00,2359.52,2373.73,2343.9,2355.81,4354.673453
2026-04-18 14:00:00,2355.75,2365.64,2340.0,2365.26,3018.822111
2026-04-18 15:00:00,2365.26,2372.75,2348.0,2363.98,3460.212061
2026-04-18 16:00:00,2363.69,2376.0,2349.41,2360.48,4063.052054
2026-04-18 17:00:00,2360.88,2373.63,2354.69,2361.44,1420.740783
2026-04-18 18:00:00,2361.44,2390.75,2333.33,2347.04,14827.78862
2026-04-18 19:00:00,2347.33,2364.0,2336.0,2348.96,2670.898749
2026-04-18 20:00:00,2348.35,2360.0,2338.07,2353.55,953.273209
2026-04-18 21:00:00,2352.74,2360.95,2340.05,2355.17,931.131936
2026-04-18 22:00:00,2355.34,2359.6,2348.44,2356.71,472.197085
2026-04-18 23:00:00,2356.3,2359.6,2349.77,2350.34,969.927258
2026-04-19 00:00:00,2350.2,2373.63,2340.0,2348.55,1640.59796
2026-04-19 01:00:00,2349.16,2353.0,2340.29,2347.89,780.75299
2026-04-19 02:00:00,2347.86,2355.0,2334.2,2338.21,1798.806435
2026-04-19 03:00:00,2338.22,2348.0,2331.93,2339.72,614.765584
2026-04-19 04:00:00,2339.72,2349.41,2325.77,2333.02,1173.665821
2026-04-19 05:00:00,2333.02,2346.68,2324.0,2332.51,1743.392378
2026-04-19 06:00:00,2332.51,2346.68,2321.55,2327.26,2177.511163
2026-04-19 07:00:00,2327.26,2330.87,2300.0,2316.11,20429.108404
2026-04-19 08:00:00,2316.11,2329.99,2300.0,2318.03,2472.737955
2026-04-19 09:00:00,2318.31,2342.34,2303.7,2309.97,25406.732025
2026-04-19 10:00:00,2313.03,2323.41,2306.89,2317.49,376.559429
2026-04-19 11:00:00,2317.84,2341.47,2311.23,2329.04,3523.943134
2026-04-19 12:00:00,2329.05,2340.05,2322.34,2331.01,1279.597556
2026-04-19 13:00:00,2331.14,2370.92,2330.18,2338.5,13971.283921
2026-04-19 14:00:00,2338.52,2353.81,2322.68,2337.78,4314.861607
2026-04-19 15:00:00,2337.79,2360.0,2300.0,2330.34,10238.111143
2026-04-19 16:00:00,2330.53,2340.73,2303.69,2311.6,4121.847721
2026-04-19 17:00:00,2311.61,2320.0,2288.0,2296.01,3283.31713
2026-04-19 18:00:00,2296.6,2313.13,2288.0,2295.8,4059.90207
2026-04-19 19:00:00,2295.81,2314.13,2282.67,2299.87,5497.506972
2026-04-19 20:00:00,2299.78,2304.0,2275.34,2280.49,1563.272493
2026-04-19 21:00:00,2280.43,2297.8,2274.07,2276.45,1159.384202
2026-04-19 22:00:00,2280.07,2281.25,2254.06,2270.29,1955.661571
2026-04-19 23:00:00,2275.76,2278.57,2258.27,2262.77,1168.831454
2026-04-20 00:00:00,2263.8,2286.21,2259.42,2280.36,1141.136204
2026-04-20 01:00:00,2279.73,2296.82,2276.0,2286.2,1112.05481
2026-04-20 02:00:00,2286.14,2294.21,2269.95,2277.74,2050.4944
2026-04-20 03:00:00,2277.74,2310.0,2273.33,2286.27,5079.681376
2026-04-20 04:00:00,2286.34,2288.88,2272.72,2283.54,670.205884
2026-04-20 05:00:00,2283.54,2286.21,2264.0,2270.33,1348.142726
2026-04-20 06:00:00,2270.33,2298.4,2262.02,2285.74,5361.902792
2026-04-20 07:00:00,2286.23,2327.87,2281.25,2298.07,4275.368999
2026-04-20 08:00:00,2298.1,2314.47,2289.94,2294.13,4143.165981
2026-04-20 09:00:00,2294.18,2317.63,2293.21,2308.9,3106.273093
2026-04-20 10:00:00,2308.99,2320.0,2290.7,2303.31,3612.551711
2026-04-20 11:00:00,2303.28,2317.5,2300.0,2308.52,541.953022
2026-04-20 12:00:00,2310.78,2324.0,2296.82,2318.51,1873.54515
2026-04-20 13:00:00,2318.51,2325.64,2286.76,2311.2,4256.913063
2026-04-20 14:00:00,2310.99,2319.0,2280.0,2290.72,2469.064628
2026-04-20 15:00:00,2290.8,2320.0,2279.15,2314.09,2700.101345
2026-04-20 16:00:00,2313.87,2314.36,2298.46,2300.0,848.522184
2026-04-20 17:00:00,2300.01,2328.0,2297.29,2317.1,1691.671524
2026-04-20 18:00:00,2317.13,2346.68,2314.04,2334.0,3089.791577
2026-04-20 19:00:00,2334.01,2341.47,2323.41,2331.81,3310.83219
2026-04-20 20:00:00,2331.66,2340.0,2309.68,2338.14,2403.625148
2026-04-20 21:00:00,2337.34,2346.17,2312.0,2321.51,1184.433792
2026-04-20 22:00:00,2322.35,2328.08,2316.0,2319.3,428.550408
2026-04-20 23:00:00,2319.22,2327.87,2307.63,2314.27,1696.493051
2026-04-21 00:00:00,2313.92,2324.27,2300.0,2321.59,1334.012613
2026-04-21 01:00:00,2322.1,2327.76,2304.0,2314.98,1932.999817
2026-04-21 02:00:00,2315.0,2317.14,2305.58,2308.45,365.252529
2026-04-21 03:00:00,2308.31,2324.0,2292.27,2311.51,1777.55883
2026-04-21 04:00:00,2311.52,2320.0,2303.14,2315.06,1394.071635
2026-04-21 05:00:00,2315.06,2337.5,2291.55,2314.34,14991.260359
2026-04-21 06:00:00,2314.11,2346.66,2299.01,2317.58,5702.263141
2026-04-21 07:00:00,2317.58,2333.33,2308.47,2318.75,3101.580928
2026-04-21 08:00:00,2318.4,2335.0,2309.68,2323.4,2176.679134
2026-04-21 09:00:00,2323.4,2341.17,2318.3,2325.14,2961.896568
2026-04-21 10:00:00,2325.8,2340.73,2325.0,2330.98,876.832843
2026-04-21 11:00:00,2331.32,2336.89,2310.0,2320.2,2015.461136
2026-04-21 12:00:00,2320.0,2325.57,2294.06,2308.8,2094.266233
2026-04-21 13:00:00,2308.87,2317.63,2297.8,2312.45,2717.799194
2026-04-21 14:00:00,2312.45,2333.33,2298.31,2299.68,4642.53581
2026-04-21 15:00:00,2299.51,2312.0,2292.92,2310.4,1301.450652
2026-04-21 16:00:00,2310.44,2325.64,2300.0,2308.08,2873.229955
2026-04-21 17:00:00,2307.46,2317.63,2286.36,2306.06,2192.766019
2026-04-21 18:00:00,2306.27,2331.27,2300.93,2312.22,2512.007798
2026-04-21 19:00:00,2313.0,2330.28,2288.0,2298.86,2107.450547
2026-04-21 20:00:00,2298.69,2325.57,2294.28,2316.69,1136.574262
2026-04-21 21:00:00,2316.11,2320.06,2293.79,2312.72,1250.335056
2026-04-21 22:00:00,2314.0,2316.84,2298.31,2311.91,487.84699
2026-04-21 23:00:00,2311.32,2329.99,2311.22,2327.34,978.641228
2026-04-22 00:00:00,2327.58,2330.42,2301.74,2323.26,2340.045693
2026-04-22 01:00:00,2326.86,2333.33,2312.4,2322.72,1338.816469
2026-04-22 02:00:00,2322.72,2373.36,2317.5,2369.78,2695.555179
2026-04-22 03:00:00,2371.0,2380.0,2349.03,2363.63,3634.318158
2026-04-22 04:00:00,2363.82,2388.12,2353.53,2362.9,5538.269326
2026-04-22 05:00:00,2364.38,2420.0,2359.99,2399.15,10575.383785
2026-04-22 06:00:00,2396.83,2412.0,2380.0,2393.33,1739.403575
2026-04-22 07:00:00,2393.22,2409.38,2381.19,2389.53,1951.84569
2026-04-22 08:00:00,2390.06,2397.42,2383.11,2388.1,982.124298
2026-04-22 09:00:00,2388.01,2393.88,2384.29,2387.55,102.944538
2026-04-22 10:00:00,2387.55,2400.0,2376.38,2399.66,811.862737
2026-04-22 11:00:00,2399.66,2400.0,2388.0,2397.2,211.643855
2026-04-22 12:00:00,2396.31,2411.25,2381.19,2404.86,2539.369543
2026-04-22 13:00:00,2404.65,2420.0,2395.45,2407.5,1821.168905
2026-04-22 14:00:00,2409.43,2415.15,2374.63,2390.0,2251.795364
2026-04-22 15:00:00,2390.0,2408.0,2375.05,2393.3,3362.61335
2026-04-22 16:00:00,2397.85,2422.0,2384.75,2405.0,4052.286183
2026-04-22 17:00:00,2403.24,2405.0,2393.93,2397.09,292.03729
2026-04-22 18:00:00,2397.09,2400.99,2373.73,2373.73,2871.37968
2026-04-22 19:00:00,2378.55,2393.99,2372.0,2378.94,734.993396
2026-04-22 20:00:00,2378.94,2384.0,2371.33,2382.58,561.275477
2026-04-22 21:00:00,2382.58,2382.84,2373.25,2375.7,52.402478
2026-04-22 22:00:00,2378.38,2380.34,2360.0,2374.0,762.58128
2026-04-22 23:00:00,2379.48,2382.37,2370.92,2379.23,142.4315
2026-04-23 00:00:00,2377.9,2382.89,2373.25,2374.0,158.78608
2026-04-23 01:00:00,2374.93,2389.14,2373.25,2382.89,517.37902
2026-04-23 02:00:00,2382.89,2382.89,2340.0,2352.44,2477.041114
2026-04-23 03:00:00,2352.29,2360.0,2333.52,2336.65,1311.604595
2026-04-23 04:00:00,2336.65,2348.0,2336.0,2340.58,143.888046
2026-04-23 05:00:00,2340.58,2340.58,2328.0,2336.5,408.437461
2026-04-23 06:00:00,2336.5,2360.0,2333.33,2354.66,1056.836591
2026-04-23 07:00:00,2354.67,2360.06,2335.36,2344.41,1837.822861
2026-04-23 08:00:00,2344.42,2347.5,2335.35,2340.29,647.218229
2026-04-23 09:00:00,2341.4,2347.33,2309.21,2316.86,3619.14552
2026-04-23 10:00:00,2320.85,2322.85,2304.0,2314.54,1315.12008
2026-04-23 11:00:00,2315.04,2332.0,2312.0,2329.23,2301.372456
2026-04-23 12:00:00,2329.63,2340.0,2317.5,2329.03,1462.061704
2026-04-23 13:00:00,2329.1,2349.41,2314.0,2323.74,3114.640357
2026-04-23 14:00:00,2321.76,2334.92,2315.0,2334.27,873.272713
2026-04-23 15:00:00,2334.3,2360.0,2320.06,2333.27,4771.734924
2026-04-23 16:00:00,2333.4,2348.0,2323.36,2326.09,3195.247275
2026-04-23 17:00:00,2326.33,2333.52,2285.85,2310.7,4574.939154
2026-04-23 18:00:00,2310.55,2319.58,2304.96,2305.79,639.093192
2026-04-23 19:00:00,2310.15,2319.58,2300.86,2313.15,1119.159639
2026-04-23 20:00:00,2313.07,2328.93,2311.42,2325.49,814.937155
2026-04-23 21:00:00,2325.4,2329.99,2320.06,2323.07,183.377675
2026-04-23 22:00:00,2322.85,2339.0,2303.35,2331.82,3596.173812
2026-04-23 23:00:00,2331.82,2333.33,2320.64,2330.31,3846.878942
2026-04-24 00:00:00,2330.45,2338.0,2326.35,2332.47,412.689837
2026-04-24 01:00:00,2332.47,2336.49,2309.21,2332.99,2949.301548
2026-04-24 02:00:00,2332.87,2340.0,2306.99,2319.87,3509.086588
2026-04-24 03:00:00,2319.87,2325.0,2300.93,2308.52,1154.49773
2026-04-24 04:00:00,2308.6,2312.0,2297.33,2306.68,651.910351
2026-04-24 05:00:00,2306.29,2316.67,2298.98,2314.95,630.417111
2026-04-24 06:00:00,2314.96,2328.28,2304.0,2309.07,2157.052765
2026-04-24 07:00:00,2309.08,2327.33,2306.99,2311.77,916.751191
2026-04-24 08:00:00,2311.78,2322.85,2292.92,2315.11,2794.525408
2026-04-24 09:00:00,2315.11,2320.0,2297.8,2310.05,1467.014049
2026-04-24 10:00:00,2310.23,2318.96,2305.43,2316.11,587.825087
2026-04-24 11:00:00,2316.11,2332.44,2311.23,2328.23,1302.217207
2026-04-24 12:00:00,2328.23,2352.0,2304.59,2325.33,8182.829838
2026-04-24 13:00:00,2325.37,2330.43,2303.35,2317.7,2695.288182
2026-04-24 14:00:00,2320.76,2320.76,2296.05,2314.83,3888.907104
2026-04-24 15:00:00,2314.83,2329.25,2294.21,2324.0,2000.6552
2026-04-24 16:00:00,2323.89,2333.52,2310.24,2317.02,1099.55874
2026-04-24 17:00:00,2317.09,2323.84,2308.18,2319.66,660.852845
2026-04-24 18:00:00,2319.85,2328.0,2306.39,2319.89,2553.752085
2026-04-24 19:00:00,2319.89,2325.43,2314.47,2321.5,388.089417
2026-04-24 20:00:00,2321.51,2328.35,2311.76,2326.63,593.452811
2026-04-24 21:00:00,2326.38,2328.4,2313.33,2315.6,393.584779
2026-04-24 22:00:00,2315.49,2318.02,2307.62,2312.46,282.243792
2026-04-24 23:00:00,2312.46,2327.88,2300.0,2315.08,1049.483782
2026-04-25 00:00:00,2315.09,2328.0,2298.69,2315.65,2176.474084
2026-04-25 01:00:00,2315.9,2329.99,2311.23,2318.27,1557.452616
2026-04-25 02:00:00,2318.06,2332.68,2309.68,2317.5,1509.178547
2026-04-25 03:00:00,2317.5,2328.93,2302.0,2318.18,3066.419574
2026-04-25 04:00:00,2318.72,2320.0,2292.0,2316.99,2544.456264
2026-04-25 05:00:00,2316.69,2320.0,2303.45,2316.15,872.334403
2026-04-25 06:00:00,2316.18,2318.0,2308.9,2316.85,356.527887
2026-04-25 07:00:00,2316.01,2318.63,2304.19,2316.86,426.089543
2026-04-25 08:00:00,2316.65,2324.0,2309.68,2319.21,418.563892
2026-04-25 09:00:00,2319.65,2327.87,2313.36,2319.12,706.12474
2026-04-25 10:00:00,2318.84,2332.0,2300.0,2320.38,2364.581496
2026-04-25 11:00:00,2320.4,2329.99,2311.3,2313.62,747.566478
2026-04-25 12:00:00,2313.65,2318.95,2302.55,2313.62,508.049057
2026-04-25 13:00:00,2313.69,2317.83,2300.86,2316.45,720.339588
2026-04-25 14:00:00,2316.21,2322.66,2302.95,2315.94,1840.805381
2026-04-25 15:00:00,2315.93,2318.51,2305.8,2308.44,928.058154
2026-04-25 16:00:00,2308.01,2320.0,2300.0,2309.98,1575.090034
2026-04-25 17:00:00,2309.99,2313.51,2303.35,2309.56,159.566265
2026-04-25 18:00:00,2310.3,2314.15,2301.74,2312.39,805.835618
2026-04-25 19:00:00,2311.75,2320.0,2307.45,2310.3,645.775664
2026-04-25 20:00:00,2310.24,2317.63,2306.92,2313.14,549.266292
2026-04-25 21:00:00,2313.37,2318.96,2306.89,2315.99,801.08799
2026-04-25 22:00:00,2316.0,2321.78,2315.24,2317.93,270.306133
2026-04-25 23:00:00,2318.32,2322.85,2312.93,2319.72,267.625307
2026-04-26 00:00:00,2319.72,2319.85,2312.69,2315.64,185.018509
2026-04-26 01:00:00,2315.77,2318.96,2309.68,2314.01,798.45122
2026-04-26 02:00:00,2314.01,2325.57,2304.0,2315.44,961.564754
2026-04-26 03:00:00,2315.17,2325.66,2301.74,2310.3,2790.214712
2026-04-26 04:00:00,2310.01,2319.63,2300.0,2317.9,1083.310397
2026-04-26 05:00:00,2317.71,2335.17,2314.47,2328.01,1496.419162
2026-04-26 06:00:00,2328.02,2337.06,2318.96,2329.96,1046.113502
2026-04-26 07:00:00,2330.0,2337.45,2318.96,2331.15,2605.042179
2026-04-26 08:00:00,2331.15,2337.5,2324.99,2327.33,751.629346
2026-04-26 09:00:00,2332.21,2340.0,2324.72,2334.62,3274.552785
2026-04-26 10:00:00,2334.62,2336.18,2324.72,2332.41,653.56293
2026-04-26 11:00:00,2332.68,2346.68,2320.0,2335.88,3118.734705
2026-04-26 12:00:00,2335.63,2340.0,2324.0,2328.89,752.74513
2026-04-26 13:00:00,2328.94,2335.72,2325.57,2335.19,394.957868
2026-04-26 14:00:00,2335.3,2351.42,2333.44,2346.33,1462.367242
2026-04-26 15:00:00,2346.39,2358.29,2337.06,2347.88,1701.123238
2026-04-26 16:00:00,2348.23,2355.17,2342.85,2342.85,724.485957
2026-04-26 17:00:00,2342.82,2352.0,2339.95,2349.6,1058.957431
2026-04-26 18:00:00,2349.52,2369.24,2343.1,2361.33,1208.215421
2026-04-26 19:00:00,2361.86,2374.63,2357.36,2367.49,1329.54441
2026-04-26 20:00:00,2367.5,2373.25,2361.2,2363.07,348.396733
2026-04-26 21:00:00,2362.84,2368.92,2351.15,2364.77,1168.907124
2026-04-26 22:00:00,2364.46,2377.99,2354.16,2363.05,1912.882626
2026-04-26 23:00:00,2365.0,2378.0,2356.83,2369.01,1755.694736
2026-04-27 00:00:00,2369.36,2397.09,2356.13,2397.09,3204.184602
2026-04-27 01:00:00,2397.09,2403.87,2372.0,2394.76,3329.197734
2026-04-27 02:00:00,2394.78,2419.73,2383.38,2392.9,3533.604333
2026-04-27 03:00:00,2395.73,2421.55,2388.12,2394.7,3349.047944
2026-04-27 04:00:00,2394.62,2395.99,2370.92,2382.87,6938.042814
2026-04-27 05:00:00,2382.97,2384.67,2320.04,2323.97,5609.008531
2026-04-27 06:00:00,2323.3,2336.0,2300.0,2321.86,5572.91032
2026-04-27 07:00:00,2321.01,2324.99,2313.36,2316.7,628.610716
2026-04-27 08:00:00,2316.19,2325.66,2306.89,2320.29,1588.953636
2026-04-27 09:00:00,2320.29,2337.41,2315.12,2322.04,3324.696851
2026-04-27 10:00:00,2322.05,2336.0,2312.4,2320.02,3458.632046
2026-04-27 11:00:00,2320.02,2325.57,2317.01,2320.13,802.405993
2026-04-27 12:00:00,2320.14,2331.81,2312.06,2314.01,3751.929309
2026-04-27 13:00:00,2313.98,2319.58,2303.51,2312.42,1206.324524
2026-04-27 14:00:00,2313.31,2329.41,2303.35,2314.45,3338.459935
2026-04-27 15:00:00,2313.73,2318.3,2267.44,2275.01,5489.394433
2026-04-27 16:00:00,2275.12,2282.42,2253.27,2278.11,6704.653335
2026-04-27 17:00:00,2278.31,2292.5,2278.1,2287.49,2277.258164
2026-04-27 18:00:00,2287.2,2293.79,2277.9,2288.62,1011.742116
2026-04-27 19:00:00,2288.69,2292.0,2276.32,2288.96,4642.960839
2026-04-27 20:00:00,2289.15,2296.82,2289.15,2291.72,507.228869
2026-04-27 21:00:00,2291.72,2294.82,2285.85,2287.51,594.185321
2026-04-27 22:00:00,2287.89,2296.0,2282.75,2294.1,2101.113755
2026-04-27 23:00:00,2295.42,2308.3,2288.57,2303.91,1057.923188
2026-04-28 00:00:00,2303.72,2314.86,2291.98,2306.96,2531.211836
2026-04-28 01:00:00,2306.98,2312.0,2297.43,2298.52,1073.721668
2026-04-28 02:00:00,2299.26,2312.5,2281.69,2289.53,2959.625237
2026-04-28 03:00:00,2290.47,2299.16,2276.72,2291.0,3451.15556
2026-04-28 04:00:00,2290.71,2294.82,2282.75,2288.61,949.058639
2026-04-28 05:00:00,2288.89,2296.82,2285.85,2288.24,499.211131
2026-04-28 06:00:00,2288.04,2294.82,2270.43,2278.04,1303.180011
2026-04-28 07:00:00,2277.79,2288.3,2270.56,2287.85,999.597077
2026-04-28 08:00:00,2288.0,2295.62,2272.34,2286.88,1596.502978
2026-04-28 09:00:00,2287.05,2296.82,2274.07,2281.89,1549.835875
2026-04-28 10:00:00,2282.28,2293.79,2276.0,2284.61,2394.663794
2026-04-28 11:00:00,2284.39,2295.58,2262.87,2275.52,3417.330036
2026-04-28 12:00:00,2275.53,2290.7,2264.65,2278.36,2551.740709
2026-04-28 13:00:00,2278.38,2285.85,2262.47,2277.11,1946.882802
2026-04-28 14:00:00,2276.56,2286.36,2260.0,2273.32,3124.523671
2026-04-28 15:00:00,2273.33,2285.36,2264.65,2279.28,1737.415953
2026-04-28 16:00:00,2279.96,2288.0,2264.82,2286.3,2082.409498
2026-04-28 17:00:00,2286.19,2294.82,2268.75,2290.59,4228.270644
2026-04-28 18:00:00,2290.59,2298.15,2272.5,2298.0,2545.963528
2026-04-28 19:00:00,2297.11,2305.48,2290.38,2301.79,576.127111
2026-04-28 20:00:00,2302.12,2308.18,2294.82,2295.58,578.538155
2026-04-28 21:00:00,2295.48,2297.29,2285.0,2290.22,1149.057741
2026-04-28 22:00:00,2291.31,2294.82,2285.0,2286.15,316.996018
2026-04-28 23:00:00,2286.15,2293.79,2282.75,2289.4,987.230626
2026-04-29 00:00:00,2289.24,2294.06,2282.61,2292.23,674.090495
2026-04-29 01:00:00,2292.43,2296.77,2277.9,2291.93,933.959962
2026-04-29 02:00:00,2292.75,2303.7,2280.0,2287.82,3532.110986
2026-04-29 03:00:00,2288.85,2316.0,2287.37,2308.96,1241.31342
2026-04-29 04:00:00,2311.63,2342.53,2309.44,2327.27,3288.861124
2026-04-29 05:00:00,2327.29,2333.52,2320.0,2328.71,1059.572581
2026-04-29 06:00:00,2328.97,2344.99,2320.68,2320.68,2256.080366
2026-04-29 07:00:00,2324.78,2331.03,2314.08,2324.05,703.897957
2026-04-29 08:00:00,2323.81,2331.03,2316.0,2325.84,714.879245
2026-04-29 09:00:00,2325.52,2346.36,2320.0,2339.82,1825.919288
2026-04-29 10:00:00,2340.35,2350.0,2330.0,2333.64,3270.962255
2026-04-29 11:00:00,2333.45,2336.0,2325.0,2331.82,1120.514916
2026-04-29 12:00:00,2331.7,2335.86,2306.89,2316.43,1702.631785
2026-04-29 13:00:00,2316.43,2318.28,2290.17,2303.0,1994.433906
2026-04-29 14:00:00,2303.14,2312.93,2288.88,2299.73,3693.9876
2026-04-29 15:00:00,2299.49,2302.85,2262.01,2272.42,5077.373846
2026-04-29 16:00:00,2272.43,2280.0,2263.84,2266.04,3616.362222
2026-04-29 17:00:00,2267.82,2282.42,2266.18,2282.42,789.34924
2026-04-29 18:00:00,2277.91,2284.1,2214.33,2239.7,12378.743792
2026-04-29 19:00:00,2239.76,2242.71,2219.17,2233.64,2731.291768
2026-04-29 20:00:00,2233.64,2248.49,2230.23,2240.77,1037.247803
2026-04-29 21:00:00,2240.69,2259.6,2238.99,2253.35,1228.631554
2026-04-29 22:00:00,2253.18,2264.0,2244.16,2257.96,1329.157073
2026-04-29 23:00:00,2257.96,2260.72,2250.58,2253.71,393.226782
2026-04-30 00:00:00,2253.08,2274.76,2240.87,2272.79,2308.251708
2026-04-30 01:00:00,2273.96,2279.27,2266.66,2269.47,1517.148827
2026-04-30 02:00:00,2269.62,2274.02,2236.39,2246.12,2035.725863
2026-04-30 03:00:00,2245.48,2256.97,2238.17,2254.22,3500.493112
2026-04-30 04:00:00,2253.67,2254.55,2230.23,2239.8,2262.625482
2026-04-30 05:00:00,2239.69,2248.51,2232.02,2242.67,627.317893
2026-04-30 06:00:00,2242.92,2254.06,2230.0,2247.92,14729.900059
2026-04-30 07:00:00,2248.03,2275.34,2240.51,2260.2,22024.633194
2026-04-30 08:00:00,2260.69,2269.95,2249.99,2256.94,5234.774221
2026-04-30 09:00:00,2256.65,2276.0,2256.0,2261.95,1373.34156
2026-04-30 10:00:00,2261.98,2268.75,2256.67,2261.9,4101.125992
2026-04-30 11:00:00,2262.45,2272.05,2252.0,2259.25,4637.265778
2026-04-30 12:00:00,2258.3,2276.72,2258.02,2265.7,4729.996056
2026-04-30 13:00:00,2265.45,2272.5,2254.88,2264.16,7598.211091
2026-04-30 14:00:00,2264.17,2270.65,2242.72,2262.57,7851.709777
2026-04-30 15:00:00,2262.22,2276.72,2253.94,2265.82,6550.726277
2026-04-30 16:00:00,2265.84,2270.29,2255.34,2257.23,3994.853639
2026-04-30 17:00:00,2257.04,2262.49,2244.0,2258.55,3457.423961
2026-04-30 18:00:00,2258.04,2264.86,2254.15,2260.0,2663.236076
2026-04-30 19:00:00,2259.81,2267.5,2258.1,2262.25,3076.632774
2026-04-30 20:00:00,2262.23,2268.0,2260.6,2264.49,1344.64336
2026-04-30 21:00:00,2264.26,2264.8,2254.47,2257.07,1197.179437
2026-04-30 22:00:00,2256.29,2261.37,2252.58,2254.09,1314.986407
2026-04-30 23:00:00,2254.55,2259.37,2252.58,2257.84,944.067879
2026-05-01 00:00:00,2257.96,2265.99,2257.82,2259.78,1392.932536
2026-05-01 01:00:00,2260.38,2278.0,2253.6,2275.45,3396.555613
2026-05-01 02:00:00,2269.95,2273.85,2265.0,2267.19,3232.774306
2026-05-01 03:00:00,2267.2,2294.64,2266.0,2282.85,9922.72602
2026-05-01 04:00:00,2282.85,2301.74,2277.9,2280.25,4440.702364
2026-05-01 05:00:00,2280.04,2286.76,2278.37,2283.62,1581.16193
2026-05-01 06:00:00,2283.62,2286.59,2272.5,2277.71,2327.191511
2026-05-01 07:00:00,2277.77,2281.02,2270.73,2279.62,3631.002067
2026-05-01 08:00:00,2279.63,2290.7,2270.29,2286.8,4512.012391
2026-05-01 09:00:00,2286.84,2293.79,2279.99,2282.02,3029.164398
2026-05-01 10:00:00,2282.03,2294.82,2277.26,2281.55,2411.057089
2026-05-01 11:00:00,2282.66,2292.02,2276.0,2286.56,4136.536771
2026-05-01 12:00:00,2286.57,2311.01,2284.04,2301.29,7361.555489
2026-05-01 13:00:00,2301.15,2323.74,2299.89,2317.33,12092.44643
2026-05-01 14:00:00,2317.99,2327.87,2290.8,2308.32,17201.07256
2026-05-01 15:00:00,2307.97,2324.0,2297.05,2308.27,6576.365489
2026-05-01 16:00:00,2308.08,2316.0,2298.3,2302.0,5568.238806
2026-05-01 17:00:00,2301.88,2313.25,2293.33,2312.03,4696.238021
2026-05-01 18:00:00,2312.13,2313.09,2302.0,2304.72,2512.353702
2026-05-01 19:00:00,2304.5,2307.74,2302.15,2302.15,2070.025654
2026-05-01 20:00:00,2304.81,2307.82,2278.95,2284.74,4075.849343
2026-05-01 21:00:00,2284.77,2294.04,2283.41,2292.62,4524.69641
2026-05-01 22:00:00,2292.61,2299.73,2288.79,2293.24,2502.605193
2026-05-01 23:00:00,2293.25,2295.76,2288.79,2295.69,1138.626545
2026-05-02 00:00:00,2295.57,2299.34,2292.94,2297.47,1790.594756
2026-05-02 01:00:00,2297.66,2300.53,2285.85,2297.75,1796.40541
2026-05-02 02:00:00,2298.82,2306.89,2295.36,2303.32,6104.152602
2026-05-02 03:00:00,2303.32,2312.93,2295.0,2304.33,1998.445761
2026-05-02 04:00:00,2304.33,2320.0,2299.49,2301.33,2812.423306
2026-05-02 05:00:00,2301.34,2312.93,2283.9,2299.64,35799.309753
2026-05-02 06:00:00,2299.51,2309.21,2297.26,2305.71,1811.560551
2026-05-02 07:00:00,2305.63,2306.5,2294.82,2300.59,1956.348307
2026-05-02 08:00:00,2300.73,2311.23,2292.32,2303.25,1954.9509
2026-05-02 09:00:00,2303.4,2307.68,2303.39,2305.16,1355.091073
2026-05-02 10:00:00,2305.29,2312.93,2302.55,2303.55,1200.594306
2026-05-02 11:00:00,2303.48,2307.39,2300.33,2301.8,1222.93042
2026-05-02 12:00:00,2302.0,2317.5,2293.79,2303.54,8469.465187
2026-05-02 13:00:00,2303.56,2312.93,2301.74,2307.93,1620.533171
2026-05-02 14:00:00,2308.12,2309.68,2300.86,2306.52,2004.168639
2026-05-02 15:00:00,2306.48,2316.0,2303.35,2309.11,1174.65316
2026-05-02 16:00:00,2309.11,2313.51,2300.86,2309.3,2295.104746
2026-05-02 17:00:00,2309.3,2317.59,2294.82,2305.55,2369.806762
2026-05-02 18:00:00,2306.02,2321.2,2304.42,2310.0,1625.172124
2026-05-02 19:00:00,2310.0,2318.96,2308.92,2311.09,962.518415
2026-05-02 20:00:00,2311.51,2311.84,2309.68,2311.6,415.153577
2026-05-02 21:00:00,2311.61,2342.53,2309.98,2325.56,5374.282458
2026-05-02 22:00:00,2326.02,2328.22,2318.1,2327.52,2895.365795
2026-05-02 23:00:00,2327.18,2328.57,2304.0,2317.42,2651.743937
2026-05-03 00:00:00,2317.17,2325.57,2302.98,2314.21,3363.359127
2026-05-03 01:00:00,2314.22,2314.59,2303.39,2304.2,2407.17617
2026-05-03 02:00:00,2307.05,2307.05,2299.34,2303.46,1654.75646
2026-05-03 03:00:00,2303.49,2304.12,2299.16,2302.26,1216.281438
2026-05-03 04:00:00,2302.27,2310.0,2294.82,2301.68,1617.07098
2026-05-03 05:00:00,2301.67,2304.9,2297.0,2304.08,1163.099197
2026-05-03 06:00:00,2304.34,2312.93,2297.0,2304.7,2106.859113
2026-05-03 07:00:00,2304.42,2314.06,2304.41,2309.26,1600.443775
2026-05-03 08:00:00,2309.48,2320.55,2297.0,2308.19,9799.665827
2026-05-03 09:00:00,2308.41,2321.78,2293.79,2316.61,9205.393376
2026-05-03 10:00:00,2316.66,2318.96,2304.0,2311.44,780.3071
2026-05-03 11:00:00,2311.44,2331.03,2297.8,2319.61,4440.74102
2026-05-03 12:00:00,2319.64,2338.07,2319.64,2325.23,3329.124864
2026-05-03 13:00:00,2325.68,2328.71,2320.49,2321.87,1143.875729
2026-05-03 14:00:00,2321.86,2329.32,2321.42,2328.01,1573.027977
2026-05-03 15:00:00,2327.91,2338.13,2320.0,2328.14,3558.57165
2026-05-03 16:00:00,2328.14,2340.0,2318.96,2328.26,4975.975368
2026-05-03 17:00:00,2328.15,2341.47,2324.42,2331.71,2060.019189
2026-05-03 18:00:00,2331.99,2333.64,2324.91,2330.95,931.097246
2026-05-03 19:00:00,2330.96,2337.7,2326.23,2335.7,1191.947513
2026-05-03 20:00:00,2335.56,2349.41,2328.46,2329.66,3013.062323
2026-05-03 21:00:00,2330.1,2338.13,2316.29,2324.18,3809.473482
2026-05-03 22:00:00,2324.67,2367.24,2319.65,2343.87,8178.90798
2026-05-03 23:00:00,2343.85,2347.56,2316.0,2323.08,4864.230156
2026-05-04 00:00:00,2323.08,2325.66,2308.18,2319.21,3208.401938
2026-05-04 01:00:00,2319.22,2350.73,2312.93,2350.73,4886.28435
2026-05-04 02:00:00,2350.73,2388.04,2344.0,2374.66,12199.142747
2026-05-04 03:00:00,2374.99,2400.0,2360.0,2385.14,10166.259484
2026-05-04 04:00:00,2385.09,2400.5,2373.63,2390.17,10575.723512
2026-05-04 05:00:00,2390.36,2391.37,2375.14,2376.5,3326.73109
2026-05-04 06:00:00,2376.51,2379.48,2354.81,2368.39,8152.278879
2026-05-04 07:00:00,2368.56,2373.87,2362.39,2362.8,2763.841912
2026-05-04 08:00:00,2362.69,2367.5,2357.8,2360.13,3490.830971
2026-05-04 09:00:00,2360.21,2371.45,2358.15,2368.57,2929.281205
2026-05-04 10:00:00,2368.69,2370.35,2314.28,2338.41,8757.893066
2026-05-04 11:00:00,2338.42,2350.0,2332.92,2337.1,3773.977275
2026-05-04 12:00:00,2337.11,2346.66,2331.27,2335.88,2422.408788
2026-05-04 13:00:00,2340.23,2348.18,2325.64,2336.59,4894.795518
2026-05-04 14:00:00,2336.6,2382.89,2328.3,2371.56,7719.03316
2026-05-04 15:00:00,2371.33,2376.0,2336.15,2350.08,8408.999952
2026-05-04 16:00:00,2350.17,2365.3,2337.06,2355.93,6377.518134
2026-05-04 17:00:00,2356.12,2379.3,2353.84,2370.17,1984.83339
2026-05-04 18:00:00,2370.17,2380.19,2357.5,2361.74,1401.303363
2026-05-04 19:00:00,2361.42,2369.41,2348.14,2356.54,2953.778887
2026-05-04 20:00:00,2356.4,2360.42,2347.67,2350.45,1279.492465
2026-05-04 21:00:00,2350.1,2364.54,2348.0,2360.81,1457.290647
2026-05-04 22:00:00,2360.86,2365.67,2353.85,2354.81,1111.114456
2026-05-04 23:00:00,2354.62,2358.62,2344.7,2347.16,1367.420781
2026-05-05 00:00:00,2347.25,2359.09,2343.31,2358.83,1875.713166
2026-05-05 01:00:00,2358.94,2365.3,2349.41,2361.82,2208.751712
2026-05-05 02:00:00,2361.84,2376.66,2360.0,2367.2,3115.668013
2026-05-05 03:00:00,2367.63,2397.41,2364.6,2382.2,4026.152376
2026-05-05 04:00:00,2382.14,2388.12,2365.8,2381.0,5377.564222
2026-05-05 05:00:00,2380.38,2399.94,2372.27,2379.69,3837.030118
2026-05-05 06:00:00,2380.23,2389.14,2367.5,2379.2,4286.269535
2026-05-05 07:00:00,2379.04,2392.15,2376.17,2380.99,1905.976115
2026-05-05 08:00:00,2380.64,2391.37,2372.0,2376.6,3611.84442
2026-05-05 09:00:00,2376.88,2384.0,2365.0,2369.45,2721.606711
2026-05-05 10:00:00,2369.8,2383.28,2364.98,2378.05,3730.77828
2026-05-05 11:00:00,2378.53,2390.0,2372.57,2379.65,2967.430921
2026-05-05 12:00:00,2379.79,2399.11,2376.22,2388.48,3999.163197
2026-05-05 13:00:00,2388.49,2408.33,2383.43,2388.74,6972.45034
2026-05-05 14:00:00,2388.74,2392.52,2369.93,2378.76,4727.850009
2026-05-05 15:00:00,2381.93,2397.09,2366.66,2381.25,4412.510182
2026-05-05 16:00:00,2381.29,2393.42,2360.0,2365.77,4811.761652
2026-05-05 17:00:00,2366.01,2377.5,2357.08,2363.49,2635.330871
2026-05-05 18:00:00,2363.15,2374.77,2363.14,2372.12,4771.861074
2026-05-05 19:00:00,2372.29,2379.31,2367.0,2372.0,1784.065806
2026-05-05 20:00:00,2372.0,2393.88,2371.37,2382.78,5770.466155
2026-05-05 21:00:00,2382.79,2391.37,2369.35,2375.81,1660.164927
2026-05-05 22:00:00,2375.78,2389.14,2355.83,2368.16,2878.433125
2026-05-05 23:00:00,2367.59,2388.06,2340.0,2361.0,24040.796721
2026-05-06 00:00:00,2361.01,2367.35,2355.25,2364.42,1560.993084
2026-05-06 01:00:00,2364.56,2384.75,2362.0,2373.13,3382.367932
2026-05-06 02:00:00,2373.32,2373.82,2360.0,2370.6,2745.546452
2026-05-06 03:00:00,2369.5,2380.61,2356.81,2376.5,3317.97834
2026-05-06 04:00:00,2376.5,2388.0,2357.36,2366.3,14661.479027
2026-05-06 05:00:00,2366.04,2380.0,2355.17,2365.24,1873.899753
2026-05-06 06:00:00,2365.14,2385.34,2361.26,2371.29,4166.610495
2026-05-06 07:00:00,2370.62,2380.34,2368.1,2371.14,1485.045128
2026-05-06 08:00:00,2371.69,2400.0,2369.4,2393.99,4707.845
2026-05-06 09:00:00,2394.2,2426.86,2384.83,2412.5,7971.604273
2026-05-06 10:00:00,2412.25,2420.5,2400.0,2410.17,4421.886709
2026-05-06 11:00:00,2411.11,2433.62,2404.02,2410.54,6719.091049
2026-05-06 12:00:00,2410.55,2413.58,2397.41,2405.06,4326.38994
2026-05-06 13:00:00,2405.25,2409.21,2365.06,2368.93,9320.896646
2026-05-06 14:00:00,2368.71,2379.31,2351.3,2359.76,6741.850822
2026-05-06 15:00:00,2359.75,2382.37,2350.0,2359.59,5582.872666
2026-05-06 16:00:00,2359.12,2381.19,2343.75,2358.1,5086.017746
2026-05-06 17:00:00,2358.24,2370.0,2341.66,2349.91,4193.518182
2026-05-06 18:00:00,2349.91,2360.0,2325.64,2345.6,5511.797702
2026-05-06 19:00:00,2345.17,2367.79,2340.0,2348.95,5579.482743
2026-05-06 20:00:00,2348.96,2365.3,2345.61,2351.23,1810.379913
2026-05-06 21:00:00,2351.25,2366.66,2341.47,2354.35,3682.017599
2026-05-06 22:00:00,2355.0,2355.91,2344.09,2347.71,966.708746
2026-05-06 23:00:00,2347.71,2351.96,2338.79,2351.29,1302.140572
2026-05-07 00:00:00,2351.29,2352.85,2329.91,2330.23,3220.490839
2026-05-07 01:00:00,2330.54,2344.09,2315.41,2327.61,4598.421387
2026-05-07 02:00:00,2327.73,2337.59,2309.68,2322.11,4380.077567
2026-05-07 03:00:00,2322.11,2345.34,2310.57,2321.76,8839.996883
2026-05-07 04:00:00,2322.36,2337.09,2318.18,2327.51,1889.584133
2026-05-07 05:00:00,2327.56,2340.0,2314.47,2331.19,3382.130509
2026-05-07 06:00:00,2331.2,2346.66,2319.96,2337.14,3021.33552
2026-05-07 07:00:00,2337.25,2350.0,2330.65,2344.8,5398.881909
2026-05-07 08:00:00,2344.81,2350.0,2331.03,2333.8,3157.22442
2026-05-07 09:00:00,2334.1,2348.0,2327.64,2329.31,1353.402937
2026-05-07 10:00:00,2329.24,2336.89,2317.63,2327.72,1175.570757
2026-05-07 11:00:00,2327.8,2340.0,2320.0,2330.83,2140.263339
2026-05-07 12:00:00,2330.23,2340.05,2328.0,2333.33,1052.600106
2026-05-07 13:00:00,2333.19,2338.23,2307.03,2314.37,1141.318599
2026-05-07 14:00:00,2314.66,2326.96,2289.63,2299.37,6906.257764
2026-05-07 15:00:00,2299.37,2308.9,2284.77,2294.46,2311.759484
2026-05-07 16:00:00,2294.48,2304.0,2280.0,2291.48,2785.485484
2026-05-07 17:00:00,2292.24,2301.6,2281.09,2301.6,1376.836715
2026-05-07 18:00:00,2300.19,2314.31,2291.33,2296.57,2035.36318
2026-05-07 19:00:00,2296.54,2309.68,2288.79,2296.12,963.902963
2026-05-07 20:00:00,2296.15,2301.74,2286.36,2288.0,1415.052457
2026-05-07 21:00:00,2290.03,2303.07,2281.87,2288.19,995.552168
2026-05-07 22:00:00,2290.74,2294.82,2281.37,2288.08,2360.568841
2026-05-07 23:00:00,2287.48,2293.79,2284.61,2291.52,425.46124
2026-05-08 00:00:00,2292.27,2305.58,2282.42,2287.09,2439.731025
2026-05-08 01:00:00,2287.54,2300.0,2275.13,2285.0,9421.129039
2026-05-08 02:00:00,2285.36,2290.39,2264.65,2278.85,3009.195433
2026-05-08 03:00:00,2279.18,2290.0,2265.71,2278.97,1376.935401
2026-05-08 04:00:00,2278.97,2297.28,2269.95,2281.74,10961.852081
2026-05-08 05:00:00,2281.75,2307.0,2270.73,2276.39,2475.786253
2026-05-08 06:00:00,2276.33,2282.75,2268.0,2274.8,2276.585791
2026-05-08 07:00:00,2275.4,2285.85,2267.1,2281.23,2271.869414
2026-05-08 08:00:00,2281.55,2294.64,2268.01,2283.48,2640.840628
2026-05-08 09:00:00,2283.41,2292.0,2280.0,2284.5,478.872996
2026-05-08 10:00:00,2284.51,2290.8,2271.04,2288.05,1648.580252
2026-05-08 11:00:00,2288.03,2297.14,2284.5,2295.75,448.017235
2026-05-08 12:00:00,2295.51,2300.0,2282.97,2284.88,2642.298775
2026-05-08 13:00:00,2284.89,2288.0,2270.02,2275.51,668.540274
2026-05-08 14:00:00,2276.5,2292.0,2263.7,2285.99,4515.820873
2026-05-08 15:00:00,2285.99,2294.65,2275.17,2293.28,2025.778816
2026-05-08 16:00:00,2293.28,2294.82,2276.72,2290.31,5124.944449
2026-05-08 17:00:00,2290.04,2315.65,2289.43,2304.23,2406.458375
2026-05-08 18:00:00,2305.08,2321.5,2305.08,2313.78,630.231087
2026-05-08 19:00:00,2313.77,2320.58,2312.62,2315.97,246.686455
2026-05-08 20:00:00,2316.32,2317.24,2305.75,2306.81,399.658336
2026-05-08 21:00:00,2307.18,2318.96,2300.0,2313.86,1045.091303
2026-05-08 22:00:00,2314.93,2319.17,2310.97,2311.32,1171.605561
2026-05-08 23:00:00,2311.31,2324.74,2303.46,2307.55,2067.368304
2026-05-09 00:00:00,2307.55,2312.46,2304.51,2308.86,107.749342
2026-05-09 01:00:00,2308.86,2325.0,2301.74,2314.78,1209.927381
2026-05-09 02:00:00,2314.47,2323.52,2312.93,2316.79,700.585809
2026-05-09 03:00:00,2317.16,2329.99,2305.43,2315.62,2065.062169
2026-05-09 04:00:00,2315.38,2340.0,2311.76,2312.67,2148.420199
2026-05-09 05:00:00,2312.8,2318.55,2311.33,2315.04,251.13816
2026-05-09 06:00:00,2314.96,2329.99,2300.93,2314.52,2793.040542
2026-05-09 07:00:00,2314.7,2330.62,2311.28,2314.73,740.629841
2026-05-09 08:00:00,2314.73,2339.0,2314.01,2317.27,2814.791989
2026-05-09 09:00:00,2317.28,2328.83,2305.49,2313.5,24117.344918
2026-05-09 10:00:00,2313.63,2324.99,2310.26,2312.86,1000.755302
2026-05-09 11:00:00,2312.86,2317.14,2310.95,2315.06,10829.393091
2026-05-09 12:00:00,2314.82,2325.57,2309.07,2316.57,1361.072072
2026-05-09 13:00:00,2316.63,2324.99,2311.78,2314.55,821.560766
2026-05-09 14:00:00,2314.56,2324.05,2305.5,2308.0,1914.394551
2026-05-09 15:00:00,2308.51,2318.96,2298.82,2317.5,3158.028313
2026-05-09 16:00:00,2317.5,2327.87,2306.99,2319.48,1550.467209
2026-05-09 17:00:00,2319.71,2340.0,2319.71,2329.53,3789.04648
2026-05-09 18:00:00,2329.54,2354.09,2324.72,2330.76,12352.429056
2026-05-09 19:00:00,2330.1,2340.05,2324.0,2332.12,1576.383349
2026-05-09 20:00:00,2332.05,2332.78,2320.0,2329.17,765.751293
2026-05-09 21:00:00,2329.18,2331.79,2328.6,2330.97,188.245001
2026-05-09 22:00:00,2330.86,2340.0,2320.0,2329.41,1369.732868
2026-05-09 23:00:00,2330.01,2330.98,2324.78,2326.9,273.919458
2026-05-10 00:00:00,2326.43,2331.03,2321.78,2323.11,270.779135
2026-05-10 01:00:00,2323.96,2333.33,2309.21,2323.28,3637.608782
2026-05-10 02:00:00,2323.95,2328.28,2318.96,2327.22,648.813618
2026-05-10 03:00:00,2327.96,2333.34,2323.86,2327.97,727.991477
2026-05-10 04:00:00,2327.93,2332.0,2312.93,2328.56,1624.524587
2026-05-10 05:00:00,2328.43,2333.28,2325.0,2327.46,402.077578
2026-05-10 06:00:00,2327.34,2340.0,2319.75,2329.52,1283.261847
2026-05-10 07:00:00,2329.52,2331.99,2327.51,2327.51,134.741905
2026-05-10 08:00:00,2327.51,2340.0,2326.39,2330.15,611.709306
2026-05-10 09:00:00,2330.15,2338.07,2318.96,2328.39,1237.512085
2026-05-10 10:00:00,2328.38,2339.0,2312.0,2325.26,3002.94296
2026-05-10 11:00:00,2325.36,2331.03,2319.02,2322.2,373.593217
2026-05-10 12:00:00,2322.32,2332.5,2320.76,2323.43,798.267798
2026-05-10 13:00:00,2324.5,2339.2,2314.47,2330.23,3844.660491
2026-05-10 14:00:00,2330.08,2350.0,2317.63,2330.73,11966.652118
2026-05-10 15:00:00,2331.0,2350.0,2325.57,2348.13,1849.3944
2026-05-10 16:00:00,2347.82,2351.02,2340.24,2350.14,2040.458768
2026-05-10 17:00:00,2349.87,2373.63,2338.36,2363.42,4670.792945
2026-05-10 18:00:00,2364.09,2367.28,2356.61,2358.52,269.335578
2026-05-10 19:00:00,2358.52,2373.63,2351.2,2365.9,1534.27102
2026-05-10 20:00:00,2365.81,2373.25,2312.93,2328.72,6439.45777
2026-05-10 21:00:00,2328.73,2336.91,2320.06,2331.72,1545.06697
2026-05-10 22:00:00,2330.73,2377.77,2328.25,2372.74,3564.714699
2026-05-10 23:00:00,2374.42,2385.33,2365.21,2369.61,2986.473693
2026-05-11 00:00:00,2371.4,2379.31,2345.67,2352.99,2007.821333
2026-05-11 01:00:00,2352.85,2365.8,2340.0,2359.01,4642.213552
2026-05-11 02:00:00,2358.81,2362.29,2343.1,2344.86,854.310886
2026-05-11 03:00:00,2347.73,2348.18,2313.33,2330.63,2524.781963
2026-05-11 04:00:00,2330.69,2340.0,2324.99,2333.68,948.406514
2026-05-11 05:00:00,2333.08,2340.49,2332.34,2336.15,451.016568
2026-05-11 06:00:00,2335.35,2348.21,2323.62,2334.24,4021.88585
2026-05-11 07:00:00,2333.76,2341.47,2324.99,2330.9,1026.621631
2026-05-11 08:00:00,2330.86,2341.47,2325.57,2330.63,1273.040886
2026-05-11 09:00:00,2330.6,2340.0,2318.96,2336.18,1837.695292
2026-05-11 10:00:00,2335.99,2349.28,2324.99,2330.04,2175.835374
2026-05-11 11:00:00,2330.0,2342.53,2324.99,2335.4,1129.83109
2026-05-11 12:00:00,2336.11,2346.66,2322.23,2330.36,1712.364258
2026-05-11 13:00:00,2329.63,2338.61,2314.0,2322.7,1904.747031
2026-05-11 14:00:00,2322.7,2331.03,2303.51,2316.45,2390.686076
2026-05-11 15:00:00,2316.57,2345.84,2313.09,2332.77,6009.429558
2026-05-11 16:00:00,2333.49,2349.13,2324.99,2329.94,2452.33086
2026-05-11 17:00:00,2330.0,2342.41,2322.23,2336.88,1463.43914
2026-05-11 18:00:00,2337.78,2345.32,2328.0,2335.1,1130.125468
2026-05-11 19:00:00,2335.85,2343.8,2332.05,2339.85,330.324302
2026-05-11 20:00:00,2340.59,2345.5,2312.93,2337.93,2277.594508
2026-05-11 21:00:00,2337.93,2342.36,2334.91,2340.84,2411.575322
2026-05-11 22:00:00,2341.17,2345.73,2336.95,2341.39,511.26156
2026-05-11 23:00:00,2341.39,2342.09,2333.52,2339.61,186.801342
2026-05-12 00:00:00,2339.89,2349.41,2326.66,2333.39,1634.606272
2026-05-12 01:00:00,2333.54,2336.41,2297.08,2310.51,4467.411039
2026-05-12 02:00:00,2311.25,2326.76,2302.5,2313.36,3198.735466
2026-05-12 03:00:00,2314.46,2314.99,2313.25,2313.25,10.235198
2026-05-12 04:00:00,2314.99,2327.87,2300.29,2321.29,1769.890593
2026-05-12 05:00:00,2321.29,2328.0,2316.91,2323.0,266.810126
2026-05-12 06:00:00,2323.0,2328.0,2309.68,2323.52,533.214835
2026-05-12 07:00:00,2323.52,2329.99,2323.0,2329.41,139.241215
2026-05-12 08:00:00,2329.41,2340.0,2324.29,2331.31,939.92051
2026-05-12 09:00:00,2331.31,2340.0,2287.5,2292.8,2167.299114
2026-05-12 10:00:00,2292.8,2297.8,2282.75,2286.42,1961.735247
2026-05-12 11:00:00,2285.11,2293.79,2279.27,2287.25,1605.858592
2026-05-12 12:00:00,2287.23,2300.0,2277.77,2288.96,3015.11123
2026-05-12 13:00:00,2289.07,2294.82,2269.53,2271.99,10487.177431
2026-05-12 14:00:00,2272.12,2282.75,2262.37,2269.35,3575.321527
2026-05-12 15:00:00,2269.09,2276.72,2257.14,2262.12,2569.946459
2026-05-12 16:00:00,2262.05,2271.57,2256.75,2259.99,4275.718814
2026-05-12 17:00:00,2264.16,2278.37,2264.16,2276.67,1394.516407
2026-05-12 18:00:00,2276.71,2287.17,2264.65,2279.28,3118.105873
2026-05-12 19:00:00,2279.75,2294.82,2271.42,2284.72,1559.761164
2026-05-12 20:00:00,2285.08,2287.76,2281.25,2285.09,76.53569
2026-05-12 21:00:00,2285.39,2287.62,2283.0,2285.34,59.313362
2026-05-12 22:00:00,2286.11,2299.5,2282.24,2282.24,888.699981
2026-05-12 23:00:00,2282.43,2287.5,2273.76,2275.26,445.322124
2026-05-13 00:00:00,2275.05,2288.43,2273.36,2281.55,1578.079653
2026-05-13 01:00:00,2281.59,2297.29,2281.28,2288.63,4728.785429
2026-05-13 02:00:00,2290.1,2304.69,2285.85,2293.67,1535.620831
2026-05-13 03:00:00,2297.8,2303.55,2287.17,2300.92,3848.653944
2026-05-13 04:00:00,2301.79,2308.18,2289.07,2306.41,1258.557783
2026-05-13 05:00:00,2307.03,2307.56,2295.89,2297.25,282.544284
2026-05-13 06:00:00,2297.82,2305.17,2297.57,2301.4,297.416856
2026-05-13 07:00:00,2301.84,2312.0,2294.82,2301.39,1477.776762
2026-05-13 08:00:00,2301.44,2316.91,2300.88,2316.91,620.728724
2026-05-13 09:00:00,2316.93,2329.99,2314.8,2320.97,1409.569885
2026-05-13 10:00:00,2321.09,2322.78,2300.0,2300.86,2346.338954
2026-05-13 11:00:00,2305.51,2308.82,2298.78,2301.87,577.918138
2026-05-13 12:00:00,2301.92,2307.51,2270.68,2284.46,2907.690101
2026-05-13 13:00:00,2284.88,2288.63,2259.06,2262.49,1718.602552
2026-05-13 14:00:00,2263.56,2270.68,2251.56,2267.85,1850.366842
2026-05-13 15:00:00,2267.81,2270.33,2234.58,2237.56,2597.807748
2026-05-13 16:00:00,2236.92,2253.55,2234.48,2250.7,2083.575617
2026-05-13 17:00:00,2251.11,2262.01,2243.1,2258.79,1864.757899
2026-05-13 18:00:00,2258.66,2269.0,2246.55,2259.55,3457.620407
2026-05-13 19:00:00,2259.7,2260.89,2251.15,2256.58,1365.612402
2026-05-13 20:00:00,2256.67,2264.65,2256.09,2263.77,3218.048079
2026-05-13 21:00:00,2264.08,2264.34,2254.06,2255.84,3135.62717
2026-05-13 22:00:00,2256.03,2260.47,2249.99,2258.97,4909.98076
2026-05-13 23:00:00,2259.28,2261.76,2252.58,2258.59,151.724168
2026-05-14 00:00:00,2258.79,2269.56,2253.18,2267.22,3086.860562
2026-05-14 01:00:00,2268.33,2269.95,2253.6,2264.86,1024.262136
2026-05-14 02:00:00,2264.86,2268.91,2259.38,2263.2,376.388928
2026-05-14 03:00:00,2263.2,2270.68,2254.06,2265.46,605.251466
2026-05-14 04:00:00,2265.46,2275.0,2264.8,2273.31,901.968296
2026-05-14 05:00:00,2275.01,2277.1,2265.09,2270.91,300.552088
2026-05-14 06:00:00,2275.99,2280.0,2268.0,2280.0,1022.062448
2026-05-14 07:00:00,2280.0,2292.0,2264.8,2286.34,5283.022562
2026-05-14 08:00:00,2286.34,2293.79,2266.43,2266.43,3637.408509
2026-05-14 09:00:00,2270.0,2270.29,2248.0,2258.01,2785.399
2026-05-14 10:00:00,2258.59,2267.21,2254.06,2262.12,2079.22659
2026-05-14 11:00:00,2262.22,2264.22,2252.58,2254.23,1894.305723
2026-05-14 12:00:00,2254.01,2269.0,2240.0,2261.44,4880.667232
2026-05-14 13:00:00,2261.59,2293.75,2227.0,2250.15,179131.912662
2026-05-14 14:00:00,2254.8,2291.85,2243.27,2286.85,41694.138673
2026-05-14 15:00:00,2287.13,2300.0,2277.9,2298.4,37796.435514
2026-05-14 16:00:00,2298.47,2320.0,2293.98,2316.58,22458.15366
2026-05-14 17:00:00,2316.89,2319.99,2296.39,2308.06,13420.281427
2026-05-14 18:00:00,2312.99,2317.02,2300.86,2309.54,8248.860281
2026-05-14 19:00:00,2309.48,2312.47,2297.5,2298.64,5758.17693
2026-05-14 20:00:00,2298.4,2302.94,2288.5,2297.68,4278.20738
2026-05-14 21:00:00,2298.07,2301.74,2275.0,2296.96,12401.680651
2026-05-14 22:00:00,2296.96,2301.07,2292.65,2298.13,8814.19561
2026-05-14 23:00:00,2298.13,2304.14,2280.33,2283.59,11746.290798
2026-05-15 00:00:00,2283.56,2300.3,2272.38,2291.42,11442.697161
2026-05-15 01:00:00,2291.24,2296.82,2275.0,2275.7,13806.616066
2026-05-15 02:00:00,2275.7,2280.07,2260.55,2276.99,15001.625877
2026-05-15 03:00:00,2276.92,2286.36,2268.46,2273.72,5746.133342
2026-05-15 04:00:00,2273.53,2280.0,2257.21,2262.91,7040.077373
2026-05-15 05:00:00,2263.29,2277.9,2240.84,2245.6,10886.176081
2026-05-15 06:00:00,2245.25,2263.33,2237.7,2255.38,3699.185677
2026-05-15 07:00:00,2255.38,2270.97,2253.83,2265.15,3434.723706
2026-05-15 08:00:00,2265.15,2265.23,2258.86,2258.86,275.837475
2026-05-15 09:00:00,2258.86,2263.79,2251.33,2254.58,2374.21284
2026-05-15 10:00:00,2254.62,2265.1,2244.0,2262.24,4113.175073
2026-05-15 11:00:00,2262.26,2273.07,2253.94,2257.46,2516.999822
2026-05-15 12:00:00,2257.46,2264.65,2251.22,2253.69,2024.241749
2026-05-15 13:00:00,2257.13,2257.25,2206.03,2213.39,19317.392777
2026-05-15 14:00:00,2213.54,2232.0,2192.31,2214.03,18791.013847
2026-05-15 15:00:00,2213.44,2226.66,2206.0,2222.78,3691.455938
2026-05-15 16:00:00,2222.78,2230.6,2218.93,2224.75,2562.568606
2026-05-15 17:00:00,2224.64,2245.0,2220.0,2229.51,29628.821701
2026-05-15 18:00:00,2229.53,2240.51,2224.0,2228.44,3805.475155
2026-05-15 19:00:00,2228.22,2231.42,2222.22,2223.26,1448.119701
2026-05-15 20:00:00,2223.23,2228.44,2217.15,2220.19,1948.370433
2026-05-15 21:00:00,2219.99,2225.52,2215.64,2216.02,468.552017
2026-05-15 22:00:00,2217.03,2224.29,2216.37,2223.86,655.917894
2026-05-15 23:00:00,2223.98,2251.09,2201.0,2224.25,40030.977957
2026-05-16 00:00:00,2224.64,2234.48,2220.0,2226.54,1314.322357
2026-05-16 01:00:00,2226.98,2230.52,2222.41,2229.57,4105.700912
2026-05-16 02:00:00,2229.54,2231.48,2226.99,2229.97,866.641645
2026-05-16 03:00:00,2229.79,2234.0,2226.8,2227.75,1743.504686
2026-05-16 04:00:00,2231.0,2235.0,2208.0,2226.05,3096.23093
2026-05-16 05:00:00,2225.81,2236.06,2215.82,2225.38,3222.303009
2026-05-16 06:00:00,2225.38,2232.32,2210.26,2215.52,5342.696818
2026-05-16 07:00:00,2215.56,2215.65,2175.0,2195.23,7452.273052
2026-05-16 08:00:00,2194.86,2204.31,2182.25,2193.7,2020.184218
2026-05-16 09:00:00,2193.16,2197.5,2150.98,2173.76,10268.400166
2026-05-16 10:00:00,2173.59,2180.0,2158.71,2174.03,7607.325873
2026-05-16 11:00:00,2174.09,2192.98,2167.14,2176.26,8397.758797
2026-05-16 12:00:00,2176.27,2192.77,2155.45,2176.43,26827.151148
2026-05-16 13:00:00,2176.43,2184.0,2166.18,2176.88,2321.471337
2026-05-16 14:00:00,2177.28,2193.33,2165.0,2180.0,4503.900927
2026-05-16 15:00:00,2180.04,2190.5,2169.46,2180.39,1680.283961
2026-05-16 16:00:00,2180.14,2192.23,2169.15,2173.84,6647.660737
2026-05-16 17:00:00,2174.81,2187.5,2167.14,2179.3,1949.528884
2026-05-16 18:00:00,2178.86,2184.31,2176.29,2181.44,568.808464
2026-05-16 19:00:00,2181.44,2187.12,2172.0,2179.73,1045.121426
2026-05-16 20:00:00,2179.73,2194.8,2168.1,2181.75,3139.462694
2026-05-16 21:00:00,2181.26,2186.2,2180.98,2182.53,681.08238
2026-05-16 22:00:00,2182.7,2187.34,2171.42,2180.28,6127.997008
2026-05-16 23:00:00,2180.24,2184.1,2179.17,2180.49,390.973334
2026-05-17 00:00:00,2180.75,2185.65,2174.13,2177.44,1164.333848
2026-05-17 01:00:00,2177.66,2183.55,2166.66,2169.75,2692.564717
2026-05-17 02:00:00,2169.31,2181.55,2165.0,2174.03,5153.958052
2026-05-17 03:00:00,2174.3,2190.0,2163.47,2181.52,4457.30736
2026-05-17 04:00:00,2181.52,2191.78,2181.16,2187.45,1657.326924
2026-05-17 05:00:00,2187.36,2194.57,2180.17,2185.7,1807.860903
2026-05-17 06:00:00,2185.84,2200.07,2181.25,2184.86,3763.104171
2026-05-17 07:00:00,2185.13,2199.99,2177.27,2186.71,2235.634531
2026-05-17 08:00:00,2186.56,2192.24,2182.91,2186.2,683.772045
2026-05-17 09:00:00,2186.12,2192.24,2183.68,2190.52,748.068285
2026-05-17 10:00:00,2190.14,2198.27,2165.44,2193.8,5994.149931
2026-05-17 11:00:00,2194.28,2198.44,2166.66,2192.17,4109.293741
2026-05-17 12:00:00,2192.17,2198.21,2186.2,2194.54,881.375708
2026-05-17 13:00:00,2194.54,2209.13,2182.55,2192.05,32625.769065
2026-05-17 14:00:00,2192.05,2198.45,2177.71,2186.61,3442.3988
2026-05-17 15:00:00,2186.62,2199.09,2172.0,2186.35,3165.265483
2026-05-17 16:00:00,2186.29,2188.82,2159.82,2182.69,7531.710317
2026-05-17 17:00:00,2182.69,2200.0,2176.81,2183.73,3767.89601
2026-05-17 18:00:00,2183.91,2200.0,2174.61,2188.3,1979.8696
2026-05-17 19:00:00,2188.55,2193.62,2187.54,2192.77,637.120804
2026-05-17 20:00:00,2192.41,2195.0,2186.72,2189.75,682.167252
2026-05-17 21:00:00,2191.53,2194.92,2174.64,2191.98,1787.482434
2026-05-17 22:00:00,2193.5,2196.5,2174.6,2179.69,3269.009359
2026-05-17 23:00:00,2179.7,2185.63,2073.01,2131.0,38475.339465
2026-05-18 00:00:00,2130.75,2135.45,2105.5,2115.57,76949.173252
2026-05-18 01:00:00,2115.58,2121.53,2100.0,2117.62,5942.272059
2026-05-18 02:00:00,2117.72,2130.2,2101.0,2116.64,5301.109806
2026-05-18 03:00:00,2116.73,2130.66,2100.0,2119.21,4316.889297
2026-05-18 04:00:00,2118.6,2125.55,2105.9,2124.79,2506.990265
2026-05-18 05:00:00,2125.09,2133.63,2110.0,2118.37,7149.298564
2026-05-18 06:00:00,2118.46,2122.17,2081.0,2118.87,17704.727304
2026-05-18 07:00:00,2119.82,2124.0,2103.09,2120.91,9721.47696
2026-05-18 08:00:00,2120.92,2126.93,2116.22,2121.31,1701.42146
2026-05-18 09:00:00,2121.32,2122.17,2115.0,2116.71,2717.381089
2026-05-18 10:00:00,2116.87,2124.71,2100.0,2114.31,3425.567992
2026-05-18 11:00:00,2114.73,2142.85,2110.5,2133.98,3920.019036
2026-05-18 12:00:00,2133.99,2159.42,2133.99,2151.05,12160.26139
2026-05-18 13:00:00,2151.44,2167.94,2080.0,2130.74,230251.477096
2026-05-18 14:00:00,2130.74,2134.19,2099.9,2109.49,8256.644441
2026-05-18 15:00:00,2110.74,2113.51,2082.5,2106.66,9294.345361
2026-05-18 16:00:00,2107.94,2111.81,2081.96,2097.61,3917.685365
2026-05-18 17:00:00,2097.8,2113.79,2089.65,2108.35,1806.293509
2026-05-18 18:00:00,2108.03,2112.64,2068.38,2081.63,11835.250407
2026-05-18 19:00:00,2081.51,2128.49,2079.5,2124.75,33683.776942
2026-05-18 20:00:00,2124.82,2130.66,2115.19,2117.53,591.4891
2026-05-18 21:00:00,2117.53,2148.0,2114.28,2137.22,1837.855086
2026-05-18 22:00:00,2137.34,2150.77,2126.93,2136.03,2170.285952
2026-05-18 23:00:00,2135.82,2145.06,2125.0,2130.1,24907.96384
2026-05-19 00:00:00,2130.09,2147.87,2116.81,2136.02,98433.383495
2026-05-19 01:00:00,2136.02,2140.36,2123.71,2124.93,2378.227932
2026-05-19 02:00:00,2124.92,2136.76,2119.46,2123.21,2373.608641
2026-05-19 03:00:00,2123.29,2140.82,2122.1,2131.74,1732.081683
2026-05-19 04:00:00,2131.81,2145.93,2124.54,2134.04,8254.558336
2026-05-19 05:00:00,2134.0,2147.23,2109.51,2135.34,9456.804442
2026-05-19 06:00:00,2135.34,2165.89,2108.97,2137.35,16162.133945
2026-05-19 07:00:00,2137.44,2150.25,2120.57,2141.07,3644.056146
2026-05-19 08:00:00,2140.89,2143.96,2124.0,2133.46,1988.938891
2026-05-19 09:00:00,2133.41,2138.88,2111.8,2114.4,1544.951199
2026-05-19 10:00:00,2114.36,2124.47,2107.38,2118.67,1948.04613
2026-05-19 11:00:00,2118.73,2129.94,2101.72,2110.72,3116.226474
2026-05-19 12:00:00,2110.72,2130.53,2106.97,2118.27,2899.466312
2026-05-19 13:00:00,2118.69,2127.07,2107.75,2119.04,2228.917376
2026-05-19 14:00:00,2118.9,2123.56,2095.12,2106.85,4490.93468
2026-05-19 15:00:00,2106.62,2113.33,2104.08,2109.22,1276.960712
2026-05-19 16:00:00,2110.32,2124.0,2106.88,2121.24,2478.945752
2026-05-19 17:00:00,2121.02,2135.0,2100.0,2116.11,9653.54433
2026-05-19 18:00:00,2116.09,2119.62,2107.75,2115.2,626.054198
2026-05-19 19:00:00,2115.23,2126.93,2100.0,2113.3,2215.703814
2026-05-19 20:00:00,2113.31,2119.0,2111.62,2118.63,753.742508
2026-05-19 21:00:00,2118.31,2123.65,2111.04,2116.69,442.505346
2026-05-19 22:00:00,2120.56,2120.56,2102.68,2106.31,1215.39487
2026-05-19 23:00:00,2106.33,2118.56,2104.75,2111.76,804.422381
2026-05-20 00:00:00,2112.04,2123.14,2101.72,2110.71,1974.445781
2026-05-20 01:00:00,2110.98,2118.15,2103.36,2115.51,1847.223735
2026-05-20 02:00:00,2115.5,2123.91,2100.0,2109.2,2501.595402
2026-05-20 03:00:00,2109.23,2124.0,2106.23,2111.66,1261.562034
2026-05-20 04:00:00,2111.54,2119.82,2107.13,2113.54,676.470939
2026-05-20 05:00:00,2113.55,2131.89,2113.55,2125.73,1768.472208
2026-05-20 06:00:00,2125.74,2147.24,2123.44,2133.94,4453.205454
2026-05-20 07:00:00,2133.96,2136.33,2120.0,2129.57,1224.246616
2026-05-20 08:00:00,2129.6,2143.92,2120.0,2131.6,4693.076644
2026-05-20 09:00:00,2131.7,2133.82,2122.17,2129.31,973.232415
2026-05-20 10:00:00,2129.35,2140.0,2124.0,2130.67,1051.265992
2026-05-20 11:00:00,2130.58,2137.93,2124.36,2128.33,598.494003
2026-05-20 12:00:00,2128.12,2147.07,2126.93,2133.95,1375.522836
2026-05-20 13:00:00,2134.01,2148.0,2107.99,2120.46,6220.104596
2026-05-20 14:00:00,2121.12,2148.63,2108.72,2136.38,10104.301892
2026-05-20 15:00:00,2138.18,2148.26,2120.0,2136.74,4955.583603
2026-05-20 16:00:00,2136.78,2146.15,2124.0,2135.71,2658.788213
2026-05-20 17:00:00,2135.48,2148.98,2127.5,2140.78,1651.323229
2026-05-20 18:00:00,2140.6,2142.82,2128.44,2132.02,1632.323668
2026-05-20 19:00:00,2132.22,2145.04,2124.0,2139.07,1278.34539
2026-05-20 20:00:00,2139.4,2143.96,2127.29,2136.2,871.936636
2026-05-20 21:00:00,2136.17,2143.56,2126.66,2130.46,9915.581741
2026-05-20 22:00:00,2130.68,2135.06,2118.44,2128.3,9840.121252
2026-05-20 23:00:00,2128.45,2130.31,2122.17,2129.36,369.722314
2026-05-21 00:00:00,2129.58,2149.99,2117.0,2142.98,13669.657485
2026-05-21 01:00:00,2143.0,2156.27,2139.09,2140.96,1309.237328
2026-05-21 02:00:00,2144.23,2152.5,2134.88,2141.57,969.205312
2026-05-21 03:00:00,2141.85,2154.85,2134.88,2146.0,921.862555
2026-05-21 04:00:00,2145.86,2150.77,2137.32,2145.27,759.92514
2026-05-21 05:00:00,2145.01,2148.33,2133.63,2136.32,687.271621
2026-05-21 06:00:00,2136.5,2142.82,2126.93,2128.38,2276.977434
2026-05-21 07:00:00,2128.76,2137.93,2120.0,2135.98,2339.951567
2026-05-21 08:00:00,2135.25,2149.54,2131.89,2138.36,1702.443345
2026-05-21 09:00:00,2138.04,2142.72,2125.86,2127.98,3205.688799
2026-05-21 10:00:00,2128.1,2132.42,2101.72,2113.9,3984.994185
2026-05-21 11:00:00,2114.28,2125.33,2100.0,2115.17,2784.678261
2026-05-21 12:00:00,2115.1,2123.91,2101.72,2117.34,2403.063626
2026-05-21 13:00:00,2117.03,2124.31,2105.58,2120.7,2780.990731
2026-05-21 14:00:00,2120.5,2126.93,2110.5,2122.12,2223.035254
2026-05-21 15:00:00,2121.86,2140.0,2117.14,2132.53,3601.16188
2026-05-21 16:00:00,2132.6,2145.57,2119.07,2127.85,2956.17748
2026-05-21 17:00:00,2128.04,2153.58,2114.85,2146.51,3146.196095
2026-05-21 18:00:00,2146.76,2148.14,2116.0,2127.02,1905.075794
2026-05-21 19:00:00,2126.96,2145.36,2126.55,2142.46,1220.889233
2026-05-21 20:00:00,2142.91,2145.42,2137.03,2138.73,477.768757
2026-05-21 21:00:00,2138.63,2142.72,2125.86,2135.55,1266.000128
2026-05-21 22:00:00,2135.57,2137.32,2128.0,2131.6,702.926408
2026-05-21 23:00:00,2131.88,2136.99,2126.93,2133.8,369.465079
2026-05-22 00:00:00,2133.93,2143.96,2119.82,2129.38,1911.387678
2026-05-22 01:00:00,2129.24,2144.0,2120.0,2135.54,1981.981264
2026-05-22 02:00:00,2135.9,2147.89,2123.91,2137.7,2855.272879
2026-05-22 03:00:00,2137.82,2141.48,2131.89,2137.93,537.88332
2026-05-22 04:00:00,2137.94,2144.17,2132.73,2134.01,530.155417
2026-05-22 05:00:00,2134.01,2136.1,2126.93,2127.29,477.740115
2026-05-22 06:00:00,2129.5,2134.88,2124.16,2125.9,1605.192795
2026-05-22 07:00:00,2125.88,2140.75,2114.0,2128.74,2376.395212
2026-05-22 08:00:00,2128.91,2144.0,2120.0,2122.34,2874.276826
2026-05-22 09:00:00,2122.53,2125.69,2113.79,2124.17,1101.878726
2026-05-22 10:00:00,2124.09,2125.74,2120.56,2123.22,301.53388
2026-05-22 11:00:00,2123.41,2131.89,2115.0,2130.87,1121.782666
2026-05-22 12:00:00,2130.9,2137.93,2114.45,2134.61,1590.449219
2026-05-22 13:00:00,2134.78,2138.32,2123.75,2129.67,1039.803547
2026-05-22 14:00:00,2130.73,2144.23,2112.82,2116.81,2883.757588
2026-05-22 15:00:00,2116.94,2139.48,2103.09,2119.68,4150.138452
2026-05-22 16:00:00,2119.61,2125.86,2117.55,2122.83,957.652269
2026-05-22 17:00:00,2123.19,2134.88,2114.0,2119.66,2173.356959
2026-05-22 18:00:00,2119.77,2133.19,2056.84,2100.01,278322.099872
2026-05-22 19:00:00,2100.14,2103.25,2047.5,2065.29,8064.320801
2026-05-22 20:00:00,2065.76,2079.24,2053.44,2073.27,3081.162177
2026-05-22 21:00:00,2073.36,2079.7,2071.55,2078.17,534.659383
2026-05-22 22:00:00,2078.4,2079.7,2065.51,2072.6,3565.805065
2026-05-22 23:00:00,2072.7,2080.0,2053.84,2065.92,2072.653878
2026-05-23 00:00:00,2066.0,2070.61,2054.37,2064.77,1653.558504
2026-05-23 01:00:00,2064.63,2075.0,2052.6,2069.02,1480.52604
2026-05-23 02:00:00,2068.99,2077.57,2056.22,2068.52,9181.046507
2026-05-23 03:00:00,2069.8,2079.26,2063.99,2070.98,1902.036086
2026-05-23 04:00:00,2070.92,2080.0,2055.42,2067.24,3272.28418
2026-05-23 05:00:00,2067.35,2077.58,2054.62,2064.98,1630.322668
2026-05-23 06:00:00,2065.0,2065.93,2056.57,2062.07,450.823302
2026-05-23 07:00:00,2061.96,2090.7,1994.65,2028.85,35873.341582
2026-05-23 08:00:00,2028.8,2040.0,2015.69,2030.47,6305.45913
2026-05-23 09:00:00,2030.56,2044.0,2027.06,2027.4,1416.34294
2026-05-23 10:00:00,2027.41,2063.02,2015.0,2031.54,95782.311681
2026-05-23 11:00:00,2031.55,2036.24,2026.66,2032.11,1125.326458
2026-05-23 12:00:00,2031.5,2040.0,2023.18,2030.48,1631.246374
2026-05-23 13:00:00,2030.98,2046.36,2030.98,2044.48,1450.082457
2026-05-23 14:00:00,2044.85,2064.87,2036.54,2061.59,6370.504485
2026-05-23 15:00:00,2061.44,2071.31,2049.99,2060.22,2881.965125
2026-05-23 16:00:00,2060.23,2066.0,2055.42,2061.61,3229.863628
2026-05-23 17:00:00,2061.52,2066.0,2055.0,2063.82,1054.493629
2026-05-23 18:00:00,2064.01,2082.49,2063.68,2074.25,1722.413976
2026-05-23 19:00:00,2073.95,2090.9,2059.48,2076.93,3787.088909
2026-05-23 20:00:00,2077.46,2156.55,2069.47,2146.85,26868.459067
2026-05-23 21:00:00,2146.4,2156.03,2107.75,2116.87,7897.354085
2026-05-23 22:00:00,2116.73,2129.0,2100.0,2116.79,7307.318556
2026-05-23 23:00:00,2116.72,2126.57,2114.31,2117.83,796.19072
2026-05-24 00:00:00,2117.94,2121.37,2113.09,2118.95,615.214003
2026-05-24 01:00:00,2119.37,2125.0,2117.97,2122.45,687.007537
2026-05-24 02:00:00,2122.46,2126.93,2100.0,2122.53,12379.496068
2026-05-24 03:00:00,2122.54,2133.33,2096.36,2119.82,5898.295968
2026-05-24 04:00:00,2118.76,2137.5,2110.0,2120.36,1858.218982
2026-05-24 05:00:00,2120.33,2133.63,2103.68,2119.99,4539.776691
2026-05-24 06:00:00,2119.98,2140.0,2111.04,2128.07,4635.406092
2026-05-24 07:00:00,2128.21,2142.49,2102.77,2120.47,4761.690492
2026-05-24 08:00:00,2120.91,2130.05,2115.41,2120.44,745.544888
2026-05-24 09:00:00,2120.42,2125.33,2117.11,2123.29,218.248681
2026-05-24 10:00:00,2123.5,2138.65,2118.99,2122.01,2216.462805
2026-05-24 11:00:00,2122.32,2128.0,2119.82,2126.02,1025.879824
2026-05-24 12:00:00,2126.07,2130.28,2109.51,2120.0,36056.497954
2026-05-24 13:00:00,2120.0,2130.25,2105.83,2110.12,5523.573756
2026-05-24 14:00:00,2110.25,2120.0,2080.74,2098.46,5633.015034
2026-05-24 15:00:00,2098.34,2100.27,2083.62,2095.97,2243.277962
2026-05-24 16:00:00,2095.97,2113.79,2087.2,2103.72,2928.39517
2026-05-24 17:00:00,2103.73,2119.64,2089.65,2102.6,6366.745962
2026-05-24 18:00:00,2103.02,2115.22,2097.95,2099.89,1076.637561
2026-05-24 19:00:00,2099.99,2114.45,2095.15,2100.9,3996.324064
2026-05-24 20:00:00,2101.04,2103.45,2091.71,2093.01,648.943292
2026-05-24 21:00:00,2093.14,2100.0,2063.36,2070.81,1834.202357
2026-05-24 22:00:00,2070.82,2099.55,2070.82,2092.35,2384.750836
2026-05-24 23:00:00,2092.55,2119.19,2080.69,2099.89,4525.988313
2026-05-25 00:00:00,2099.9,2111.04,2094.09,2104.98,1321.498503
2026-05-25 01:00:00,2104.68,2115.1,2093.47,2094.09,1981.671319
2026-05-25 02:00:00,2094.36,2114.44,2087.2,2098.37,3790.074785
2026-05-25 03:00:00,2098.29,2107.75,2089.65,2095.66,2845.39116
2026-05-25 04:00:00,2095.6,2108.23,2088.24,2105.95,3370.179316
2026-05-25 05:00:00,2106.04,2115.0,2100.0,2108.05,1448.974124
2026-05-25 06:00:00,2108.32,2119.82,2095.68,2109.26,10053.43097
2026-05-25 07:00:00,2109.53,2132.05,2101.72,2116.13,6362.313727
2026-05-25 08:00:00,2116.31,2128.94,2100.0,2116.78,7897.321532
2026-05-25 09:00:00,2116.74,2134.61,2111.04,2116.94,5570.962423
2026-05-25 10:00:00,2116.85,2128.26,2101.72,2117.06,4164.489004
2026-05-25 11:00:00,2117.06,2130.66,2113.79,2114.99,1535.569244
2026-05-25 12:00:00,2114.83,2130.0,2111.04,2117.33,1642.324059
2026-05-25 13:00:00,2117.25,2127.14,2112.0,2116.4,2462.405837
2026-05-25 14:00:00,2116.41,2140.42,2115.0,2128.25,6399.094934
2026-05-25 15:00:00,2128.52,2145.5,2116.91,2126.94,12872.672261
2026-05-25 16:00:00,2126.9,2151.42,2119.8,2136.63,6235.15159
2026-05-25 17:00:00,2136.53,2149.33,2128.39,2128.64,2457.215992
2026-05-25 18:00:00,2128.74,2145.26,2123.44,2127.0,2493.88278
2026-05-25 19:00:00,2127.12,2127.77,2111.81,2121.83,1880.054419
2026-05-25 20:00:00,2121.49,2126.93,2107.69,2108.72,1791.861202
2026-05-25 21:00:00,2108.81,2125.0,2108.43,2111.06,1389.578435
2026-05-25 22:00:00,2110.97,2115.63,2102.76,2103.79,686.170377
2026-05-25 23:00:00,2103.58,2121.7,2102.0,2112.91,1990.355237
2026-05-26 00:00:00,2112.92,2114.26,2085.1,2097.69,3383.971705
2026-05-26 01:00:00,2097.7,2103.09,2088.0,2095.21,1572.838777
2026-05-26 02:00:00,2094.3,2105.6,2082.25,2088.84,6469.155774
2026-05-26 03:00:00,2088.88,2100.0,2079.84,2093.37,2424.031478
2026-05-26 04:00:00,2093.37,2097.73,2087.2,2093.76,936.1781
2026-05-26 05:00:00,2093.7,2103.79,2089.65,2100.97,5601.039428
2026-05-26 06:00:00,2100.88,2111.81,2091.71,2101.6,1550.938133
2026-05-26 07:00:00,2101.86,2105.85,2088.85,2095.84,961.767827
2026-05-26 08:00:00,2095.4,2106.88,2084.0,2097.48,2050.309801
2026-05-26 09:00:00,2097.25,2100.0,2090.0,2097.06,486.383449
2026-05-26 10:00:00,2096.84,2148.0,2077.99,2127.38,12594.724854
2026-05-26 11:00:00,2127.6,2136.0,2117.06,2121.0,1768.864246
2026-05-26 12:00:00,2120.85,2129.92,2111.42,2126.58,1576.502909
2026-05-26 13:00:00,2126.72,2131.89,2109.79,2124.96,3082.641167
2026-05-26 14:00:00,2125.13,2149.54,2106.66,2109.5,10559.13952
2026-05-26 15:00:00,2109.51,2120.0,2078.84,2088.1,8415.51076
2026-05-26 16:00:00,2087.61,2090.13,2070.85,2079.76,4079.960732
2026-05-26 17:00:00,2079.77,2086.48,2056.31,2071.38,2965.349081
2026-05-26 18:00:00,2070.79,2080.66,2061.69,2068.88,1583.945052
2026-05-26 19:00:00,2068.97,2080.69,2065.51,2074.26,1759.312162
2026-05-26 20:00:00,2074.49,2085.66,2065.51,2078.6,2550.520332
2026-05-26 21:00:00,2078.41,2079.84,2060.76,2073.09,2171.685496
2026-05-26 22:00:00,2073.09,2076.68,2065.51,2068.83,658.590627
2026-05-26 23:00:00,2068.85,2077.58,2062.5,2073.75,1039.654154
2026-05-27 00:00:00,2073.86,2084.39,2063.36,2083.42,1971.942678
2026-05-27 01:00:00,2083.47,2084.4,2071.76,2074.48,744.243281
2026-05-27 02:00:00,2074.55,2076.64,2069.09,2076.05,949.715915
2026-05-27 03:00:00,2076.05,2086.52,2066.66,2069.98,2373.517006
2026-05-27 04:00:00,2069.81,2076.0,2057.27,2072.4,2274.983977
2026-05-27 05:00:00,2072.21,2087.2,2065.75,2077.89,1747.295769
2026-05-27 06:00:00,2077.45,2081.65,2065.95,2079.79,1454.940293
2026-05-27 07:00:00,2079.8,2091.71,2070.0,2083.89,2772.887798
2026-05-27 08:00:00,2083.81,2096.63,2083.62,2085.25,1689.301967
2026-05-27 09:00:00,2084.87,2088.23,2071.31,2083.9,1485.746355
2026-05-27 10:00:00,2083.87,2090.0,2079.51,2079.64,5368.331388
2026-05-27 11:00:00,2079.58,2085.49,2078.81,2080.1,334.457483
2026-05-27 12:00:00,2080.77,2096.63,2069.56,2078.91,3746.454602
2026-05-27 13:00:00,2078.94,2080.9,2051.87,2064.69,3898.223663
2026-05-27 14:00:00,2065.0,2079.26,2051.77,2062.83,7019.487654
2026-05-27 15:00:00,2062.7,2087.5,2051.2,2071.57,8025.986213
2026-05-27 16:00:00,2071.69,2075.07,2060.24,2070.4,797.67719
2026-05-27 17:00:00,2070.4,2070.42,2046.84,2052.38,6960.835888
2026-05-27 18:00:00,2052.34,2064.0,2041.91,2056.66,3669.944437
2026-05-27 19:00:00,2056.86,2062.5,2051.77,2057.62,1094.607564
2026-05-27 20:00:00,2057.71,2066.96,2053.44,2063.3,634.743115
2026-05-27 21:00:00,2063.02,2065.51,2016.33,2021.21,3760.809459
2026-05-27 22:00:00,2020.66,2034.88,2016.0,2025.5,3098.029015
2026-05-27 23:00:00,2025.48,2037.03,2013.33,2025.21,3038.201747
2026-05-28 00:00:00,2025.1,2029.31,2020.86,2028.83,2441.086797
2026-05-28 01:00:00,2028.79,2031.0,2010.0,2020.43,8853.870783
2026-05-28 02:00:00,2021.31,2051.87,2007.77,2017.44,6936.114454
2026-05-28 03:00:00,2017.81,2022.32,1960.96,1981.51,25030.911463
2026-05-28 04:00:00,1981.76,1987.06,1960.0,1982.31,5907.607901
2026-05-28 05:00:00,1982.24,1983.91,1969.43,1978.55,112814.86417
2026-05-28 06:00:00,1978.79,1992.0,1972.7,1984.5,2908.874698
2026-05-28 07:00:00,1984.3,1996.53,1975.96,1995.3,3926.583836
2026-05-28 08:00:00,1995.67,2000.0,1979.82,1988.24,6891.502968
2026-05-28 09:00:00,1988.5,2002.72,1984.75,1994.07,2314.31945
2026-05-28 10:00:00,1994.02,1998.27,1988.5,1990.28,648.960454
2026-05-28 11:00:00,1990.25,1993.3,1985.14,1989.87,670.958666
2026-05-28 12:00:00,1989.86,1998.11,1979.89,1991.87,1791.996245
2026-05-28 13:00:00,1992.03,1998.11,1970.0,1982.28,5480.083174
2026-05-28 14:00:00,1982.21,2001.52,1969.82,1994.22,7411.465828
2026-05-28 15:00:00,1994.0,2007.27,1975.0,1990.69,6222.305529
2026-05-28 16:00:00,1990.27,2014.97,1978.99,2013.22,9652.646184
2026-05-28 17:00:00,2013.68,2031.58,1993.56,2019.47,4531.645249
2026-05-28 18:00:00,2019.4,2036.96,2005.17,2024.82,6025.687242
2026-05-28 19:00:00,2025.02,2028.93,2014.24,2014.4,812.646184
2026-05-28 20:00:00,2014.52,2022.56,2006.75,2014.21,1955.340561
2026-05-28 21:00:00,2014.79,2024.75,2013.74,2020.09,447.302589
2026-05-28 22:00:00,2019.61,2023.27,2000.0,2005.6,1798.338618
2026-05-28 23:00:00,2006.11,2011.79,2005.71,2009.89,247.341855
2026-05-29 00:00:00,2010.18,2020.0,2000.0,2012.42,1894.301391
2026-05-29 01:00:00,2012.5,2024.54,2006.03,2008.5,3868.891877
2026-05-29 02:00:00,2008.33,2016.15,1994.23,1998.85,2747.191969
2026-05-29 03:00:00,1999.95,2007.98,1999.85,2003.07,418.18332
2026-05-29 04:00:00,2002.87,2008.49,1998.11,2008.49,540.724457
2026-05-29 05:00:00,2008.51,2022.5,2002.93,2014.41,1050.068907
2026-05-29 06:00:00,2014.5,2023.64,2000.0,2018.43,1556.389844
2026-05-29 07:00:00,2018.23,2020.0,2003.19,2007.36,1232.110137
2026-05-29 08:00:00,2007.89,2017.24,2000.0,2006.33,1491.026208
2026-05-29 09:00:00,2006.53,2028.05,2006.06,2014.93,2778.498718
2026-05-29 10:00:00,2014.8,2069.99,2001.44,2010.91,439208.738698
2026-05-29 11:00:00,2011.06,2023.75,2002.81,2007.59,1273.166585
2026-05-29 12:00:00,2007.68,2020.0,1987.5,2000.1,3519.888465
2026-05-29 13:00:00,1999.75,2006.19,1988.91,1999.51,1529.216456
2026-05-29 14:00:00,2000.27,2004.24,1976.87,2002.03,3413.851677
2026-05-29 15:00:00,2001.87,2053.57,1999.4,2031.55,7298.027246
2026-05-29 16:00:00,2032.02,2042.93,2022.37,2040.69,7935.629904
2026-05-29 17:00:00,2040.32,2045.26,2026.2,2028.59,1187.39922
2026-05-29 18:00:00,2028.11,2041.37,2007.02,2011.53,2064.341597
2026-05-29 19:00:00,2011.61,2023.75,1999.13,2016.96,2026.169044
2026-05-29 20:00:00,2017.43,2031.58,2015.0,2018.16,1150.268553
2026-05-29 21:00:00,2018.3,2023.95,2008.45,2009.8,1176.239928
2026-05-29 22:00:00,2009.79,2025.0,2004.0,2013.83,1659.636023
2026-05-29 23:00:00,2014.1,2015.22,2007.01,2014.33,375.337681
2026-05-30 00:00:00,2014.47,2016.66,2007.76,2015.1,304.043167
2026-05-30 01:00:00,2014.87,2029.31,2010.92,2019.5,1082.764419
2026-05-30 02:00:00,2019.59,2022.32,2017.01,2021.0,262.894553
2026-05-30 03:00:00,2021.48,2023.54,2012.6,2017.01,591.682101
2026-05-30 04:00:00,2016.98,2018.53,2002.09,2011.17,2957.976099
2026-05-30 05:00:00,2010.89,2022.22,2005.17,2016.24,766.49483
2026-05-30 06:00:00,2015.91,2020.62,2005.17,2017.57,688.480574
2026-05-30 07:00:00,2017.01,2020.0,2012.6,2016.43,505.470137
2026-05-30 08:00:00,2016.35,2022.22,2014.14,2014.18,195.216736
2026-05-30 09:00:00,2014.31,2021.64,2013.0,2015.0,1444.174855
2026-05-30 10:00:00,2016.74,2022.11,2013.0,2017.94,216.459513
2026-05-30 11:00:00,2018.12,2022.63,2012.6,2017.52,543.112832
2026-05-30 12:00:00,2017.47,2024.54,2011.2,2019.99,683.719769
2026-05-30 13:00:00,2020.0,2028.0,2001.12,2020.82,2447.211409
2026-05-30 14:00:00,2020.83,2032.0,2012.6,2026.81,1884.101796
2026-05-30 15:00:00,2026.82,2040.0,2024.28,2026.89,913.884714
2026-05-30 16:00:00,2026.9,2041.91,2016.0,2026.99,2454.601034
2026-05-30 17:00:00,2027.0,2029.41,2017.24,2027.19,845.583679
2026-05-30 18:00:00,2027.2,2030.22,2023.03,2027.42,167.924074
2026-05-30 19:00:00,2027.43,2031.57,2023.27,2028.84,226.040401
2026-05-30 20:00:00,2028.85,2031.74,2025.68,2026.53,211.861316
2026-05-30 21:00:00,2027.77,2031.58,2016.0,2028.1,572.936366
2026-05-30 22:00:00,2028.35,2031.58,2020.72,2023.3,363.266067
2026-05-30 23:00:00,2023.27,2027.2,2020.05,2021.97,155.601663
2026-05-31 00:00:00,2022.85,2031.0,2015.69,2027.05,1680.950508
2026-05-31 01:00:00,2026.92,2037.46,2023.18,2029.07,1049.420988
2026-05-31 02:00:00,2029.23,2037.73,2023.27,2034.2,647.490813
2026-05-31 03:00:00,2034.21,2045.0,2030.5,2033.33,567.845268
2026-05-31 04:00:00,2033.33,2035.5,2031.25,2033.62,283.495528
2026-05-31 05:00:00,2035.5,2046.36,2028.0,2030.02,1967.08664
2026-05-31 06:00:00,2030.12,2040.0,2015.41,2029.9,1641.971663
2026-05-31 07:00:00,2029.69,2050.0,2022.56,2024.04,3333.05475
2026-05-31 08:00:00,2023.81,2029.31,2022.63,2027.74,323.917906
2026-05-31 09:00:00,2027.67,2031.58,2015.44,2020.77,1438.059935
2026-05-31 10:00:00,2021.0,2023.27,2005.17,2021.02,1245.976661
2026-05-31 11:00:00,2021.03,2032.0,2017.24,2023.16,1128.277285
2026-05-31 12:00:00,2023.16,2026.0,2019.27,2022.32,386.336536
2026-05-31 13:00:00,2022.33,2029.31,2019.11,2020.38,508.636873
2026-05-31 14:00:00,2020.22,2021.37,2006.02,2007.96,1033.056788
2026-05-31 15:00:00,2008.39,2018.31,2007.63,2010.54,1609.256491
2026-05-31 16:00:00,2010.55,2012.01,1998.34,2002.39,915.7011
2026-05-31 17:00:00,2002.4,2011.2,1991.85,2006.03,1645.496713
2026-05-31 18:00:00,2006.14,2010.42,1999.13,2000.93,257.415328
2026-05-31 19:00:00,2000.94,2017.24,1994.23,1999.78,1807.735189
2026-05-31 20:00:00,1999.79,2007.99,1995.56,2007.31,544.753517
2026-05-31 21:00:00,2007.32,2015.41,2000.0,2012.52,1064.795555
2026-05-31 22:00:00,2012.56,2014.45,2005.17,2012.49,448.841237
2026-05-31 23:00:00,2012.75,2023.0,2000.27,2007.32,1011.325615
2026-06-01 00:00:00,2007.36,2021.27,2005.67,2015.7,1281.058049
2026-06-01 01:00:00,2015.66,2020.0,1994.46,1994.97,1245.016098
2026-06-01 02:00:00,1995.09,2017.46,1992.59,2011.61,1377.618627
2026-06-01 03:00:00,2011.75,2023.77,2002.17,2009.14,2065.50817
2026-06-01 04:00:00,2009.15,2021.0,1994.06,2000.0,3461.934449
2026-06-01 05:00:00,1999.85,2002.5,1992.01,1994.74,832.61019
2026-06-01 06:00:00,1994.6,1999.8,1977.77,1988.21,3066.360647
2026-06-01 07:00:00,1987.98,1991.85,1972.26,1976.56,7179.77957
2026-06-01 08:00:00,1976.59,1994.61,1970.0,1984.35,2015.893727
2026-06-01 09:00:00,1984.31,1994.23,1980.26,1987.56,1635.363104
2026-06-01 10:00:00,1988.22,1989.26,1981.03,1984.1,499.914432
2026-06-01 11:00:00,1984.61,1989.0,1978.0,1981.4,433.828075
2026-06-01 12:00:00,1981.75,1994.26,1970.0,1989.16,2475.048899
2026-06-01 13:00:00,1989.54,1993.1,1946.34,1970.7,8175.454557
2026-06-01 14:00:00,1971.21,1978.1,1954.9,1968.42,5477.565896
2026-06-01 15:00:00,1968.52,1981.81,1956.89,1968.93,3708.462989
2026-06-01 16:00:00,1968.46,1987.02,1956.51,1978.25,3022.694622
2026-06-01 17:00:00,1978.02,1997.33,1964.0,1990.75,12968.940743
2026-06-01 18:00:00,1990.65,1995.65,1983.27,1992.63,808.71165
2026-06-01 19:00:00,1992.59,2008.62,1992.05,2004.33,2280.083017
2026-06-01 20:00:00,2004.63,2011.3,1992.59,2004.8,2953.179707
2026-06-01 21:00:00,2005.68,2009.0,1992.64,1994.46,860.460392
2026-06-01 22:00:00,1994.57,2006.02,1984.75,2004.2,1530.257198
2026-06-01 23:00:00,2004.44,2012.25,1998.4,2006.79,1899.086185
2026-06-02 00:00:00,2006.76,2011.09,1995.56,1996.18,705.471651
2026-06-02 01:00:00,1996.43,1999.13,1980.0,1980.0,1461.094546
2026-06-02 02:00:00,1980.03,2002.5,1963.67,1993.56,3155.840146
2026-06-02 03:00:00,1996.97,2010.0,1988.5,2004.05,1501.291838
2026-06-02 04:00:00,2003.94,2006.42,1995.83,1997.1,818.931383
2026-06-02 05:00:00,1996.81,2001.21,1984.77,1985.18,1531.275582
2026-06-02 06:00:00,1984.92,2005.71,1978.8,1982.26,3042.645416
2026-06-02 07:00:00,1982.29,1990.13,1974.21,1981.95,2272.44061
2026-06-02 08:00:00,1982.17,1996.04,1976.95,1979.45,1995.43251
2026-06-02 09:00:00,1979.42,1982.89,1966.68,1975.38,1576.096717
2026-06-02 10:00:00,1975.39,1984.98,1953.78,1983.8,5276.762215
2026-06-02 11:00:00,1983.8,1987.23,1974.99,1978.78,1739.693448
2026-06-02 12:00:00,1978.74,1983.91,1968.96,1976.4,2544.282613
2026-06-02 13:00:00,1976.44,1983.91,1972.05,1974.41,2546.083268
2026-06-02 14:00:00,1975.0,1980.83,1916.0,1941.73,57384.012922
2026-06-02 15:00:00,1941.63,1945.84,1883.0,1915.0,17155.817157
2026-06-02 16:00:00,1915.06,1942.72,1908.62,1920.42,8987.932967
2026-06-02 17:00:00,1920.72,1940.0,1919.84,1924.34,2947.675823
2026-06-02 18:00:00,1924.35,1930.0,1902.58,1913.02,2960.397853
2026-06-02 19:00:00,1913.02,1917.91,1873.52,1912.38,6590.639565
2026-06-02 20:00:00,1912.49,1919.03,1895.83,1906.81,3168.461996
2026-06-02 21:00:00,1906.82,1920.51,1897.32,1900.47,2745.051306
2026-06-02 22:00:00,1900.48,1912.5,1856.67,1867.67,10153.752704
2026-06-02 23:00:00,1868.59,1873.4,1830.19,1860.02,10354.845928
2026-06-03 00:00:00,1860.32,1875.0,1855.0,1867.38,2551.849193
2026-06-03 01:00:00,1867.26,1872.2,1850.0,1864.63,4115.923084
2026-06-03 02:00:00,1864.63,1871.42,1848.27,1854.23,2620.187619
2026-06-03 03:00:00,1854.23,1857.11,1801.0,1828.06,10873.544178
2026-06-03 04:00:00,1828.13,1851.86,1826.66,1850.65,4686.762482
2026-06-03 05:00:00,1851.01,1884.0,1850.0,1873.46,5147.92029
2026-06-03 06:00:00,1873.27,1884.48,1867.02,1871.88,2372.87436
2026-06-03 07:00:00,1871.89,1885.86,1866.66,1878.58,1565.953768
2026-06-03 08:00:00,1881.31,1884.48,1872.67,1880.01,1177.41828
2026-06-03 09:00:00,1880.02,1892.0,1864.72,1876.33,3227.459946
2026-06-03 10:00:00,1876.33,1892.36,1875.0,1884.64,3802.223555
2026-06-03 11:00:00,1884.75,1893.37,1873.22,1878.23,1469.902397
2026-06-03 12:00:00,1878.23,1890.0,1868.17,1876.0,1798.360232
2026-06-03 13:00:00,1876.57,1880.61,1861.66,1867.56,4370.087781
2026-06-03 14:00:00,1867.57,1870.9,1850.0,1857.76,3578.810746
2026-06-03 15:00:00,1858.59,1864.55,1836.2,1836.63,3870.666996
2026-06-03 16:00:00,1837.16,1844.04,1802.56,1832.61,7519.822467
2026-06-03 17:00:00,1832.76,1840.0,1812.06,1828.65,4062.782214
2026-06-03 18:00:00,1828.32,1834.59,1821.86,1832.94,1183.665228
2026-06-03 19:00:00,1832.34,1835.73,1787.29,1803.8,8076.210395
2026-06-03 20:00:00,1803.67,1818.1,1763.55,1781.7,11554.470032
2026-06-03 21:00:00,1781.7,1850.0,1776.63,1850.0,5065.475521
2026-06-03 22:00:00,1845.55,1852.04,1823.42,1827.0,14222.465094
2026-06-03 23:00:00,1829.02,1837.77,1812.71,1813.23,4933.345717
2026-06-04 00:00:00,1814.84,1824.13,1776.74,1793.9,7519.605407
2026-06-04 01:00:00,1793.62,1800.79,1746.84,1759.22,30646.06464
2026-06-04 02:00:00,1760.12,1788.14,1709.81,1766.35,24312.949163
2026-06-04 03:00:00,1766.84,1813.92,1766.84,1809.31,5118.535668
2026-06-04 04:00:00,1809.12,1829.07,1802.7,1804.93,4064.350977
2026-06-04 05:00:00,1805.26,1808.73,1780.57,1783.94,4346.263948
2026-06-04 06:00:00,1783.95,1816.69,1770.0,1789.85,6333.187842
2026-06-04 07:00:00,1789.85,1799.35,1771.31,1777.68,8581.956718
2026-06-04 08:00:00,1777.65,1788.47,1754.32,1770.0,2620.584694
2026-06-04 09:00:00,1774.22,1775.59,1736.0,1751.62,1702.336923
2026-06-04 10:00:00,1752.07,1793.21,1746.96,1758.56,1925.012862
2026-06-04 11:00:00,1762.43,1779.87,1758.8,1763.85,818.539731
2026-06-04 12:00:00,1767.87,1799.99,1763.63,1778.03,4478.462563
2026-06-04 13:00:00,1778.15,1794.1,1756.34,1785.06,7603.896544
2026-06-04 14:00:00,1786.4,1794.0,1766.72,1774.41,5908.033507
2026-06-04 15:00:00,1774.48,1809.1,1768.67,1778.36,7843.051521
2026-06-04 16:00:00,1777.01,1783.43,1766.66,1772.41,3086.871316
2026-06-04 17:00:00,1773.78,1776.22,1754.97,1768.06,2956.558086
2026-06-04 18:00:00,1768.66,1792.0,1760.04,1776.63,3378.129269
2026-06-04 19:00:00,1776.51,1792.5,1771.12,1777.18,1870.907856
2026-06-04 20:00:00,1777.04,1779.87,1764.61,1774.53,1718.231549
2026-06-04 21:00:00,1774.86,1782.97,1757.73,1761.49,1951.730204
2026-06-04 22:00:00,1763.69,1770.36,1753.12,1769.19,3037.263013
2026-06-04 23:00:00,1770.36,1781.43,1754.32,1771.02,3312.753071
2026-06-05 00:00:00,1772.5,1778.09,1758.8,1760.05,5480.422635
2026-06-05 01:00:00,1759.64,1763.84,1747.13,1753.59,11059.941699
2026-06-05 02:00:00,1753.55,1760.0,1725.0,1730.37,13112.23873
2026-06-05 03:00:00,1730.81,1749.06,1720.0,1728.73,2945.497122
2026-06-05 04:00:00,1730.25,1745.64,1710.84,1744.62,9160.254777
2026-06-05 05:00:00,1745.05,1755.49,1672.28,1684.5,23947.182531
2026-06-05 06:00:00,1684.98,1691.56,1619.27,1656.51,18042.942668
2026-06-05 07:00:00,1656.61,1679.9,1628.0,1679.43,23069.997186
2026-06-05 08:00:00,1679.43,1679.86,1659.91,1664.09,337634.382278
2026-06-05 09:00:00,1664.58,1690.0,1662.96,1682.71,550496.448613
2026-06-05 10:00:00,1682.72,1684.89,1668.89,1676.75,2433.03341
2026-06-05 11:00:00,1676.99,1681.97,1662.82,1663.33,2618.537202
2026-06-05 12:00:00,1663.17,1672.28,1646.37,1657.11,5603.170912
2026-06-05 13:00:00,1657.14,1704.13,1606.87,1611.97,35993.567091
2026-06-05 14:00:00,1614.62,1626.35,1590.39,1600.72,21070.150523
2026-06-05 15:00:00,1600.73,1603.53,1570.26,1584.22,15863.330202
2026-06-05 16:00:00,1586.62,1618.4,1545.67,1608.34,16067.744793
2026-06-05 17:00:00,1608.52,1620.0,1586.0,1594.61,22546.649939
2026-06-05 18:00:00,1594.48,1618.57,1533.61,1552.88,16613.908872
2026-06-05 19:00:00,1553.18,1585.47,1525.67,1574.35,54387.946446
2026-06-05 20:00:00,1574.24,1611.97,1557.54,1603.98,7960.215384
2026-06-05 21:00:00,1603.95,1619.49,1602.25,1609.9,5785.935634
2026-06-05 22:00:00,1610.06,1610.39,1590.39,1597.48,5769.263016
2026-06-05 23:00:00,1597.58,1603.93,1561.09,1583.25,4494.278313
2026-06-06 00:00:00,1583.59,1607.66,1581.66,1593.73,3627.010949
2026-06-06 01:00:00,1593.07,1600.0,1578.02,1583.98,3142.486981
2026-06-06 02:00:00,1583.05,1586.62,1566.65,1576.73,3072.288031
2026-06-06 03:00:00,1576.19,1579.16,1556.25,1563.34,9082.935074
2026-06-06 04:00:00,1563.32,1569.15,1511.2,1522.16,9402.867142
2026-06-06 05:00:00,1522.01,1568.82,1504.09,1566.69,12292.902927
2026-06-06 06:00:00,1566.7,1586.62,1556.42,1559.81,7916.747447
2026-06-06 07:00:00,1560.08,1590.39,1556.25,1575.27,3950.628904
2026-06-06 08:00:00,1575.45,1599.99,1570.26,1582.46,15558.798657
2026-06-06 09:00:00,1582.54,1588.6,1566.16,1570.28,3697.826598
2026-06-06 10:00:00,1570.57,1571.42,1532.37,1548.98,5705.368093
2026-06-06 11:00:00,1549.23,1579.84,1541.5,1558.82,4849.859704
2026-06-06 12:00:00,1558.82,1574.88,1547.24,1571.02,5912.359979
2026-06-06 13:00:00,1571.22,1583.48,1554.36,1556.59,4704.482016
2026-06-06 14:00:00,1557.38,1583.2,1556.4,1557.81,4680.691957
2026-06-06 15:00:00,1558.03,1581.99,1537.5,1560.33,11236.468486
2026-06-06 16:00:00,1560.5,1576.01,1553.95,1563.52,5311.765639
2026-06-06 17:00:00,1563.59,1569.32,1548.27,1553.54,3435.456035
2026-06-06 18:00:00,1553.45,1572.8,1547.55,1556.68,4015.712941
2026-06-06 19:00:00,1556.45,1576.01,1551.65,1554.18,3884.12006
2026-06-06 20:00:00,1554.54,1561.63,1540.05,1557.44,2071.786775
2026-06-06 21:00:00,1557.63,1568.82,1552.5,1558.07,1251.340464
2026-06-06 22:00:00,1557.97,1561.84,1551.46,1559.52,1859.727895
2026-06-06 23:00:00,1558.13,1581.99,1556.68,1569.52,1850.977732
2026-06-07 00:00:00,1569.65,1575.0,1564.04,1565.31,1450.993762
2026-06-07 01:00:00,1565.01,1596.55,1564.19,1590.21,3188.085429
2026-06-07 02:00:00,1590.18,1594.28,1582.45,1592.36,2404.893988
2026-06-07 03:00:00,1592.69,1600.0,1588.83,1594.31,2151.957197
2026-06-07 04:00:00,1594.89,1599.0,1580.0,1597.0,3074.849545
2026-06-07 05:00:00,1596.81,1612.5,1593.28,1603.92,3065.33545
2026-06-07 06:00:00,1603.93,1623.25,1598.5,1614.84,6341.663329
2026-06-07 07:00:00,1612.35,1626.35,1607.5,1615.14,2929.130261
2026-06-07 08:00:00,1615.23,1641.58,1608.67,1640.97,5690.942668
2026-06-07 09:00:00,1641.58,1664.44,1629.2,1633.34,5165.197266
2026-06-07 10:00:00,1633.36,1635.92,1624.81,1625.85,2871.343014
2026-06-07 11:00:00,1625.81,1634.29,1622.45,1630.04,3395.103844
2026-06-07 12:00:00,1630.27,1633.54,1607.12,1620.1,8569.021232
2026-06-07 13:00:00,1620.11,1642.24,1613.33,1617.46,5374.174367
2026-06-07 14:00:00,1617.45,1639.52,1614.37,1628.24,4882.548063
2026-06-07 15:00:00,1628.17,1646.97,1618.4,1629.47,4819.257621
2026-06-07 16:00:00,1630.17,1640.74,1620.0,1628.65,5857.289741
2026-06-07 17:00:00,1628.66,1640.0,1627.84,1631.17,5652.162283
2026-06-07 18:00:00,1631.29,1640.74,1626.35,1628.01,1521.553458
2026-06-07 19:00:00,1630.13,1634.29,1605.18,1613.2,4288.030259
2026-06-07 20:00:00,1615.51,1640.0,1609.24,1628.29,3396.899658
2026-06-07 21:00:00,1627.98,1634.54,1623.92,1634.09,1508.818443
2026-06-07 22:00:00,1634.54,1714.56,1611.97,1672.74,31308.877654
2026-06-07 23:00:00,1672.74,1690.61,1669.5,1690.21,2403.374287
2026-06-08 00:00:00,1690.31,1711.59,1683.76,1697.92,4810.231104
2026-06-08 01:00:00,1697.83,1701.68,1670.0,1687.43,5506.613982
2026-06-08 02:00:00,1687.42,1689.75,1678.4,1684.4,2397.566057
2026-06-08 03:00:00,1684.37,1692.26,1676.7,1679.91,3138.102465
2026-06-08 04:00:00,1679.97,1681.21,1656.15,1657.2,17309.100723
2026-06-08 05:00:00,1657.16,1660.41,1638.89,1653.67,4965.516152
2026-06-08 06:00:00,1653.71,1676.7,1653.01,1666.5,5124.735279
2026-06-08 07:00:00,1666.54,1681.97,1660.25,1673.36,3364.684242
2026-06-08 08:00:00,1673.47,1681.21,1659.08,1661.01,8112.866319
2026-06-08 09:00:00,1661.13,1674.02,1657.21,1670.88,9076.374842
2026-06-08 10:00:00,1670.89,1676.7,1663.53,1672.33,3589.155162
2026-06-08 11:00:00,1672.39,1698.27,1667.79,1683.67,4907.236932
2026-06-08 12:00:00,1683.74,1700.0,1662.31,1694.07,9087.94574
2026-06-08 13:00:00,1695.29,1707.78,1676.7,1681.61,6741.836383
2026-06-08 14:00:00,1681.7,1693.94,1677.23,1691.18,5492.811732
2026-06-08 15:00:00,1691.35,1705.0,1689.37,1691.36,5358.972078
2026-06-08 16:00:00,1691.61,1705.46,1682.5,1682.5,4107.658329
2026-06-08 17:00:00,1682.85,1687.98,1676.11,1686.73,2854.063998
2026-06-08 18:00:00,1686.81,1696.13,1678.81,1684.74,7676.805454
2026-06-08 19:00:00,1684.59,1693.27,1676.7,1684.8,2954.817159
2026-06-08 20:00:00,1684.97,1692.51,1677.89,1689.47,3393.582493
2026-06-08 21:00:00,1689.52,1714.09,1687.02,1703.75,2772.469763
2026-06-08 22:00:00,1703.88,1704.76,1688.3,1702.97,1866.485161
2026-06-08 23:00:00,1703.13,1714.56,1686.61,1690.27,3379.520032
2026-06-09 00:00:00,1691.19,1712.0,1660.44,1663.08,34407.320552
2026-06-09 01:00:00,1663.1,1674.05,1658.13,1668.78,2435.320538
2026-06-09 02:00:00,1668.87,1672.2,1655.0,1668.03,2756.729326
2026-06-09 03:00:00,1668.08,1671.79,1664.0,1669.59,2988.38931
2026-06-09 04:00:00,1669.57,1705.81,1651.44,1686.66,20270.257296
2026-06-09 05:00:00,1686.61,1697.6,1681.55,1688.39,2370.983519
2026-06-09 06:00:00,1688.4,1705.46,1683.89,1686.24,5920.859508
2026-06-09 07:00:00,1686.07,1691.74,1675.57,1680.06,1356.771066
2026-06-09 08:00:00,1680.06,1683.89,1667.8,1675.08,2578.023209
2026-06-09 09:00:00,1675.02,1691.08,1655.12,1670.54,5771.252505
2026-06-09 10:00:00,1670.55,1681.97,1667.15,1674.48,1538.250913
2026-06-09 11:00:00,1674.49,1676.7,1666.66,1672.61,1238.824485
2026-06-09 12:00:00,1673.6,1683.89,1666.08,1676.55,2697.321666
2026-06-09 13:00:00,1676.71,1687.19,1664.39,1666.84,4236.283079
2026-06-09 14:00:00,1666.74,1671.02,1633.54,1645.84,51964.71444
2026-06-09 15:00:00,1645.92,1655.12,1628.06,1636.77,6563.09339
2026-06-09 16:00:00,1639.72,1639.87,1610.46,1632.15,11165.780767
2026-06-09 17:00:00,1632.94,1649.6,1632.53,1643.11,5448.35112
2026-06-09 18:00:00,1643.04,1661.28,1625.82,1652.41,6918.455749
2026-06-09 19:00:00,1652.28,1658.73,1647.89,1657.78,2542.060954
2026-06-09 20:00:00,1657.49,1663.67,1654.47,1660.82,1437.883944
2026-06-09 21:00:00,1660.86,1662.31,1647.67,1649.75,1703.215797
2026-06-09 22:00:00,1650.39,1656.0,1635.0,1639.95,5881.217042
2026-06-09 23:00:00,1639.95,1659.69,1631.45,1639.62,4214.676804
2026-06-10 00:00:00,1639.94,1646.95,1626.35,1646.08,3000.807235
2026-06-10 01:00:00,1645.92,1646.81,1633.7,1639.06,2188.428437
2026-06-10 02:00:00,1639.36,1642.5,1621.79,1624.31,3180.673746
2026-06-10 03:00:00,1625.36,1637.01,1623.19,1630.77,1394.15795
2026-06-10 04:00:00,1630.83,1635.92,1620.65,1625.94,1448.079281
2026-06-10 05:00:00,1625.99,1633.54,1616.49,1628.02,2891.694247
2026-06-10 06:00:00,1628.09,1634.17,1622.89,1632.14,1691.214637
2026-06-10 07:00:00,1632.18,1648.41,1628.06,1640.14,2410.141716
2026-06-10 08:00:00,1640.32,1657.5,1611.97,1621.21,42813.172898
2026-06-10 09:00:00,1621.44,1653.0,1607.45,1623.81,10740.049919
2026-06-10 10:00:00,1623.87,1647.93,1604.78,1628.37,32051.807821
2026-06-10 11:00:00,1628.6,1630.34,1612.25,1619.91,2485.765399
2026-06-10 12:00:00,1620.07,1647.93,1615.0,1635.49,3522.755117
2026-06-10 13:00:00,1635.49,1666.91,1630.4,1651.7,7931.818234
2026-06-10 14:00:00,1651.8,1663.75,1637.66,1646.55,21815.118402
2026-06-10 15:00:00,1646.64,1663.84,1636.0,1658.02,4834.687605
2026-06-10 16:00:00,1658.06,1658.67,1632.42,1642.02,4470.225716
2026-06-10 17:00:00,1642.19,1647.51,1622.83,1632.37,3497.623244
2026-06-10 18:00:00,1632.55,1636.27,1623.23,1630.83,1770.495079
2026-06-10 19:00:00,1630.99,1647.93,1619.16,1630.07,4268.50949
2026-06-10 20:00:00,1630.33,1646.59,1623.49,1630.57,11549.611841
2026-06-10 21:00:00,1630.54,1631.37,1607.07,1611.22,1607.45323
2026-06-10 22:00:00,1611.6,1622.42,1604.72,1616.62,2389.514543
2026-06-10 23:00:00,1616.71,1626.35,1608.56,1621.57,3093.646782
2026-06-11 00:00:00,1621.48,1635.53,1621.15,1629.62,1750.404305
2026-06-11 01:00:00,1628.5,1655.0,1623.54,1642.89,58109.343952
2026-06-11 02:00:00,1642.85,1645.41,1630.66,1640.87,1622.021197
2026-06-11 03:00:00,1640.94,1660.37,1635.0,1654.42,2291.57628
2026-06-11 04:00:00,1654.14,1659.53,1650.87,1656.71,390.307961
2026-06-11 05:00:00,1656.72,1666.08,1647.48,1648.11,4465.398994
2026-06-11 06:00:00,1648.08,1670.0,1646.32,1655.01,3300.106058
2026-06-11 07:00:00,1654.97,1666.95,1647.93,1654.95,2348.258769
2026-06-11 08:00:00,1654.48,1673.67,1651.66,1659.99,4778.975298
2026-06-11 09:00:00,1659.93,1666.08,1648.41,1659.0,2119.922938
2026-06-11 10:00:00,1659.12,1662.31,1653.84,1659.16,2614.475899
2026-06-11 11:00:00,1659.02,1671.79,1648.41,1666.41,2581.943743
2026-06-11 12:00:00,1666.8,1667.75,1643.82,1651.75,2711.861603
2026-06-11 13:00:00,1651.55,1659.49,1639.82,1653.13,15488.819229
2026-06-11 14:00:00,1653.3,1655.97,1639.35,1643.23,4365.751783
2026-06-11 15:00:00,1643.25,1655.0,1634.0,1642.8,6859.174884
2026-06-11 16:00:00,1642.8,1644.68,1639.41,1639.83,393.316135
2026-06-11 17:00:00,1639.65,1698.27,1633.39,1688.92,10630.775331
2026-06-11 18:00:00,1688.8,1691.86,1676.7,1683.91,3111.878917
2026-06-11 19:00:00,1684.08,1692.21,1676.26,1681.94,2300.924956
2026-06-11 20:00:00,1681.85,1683.07,1667.36,1672.45,2280.582706
2026-06-11 21:00:00,1672.33,1683.89,1672.16,1676.33,738.262829
2026-06-11 22:00:00,1680.28,1683.45,1674.02,1676.58,790.011618
2026-06-11 23:00:00,1676.14,1698.27,1669.5,1673.2,3741.882228
2026-06-12 00:00:00,1673.56,1677.67,1670.0,1672.96,920.785782
2026-06-12 01:00:00,1672.81,1675.82,1660.0,1667.07,1966.617068
2026-06-12 02:00:00,1667.09,1689.91,1658.13,1675.75,4937.386171
2026-06-12 03:00:00,1675.76,1680.22,1668.78,1672.94,2955.060753
2026-06-12 04:00:00,1673.19,1683.89,1668.06,1677.36,1272.597365
2026-06-12 05:00:00,1677.49,1679.86,1662.2,1664.22,22510.629761
2026-06-12 06:00:00,1664.27,1667.76,1652.32,1657.38,2098.960465
2026-06-12 07:00:00,1657.58,1671.79,1656.22,1662.13,63190.42346
2026-06-12 08:00:00,1662.14,1680.0,1660.41,1673.21,2249.278356
2026-06-12 09:00:00,1673.22,1689.71,1671.66,1680.12,3833.12725
2026-06-12 10:00:00,1680.13,1683.19,1671.42,1674.8,1414.156599
2026-06-12 11:00:00,1674.81,1694.77,1668.45,1673.71,45895.26038
2026-06-12 12:00:00,1673.71,1690.43,1660.25,1666.74,34184.039538
2026-06-12 13:00:00,1666.65,1671.79,1653.9,1657.77,6731.600859
2026-06-12 14:00:00,1657.77,1685.87,1657.17,1685.79,5147.153465
2026-06-12 15:00:00,1685.8,1696.69,1658.91,1659.9,8405.322139
2026-06-12 16:00:00,1660.11,1676.7,1657.71,1672.98,2402.059113
2026-06-12 17:00:00,1673.02,1687.34,1662.82,1668.67,6324.96568
2026-06-12 18:00:00,1668.9,1676.65,1663.71,1666.8,2288.472676
2026-06-12 19:00:00,1666.8,1683.91,1660.37,1666.12,5968.203662
2026-06-12 20:00:00,1665.92,1674.02,1662.0,1665.07,719.363753
2026-06-12 21:00:00,1664.96,1668.06,1650.19,1664.57,1198.017921
2026-06-12 22:00:00,1664.16,1669.04,1655.12,1662.9,664.321643
2026-06-12 23:00:00,1662.57,1676.47,1647.93,1666.42,3040.58442
2026-06-13 00:00:00,1666.6,1677.23,1665.46,1667.39,3736.012744
2026-06-13 01:00:00,1667.76,1675.67,1665.0,1673.87,433.883415
2026-06-13 02:00:00,1674.24,1681.75,1665.63,1668.15,2060.192962
2026-06-13 03:00:00,1668.03,1669.77,1658.13,1665.25,1279.993545
2026-06-13 04:00:00,1665.26,1671.79,1657.14,1664.33,1190.876266
2026-06-13 05:00:00,1664.47,1672.5,1662.35,1664.82,317.609704
2026-06-13 06:00:00,1665.3,1676.7,1663.76,1669.75,1081.315349
2026-06-13 07:00:00,1669.75,1678.4,1668.39,1676.37,902.058708
2026-06-13 08:00:00,1676.36,1679.42,1666.08,1674.4,1623.010231
2026-06-13 09:00:00,1674.3,1676.23,1671.17,1673.66,317.413494
2026-06-13 10:00:00,1673.64,1684.57,1666.42,1674.01,1424.763341
2026-06-13 11:00:00,1674.07,1684.87,1669.5,1678.46,1070.304148
2026-06-13 12:00:00,1678.46,1683.16,1676.95,1680.6,544.372473
2026-06-13 13:00:00,1680.68,1682.44,1676.5,1677.81,1659.556022
2026-06-13 14:00:00,1677.89,1700.0,1677.23,1680.03,9395.021472
2026-06-13 15:00:00,1679.88,1698.27,1676.7,1682.18,4321.856905
2026-06-13 16:00:00,1682.18,1691.08,1670.0,1676.87,3715.552361
2026-06-13 17:00:00,1676.87,1681.97,1671.79,1674.31,2884.160079
2026-06-13 18:00:00,1674.31,1682.69,1672.5,1678.54,1769.481078
2026-06-13 19:00:00,1678.44,1682.14,1666.08,1678.55,1370.068539
2026-06-13 20:00:00,1678.58,1683.89,1675.19,1676.72,851.250258
2026-06-13 21:00:00,1676.69,1693.54,1675.03,1686.53,1026.942433
2026-06-13 22:00:00,1686.54,1687.98,1681.8,1682.0,983.56023
2026-06-13 23:00:00,1681.79,1685.64,1678.39,1681.23,425.032577
2026-06-14 00:00:00,1681.48,1687.5,1678.86,1681.96,267.894058
2026-06-14 01:00:00,1682.09,1690.36,1680.0,1684.18,638.594011
2026-06-14 02:00:00,1683.85,1700.0,1681.63,1682.7,2992.703709
2026-06-14 03:00:00,1682.33,1683.32,1676.7,1681.67,825.922398
2026-06-14 04:00:00,1681.75,1683.91,1676.2,1677.79,703.543504
2026-06-14 05:00:00,1677.93,1691.08,1669.62,1678.02,2471.883915
2026-06-14 06:00:00,1678.16,1686.74,1662.31,1676.6,2318.618252
2026-06-14 07:00:00,1676.6,1686.52,1673.98,1675.81,1787.798329
2026-06-14 08:00:00,1675.81,1681.97,1669.5,1675.6,721.066339
2026-06-14 09:00:00,1675.52,1679.14,1658.13,1678.39,3515.407445
2026-06-14 10:00:00,1678.47,1687.19,1654.86,1673.25,114366.765746
2026-06-14 11:00:00,1673.21,1693.37,1672.47,1673.76,5340.767093
2026-06-14 12:00:00,1673.73,1676.7,1665.73,1666.97,945.282593
2026-06-14 13:00:00,1667.08,1681.75,1662.19,1665.68,1583.640146
2026-06-14 14:00:00,1666.56,1683.33,1655.19,1659.51,3145.264938
2026-06-14 15:00:00,1659.73,1666.08,1659.57,1662.99,914.327363
2026-06-14 16:00:00,1662.98,1669.5,1659.74,1662.11,744.384406
2026-06-14 17:00:00,1661.28,1670.0,1654.4,1662.12,2988.873343
2026-06-14 18:00:00,1662.09,1667.76,1659.06,1661.93,379.293048
2026-06-14 19:00:00,1662.06,1668.0,1655.12,1665.43,739.923325
2026-06-14 20:00:00,1665.34,1673.5,1662.31,1670.63,3353.520557
2026-06-14 21:00:00,1670.59,1730.88,1670.13,1718.85,9232.546325
2026-06-14 22:00:00,1718.91,1733.31,1705.81,1722.62,15543.296536
2026-06-14 23:00:00,1722.75,1730.8,1716.9,1725.66,2480.426386
2026-06-15 00:00:00,1725.67,1733.31,1721.6,1722.0,1642.725958
2026-06-15 01:00:00,1722.01,1724.06,1705.46,1715.54,3313.924048
2026-06-15 02:00:00,1716.0,1726.6,1712.65,1716.83,1278.643725
2026-06-15 03:00:00,1716.88,1724.42,1713.75,1720.71,848.334854
2026-06-15 04:00:00,1720.83,1727.04,1707.2,1717.11,2842.733194
2026-06-15 05:00:00,1717.1,1724.98,1712.65,1720.65,1277.702206
2026-06-15 06:00:00,1720.64,1737.59,1718.32,1720.2,3883.798567
2026-06-15 07:00:00,1720.06,1726.19,1716.45,1716.65,952.985675
2026-06-15 08:00:00,1716.61,1721.93,1712.65,1720.57,1216.003147
2026-06-15 09:00:00,1720.53,1726.7,1712.41,1718.73,983.515143
2026-06-15 10:00:00,1718.74,1744.14,1718.22,1737.56,3620.600067
2026-06-15 11:00:00,1737.73,1777.32,1730.0,1764.61,10076.237734
2026-06-15 12:00:00,1764.86,1777.52,1760.42,1777.52,3496.981705
2026-06-15 13:00:00,1777.55,1827.2,1774.53,1814.5,16756.430761
2026-06-15 14:00:00,1814.29,1820.53,1799.38,1814.92,6844.821305
2026-06-15 15:00:00,1814.37,1850.0,1809.1,1845.29,11078.523803
2026-06-15 16:00:00,1845.55,1850.14,1834.92,1842.59,6081.880836
2026-06-15 17:00:00,1842.74,1845.06,1824.0,1829.0,2727.622274
2026-06-15 18:00:00,1829.27,1835.29,1821.84,1828.51,1867.400804
2026-06-15 19:00:00,1828.14,1834.92,1812.0,1820.57,3939.330349
2026-06-15 20:00:00,1821.0,1826.4,1815.03,1816.33,883.520011
2026-06-15 21:00:00,1817.0,1824.99,1809.83,1811.45,2198.137071
2026-06-15 22:00:00,1811.37,1827.72,1787.16,1789.51,6035.810777
2026-06-15 23:00:00,1789.51,1799.39,1784.0,1796.54,3936.235911
2026-06-16 00:00:00,1796.02,1801.19,1789.09,1789.09,2357.153871
2026-06-16 01:00:00,1789.6,1806.15,1789.13,1792.22,2351.231897
2026-06-16 02:00:00,1792.23,1794.15,1760.0,1769.95,9198.228027
2026-06-16 03:00:00,1770.17,1785.26,1764.94,1779.24,4570.743464
2026-06-16 04:00:00,1779.21,1783.06,1758.92,1761.32,3106.950068
2026-06-16 05:00:00,1760.61,1776.71,1756.46,1762.16,2066.145388
2026-06-16 06:00:00,1762.23,1785.26,1762.23,1771.65,26318.27181
2026-06-16 07:00:00,1771.66,1784.0,1769.21,1773.77,1206.860387
2026-06-16 08:00:00,1774.26,1807.14,1771.33,1802.97,4362.204296
2026-06-16 09:00:00,1802.94,1806.3,1778.42,1789.78,3043.423381
2026-06-16 10:00:00,1789.7,1800.36,1777.38,1793.92,3444.188171
2026-06-16 11:00:00,1794.21,1800.0,1791.3,1799.48,1427.95956
2026-06-16 12:00:00,1799.53,1839.39,1789.47,1814.73,7560.763801
2026-06-16 13:00:00,1814.72,1820.0,1792.21,1797.88,6575.801653
2026-06-16 14:00:00,1797.94,1805.68,1763.82,1780.45,6086.381471
2026-06-16 15:00:00,1780.55,1788.0,1775.01,1782.6,3709.905958
2026-06-16 16:00:00,1782.46,1787.67,1773.17,1777.77,1972.475562
2026-06-16 17:00:00,1778.12,1799.99,1774.19,1795.36,3296.048923
2026-06-16 18:00:00,1795.84,1816.41,1785.26,1799.44,5852.019375
2026-06-16 19:00:00,1799.45,1801.16,1790.19,1795.4,1948.772477
2026-06-16 20:00:00,1795.41,1798.96,1789.75,1797.99,1686.827476
2026-06-16 21:00:00,1798.0,1800.49,1784.57,1796.53,2463.045382
2026-06-16 22:00:00,1796.54,1799.58,1778.52,1796.33,2400.467884
2026-06-16 23:00:00,1796.34,1798.96,1791.26,1793.12,608.495251
2026-06-17 00:00:00,1793.4,1799.09,1791.2,1794.19,1141.594239
2026-06-17 01:00:00,1794.24,1799.38,1780.44,1797.69,4610.641968
2026-06-17 02:00:00,1797.75,1809.89,1788.99,1795.81,3162.123192
2026-06-17 03:00:00,1795.68,1804.8,1787.88,1793.58,1988.931937
2026-06-17 04:00:00,1793.64,1800.59,1788.47,1794.14,1419.861431
2026-06-17 05:00:00,1794.33,1799.21,1784.57,1794.15,2533.083425
2026-06-17 06:00:00,1794.04,1797.26,1786.78,1790.6,1589.07633
2026-06-17 07:00:00,1790.51,1792.57,1779.18,1785.32,2426.526608
2026-06-17 08:00:00,1785.18,1786.98,1760.96,1765.56,5359.18939
2026-06-17 09:00:00,1765.56,1778.09,1765.17,1773.0,5656.094741
2026-06-17 10:00:00,1773.0,1775.87,1767.38,1768.45,2256.894901
2026-06-17 11:00:00,1768.46,1777.32,1755.81,1764.05,6669.273248
2026-06-17 12:00:00,1764.27,1766.52,1743.75,1759.74,3494.531214
2026-06-17 13:00:00,1759.37,1771.58,1753.72,1761.75,3856.36787
2026-06-17 14:00:00,1761.17,1770.19,1742.71,1754.88,7447.917658
2026-06-17 15:00:00,1754.9,1776.91,1751.0,1773.38,3620.088446
2026-06-17 16:00:00,1773.4,1791.66,1767.05,1772.06,4816.76045
2026-06-17 17:00:00,1772.49,1796.36,1767.89,1788.57,5927.145131
2026-06-17 18:00:00,1788.69,1788.8,1747.74,1770.76,10875.737546
2026-06-17 19:00:00,1770.31,1784.0,1729.48,1735.09,10392.02468
2026-06-17 20:00:00,1735.18,1754.66,1733.33,1747.04,6368.588474
2026-06-17 21:00:00,1747.47,1751.75,1736.52,1738.84,2919.811972
2026-06-17 22:00:00,1738.92,1747.02,1726.21,1740.1,2950.534594
2026-06-17 23:00:00,1740.26,1752.59,1740.13,1750.48,1895.574404
2026-06-18 00:00:00,1750.66,1760.0,1748.61,1753.1,2699.466045
2026-06-18 01:00:00,1753.48,1763.07,1752.91,1754.79,2236.507563
2026-06-18 02:00:00,1755.06,1759.5,1750.42,1755.91,1393.824959
2026-06-18 03:00:00,1759.21,1769.56,1741.42,1744.2,4470.957342
2026-06-18 04:00:00,1744.24,1748.63,1729.99,1730.81,2700.747554
2026-06-18 05:00:00,1730.74,1733.04,1706.05,1730.88,5220.811845
2026-06-18 06:00:00,1731.01,1734.23,1725.58,1733.2,1127.525469
2026-06-18 07:00:00,1733.2,1733.2,1733.2,1733.2,0.0
2026-06-18 08:00:00,1734.23,1750.1,1729.14,1747.69,1150.01224
2026-06-18 09:00:00,1747.82,1751.97,1742.66,1746.05,32588.602809
2026-06-18 10:00:00,1746.1,1751.84,1739.61,1746.75,14474.43511
2026-06-18 11:00:00,1746.99,1752.0,1739.34,1743.17,1098.367556
2026-06-18 12:00:00,1743.28,1753.03,1737.59,1750.51,19386.510863
2026-06-18 13:00:00,1750.34,1752.83,1730.26,1736.92,4065.957303
2026-06-18 14:00:00,1736.86,1745.03,1729.64,1740.37,3406.989728
2026-06-18 15:00:00,1739.97,1740.3,1680.51,1682.3,923534.462686
2026-06-18 16:00:00,1682.39,1693.1,1680.97,1686.47,497158.824765
2026-06-18 17:00:00,1687.36,1687.5,1672.31,1680.06,413581.135724
2026-06-18 18:00:00,1679.58,1688.65,1676.48,1685.44,197109.225899
2026-06-18 19:00:00,1685.27,1707.78,1683.09,1705.41,157148.991953
2026-06-18 20:00:00,1705.61,1716.69,1702.4,1710.58,79873.787098
2026-06-18 21:00:00,1710.59,1714.83,1701.93,1708.39,87493.823021
2026-06-18 22:00:00,1708.39,1710.0,1700.08,1707.0,81173.931371
2026-06-18 23:00:00,1707.0,1712.48,1703.08,1711.13,31708.3066
2026-06-19 00:00:00,1711.13,1716.52,1708.77,1713.98,58897.007
2026-06-19 01:00:00,1713.99,1719.31,1706.28,1713.62,75912.579259
2026-06-19 02:00:00,1713.56,1715.36,1701.24,1706.94,53915.204977
2026-06-19 03:00:00,1706.95,1708.25,1682.66,1697.6,592689.963788
2026-06-19 04:00:00,1697.61,1702.94,1686.97,1689.36,281132.608193
2026-06-19 05:00:00,1689.78,1697.62,1689.45,1697.59,119599.921119
2026-06-19 06:00:00,1697.59,1703.47,1687.98,1700.58,70426.152498
2026-06-19 07:00:00,1700.35,1701.09,1690.17,1695.98,103859.147988
2026-06-19 08:00:00,1695.97,1699.11,1693.96,1697.18,49153.907571
2026-06-19 09:00:00,1698.01,1699.84,1688.8,1689.07,131418.667593
2026-06-19 10:00:00,1689.09,1694.71,1687.32,1692.5,20553.95525
2026-06-19 11:00:00,1692.55,1694.99,1688.8,1691.71,59291.614787
2026-06-19 12:00:00,1692.36,1695.84,1679.18,1695.32,165895.905271
2026-06-19 13:00:00,1695.67,1710.17,1687.88,1703.5,297490.423975
2026-06-19 14:00:00,1703.49,1710.0,1696.58,1707.03,269958.662542
2026-06-19 15:00:00,1707.1,1712.18,1698.3,1707.78,287430.728313
2026-06-19 16:00:00,1707.81,1711.88,1695.0,1696.77,180952.46799
2026-06-19 17:00:00,1696.77,1706.31,1693.85,1704.73,131110.208403
2026-06-19 18:00:00,1704.73,1705.76,1698.27,1702.64,52634.241195
2026-06-19 19:00:00,1702.78,1704.68,1698.23,1701.04,9274.211063
2026-06-19 20:00:00,1701.23,1709.26,1698.82,1708.91,32945.552103
2026-06-19 21:00:00,1708.86,1708.86,1701.41,1701.87,24104.999011
2026-06-19 22:00:00,1701.87,1709.97,1700.54,1707.39,14233.972773
2026-06-19 23:00:00,1707.78,1714.71,1705.08,1711.1,32775.693349
2026-06-20 00:00:00,1710.88,1717.32,1708.44,1708.83,96974.662871
2026-06-20 01:00:00,1708.83,1713.46,1706.73,1709.85,30711.681345
2026-06-20 02:00:00,1709.86,1713.09,1704.02,1705.02,23082.040099
2026-06-20 03:00:00,1705.01,1709.44,1704.71,1708.25,8756.53964
2026-06-20 04:00:00,1708.26,1715.58,1707.04,1713.39,21376.657378
2026-06-20 05:00:00,1713.77,1734.87,1712.56,1726.23,4772.885779
2026-06-20 06:00:00,1726.19,1734.23,1719.85,1727.95,1265.04583
2026-06-20 07:00:00,1727.91,1813.34,1639.99,1725.47,155413.047807
2026-06-20 08:00:00,1725.75,1726.9,1712.65,1722.85,1245.715206
2026-06-20 09:00:00,1722.99,1737.36,1720.75,1728.45,1969.711403
2026-06-20 10:00:00,1728.62,1741.42,1719.85,1727.73,2605.807003
2026-06-20 11:00:00,1727.74,1733.31,1725.96,1727.18,351.93478
2026-06-20 12:00:00,1727.19,1736.0,1723.5,1727.07,8928.678556
2026-06-20 13:00:00,1727.08,1727.27,1705.46,1717.66,46379.762714
2026-06-20 14:00:00,1717.45,1748.61,1708.04,1733.33,91040.665073
2026-06-20 15:00:00,1733.59,1754.32,1716.8,1740.41,5938.082775
2026-06-20 16:00:00,1740.71,1748.61,1730.52,1733.91,2064.183276
2026-06-20 17:00:00,1734.09,1736.84,1721.22,1726.94,1794.925856
2026-06-20 18:00:00,1727.0,1731.64,1720.0,1726.07,2488.7533
2026-06-20 19:00:00,1726.79,1730.52,1724.98,1729.24,963.909322
2026-06-20 20:00:00,1729.1,1734.87,1718.57,1730.87,1939.495811
2026-06-20 21:00:00,1730.92,1737.94,1730.36,1735.69,874.993521
2026-06-20 22:00:00,1735.41,1746.35,1733.23,1744.54,1183.00425
2026-06-20 23:00:00,1743.28,1745.6,1740.07,1741.38,371.540033
2026-06-21 00:00:00,1740.78,1745.8,1736.0,1737.49,868.737534
2026-06-21 01:00:00,1737.69,1740.12,1728.42,1737.11,1810.878915
2026-06-21 02:00:00,1737.02,1741.42,1735.72,1736.15,386.138314
2026-06-21 03:00:00,1736.15,1745.53,1733.84,1738.0,1010.911416
2026-06-21 04:00:00,1737.88,1741.42,1731.78,1732.89,493.796811
2026-06-21 05:00:00,1733.01,1740.0,1729.64,1733.35,1586.138139
2026-06-21 06:00:00,1733.36,1741.42,1727.04,1735.99,2398.094146
2026-06-21 07:00:00,1736.09,1737.41,1731.7,1732.26,747.071008
2026-06-21 08:00:00,1732.24,1735.42,1724.47,1729.07,573.663726
2026-06-21 09:00:00,1729.24,1736.84,1725.86,1732.88,740.750757
2026-06-21 10:00:00,1732.89,1737.59,1730.0,1731.24,2091.705058
2026-06-21 11:00:00,1731.51,1734.86,1719.54,1725.09,1775.693589
2026-06-21 12:00:00,1725.49,1726.79,1703.59,1726.18,4809.902482
2026-06-21 13:00:00,1726.84,1727.97,1721.6,1724.88,740.317889
2026-06-21 14:00:00,1725.04,1728.55,1715.78,1728.38,1172.412146
2026-06-21 15:00:00,1728.54,1740.07,1727.28,1730.73,1928.761906
2026-06-21 16:00:00,1731.03,1737.59,1722.15,1728.17,3427.898648
2026-06-21 17:00:00,1728.17,1731.49,1725.58,1727.31,365.319201
2026-06-21 18:00:00,1727.23,1741.42,1722.02,1735.64,1241.046172
2026-06-21 19:00:00,1735.63,1747.36,1729.64,1734.19,1791.972933
2026-06-21 20:00:00,1734.34,1737.59,1717.46,1721.13,1484.398353
2026-06-21 21:00:00,1721.4,1724.0,1703.22,1718.9,217162.941767
2026-06-21 22:00:00,1720.94,1721.24,1708.77,1716.98,124051.426524
2026-06-21 23:00:00,1717.84,1718.19,1704.62,1707.1,315803.868991
2026-06-22 00:00:00,1707.15,1731.92,1704.34,1726.73,160532.316516
2026-06-22 01:00:00,1727.3,1759.0,1722.03,1743.8,43856.67445
2026-06-22 02:00:00,1743.81,1748.61,1737.4,1737.54,2316.586288
2026-06-22 03:00:00,1737.36,1741.1,1727.04,1730.44,2234.363267
2026-06-22 04:00:00,1730.8,1737.59,1727.64,1735.64,1432.008791
2026-06-22 05:00:00,1735.43,1752.26,1734.21,1736.58,2237.3342
2026-06-22 06:00:00,1737.19,1742.46,1727.04,1735.73,2070.296864
2026-06-22 07:00:00,1735.18,1751.52,1734.17,1746.42,9078.598464
2026-06-22 08:00:00,1746.8,1753.48,1741.42,1747.74,24576.340859
2026-06-22 09:00:00,1747.75,1760.0,1743.18,1746.27,2812.739463
2026-06-22 10:00:00,1745.93,1751.53,1745.17,1748.86,845.778817
2026-06-22 11:00:00,1748.77,1774.28,1747.3,1767.45,224205.67361
2026-06-22 12:00:00,1767.96,1771.08,1761.43,1763.8,259295.254589
2026-06-22 13:00:00,1764.57,1779.59,1762.07,1777.48,372961.711571
2026-06-22 14:00:00,1777.5,1777.77,1751.39,1754.41,447111.841119
2026-06-22 15:00:00,1754.67,1757.8,1742.75,1744.68,131218.629731
2026-06-22 16:00:00,1745.15,1747.41,1731.03,1740.76,2827.98154
2026-06-22 17:00:00,1740.18,1748.61,1731.42,1740.95,2500.69511
2026-06-22 18:00:00,1740.96,1747.82,1729.92,1733.31,1197.803662
2026-06-22 19:00:00,1733.5,1739.99,1729.64,1735.24,1006.564659
2026-06-22 20:00:00,1734.87,1739.61,1731.29,1734.78,1244.523607
2026-06-22 21:00:00,1734.79,1742.0,1727.9,1732.91,4360.054207
2026-06-22 22:00:00,1732.92,1736.25,1717.14,1724.12,2122.259664
2026-06-22 23:00:00,1724.34,1734.23,1713.75,1728.36,3574.388549
2026-06-23 00:00:00,1728.37,1731.4,1720.42,1731.13,1949.997583
2026-06-23 01:00:00,1731.42,1736.14,1721.26,1731.11,1509.544569
2026-06-23 02:00:00,1730.73,1734.99,1716.61,1732.67,1936.696212
2026-06-23 03:00:00,1732.68,1748.61,1726.15,1729.9,4828.784769
2026-06-23 04:00:00,1729.9,1733.2,1718.65,1719.23,1048.855183
2026-06-23 05:00:00,1719.13,1721.57,1705.46,1713.41,88325.510525
2026-06-23 06:00:00,1713.79,1716.61,1682.14,1692.13,422669.805667
2026-06-23 07:00:00,1692.28,1696.25,1682.4,1682.88,203437.143539
2026-06-23 08:00:00,1682.95,1686.78,1637.18,1652.94,200173.440782
2026-06-23 09:00:00,1652.94,1659.2,1649.05,1657.71,2068.497035
2026-06-23 10:00:00,1657.71,1662.82,1651.26,1654.4,1407.897391
2026-06-23 11:00:00,1655.7,1664.01,1653.59,1660.88,888.528198
2026-06-23 12:00:00,1661.12,1663.97,1659.74,1660.41,676.885086
2026-06-23 13:00:00,1663.88,1664.07,1660.41,1661.52,2338.072721
2026-06-23 14:00:00,1663.88,1671.81,1660.82,1662.95,1207921.415822
2026-06-23 15:00:00,1663.88,1663.99,1662.31,1662.31,547.347547
2026-06-23 16:00:00,1663.88,1673.54,1659.12,1659.71,324893.216394
2026-06-23 17:00:00,1659.35,1664.97,1658.13,1658.13,30546.350789
2026-06-23 18:00:00,1658.13,1664.01,1655.75,1659.74,856.164335
2026-06-23 19:00:00,1663.39,1664.0,1655.28,1663.88,849.873495
2026-06-23 20:00:00,1663.88,1667.7,1661.91,1664.19,266805.665536
2026-06-23 21:00:00,1664.28,1668.33,1663.51,1666.87,309683.03226
2026-06-23 22:00:00,1667.49,1673.33,1663.69,1664.6,392227.91499
2026-06-23 23:00:00,1664.6,1669.23,1662.31,1667.18,180427.720041
2026-06-24 00:00:00,1667.2,1674.38,1666.84,1671.03,997324.130695
2026-06-24 01:00:00,1671.35,1679.8,1666.24,1672.45,1339747.935885
2026-06-24 02:00:00,1672.81,1673.96,1663.85,1663.85,795354.770432
2026-06-24 03:00:00,1663.88,1669.99,1662.82,1666.85,395286.484605
2026-06-24 04:00:00,1666.9,1670.96,1662.82,1669.2,299175.066288
2026-06-24 05:00:00,1668.99,1679.25,1667.76,1674.53,498789.565197
2026-06-24 06:00:00,1674.54,1677.76,1670.49,1674.95,474318.093488
2026-06-24 07:00:00,1674.96,1679.61,1670.84,1672.85,780799.15927
2026-06-24 08:00:00,1672.15,1675.55,1669.3,1673.16,544120.971713
2026-06-24 09:00:00,1673.26,1673.29,1664.48,1667.03,434111.257406
2026-06-24 10:00:00,1667.03,1674.02,1660.0,1663.86,3450.733633
2026-06-24 11:00:00,1663.89,1689.44,1654.01,1679.43,8093.778534
2026-06-24 12:00:00,1679.6,1685.0,1670.0,1671.63,3836.836194
2026-06-24 13:00:00,1671.63,1673.4,1640.74,1645.62,12807.898261
2026-06-24 14:00:00,1645.4,1660.0,1633.75,1647.23,13092.153022
2026-06-24 15:00:00,1647.39,1651.66,1615.6,1618.41,15012.628667
2026-06-24 16:00:00,1618.39,1646.4,1580.24,1590.0,31771.65155
2026-06-24 17:00:00,1590.46,1608.61,1541.66,1560.64,226192.84712
2026-06-24 18:00:00,1561.03,1585.43,1557.35,1572.05,13942.217484
2026-06-24 19:00:00,1572.26,1585.1,1550.0,1584.83,10539.553571
2026-06-24 20:00:00,1584.37,1622.18,1579.54,1613.6,8732.520976
2026-06-24 21:00:00,1613.8,1621.9,1605.81,1621.23,3046.387773
2026-06-24 22:00:00,1621.23,1633.54,1605.18,1615.51,5046.293289
2026-06-24 23:00:00,1615.42,1628.0,1607.91,1621.94,10163.185114
2026-06-25 00:00:00,1622.5,1628.06,1611.97,1619.13,5475.10448
2026-06-25 01:00:00,1619.24,1624.14,1615.6,1616.8,479.983768
